document_id,sentence_number,token,nltk_default_pos,hmm_ml_pos,taggers_agree
01_covid_transmission_and_prevention,1,COVID-19,JJ,NNP,False
01_covid_transmission_and_prevention,1,Transmission,NNP,",",False
01_covid_transmission_and_prevention,1,and,CC,CC,True
01_covid_transmission_and_prevention,1,Community,NNP,NNP,True
01_covid_transmission_and_prevention,1,Prevention,NNP,.,False
01_covid_transmission_and_prevention,1,COVID-19,NNP,'',False
01_covid_transmission_and_prevention,1,is,VBZ,VBZ,True
01_covid_transmission_and_prevention,1,caused,VBN,VBN,True
01_covid_transmission_and_prevention,1,by,IN,IN,True
01_covid_transmission_and_prevention,1,infection,NN,NNS,False
01_covid_transmission_and_prevention,1,with,IN,IN,True
01_covid_transmission_and_prevention,1,SARS-CoV-2,NNP,NNS,False
01_covid_transmission_and_prevention,1,.,.,.,True
01_covid_transmission_and_prevention,2,Transmission,NN,PRP,False
01_covid_transmission_and_prevention,2,can,MD,MD,True
01_covid_transmission_and_prevention,2,occur,VB,VB,True
01_covid_transmission_and_prevention,2,when,WRB,WRB,True
01_covid_transmission_and_prevention,2,an,DT,DT,True
01_covid_transmission_and_prevention,2,infected,JJ,JJ,True
01_covid_transmission_and_prevention,2,person,NN,NN,True
01_covid_transmission_and_prevention,2,releases,VBZ,NNS,False
01_covid_transmission_and_prevention,2,respiratory,JJ,.,False
01_covid_transmission_and_prevention,2,particles,NNS,'',False
01_covid_transmission_and_prevention,2,while,IN,IN,True
01_covid_transmission_and_prevention,2,breathing,VBG,NNP,False
01_covid_transmission_and_prevention,2,",",",",",",True
01_covid_transmission_and_prevention,2,speaking,NN,NNP,False
01_covid_transmission_and_prevention,2,",",",",",",True
01_covid_transmission_and_prevention,2,coughing,VBG,NNP,False
01_covid_transmission_and_prevention,2,",",",",",",True
01_covid_transmission_and_prevention,2,or,CC,CC,True
01_covid_transmission_and_prevention,2,sneezing,VBG,NNS,False
01_covid_transmission_and_prevention,2,.,.,.,True
01_covid_transmission_and_prevention,3,Risk,NNP,``,False
01_covid_transmission_and_prevention,3,generally,RB,RB,True
01_covid_transmission_and_prevention,3,increases,VBZ,VBZ,True
01_covid_transmission_and_prevention,3,in,IN,IN,True
01_covid_transmission_and_prevention,3,crowded,VBN,NNP,False
01_covid_transmission_and_prevention,3,or,CC,CC,True
01_covid_transmission_and_prevention,3,poorly,RB,RB,True
01_covid_transmission_and_prevention,3,ventilated,VBN,VBD,False
01_covid_transmission_and_prevention,3,indoor,JJ,PRP$,False
01_covid_transmission_and_prevention,3,environments,NNS,NNS,True
01_covid_transmission_and_prevention,3,and,CC,CC,True
01_covid_transmission_and_prevention,3,when,WRB,WRB,True
01_covid_transmission_and_prevention,3,people,NNS,NNS,True
01_covid_transmission_and_prevention,3,are,VBP,VBP,True
01_covid_transmission_and_prevention,3,in,IN,IN,True
01_covid_transmission_and_prevention,3,close,JJ,JJ,True
01_covid_transmission_and_prevention,3,proximity,NN,NNS,False
01_covid_transmission_and_prevention,3,for,IN,IN,True
01_covid_transmission_and_prevention,3,prolonged,JJ,PRP$,False
01_covid_transmission_and_prevention,3,periods,NNS,NNS,True
01_covid_transmission_and_prevention,3,.,.,.,True
01_covid_transmission_and_prevention,4,Prevention,NN,``,False
01_covid_transmission_and_prevention,4,therefore,RB,PRP,False
01_covid_transmission_and_prevention,4,combines,VBZ,VBZ,True
01_covid_transmission_and_prevention,4,several,JJ,JJ,True
01_covid_transmission_and_prevention,4,measures,NNS,NNS,True
01_covid_transmission_and_prevention,4,rather,RB,RB,True
01_covid_transmission_and_prevention,4,than,IN,IN,True
01_covid_transmission_and_prevention,4,relying,VBG,NNS,False
01_covid_transmission_and_prevention,4,on,IN,IN,True
01_covid_transmission_and_prevention,4,a,DT,DT,True
01_covid_transmission_and_prevention,4,single,JJ,JJ,True
01_covid_transmission_and_prevention,4,intervention,NN,NN,True
01_covid_transmission_and_prevention,4,.,.,.,True
01_covid_transmission_and_prevention,5,Improving,VBG,NNP,False
01_covid_transmission_and_prevention,5,indoor,JJ,.,False
01_covid_transmission_and_prevention,5,ventilation,NN,'',False
01_covid_transmission_and_prevention,5,and,CC,CC,True
01_covid_transmission_and_prevention,5,filtration,NN,PRP,False
01_covid_transmission_and_prevention,5,can,MD,MD,True
01_covid_transmission_and_prevention,5,reduce,VB,VB,True
01_covid_transmission_and_prevention,5,the,DT,DT,True
01_covid_transmission_and_prevention,5,concentration,NN,NN,True
01_covid_transmission_and_prevention,5,of,IN,IN,True
01_covid_transmission_and_prevention,5,infectious,JJ,JJ,True
01_covid_transmission_and_prevention,5,particles,NNS,NNS,True
01_covid_transmission_and_prevention,5,in,IN,IN,True
01_covid_transmission_and_prevention,5,shared,VBN,DT,False
01_covid_transmission_and_prevention,5,air,NN,NN,True
01_covid_transmission_and_prevention,5,.,.,.,True
01_covid_transmission_and_prevention,6,Staying,VBG,DT,False
01_covid_transmission_and_prevention,6,home,NN,NN,True
01_covid_transmission_and_prevention,6,when,WRB,.,False
01_covid_transmission_and_prevention,6,acutely,RB,'',False
01_covid_transmission_and_prevention,6,ill,VB,PRP,False
01_covid_transmission_and_prevention,6,can,MD,MD,True
01_covid_transmission_and_prevention,6,reduce,VB,VB,True
01_covid_transmission_and_prevention,6,exposure,NN,NN,True
01_covid_transmission_and_prevention,6,to,TO,TO,True
01_covid_transmission_and_prevention,6,other,JJ,JJ,True
01_covid_transmission_and_prevention,6,people,NNS,NNS,True
01_covid_transmission_and_prevention,6,.,.,.,True
01_covid_transmission_and_prevention,7,Mask,NNP,DT,False
01_covid_transmission_and_prevention,7,use,NN,NN,True
01_covid_transmission_and_prevention,7,can,MD,MD,True
01_covid_transmission_and_prevention,7,provide,VB,VB,True
01_covid_transmission_and_prevention,7,an,DT,DT,True
01_covid_transmission_and_prevention,7,additional,JJ,JJ,True
01_covid_transmission_and_prevention,7,layer,NN,NN,True
01_covid_transmission_and_prevention,7,of,IN,IN,True
01_covid_transmission_and_prevention,7,protection,NN,NN,True
01_covid_transmission_and_prevention,7,in,IN,IN,True
01_covid_transmission_and_prevention,7,settings,NNS,``,False
01_covid_transmission_and_prevention,7,where,WRB,WRB,True
01_covid_transmission_and_prevention,7,respiratory,NN,PRP,False
01_covid_transmission_and_prevention,7,virus,NN,.,False
01_covid_transmission_and_prevention,7,transmission,NN,'',False
01_covid_transmission_and_prevention,7,is,VBZ,VBZ,True
01_covid_transmission_and_prevention,7,elevated,VBN,VBN,True
01_covid_transmission_and_prevention,7,or,CC,CC,True
01_covid_transmission_and_prevention,7,where,WRB,WRB,True
01_covid_transmission_and_prevention,7,vulnerable,JJ,JJ,True
01_covid_transmission_and_prevention,7,people,NNS,NNS,True
01_covid_transmission_and_prevention,7,are,VBP,VBP,True
01_covid_transmission_and_prevention,7,present,JJ,JJ,True
01_covid_transmission_and_prevention,7,.,.,.,True
01_covid_transmission_and_prevention,8,Hand,NNP,``,False
01_covid_transmission_and_prevention,8,hygiene,NN,PRP,False
01_covid_transmission_and_prevention,8,remains,VBZ,VBZ,True
01_covid_transmission_and_prevention,8,useful,JJ,JJ,True
01_covid_transmission_and_prevention,8,for,IN,IN,True
01_covid_transmission_and_prevention,8,reducing,VBG,DT,False
01_covid_transmission_and_prevention,8,transmission,NN,NN,True
01_covid_transmission_and_prevention,8,of,IN,IN,True
01_covid_transmission_and_prevention,8,many,JJ,JJ,True
01_covid_transmission_and_prevention,8,infections,NNS,NNS,True
01_covid_transmission_and_prevention,8,",",",",",",True
01_covid_transmission_and_prevention,8,although,IN,IN,True
01_covid_transmission_and_prevention,8,respiratory,JJ,DT,False
01_covid_transmission_and_prevention,8,transmission,NN,NN,True
01_covid_transmission_and_prevention,8,is,VBZ,VBZ,True
01_covid_transmission_and_prevention,8,a,DT,DT,True
01_covid_transmission_and_prevention,8,major,JJ,JJ,True
01_covid_transmission_and_prevention,8,route,NN,NN,True
01_covid_transmission_and_prevention,8,for,IN,IN,True
01_covid_transmission_and_prevention,8,COVID-19,NNP,NNS,False
01_covid_transmission_and_prevention,8,.,.,.,True
01_covid_transmission_and_prevention,9,Vaccination,NN,PRP,False
01_covid_transmission_and_prevention,9,is,VBZ,VBZ,True
01_covid_transmission_and_prevention,9,an,DT,DT,True
01_covid_transmission_and_prevention,9,important,JJ,JJ,True
01_covid_transmission_and_prevention,9,prevention,NN,JJ,False
01_covid_transmission_and_prevention,9,measure,NN,NN,True
01_covid_transmission_and_prevention,9,because,IN,IN,True
01_covid_transmission_and_prevention,9,it,PRP,PRP,True
01_covid_transmission_and_prevention,9,prepares,VBZ,VBZ,True
01_covid_transmission_and_prevention,9,the,DT,DT,True
01_covid_transmission_and_prevention,9,immune,NN,JJ,False
01_covid_transmission_and_prevention,9,system,NN,NN,True
01_covid_transmission_and_prevention,9,to,TO,TO,True
01_covid_transmission_and_prevention,9,respond,VB,VB,True
01_covid_transmission_and_prevention,9,to,TO,TO,True
01_covid_transmission_and_prevention,9,the,DT,DT,True
01_covid_transmission_and_prevention,9,virus,NN,NN,True
01_covid_transmission_and_prevention,9,.,.,.,True
01_covid_transmission_and_prevention,10,Vaccine,NNP,DT,False
01_covid_transmission_and_prevention,10,protection,NN,NN,True
01_covid_transmission_and_prevention,10,against,IN,IN,True
01_covid_transmission_and_prevention,10,infection,NN,PRP,False
01_covid_transmission_and_prevention,10,can,MD,MD,True
01_covid_transmission_and_prevention,10,change,VB,VB,True
01_covid_transmission_and_prevention,10,over,IN,IN,True
01_covid_transmission_and_prevention,10,time,NN,NN,True
01_covid_transmission_and_prevention,10,and,CC,CC,True
01_covid_transmission_and_prevention,10,across,IN,IN,True
01_covid_transmission_and_prevention,10,variants,NNS,NNP,False
01_covid_transmission_and_prevention,10,",",",",",",True
01_covid_transmission_and_prevention,10,while,IN,IN,True
01_covid_transmission_and_prevention,10,protection,NN,NN,True
01_covid_transmission_and_prevention,10,against,IN,IN,True
01_covid_transmission_and_prevention,10,severe,JJ,JJ,True
01_covid_transmission_and_prevention,10,disease,NN,NN,True
01_covid_transmission_and_prevention,10,can,MD,MD,True
01_covid_transmission_and_prevention,10,remain,VB,VB,True
01_covid_transmission_and_prevention,10,stronger,JJR,JJR,True
01_covid_transmission_and_prevention,10,.,.,.,True
01_covid_transmission_and_prevention,11,Public-health,NN,DT,False
01_covid_transmission_and_prevention,11,programs,NNS,NNS,True
01_covid_transmission_and_prevention,11,therefore,RB,MD,False
01_covid_transmission_and_prevention,11,consider,VBP,VB,False
01_covid_transmission_and_prevention,11,vaccination,NN,VBN,False
01_covid_transmission_and_prevention,11,together,RB,RP,False
01_covid_transmission_and_prevention,11,with,IN,IN,True
01_covid_transmission_and_prevention,11,surveillance,NN,NNP,False
01_covid_transmission_and_prevention,11,",",",",",",True
01_covid_transmission_and_prevention,11,clinical,JJ,DT,False
01_covid_transmission_and_prevention,11,care,NN,NN,True
01_covid_transmission_and_prevention,11,",",",",",",True
01_covid_transmission_and_prevention,11,ventilation,NN,NNP,False
01_covid_transmission_and_prevention,11,",",",",",",True
01_covid_transmission_and_prevention,11,and,CC,CC,True
01_covid_transmission_and_prevention,11,risk-based,JJ,DT,False
01_covid_transmission_and_prevention,11,protective,JJ,JJ,True
01_covid_transmission_and_prevention,11,measures,NNS,NNS,True
01_covid_transmission_and_prevention,11,.,.,.,True
01_covid_transmission_and_prevention,12,Community,NNP,NNP,True
01_covid_transmission_and_prevention,12,prevention,NN,POS,False
01_covid_transmission_and_prevention,12,works,VBZ,NNS,False
01_covid_transmission_and_prevention,12,best,RBS,",",False
01_covid_transmission_and_prevention,12,when,WRB,WRB,True
01_covid_transmission_and_prevention,12,measures,NNS,NNS,True
01_covid_transmission_and_prevention,12,are,VBP,VBP,True
01_covid_transmission_and_prevention,12,matched,VBN,VBN,True
01_covid_transmission_and_prevention,12,to,TO,TO,True
01_covid_transmission_and_prevention,12,the,DT,DT,True
01_covid_transmission_and_prevention,12,local,JJ,JJ,True
01_covid_transmission_and_prevention,12,epidemiological,JJ,JJ,True
01_covid_transmission_and_prevention,12,situation,NN,NN,True
01_covid_transmission_and_prevention,12,.,.,.,True
01_covid_transmission_and_prevention,13,Public-health,NNP,DT,False
01_covid_transmission_and_prevention,13,authorities,NNS,NNS,True
01_covid_transmission_and_prevention,13,may,MD,MD,True
01_covid_transmission_and_prevention,13,use,VB,VB,True
01_covid_transmission_and_prevention,13,indicators,NNS,DT,False
01_covid_transmission_and_prevention,13,such,JJ,JJ,True
01_covid_transmission_and_prevention,13,as,IN,IN,True
01_covid_transmission_and_prevention,13,reported,JJ,VBN,False
01_covid_transmission_and_prevention,13,cases,NNS,NNS,True
01_covid_transmission_and_prevention,13,",",",",",",True
01_covid_transmission_and_prevention,13,hospitalizations,NNS,NNP,False
01_covid_transmission_and_prevention,13,",",",",",",True
01_covid_transmission_and_prevention,13,wastewater,NN,'',False
01_covid_transmission_and_prevention,13,signals,NNS,VBZ,False
01_covid_transmission_and_prevention,13,",",",",",",True
01_covid_transmission_and_prevention,13,and,CC,CC,True
01_covid_transmission_and_prevention,13,outbreak,JJ,JJ,True
01_covid_transmission_and_prevention,13,reports,NNS,NNS,True
01_covid_transmission_and_prevention,13,to,TO,TO,True
01_covid_transmission_and_prevention,13,guide,VB,VB,True
01_covid_transmission_and_prevention,13,communication,NN,NN,True
01_covid_transmission_and_prevention,13,and,CC,CC,True
01_covid_transmission_and_prevention,13,interventions,NNS,NNS,True
01_covid_transmission_and_prevention,13,.,.,.,True
01_covid_transmission_and_prevention,14,Individuals,NNS,PRP,False
01_covid_transmission_and_prevention,14,can,MD,MD,True
01_covid_transmission_and_prevention,14,reduce,VB,VB,True
01_covid_transmission_and_prevention,14,risk,NN,NN,True
01_covid_transmission_and_prevention,14,by,IN,IN,True
01_covid_transmission_and_prevention,14,considering,VBG,VBG,True
01_covid_transmission_and_prevention,14,the,DT,DT,True
01_covid_transmission_and_prevention,14,intensity,NN,NN,True
01_covid_transmission_and_prevention,14,of,IN,IN,True
01_covid_transmission_and_prevention,14,local,JJ,JJ,True
01_covid_transmission_and_prevention,14,transmission,NN,NNS,False
01_covid_transmission_and_prevention,14,",",",",",",True
01_covid_transmission_and_prevention,14,their,PRP$,PRP$,True
01_covid_transmission_and_prevention,14,own,JJ,JJ,True
01_covid_transmission_and_prevention,14,health,NN,NN,True
01_covid_transmission_and_prevention,14,risks,NNS,NNS,True
01_covid_transmission_and_prevention,14,",",",",",",True
01_covid_transmission_and_prevention,14,and,CC,CC,True
01_covid_transmission_and_prevention,14,the,DT,DT,True
01_covid_transmission_and_prevention,14,vulnerability,NN,NN,True
01_covid_transmission_and_prevention,14,of,IN,IN,True
01_covid_transmission_and_prevention,14,people,NNS,NNS,True
01_covid_transmission_and_prevention,14,around,IN,IN,True
01_covid_transmission_and_prevention,14,them,PRP,PRP,True
01_covid_transmission_and_prevention,14,.,.,.,True
02_covid_vaccination_basics,1,COVID-19,JJ,LS,False
02_covid_vaccination_basics,1,Vaccination,NN,-RRB-,False
02_covid_vaccination_basics,1,:,:,:,True
02_covid_vaccination_basics,1,Basic,JJ,JJ,True
02_covid_vaccination_basics,1,Concepts,NNP,.,False
02_covid_vaccination_basics,1,COVID-19,NNP,'',False
02_covid_vaccination_basics,1,vaccines,NNS,PRP,False
02_covid_vaccination_basics,1,are,VBP,VBP,True
02_covid_vaccination_basics,1,designed,VBN,VBN,True
02_covid_vaccination_basics,1,to,TO,TO,True
02_covid_vaccination_basics,1,stimulate,VB,VB,True
02_covid_vaccination_basics,1,an,DT,DT,True
02_covid_vaccination_basics,1,immune,JJ,JJ,True
02_covid_vaccination_basics,1,response,NN,NN,True
02_covid_vaccination_basics,1,against,IN,IN,True
02_covid_vaccination_basics,1,SARS-CoV-2,NNP,NNS,False
02_covid_vaccination_basics,1,without,IN,IN,True
02_covid_vaccination_basics,1,requiring,VBG,VBG,True
02_covid_vaccination_basics,1,a,DT,DT,True
02_covid_vaccination_basics,1,person,NN,NN,True
02_covid_vaccination_basics,1,to,TO,TO,True
02_covid_vaccination_basics,1,experience,VB,VB,True
02_covid_vaccination_basics,1,the,DT,DT,True
02_covid_vaccination_basics,1,disease,NN,NN,True
02_covid_vaccination_basics,1,itself,PRP,NNS,False
02_covid_vaccination_basics,1,.,.,.,True
02_covid_vaccination_basics,2,Different,JJ,DT,False
02_covid_vaccination_basics,2,vaccine,NN,JJ,False
02_covid_vaccination_basics,2,platforms,NNS,NNS,True
02_covid_vaccination_basics,2,can,MD,MD,True
02_covid_vaccination_basics,2,present,VB,VB,True
02_covid_vaccination_basics,2,viral,JJ,DT,False
02_covid_vaccination_basics,2,information,NN,NN,True
02_covid_vaccination_basics,2,to,TO,TO,True
02_covid_vaccination_basics,2,the,DT,DT,True
02_covid_vaccination_basics,2,immune,NN,JJ,False
02_covid_vaccination_basics,2,system,NN,NN,True
02_covid_vaccination_basics,2,in,IN,IN,True
02_covid_vaccination_basics,2,different,JJ,JJ,True
02_covid_vaccination_basics,2,ways,NNS,NNS,True
02_covid_vaccination_basics,2,.,.,.,True
02_covid_vaccination_basics,3,After,IN,IN,True
02_covid_vaccination_basics,3,vaccination,NN,NNP,False
02_covid_vaccination_basics,3,",",",",",",True
02_covid_vaccination_basics,3,immune,JJ,JJ,True
02_covid_vaccination_basics,3,cells,NNS,NNS,True
02_covid_vaccination_basics,3,can,MD,MD,True
02_covid_vaccination_basics,3,recognize,VB,VB,True
02_covid_vaccination_basics,3,relevant,JJ,-NONE-,False
02_covid_vaccination_basics,3,viral,JJ,.,False
02_covid_vaccination_basics,3,components,NNS,'',False
02_covid_vaccination_basics,3,and,CC,CC,True
02_covid_vaccination_basics,3,mount,VB,VB,True
02_covid_vaccination_basics,3,a,DT,DT,True
02_covid_vaccination_basics,3,faster,JJR,JJR,True
02_covid_vaccination_basics,3,response,NN,NN,True
02_covid_vaccination_basics,3,when,WRB,WRB,True
02_covid_vaccination_basics,3,exposed,VBN,DT,False
02_covid_vaccination_basics,3,later,RB,JJ,False
02_covid_vaccination_basics,3,.,.,.,True
02_covid_vaccination_basics,4,Vaccination,NN,PRP,False
02_covid_vaccination_basics,4,does,VBZ,VBZ,True
02_covid_vaccination_basics,4,not,RB,RB,True
02_covid_vaccination_basics,4,guarantee,VB,VB,True
02_covid_vaccination_basics,4,that,IN,IN,True
02_covid_vaccination_basics,4,a,DT,DT,True
02_covid_vaccination_basics,4,person,NN,NN,True
02_covid_vaccination_basics,4,will,MD,MD,True
02_covid_vaccination_basics,4,never,RB,RB,True
02_covid_vaccination_basics,4,become,VB,VBN,False
02_covid_vaccination_basics,4,infected,JJ,-NONE-,False
02_covid_vaccination_basics,4,.,.,.,True
02_covid_vaccination_basics,5,Vaccine,NNP,PRP,False
02_covid_vaccination_basics,5,effectiveness,NN,MD,False
02_covid_vaccination_basics,5,varies,NNS,VB,False
02_covid_vaccination_basics,5,by,IN,IN,True
02_covid_vaccination_basics,5,outcome,NN,NNP,False
02_covid_vaccination_basics,5,",",",",",",True
02_covid_vaccination_basics,5,product,NN,NN,True
02_covid_vaccination_basics,5,",",",",",",True
02_covid_vaccination_basics,5,population,NN,NN,True
02_covid_vaccination_basics,5,",",",",",",True
02_covid_vaccination_basics,5,time,NN,NN,True
02_covid_vaccination_basics,5,since,IN,IN,True
02_covid_vaccination_basics,5,vaccination,NN,NNP,False
02_covid_vaccination_basics,5,",",",",",",True
02_covid_vaccination_basics,5,and,CC,CC,True
02_covid_vaccination_basics,5,circulating,VBG,$,False
02_covid_vaccination_basics,5,variant,NN,CD,False
02_covid_vaccination_basics,5,.,.,.,True
02_covid_vaccination_basics,6,Public-health,NNP,DT,False
02_covid_vaccination_basics,6,evaluation,NN,NN,True
02_covid_vaccination_basics,6,commonly,RB,.,False
02_covid_vaccination_basics,6,distinguishes,VBZ,'',False
02_covid_vaccination_basics,6,protection,NN,NN,True
02_covid_vaccination_basics,6,against,IN,IN,True
02_covid_vaccination_basics,6,infection,NN,NNP,False
02_covid_vaccination_basics,6,",",",",",",True
02_covid_vaccination_basics,6,symptomatic,JJ,DT,False
02_covid_vaccination_basics,6,disease,NN,NN,True
02_covid_vaccination_basics,6,",",",",",",True
02_covid_vaccination_basics,6,hospitalization,NN,NNP,False
02_covid_vaccination_basics,6,",",",",",",True
02_covid_vaccination_basics,6,and,CC,CC,True
02_covid_vaccination_basics,6,death,NN,NN,True
02_covid_vaccination_basics,6,.,.,.,True
02_covid_vaccination_basics,7,These,DT,DT,True
02_covid_vaccination_basics,7,outcomes,NNS,NN,False
02_covid_vaccination_basics,7,should,MD,MD,True
02_covid_vaccination_basics,7,not,RB,RB,True
02_covid_vaccination_basics,7,be,VB,VB,True
02_covid_vaccination_basics,7,treated,VBN,VBN,True
02_covid_vaccination_basics,7,as,IN,IN,True
02_covid_vaccination_basics,7,interchangeable,JJ,NNS,False
02_covid_vaccination_basics,7,.,.,.,True
02_covid_vaccination_basics,8,Immunity,NN,PRP,False
02_covid_vaccination_basics,8,can,MD,MD,True
02_covid_vaccination_basics,8,change,VB,VB,True
02_covid_vaccination_basics,8,over,IN,IN,True
02_covid_vaccination_basics,8,time,NN,NN,True
02_covid_vaccination_basics,8,.,.,.,True
02_covid_vaccination_basics,9,Previous,JJ,``,False
02_covid_vaccination_basics,9,infection,NN,PRP,False
02_covid_vaccination_basics,9,may,MD,MD,True
02_covid_vaccination_basics,9,also,RB,RB,True
02_covid_vaccination_basics,9,contribute,VB,VB,True
02_covid_vaccination_basics,9,to,TO,TO,True
02_covid_vaccination_basics,9,immune,VB,JJ,False
02_covid_vaccination_basics,9,protection,NN,NN,True
02_covid_vaccination_basics,9,",",",",",",True
02_covid_vaccination_basics,9,producing,VBG,VBG,True
02_covid_vaccination_basics,9,what,WP,WP,True
02_covid_vaccination_basics,9,researchers,NNS,NNS,True
02_covid_vaccination_basics,9,often,RB,RB,True
02_covid_vaccination_basics,9,describe,VBP,VB,False
02_covid_vaccination_basics,9,as,IN,IN,True
02_covid_vaccination_basics,9,hybrid,JJ,NNP,False
02_covid_vaccination_basics,9,immunity,NN,",",False
02_covid_vaccination_basics,9,when,WRB,WRB,True
02_covid_vaccination_basics,9,vaccination,NN,NNS,False
02_covid_vaccination_basics,9,and,CC,CC,True
02_covid_vaccination_basics,9,infection,NN,MD,False
02_covid_vaccination_basics,9,have,VBP,VB,False
02_covid_vaccination_basics,9,both,DT,DT,True
02_covid_vaccination_basics,9,occurred,VBN,NN,False
02_covid_vaccination_basics,9,.,.,.,True
02_covid_vaccination_basics,10,Because,IN,IN,True
02_covid_vaccination_basics,10,immunity,NN,NNP,False
02_covid_vaccination_basics,10,and,CC,CC,True
02_covid_vaccination_basics,10,circulating,NN,$,False
02_covid_vaccination_basics,10,viruses,NNS,CD,False
02_covid_vaccination_basics,10,change,VBP,NN,False
02_covid_vaccination_basics,10,",",",",",",True
02_covid_vaccination_basics,10,vaccination,NN,CC,False
02_covid_vaccination_basics,10,recommendations,NNS,NNS,True
02_covid_vaccination_basics,10,may,MD,MD,True
02_covid_vaccination_basics,10,be,VB,VB,True
02_covid_vaccination_basics,10,updated,VBN,RP,False
02_covid_vaccination_basics,10,as,IN,IN,True
02_covid_vaccination_basics,10,evidence,NN,NN,True
02_covid_vaccination_basics,10,develops,NNS,NNS,True
02_covid_vaccination_basics,10,.,.,.,True
02_covid_vaccination_basics,11,When,WRB,WRB,True
02_covid_vaccination_basics,11,communicating,VBG,NNS,False
02_covid_vaccination_basics,11,about,IN,IN,True
02_covid_vaccination_basics,11,vaccines,NNS,NNS,True
02_covid_vaccination_basics,11,",",",",",",True
02_covid_vaccination_basics,11,it,PRP,PRP,True
02_covid_vaccination_basics,11,is,VBZ,VBZ,True
02_covid_vaccination_basics,11,useful,JJ,-NONE-,False
02_covid_vaccination_basics,11,to,TO,TO,True
02_covid_vaccination_basics,11,distinguish,VB,VB,True
02_covid_vaccination_basics,11,relative,JJ,JJ,True
02_covid_vaccination_basics,11,risk,NN,NN,True
02_covid_vaccination_basics,11,",",",",",",True
02_covid_vaccination_basics,11,absolute,NN,JJ,False
02_covid_vaccination_basics,11,risk,NN,NN,True
02_covid_vaccination_basics,11,",",",",",",True
02_covid_vaccination_basics,11,vaccine,NN,WDT,False
02_covid_vaccination_basics,11,effectiveness,NN,-NONE-,False
02_covid_vaccination_basics,11,",",",",",",True
02_covid_vaccination_basics,11,and,CC,CC,True
02_covid_vaccination_basics,11,adverse-event,JJ,JJ,True
02_covid_vaccination_basics,11,rates,NNS,NNS,True
02_covid_vaccination_basics,11,.,.,.,True
02_covid_vaccination_basics,12,A,DT,DT,True
02_covid_vaccination_basics,12,clear,JJ,JJ,True
02_covid_vaccination_basics,12,explanation,NN,NNS,False
02_covid_vaccination_basics,12,should,MD,MD,True
02_covid_vaccination_basics,12,specify,VB,VB,True
02_covid_vaccination_basics,12,the,DT,DT,True
02_covid_vaccination_basics,12,population,NN,NN,True
02_covid_vaccination_basics,12,",",",",",",True
02_covid_vaccination_basics,12,comparison,NN,NN,True
02_covid_vaccination_basics,12,group,NN,NN,True
02_covid_vaccination_basics,12,",",",",",",True
02_covid_vaccination_basics,12,time,NN,NN,True
02_covid_vaccination_basics,12,period,NN,NN,True
02_covid_vaccination_basics,12,",",",",",",True
02_covid_vaccination_basics,12,and,CC,CC,True
02_covid_vaccination_basics,12,health,NN,NN,True
02_covid_vaccination_basics,12,outcome,NN,NNS,False
02_covid_vaccination_basics,12,.,.,.,True
02_covid_vaccination_basics,13,This,DT,DT,True
02_covid_vaccination_basics,13,prevents,VBZ,NN,False
02_covid_vaccination_basics,13,misleading,JJ,.,False
02_covid_vaccination_basics,13,conclusions,NNS,'',False
02_covid_vaccination_basics,13,from,IN,IN,True
02_covid_vaccination_basics,13,a,DT,DT,True
02_covid_vaccination_basics,13,single,JJ,JJ,True
02_covid_vaccination_basics,13,percentage,NN,NN,True
02_covid_vaccination_basics,13,or,CC,CC,True
02_covid_vaccination_basics,13,isolated,VBN,$,False
02_covid_vaccination_basics,13,statistic,JJ,CD,False
02_covid_vaccination_basics,13,.,.,.,True
03_vaccine_effectiveness_and_studies,1,Evaluating,VBG,PRP,False
03_vaccine_effectiveness_and_studies,1,Vaccine,NNP,VBD,False
03_vaccine_effectiveness_and_studies,1,Effectiveness,NNP,-NONE-,False
03_vaccine_effectiveness_and_studies,1,Vaccine,NNP,.,False
03_vaccine_effectiveness_and_studies,1,effectiveness,NN,'',False
03_vaccine_effectiveness_and_studies,1,is,VBZ,VBZ,True
03_vaccine_effectiveness_and_studies,1,usually,RB,RB,True
03_vaccine_effectiveness_and_studies,1,estimated,VBN,VBN,True
03_vaccine_effectiveness_and_studies,1,by,IN,IN,True
03_vaccine_effectiveness_and_studies,1,comparing,VBG,DT,False
03_vaccine_effectiveness_and_studies,1,disease,NN,NN,True
03_vaccine_effectiveness_and_studies,1,outcomes,NNS,NNS,True
03_vaccine_effectiveness_and_studies,1,between,IN,IN,True
03_vaccine_effectiveness_and_studies,1,vaccinated,VBN,NNP,False
03_vaccine_effectiveness_and_studies,1,and,CC,CC,True
03_vaccine_effectiveness_and_studies,1,comparison,JJ,NN,False
03_vaccine_effectiveness_and_studies,1,groups,NNS,NNS,True
03_vaccine_effectiveness_and_studies,1,under,IN,IN,True
03_vaccine_effectiveness_and_studies,1,real-world,JJ,PRP$,False
03_vaccine_effectiveness_and_studies,1,conditions,NNS,NNS,True
03_vaccine_effectiveness_and_studies,1,.,.,.,True
03_vaccine_effectiveness_and_studies,2,Observational,JJ,``,False
03_vaccine_effectiveness_and_studies,2,studies,NNS,PRP,False
03_vaccine_effectiveness_and_studies,2,may,MD,MD,True
03_vaccine_effectiveness_and_studies,2,use,VB,VB,True
03_vaccine_effectiveness_and_studies,2,cohort,NN,RB,False
03_vaccine_effectiveness_and_studies,2,",",",",",",True
03_vaccine_effectiveness_and_studies,2,case-control,NN,NNP,False
03_vaccine_effectiveness_and_studies,2,",",",",",",True
03_vaccine_effectiveness_and_studies,2,or,CC,CC,True
03_vaccine_effectiveness_and_studies,2,test-negative,JJ,$,False
03_vaccine_effectiveness_and_studies,2,designs,NNS,CD,False
03_vaccine_effectiveness_and_studies,2,.,.,.,True
03_vaccine_effectiveness_and_studies,3,Researchers,NNS,PRP,False
03_vaccine_effectiveness_and_studies,3,must,MD,MD,True
03_vaccine_effectiveness_and_studies,3,account,VB,VB,True
03_vaccine_effectiveness_and_studies,3,for,IN,IN,True
03_vaccine_effectiveness_and_studies,3,factors,NNS,NNS,True
03_vaccine_effectiveness_and_studies,3,such,JJ,JJ,True
03_vaccine_effectiveness_and_studies,3,as,IN,IN,True
03_vaccine_effectiveness_and_studies,3,age,NN,NN,True
03_vaccine_effectiveness_and_studies,3,",",",",",",True
03_vaccine_effectiveness_and_studies,3,prior,JJ,RB,False
03_vaccine_effectiveness_and_studies,3,infection,NN,RB,False
03_vaccine_effectiveness_and_studies,3,",",",",",",True
03_vaccine_effectiveness_and_studies,3,underlying,JJ,VBG,False
03_vaccine_effectiveness_and_studies,3,conditions,NNS,NNS,True
03_vaccine_effectiveness_and_studies,3,",",",",",",True
03_vaccine_effectiveness_and_studies,3,healthcare-seeking,JJ,DT,False
03_vaccine_effectiveness_and_studies,3,behavior,NN,NN,True
03_vaccine_effectiveness_and_studies,3,",",",",",",True
03_vaccine_effectiveness_and_studies,3,exposure,NN,NN,True
03_vaccine_effectiveness_and_studies,3,patterns,NNS,NNS,True
03_vaccine_effectiveness_and_studies,3,",",",",",",True
03_vaccine_effectiveness_and_studies,3,and,CC,CC,True
03_vaccine_effectiveness_and_studies,3,calendar,NN,JJ,False
03_vaccine_effectiveness_and_studies,3,period,NN,NN,True
03_vaccine_effectiveness_and_studies,3,.,.,.,True
03_vaccine_effectiveness_and_studies,4,Randomized,VBN,DT,False
03_vaccine_effectiveness_and_studies,4,controlled,JJ,JJ,True
03_vaccine_effectiveness_and_studies,4,trials,NNS,NNS,True
03_vaccine_effectiveness_and_studies,4,can,MD,MD,True
03_vaccine_effectiveness_and_studies,4,provide,VB,VB,True
03_vaccine_effectiveness_and_studies,4,strong,JJ,JJ,True
03_vaccine_effectiveness_and_studies,4,evidence,NN,NN,True
03_vaccine_effectiveness_and_studies,4,about,IN,IN,True
03_vaccine_effectiveness_and_studies,4,efficacy,NN,NNS,False
03_vaccine_effectiveness_and_studies,4,under,IN,IN,True
03_vaccine_effectiveness_and_studies,4,defined,VBN,DT,False
03_vaccine_effectiveness_and_studies,4,study,NN,NN,True
03_vaccine_effectiveness_and_studies,4,conditions,NNS,NNS,True
03_vaccine_effectiveness_and_studies,4,",",",",",",True
03_vaccine_effectiveness_and_studies,4,while,IN,IN,True
03_vaccine_effectiveness_and_studies,4,observational,JJ,PRP$,False
03_vaccine_effectiveness_and_studies,4,studies,NNS,NNS,True
03_vaccine_effectiveness_and_studies,4,are,VBP,VBP,True
03_vaccine_effectiveness_and_studies,4,especially,RB,RB,True
03_vaccine_effectiveness_and_studies,4,useful,JJ,JJ,True
03_vaccine_effectiveness_and_studies,4,after,IN,IN,True
03_vaccine_effectiveness_and_studies,4,vaccines,NNS,NNS,True
03_vaccine_effectiveness_and_studies,4,are,VBP,VBP,True
03_vaccine_effectiveness_and_studies,4,deployed,VBN,RB,False
03_vaccine_effectiveness_and_studies,4,at,IN,IN,True
03_vaccine_effectiveness_and_studies,4,large,JJ,JJ,True
03_vaccine_effectiveness_and_studies,4,scale,NN,NN,True
03_vaccine_effectiveness_and_studies,4,.,.,.,True
03_vaccine_effectiveness_and_studies,5,Real-world,NNP,``,False
03_vaccine_effectiveness_and_studies,5,effectiveness,NN,PRP,False
03_vaccine_effectiveness_and_studies,5,may,MD,MD,True
03_vaccine_effectiveness_and_studies,5,differ,VB,VB,True
03_vaccine_effectiveness_and_studies,5,from,IN,IN,True
03_vaccine_effectiveness_and_studies,5,trial,NN,NN,True
03_vaccine_effectiveness_and_studies,5,efficacy,NN,NNS,False
03_vaccine_effectiveness_and_studies,5,because,IN,IN,True
03_vaccine_effectiveness_and_studies,5,populations,NNS,NNP,False
03_vaccine_effectiveness_and_studies,5,",",",",",",True
03_vaccine_effectiveness_and_studies,5,exposure,NN,NN,True
03_vaccine_effectiveness_and_studies,5,levels,NNS,NNS,True
03_vaccine_effectiveness_and_studies,5,",",",",",",True
03_vaccine_effectiveness_and_studies,5,circulating,VBG,WDT,False
03_vaccine_effectiveness_and_studies,5,variants,NNS,-NONE-,False
03_vaccine_effectiveness_and_studies,5,",",",",",",True
03_vaccine_effectiveness_and_studies,5,and,CC,CC,True
03_vaccine_effectiveness_and_studies,5,vaccination,NN,$,False
03_vaccine_effectiveness_and_studies,5,schedules,NNS,CD,False
03_vaccine_effectiveness_and_studies,5,differ,VBP,NNS,False
03_vaccine_effectiveness_and_studies,5,.,.,.,True
03_vaccine_effectiveness_and_studies,6,A,DT,DT,True
03_vaccine_effectiveness_and_studies,6,useful,JJ,JJ,True
03_vaccine_effectiveness_and_studies,6,interpretation,NN,NN,True
03_vaccine_effectiveness_and_studies,6,of,IN,IN,True
03_vaccine_effectiveness_and_studies,6,vaccine,NN,DT,False
03_vaccine_effectiveness_and_studies,6,effectiveness,NN,NN,True
03_vaccine_effectiveness_and_studies,6,requires,VBZ,VBZ,True
03_vaccine_effectiveness_and_studies,6,knowing,VBG,VBG,True
03_vaccine_effectiveness_and_studies,6,the,DT,DT,True
03_vaccine_effectiveness_and_studies,6,endpoint,NN,NN,True
03_vaccine_effectiveness_and_studies,6,.,.,.,True
03_vaccine_effectiveness_and_studies,7,For,IN,IN,True
03_vaccine_effectiveness_and_studies,7,example,NN,NN,True
03_vaccine_effectiveness_and_studies,7,",",",",",",True
03_vaccine_effectiveness_and_studies,7,effectiveness,NN,'',False
03_vaccine_effectiveness_and_studies,7,against,IN,IN,True
03_vaccine_effectiveness_and_studies,7,hospitalization,NN,PRP,False
03_vaccine_effectiveness_and_studies,7,is,VBZ,VBZ,True
03_vaccine_effectiveness_and_studies,7,a,DT,DT,True
03_vaccine_effectiveness_and_studies,7,different,JJ,JJ,True
03_vaccine_effectiveness_and_studies,7,quantity,NN,NN,True
03_vaccine_effectiveness_and_studies,7,from,IN,IN,True
03_vaccine_effectiveness_and_studies,7,effectiveness,NN,NNS,False
03_vaccine_effectiveness_and_studies,7,against,IN,IN,True
03_vaccine_effectiveness_and_studies,7,infection,NN,NNS,False
03_vaccine_effectiveness_and_studies,7,.,.,.,True
03_vaccine_effectiveness_and_studies,8,Waning,VBG,DT,False
03_vaccine_effectiveness_and_studies,8,protection,NN,NN,True
03_vaccine_effectiveness_and_studies,8,may,MD,MD,True
03_vaccine_effectiveness_and_studies,8,also,RB,RB,True
03_vaccine_effectiveness_and_studies,8,appear,VB,VBP,False
03_vaccine_effectiveness_and_studies,8,differently,RB,RB,True
03_vaccine_effectiveness_and_studies,8,for,IN,IN,True
03_vaccine_effectiveness_and_studies,8,different,JJ,JJ,True
03_vaccine_effectiveness_and_studies,8,outcomes,NNS,NNS,True
03_vaccine_effectiveness_and_studies,8,.,.,.,True
03_vaccine_effectiveness_and_studies,9,Researchers,NNS,PRP,False
03_vaccine_effectiveness_and_studies,9,may,MD,MD,True
03_vaccine_effectiveness_and_studies,9,stratify,VB,VB,True
03_vaccine_effectiveness_and_studies,9,results,NNS,NNS,True
03_vaccine_effectiveness_and_studies,9,by,IN,IN,True
03_vaccine_effectiveness_and_studies,9,age,NN,NN,True
03_vaccine_effectiveness_and_studies,9,",",",",",",True
03_vaccine_effectiveness_and_studies,9,time,NN,NN,True
03_vaccine_effectiveness_and_studies,9,since,IN,IN,True
03_vaccine_effectiveness_and_studies,9,vaccination,NN,NNP,False
03_vaccine_effectiveness_and_studies,9,",",",",",",True
03_vaccine_effectiveness_and_studies,9,product,NN,NN,True
03_vaccine_effectiveness_and_studies,9,",",",",",",True
03_vaccine_effectiveness_and_studies,9,or,CC,CC,True
03_vaccine_effectiveness_and_studies,9,variant,JJ,JJ,True
03_vaccine_effectiveness_and_studies,9,period,NN,NN,True
03_vaccine_effectiveness_and_studies,9,.,.,.,True
03_vaccine_effectiveness_and_studies,10,Confounding,VBG,NNP,False
03_vaccine_effectiveness_and_studies,10,and,CC,CC,True
03_vaccine_effectiveness_and_studies,10,selection,NN,JJ,False
03_vaccine_effectiveness_and_studies,10,bias,NNS,NNS,True
03_vaccine_effectiveness_and_studies,10,are,VBP,VBP,True
03_vaccine_effectiveness_and_studies,10,important,JJ,JJ,True
03_vaccine_effectiveness_and_studies,10,limitations,NNS,NNS,True
03_vaccine_effectiveness_and_studies,10,in,IN,IN,True
03_vaccine_effectiveness_and_studies,10,observational,JJ,$,False
03_vaccine_effectiveness_and_studies,10,vaccine,NN,CD,False
03_vaccine_effectiveness_and_studies,10,studies,NNS,NNS,True
03_vaccine_effectiveness_and_studies,10,.,.,.,True
03_vaccine_effectiveness_and_studies,11,Statistical,JJ,``,False
03_vaccine_effectiveness_and_studies,11,adjustment,NN,PRP,False
03_vaccine_effectiveness_and_studies,11,can,MD,MD,True
03_vaccine_effectiveness_and_studies,11,reduce,VB,VB,True
03_vaccine_effectiveness_and_studies,11,some,DT,DT,True
03_vaccine_effectiveness_and_studies,11,biases,NNS,NN,False
03_vaccine_effectiveness_and_studies,11,",",",",",",True
03_vaccine_effectiveness_and_studies,11,but,CC,CC,True
03_vaccine_effectiveness_and_studies,11,it,PRP,PRP,True
03_vaccine_effectiveness_and_studies,11,cannot,VBZ,MD,False
03_vaccine_effectiveness_and_studies,11,guarantee,NN,VB,False
03_vaccine_effectiveness_and_studies,11,that,WDT,IN,False
03_vaccine_effectiveness_and_studies,11,every,DT,DT,True
03_vaccine_effectiveness_and_studies,11,relevant,JJ,JJ,True
03_vaccine_effectiveness_and_studies,11,difference,NN,NN,True
03_vaccine_effectiveness_and_studies,11,between,IN,IN,True
03_vaccine_effectiveness_and_studies,11,groups,NNS,NNS,True
03_vaccine_effectiveness_and_studies,11,has,VBZ,VBZ,True
03_vaccine_effectiveness_and_studies,11,been,VBN,VBN,True
03_vaccine_effectiveness_and_studies,11,measured,VBN,-NONE-,False
03_vaccine_effectiveness_and_studies,11,.,.,.,True
03_vaccine_effectiveness_and_studies,12,Results,NNS,PRP,False
03_vaccine_effectiveness_and_studies,12,should,MD,MD,True
03_vaccine_effectiveness_and_studies,12,therefore,RB,RB,True
03_vaccine_effectiveness_and_studies,12,be,VB,VB,True
03_vaccine_effectiveness_and_studies,12,interpreted,VBN,RP,False
03_vaccine_effectiveness_and_studies,12,in,IN,IN,True
03_vaccine_effectiveness_and_studies,12,the,DT,DT,True
03_vaccine_effectiveness_and_studies,12,context,NN,NN,True
03_vaccine_effectiveness_and_studies,12,of,IN,IN,True
03_vaccine_effectiveness_and_studies,12,study,NN,NN,True
03_vaccine_effectiveness_and_studies,12,design,NN,NN,True
03_vaccine_effectiveness_and_studies,12,",",",",",",True
03_vaccine_effectiveness_and_studies,12,uncertainty,NN,NN,True
03_vaccine_effectiveness_and_studies,12,intervals,NNS,NNS,True
03_vaccine_effectiveness_and_studies,12,",",",",",",True
03_vaccine_effectiveness_and_studies,12,sample,NN,DT,False
03_vaccine_effectiveness_and_studies,12,size,NN,NN,True
03_vaccine_effectiveness_and_studies,12,",",",",",",True
03_vaccine_effectiveness_and_studies,12,and,CC,CC,True
03_vaccine_effectiveness_and_studies,12,the,DT,DT,True
03_vaccine_effectiveness_and_studies,12,population,NN,NN,True
03_vaccine_effectiveness_and_studies,12,studied,VBD,NNS,False
03_vaccine_effectiveness_and_studies,12,.,.,.,True
04_epidemiology_incidence_prevalence,1,Incidence,NN,NNP,False
04_epidemiology_incidence_prevalence,1,and,CC,CC,True
04_epidemiology_incidence_prevalence,1,Prevalence,NNP,NNS,False
04_epidemiology_incidence_prevalence,1,in,IN,IN,True
04_epidemiology_incidence_prevalence,1,Infectious,NNP,NNP,True
04_epidemiology_incidence_prevalence,1,Disease,NNP,NNP,True
04_epidemiology_incidence_prevalence,1,Epidemiology,NNP,.,False
04_epidemiology_incidence_prevalence,1,Incidence,NNP,'',False
04_epidemiology_incidence_prevalence,1,and,CC,CC,True
04_epidemiology_incidence_prevalence,1,prevalence,NN,MD,False
04_epidemiology_incidence_prevalence,1,describe,NN,VB,False
04_epidemiology_incidence_prevalence,1,different,JJ,JJ,True
04_epidemiology_incidence_prevalence,1,aspects,NNS,NNS,True
04_epidemiology_incidence_prevalence,1,of,IN,IN,True
04_epidemiology_incidence_prevalence,1,disease,NN,NN,True
04_epidemiology_incidence_prevalence,1,occurrence,NN,NNS,False
04_epidemiology_incidence_prevalence,1,.,.,.,True
04_epidemiology_incidence_prevalence,2,Incidence,NN,DT,False
04_epidemiology_incidence_prevalence,2,focuses,NNS,NN,False
04_epidemiology_incidence_prevalence,2,on,IN,IN,True
04_epidemiology_incidence_prevalence,2,new,JJ,JJ,True
04_epidemiology_incidence_prevalence,2,cases,NNS,NNS,True
04_epidemiology_incidence_prevalence,2,occurring,VBG,VBP,False
04_epidemiology_incidence_prevalence,2,in,IN,IN,True
04_epidemiology_incidence_prevalence,2,a,DT,DT,True
04_epidemiology_incidence_prevalence,2,population,NN,NN,True
04_epidemiology_incidence_prevalence,2,during,IN,IN,True
04_epidemiology_incidence_prevalence,2,a,DT,DT,True
04_epidemiology_incidence_prevalence,2,specified,JJ,JJ,True
04_epidemiology_incidence_prevalence,2,period,NN,NN,True
04_epidemiology_incidence_prevalence,2,.,.,.,True
04_epidemiology_incidence_prevalence,3,Prevalence,NNP,PRP,False
04_epidemiology_incidence_prevalence,3,describes,VBZ,VBZ,True
04_epidemiology_incidence_prevalence,3,the,DT,DT,True
04_epidemiology_incidence_prevalence,3,proportion,NN,NN,True
04_epidemiology_incidence_prevalence,3,of,IN,IN,True
04_epidemiology_incidence_prevalence,3,a,DT,DT,True
04_epidemiology_incidence_prevalence,3,population,NN,NN,True
04_epidemiology_incidence_prevalence,3,that,WDT,WDT,True
04_epidemiology_incidence_prevalence,3,has,VBZ,VBZ,True
04_epidemiology_incidence_prevalence,3,a,DT,DT,True
04_epidemiology_incidence_prevalence,3,condition,NN,NN,True
04_epidemiology_incidence_prevalence,3,at,IN,IN,True
04_epidemiology_incidence_prevalence,3,a,DT,DT,True
04_epidemiology_incidence_prevalence,3,particular,JJ,JJ,True
04_epidemiology_incidence_prevalence,3,time,NN,NN,True
04_epidemiology_incidence_prevalence,3,or,CC,CC,True
04_epidemiology_incidence_prevalence,3,over,IN,IN,True
04_epidemiology_incidence_prevalence,3,a,DT,DT,True
04_epidemiology_incidence_prevalence,3,defined,JJ,JJ,True
04_epidemiology_incidence_prevalence,3,period,NN,NN,True
04_epidemiology_incidence_prevalence,3,.,.,.,True
04_epidemiology_incidence_prevalence,4,For,IN,IN,True
04_epidemiology_incidence_prevalence,4,an,DT,DT,True
04_epidemiology_incidence_prevalence,4,infectious,JJ,JJ,True
04_epidemiology_incidence_prevalence,4,disease,NN,NN,True
04_epidemiology_incidence_prevalence,4,",",",",",",True
04_epidemiology_incidence_prevalence,4,incidence,NN,PRP,False
04_epidemiology_incidence_prevalence,4,can,MD,MD,True
04_epidemiology_incidence_prevalence,4,help,VB,VB,True
04_epidemiology_incidence_prevalence,4,describe,VB,RBR,False
04_epidemiology_incidence_prevalence,4,how,WRB,WRB,True
04_epidemiology_incidence_prevalence,4,quickly,RB,RB,True
04_epidemiology_incidence_prevalence,4,new,JJ,JJ,True
04_epidemiology_incidence_prevalence,4,infections,NNS,NNS,True
04_epidemiology_incidence_prevalence,4,are,VBP,VBP,True
04_epidemiology_incidence_prevalence,4,occurring,VBG,-NONE-,False
04_epidemiology_incidence_prevalence,4,.,.,.,True
04_epidemiology_incidence_prevalence,5,Prevalence,NN,PRP,False
04_epidemiology_incidence_prevalence,5,can,MD,MD,True
04_epidemiology_incidence_prevalence,5,reflect,VB,VB,True
04_epidemiology_incidence_prevalence,5,both,DT,DT,True
04_epidemiology_incidence_prevalence,5,new,JJ,JJ,True
04_epidemiology_incidence_prevalence,5,cases,NNS,NNS,True
04_epidemiology_incidence_prevalence,5,and,CC,CC,True
04_epidemiology_incidence_prevalence,5,the,DT,DT,True
04_epidemiology_incidence_prevalence,5,duration,NN,NN,True
04_epidemiology_incidence_prevalence,5,of,IN,IN,True
04_epidemiology_incidence_prevalence,5,illness,NN,NN,True
04_epidemiology_incidence_prevalence,5,.,.,.,True
04_epidemiology_incidence_prevalence,6,A,DT,DT,True
04_epidemiology_incidence_prevalence,6,disease,NN,NN,True
04_epidemiology_incidence_prevalence,6,with,IN,IN,True
04_epidemiology_incidence_prevalence,6,short,JJ,JJ,True
04_epidemiology_incidence_prevalence,6,duration,NN,NNS,False
04_epidemiology_incidence_prevalence,6,may,MD,MD,True
04_epidemiology_incidence_prevalence,6,have,VB,VB,True
04_epidemiology_incidence_prevalence,6,substantial,JJ,JJ,True
04_epidemiology_incidence_prevalence,6,incidence,NN,NNS,False
04_epidemiology_incidence_prevalence,6,but,CC,CC,True
04_epidemiology_incidence_prevalence,6,relatively,RB,RB,True
04_epidemiology_incidence_prevalence,6,low,JJ,JJ,True
04_epidemiology_incidence_prevalence,6,point,NN,NN,True
04_epidemiology_incidence_prevalence,6,prevalence,NN,NNS,False
04_epidemiology_incidence_prevalence,6,.,.,.,True
04_epidemiology_incidence_prevalence,7,Conversely,RB,NNP,False
04_epidemiology_incidence_prevalence,7,",",",",",",True
04_epidemiology_incidence_prevalence,7,a,DT,DT,True
04_epidemiology_incidence_prevalence,7,chronic,JJ,JJ,True
04_epidemiology_incidence_prevalence,7,condition,NN,NN,True
04_epidemiology_incidence_prevalence,7,can,MD,MD,True
04_epidemiology_incidence_prevalence,7,have,VB,VB,True
04_epidemiology_incidence_prevalence,7,lower,JJR,JJR,True
04_epidemiology_incidence_prevalence,7,incidence,NN,NNS,False
04_epidemiology_incidence_prevalence,7,but,CC,CC,True
04_epidemiology_incidence_prevalence,7,high,JJ,JJ,True
04_epidemiology_incidence_prevalence,7,prevalence,NN,NNS,False
04_epidemiology_incidence_prevalence,7,because,IN,IN,True
04_epidemiology_incidence_prevalence,7,people,NNS,NNS,True
04_epidemiology_incidence_prevalence,7,remain,VBP,.,False
04_epidemiology_incidence_prevalence,7,affected,JJ,'',False
04_epidemiology_incidence_prevalence,7,for,IN,IN,True
04_epidemiology_incidence_prevalence,7,long,JJ,JJ,True
04_epidemiology_incidence_prevalence,7,periods,NNS,NNS,True
04_epidemiology_incidence_prevalence,7,.,.,.,True
04_epidemiology_incidence_prevalence,8,Epidemiologists,NNS,RB,False
04_epidemiology_incidence_prevalence,8,define,VBP,VB,False
04_epidemiology_incidence_prevalence,8,the,DT,DT,True
04_epidemiology_incidence_prevalence,8,population,NN,NN,True
04_epidemiology_incidence_prevalence,8,",",",",",",True
04_epidemiology_incidence_prevalence,8,time,NN,NN,True
04_epidemiology_incidence_prevalence,8,interval,NN,NNS,False
04_epidemiology_incidence_prevalence,8,",",",",",",True
04_epidemiology_incidence_prevalence,8,case,NN,NN,True
04_epidemiology_incidence_prevalence,8,definition,NN,NNS,False
04_epidemiology_incidence_prevalence,8,",",",",",",True
04_epidemiology_incidence_prevalence,8,and,CC,CC,True
04_epidemiology_incidence_prevalence,8,measurement,NN,NN,True
04_epidemiology_incidence_prevalence,8,method,NN,VBZ,False
04_epidemiology_incidence_prevalence,8,carefully,RB,RB,True
04_epidemiology_incidence_prevalence,8,.,.,.,True
04_epidemiology_incidence_prevalence,9,Changes,NNS,``,False
04_epidemiology_incidence_prevalence,9,in,IN,IN,True
04_epidemiology_incidence_prevalence,9,testing,VBG,NN,False
04_epidemiology_incidence_prevalence,9,availability,NN,",",False
04_epidemiology_incidence_prevalence,9,or,CC,CC,True
04_epidemiology_incidence_prevalence,9,reporting,NN,VBG,False
04_epidemiology_incidence_prevalence,9,practices,NNS,NNS,True
04_epidemiology_incidence_prevalence,9,can,MD,MD,True
04_epidemiology_incidence_prevalence,9,affect,VB,VB,True
04_epidemiology_incidence_prevalence,9,observed,JJ,VBN,False
04_epidemiology_incidence_prevalence,9,incidence,NN,-NONE-,False
04_epidemiology_incidence_prevalence,9,without,IN,IN,True
04_epidemiology_incidence_prevalence,9,representing,VBG,VBG,True
04_epidemiology_incidence_prevalence,9,an,DT,DT,True
04_epidemiology_incidence_prevalence,9,equivalent,JJ,JJ,True
04_epidemiology_incidence_prevalence,9,change,NN,NN,True
04_epidemiology_incidence_prevalence,9,in,IN,IN,True
04_epidemiology_incidence_prevalence,9,true,JJ,JJ,True
04_epidemiology_incidence_prevalence,9,transmission,NN,NNS,False
04_epidemiology_incidence_prevalence,9,.,.,.,True
04_epidemiology_incidence_prevalence,10,For,IN,IN,True
04_epidemiology_incidence_prevalence,10,COVID-19,NNP,NNP,True
04_epidemiology_incidence_prevalence,10,",",",",",",True
04_epidemiology_incidence_prevalence,10,widespread,JJ,JJ,True
04_epidemiology_incidence_prevalence,10,changes,NNS,NNS,True
04_epidemiology_incidence_prevalence,10,in,IN,IN,True
04_epidemiology_incidence_prevalence,10,testing,VBG,NN,False
04_epidemiology_incidence_prevalence,10,behavior,NN,NN,True
04_epidemiology_incidence_prevalence,10,made,VBN,VBD,False
04_epidemiology_incidence_prevalence,10,reported,VBD,VBN,False
04_epidemiology_incidence_prevalence,10,case,NN,NN,True
04_epidemiology_incidence_prevalence,10,counts,NNS,IN,False
04_epidemiology_incidence_prevalence,10,difficult,JJ,JJ,True
04_epidemiology_incidence_prevalence,10,to,TO,TO,True
04_epidemiology_incidence_prevalence,10,interpret,VB,VB,True
04_epidemiology_incidence_prevalence,10,in,IN,IN,True
04_epidemiology_incidence_prevalence,10,isolation,NN,NNS,False
04_epidemiology_incidence_prevalence,10,during,IN,IN,True
04_epidemiology_incidence_prevalence,10,some,DT,DT,True
04_epidemiology_incidence_prevalence,10,periods,NNS,NNS,True
04_epidemiology_incidence_prevalence,10,.,.,.,True
04_epidemiology_incidence_prevalence,11,Other,JJ,JJ,True
04_epidemiology_incidence_prevalence,11,indicators,NNS,NNS,True
04_epidemiology_incidence_prevalence,11,",",",",",",True
04_epidemiology_incidence_prevalence,11,including,VBG,VBG,True
04_epidemiology_incidence_prevalence,11,hospitalization,NN,NNS,False
04_epidemiology_incidence_prevalence,11,",",",",",",True
04_epidemiology_incidence_prevalence,11,mortality,NN,NNP,False
04_epidemiology_incidence_prevalence,11,",",",",",",True
04_epidemiology_incidence_prevalence,11,test,NN,NN,True
04_epidemiology_incidence_prevalence,11,positivity,NN,NNS,False
04_epidemiology_incidence_prevalence,11,",",",",",",True
04_epidemiology_incidence_prevalence,11,syndromic,JJ,WDT,False
04_epidemiology_incidence_prevalence,11,surveillance,NN,-NONE-,False
04_epidemiology_incidence_prevalence,11,",",",",",",True
04_epidemiology_incidence_prevalence,11,and,CC,CC,True
04_epidemiology_incidence_prevalence,11,wastewater,NN,$,False
04_epidemiology_incidence_prevalence,11,measurements,NNS,CD,False
04_epidemiology_incidence_prevalence,11,",",",",",",True
04_epidemiology_incidence_prevalence,11,can,MD,MD,True
04_epidemiology_incidence_prevalence,11,complement,VB,VB,True
04_epidemiology_incidence_prevalence,11,reported,VBN,VBN,True
04_epidemiology_incidence_prevalence,11,cases,NNS,NNS,True
04_epidemiology_incidence_prevalence,11,.,.,.,True
04_epidemiology_incidence_prevalence,12,Using,VBG,NNP,False
04_epidemiology_incidence_prevalence,12,multiple,JJ,.,False
04_epidemiology_incidence_prevalence,12,indicators,NNS,'',False
04_epidemiology_incidence_prevalence,12,provides,VBZ,VBZ,True
04_epidemiology_incidence_prevalence,12,a,DT,DT,True
04_epidemiology_incidence_prevalence,12,broader,JJR,JJR,True
04_epidemiology_incidence_prevalence,12,picture,NN,NN,True
04_epidemiology_incidence_prevalence,12,of,IN,IN,True
04_epidemiology_incidence_prevalence,12,disease,NN,NN,True
04_epidemiology_incidence_prevalence,12,activity,NN,NN,True
04_epidemiology_incidence_prevalence,12,.,.,.,True
05_basic_reproduction_number,1,Reproduction,NN,NNP,False
05_basic_reproduction_number,1,Numbers,NNS,",",False
05_basic_reproduction_number,1,and,CC,CC,True
05_basic_reproduction_number,1,Outbreak,NNP,MD,False
05_basic_reproduction_number,1,Growth,NNP,VB,False
05_basic_reproduction_number,1,The,DT,DT,True
05_basic_reproduction_number,1,basic,JJ,JJ,True
05_basic_reproduction_number,1,reproduction,NN,JJ,False
05_basic_reproduction_number,1,number,NN,NN,True
05_basic_reproduction_number,1,",",",",",",True
05_basic_reproduction_number,1,R,NNP,'',False
05_basic_reproduction_number,1,"0,",CD,PRP,False
05_basic_reproduction_number,1,describes,VBZ,VBZ,True
05_basic_reproduction_number,1,the,DT,DT,True
05_basic_reproduction_number,1,average,JJ,JJ,True
05_basic_reproduction_number,1,number,NN,NN,True
05_basic_reproduction_number,1,of,IN,IN,True
05_basic_reproduction_number,1,secondary,JJ,JJ,True
05_basic_reproduction_number,1,infections,NNS,.,False
05_basic_reproduction_number,1,generated,VBN,'',False
05_basic_reproduction_number,1,by,IN,IN,True
05_basic_reproduction_number,1,a,DT,DT,True
05_basic_reproduction_number,1,typical,JJ,JJ,True
05_basic_reproduction_number,1,infectious,JJ,JJ,True
05_basic_reproduction_number,1,individual,NN,NN,True
05_basic_reproduction_number,1,in,IN,IN,True
05_basic_reproduction_number,1,a,DT,DT,True
05_basic_reproduction_number,1,fully,RB,RB,True
05_basic_reproduction_number,1,susceptible,JJ,JJ,True
05_basic_reproduction_number,1,population,NN,NN,True
05_basic_reproduction_number,1,under,IN,IN,True
05_basic_reproduction_number,1,specified,VBN,VBN,True
05_basic_reproduction_number,1,assumptions,NNS,-NONE-,False
05_basic_reproduction_number,1,.,.,.,True
05_basic_reproduction_number,2,It,PRP,PRP,True
05_basic_reproduction_number,2,is,VBZ,VBZ,True
05_basic_reproduction_number,2,a,DT,DT,True
05_basic_reproduction_number,2,theoretical,JJ,$,False
05_basic_reproduction_number,2,epidemiological,JJ,CD,False
05_basic_reproduction_number,2,quantity,NN,NN,True
05_basic_reproduction_number,2,and,CC,CC,True
05_basic_reproduction_number,2,should,MD,MD,True
05_basic_reproduction_number,2,not,RB,RB,True
05_basic_reproduction_number,2,be,VB,VB,True
05_basic_reproduction_number,2,interpreted,VBN,RP,False
05_basic_reproduction_number,2,as,IN,IN,True
05_basic_reproduction_number,2,a,DT,DT,True
05_basic_reproduction_number,2,fixed,JJ,VBN,False
05_basic_reproduction_number,2,property,NN,NN,True
05_basic_reproduction_number,2,of,IN,IN,True
05_basic_reproduction_number,2,a,DT,DT,True
05_basic_reproduction_number,2,pathogen,NN,NN,True
05_basic_reproduction_number,2,in,IN,IN,True
05_basic_reproduction_number,2,every,DT,DT,True
05_basic_reproduction_number,2,setting,NN,NN,True
05_basic_reproduction_number,2,.,.,.,True
05_basic_reproduction_number,3,The,DT,DT,True
05_basic_reproduction_number,3,effective,JJ,JJ,True
05_basic_reproduction_number,3,reproduction,NN,JJ,False
05_basic_reproduction_number,3,number,NN,NN,True
05_basic_reproduction_number,3,",",",",",",True
05_basic_reproduction_number,3,often,RB,RB,True
05_basic_reproduction_number,3,written,VBN,VBN,True
05_basic_reproduction_number,3,Rt,NNP,-NONE-,False
05_basic_reproduction_number,3,or,CC,CC,True
05_basic_reproduction_number,3,Re,NNP,NNP,True
05_basic_reproduction_number,3,",",",",",",True
05_basic_reproduction_number,3,reflects,VBZ,VBZ,True
05_basic_reproduction_number,3,transmission,NN,RB,False
05_basic_reproduction_number,3,under,IN,IN,True
05_basic_reproduction_number,3,current,JJ,JJ,True
05_basic_reproduction_number,3,conditions,NNS,NNS,True
05_basic_reproduction_number,3,.,.,.,True
05_basic_reproduction_number,4,Vaccination,NN,NNP,False
05_basic_reproduction_number,4,",",",",",",True
05_basic_reproduction_number,4,prior,JJ,RB,False
05_basic_reproduction_number,4,immunity,NN,RB,False
05_basic_reproduction_number,4,",",",",",",True
05_basic_reproduction_number,4,behavioral,JJ,CC,False
05_basic_reproduction_number,4,changes,NNS,NNS,True
05_basic_reproduction_number,4,",",",",",",True
05_basic_reproduction_number,4,public-health,NN,CC,False
05_basic_reproduction_number,4,interventions,NNS,NNS,True
05_basic_reproduction_number,4,",",",",",",True
05_basic_reproduction_number,4,and,CC,CC,True
05_basic_reproduction_number,4,population,NN,NN,True
05_basic_reproduction_number,4,structure,NN,NN,True
05_basic_reproduction_number,4,can,MD,MD,True
05_basic_reproduction_number,4,all,DT,RB,False
05_basic_reproduction_number,4,affect,VB,VB,True
05_basic_reproduction_number,4,effective,JJ,JJ,True
05_basic_reproduction_number,4,transmission,NN,NNS,False
05_basic_reproduction_number,4,.,.,.,True
05_basic_reproduction_number,5,When,WRB,WRB,True
05_basic_reproduction_number,5,the,DT,DT,True
05_basic_reproduction_number,5,effective,JJ,JJ,True
05_basic_reproduction_number,5,reproduction,NN,JJ,False
05_basic_reproduction_number,5,number,NN,NN,True
05_basic_reproduction_number,5,is,VBZ,VBZ,True
05_basic_reproduction_number,5,above,IN,IN,True
05_basic_reproduction_number,5,one,CD,CD,True
05_basic_reproduction_number,5,",",",",",",True
05_basic_reproduction_number,5,infections,NNS,PRP,False
05_basic_reproduction_number,5,can,MD,MD,True
05_basic_reproduction_number,5,increase,VB,VB,True
05_basic_reproduction_number,5,under,IN,IN,True
05_basic_reproduction_number,5,the,DT,DT,True
05_basic_reproduction_number,5,relevant,JJ,JJ,True
05_basic_reproduction_number,5,conditions,NNS,NNS,True
05_basic_reproduction_number,5,;,:,:,True
05_basic_reproduction_number,5,when,WRB,WRB,True
05_basic_reproduction_number,5,it,PRP,PRP,True
05_basic_reproduction_number,5,remains,VBZ,VBZ,True
05_basic_reproduction_number,5,below,IN,IN,True
05_basic_reproduction_number,5,one,CD,CD,True
05_basic_reproduction_number,5,",",",",",",True
05_basic_reproduction_number,5,transmission,NN,WDT,False
05_basic_reproduction_number,5,tends,NNS,-NONE-,False
05_basic_reproduction_number,5,to,TO,TO,True
05_basic_reproduction_number,5,decline,VB,VB,True
05_basic_reproduction_number,5,.,.,.,True
05_basic_reproduction_number,6,Estimating,VBG,DT,False
05_basic_reproduction_number,6,reproduction,NN,JJ,False
05_basic_reproduction_number,6,numbers,NNS,NNS,True
05_basic_reproduction_number,6,requires,VBZ,.,False
05_basic_reproduction_number,6,assumptions,NNS,'',False
05_basic_reproduction_number,6,and,CC,CC,True
05_basic_reproduction_number,6,data,NNS,NNS,True
05_basic_reproduction_number,6,.,.,.,True
05_basic_reproduction_number,7,Delays,NNS,``,False
05_basic_reproduction_number,7,between,IN,IN,True
05_basic_reproduction_number,7,infection,NN,NNP,False
05_basic_reproduction_number,7,",",",",",",True
05_basic_reproduction_number,7,symptom,JJ,WDT,False
05_basic_reproduction_number,7,onset,NN,-NONE-,False
05_basic_reproduction_number,7,",",",",",",True
05_basic_reproduction_number,7,testing,VBG,NN,False
05_basic_reproduction_number,7,",",",",",",True
05_basic_reproduction_number,7,reporting,NN,NN,True
05_basic_reproduction_number,7,",",",",",",True
05_basic_reproduction_number,7,and,CC,CC,True
05_basic_reproduction_number,7,hospitalization,NN,PRP,False
05_basic_reproduction_number,7,can,MD,MD,True
05_basic_reproduction_number,7,affect,VB,VB,True
05_basic_reproduction_number,7,estimates,NNS,NNS,True
05_basic_reproduction_number,7,.,.,.,True
05_basic_reproduction_number,8,Analysts,NNS,NNS,True
05_basic_reproduction_number,8,may,MD,MD,True
05_basic_reproduction_number,8,therefore,VB,RB,False
05_basic_reproduction_number,8,use,NN,VB,False
05_basic_reproduction_number,8,statistical,JJ,PRP$,False
05_basic_reproduction_number,8,models,NNS,NNS,True
05_basic_reproduction_number,8,and,CC,CC,True
05_basic_reproduction_number,8,nowcasting,VBG,JJ,False
05_basic_reproduction_number,8,methods,NNS,NNS,True
05_basic_reproduction_number,8,to,TO,TO,True
05_basic_reproduction_number,8,account,VB,VB,True
05_basic_reproduction_number,8,for,IN,IN,True
05_basic_reproduction_number,8,reporting,NN,NN,True
05_basic_reproduction_number,8,delays,NNS,NNS,True
05_basic_reproduction_number,8,.,.,.,True
05_basic_reproduction_number,9,Reproduction,NN,DT,False
05_basic_reproduction_number,9,numbers,NNS,NNS,True
05_basic_reproduction_number,9,should,MD,MD,True
05_basic_reproduction_number,9,be,VB,VB,True
05_basic_reproduction_number,9,interpreted,VBN,VBN,True
05_basic_reproduction_number,9,together,RB,RP,False
05_basic_reproduction_number,9,with,IN,IN,True
05_basic_reproduction_number,9,other,JJ,JJ,True
05_basic_reproduction_number,9,indicators,NNS,NNS,True
05_basic_reproduction_number,9,.,.,.,True
05_basic_reproduction_number,10,A,DT,DT,True
05_basic_reproduction_number,10,single,JJ,JJ,True
05_basic_reproduction_number,10,estimate,NN,NN,True
05_basic_reproduction_number,10,can,MD,MD,True
05_basic_reproduction_number,10,be,VB,VB,True
05_basic_reproduction_number,10,uncertain,JJ,RB,False
05_basic_reproduction_number,10,",",",",",",True
05_basic_reproduction_number,10,especially,RB,RB,True
05_basic_reproduction_number,10,when,WRB,WRB,True
05_basic_reproduction_number,10,case,NN,NN,True
05_basic_reproduction_number,10,counts,NNS,NNS,True
05_basic_reproduction_number,10,are,VBP,VBP,True
05_basic_reproduction_number,10,small,JJ,JJ,True
05_basic_reproduction_number,10,or,CC,CC,True
05_basic_reproduction_number,10,surveillance,JJ,JJ,True
05_basic_reproduction_number,10,systems,NNS,NNS,True
05_basic_reproduction_number,10,are,VBP,VBP,True
05_basic_reproduction_number,10,changing,VBG,VBG,True
05_basic_reproduction_number,10,.,.,.,True
05_basic_reproduction_number,11,The,DT,DT,True
05_basic_reproduction_number,11,same,JJ,JJ,True
05_basic_reproduction_number,11,reproduction,NN,JJ,False
05_basic_reproduction_number,11,number,NN,NN,True
05_basic_reproduction_number,11,can,MD,MD,True
05_basic_reproduction_number,11,also,RB,RB,True
05_basic_reproduction_number,11,correspond,VB,VBG,False
05_basic_reproduction_number,11,to,TO,TO,True
05_basic_reproduction_number,11,different,JJ,JJ,True
05_basic_reproduction_number,11,absolute,NN,JJ,False
05_basic_reproduction_number,11,levels,NNS,NNS,True
05_basic_reproduction_number,11,of,IN,IN,True
05_basic_reproduction_number,11,disease,NN,NN,True
05_basic_reproduction_number,11,depending,VBG,VBG,True
05_basic_reproduction_number,11,on,IN,IN,True
05_basic_reproduction_number,11,the,DT,DT,True
05_basic_reproduction_number,11,size,NN,NN,True
05_basic_reproduction_number,11,and,CC,CC,True
05_basic_reproduction_number,11,immunity,NN,NNS,False
05_basic_reproduction_number,11,of,IN,IN,True
05_basic_reproduction_number,11,the,DT,DT,True
05_basic_reproduction_number,11,population,NN,NN,True
05_basic_reproduction_number,11,.,.,.,True
06_contact_tracing,1,Contact,NNP,NNP,True
06_contact_tracing,1,Tracing,NNP,",",False
06_contact_tracing,1,and,CC,CC,True
06_contact_tracing,1,Exposure,NNP,NNP,True
06_contact_tracing,1,Management,NNP,NNP,True
06_contact_tracing,1,Contact,NNP,.,False
06_contact_tracing,1,tracing,NN,'',False
06_contact_tracing,1,is,VBZ,VBZ,True
06_contact_tracing,1,a,DT,DT,True
06_contact_tracing,1,public-health,JJ,JJ,True
06_contact_tracing,1,process,NN,NN,True
06_contact_tracing,1,used,VBN,VBD,False
06_contact_tracing,1,to,TO,TO,True
06_contact_tracing,1,identify,VB,VB,True
06_contact_tracing,1,people,NNS,NNS,True
06_contact_tracing,1,who,WP,WP,True
06_contact_tracing,1,may,MD,MD,True
06_contact_tracing,1,have,VB,VB,True
06_contact_tracing,1,been,VBN,VBN,True
06_contact_tracing,1,exposed,VBN,-NONE-,False
06_contact_tracing,1,to,TO,TO,True
06_contact_tracing,1,an,DT,DT,True
06_contact_tracing,1,infectious,JJ,JJ,True
06_contact_tracing,1,disease,NN,NN,True
06_contact_tracing,1,and,CC,CC,True
06_contact_tracing,1,provide,VB,VB,True
06_contact_tracing,1,them,PRP,PRP,True
06_contact_tracing,1,with,IN,IN,True
06_contact_tracing,1,relevant,JJ,DT,False
06_contact_tracing,1,information,NN,NN,True
06_contact_tracing,1,and,CC,CC,True
06_contact_tracing,1,support,NN,NN,True
06_contact_tracing,1,.,.,.,True
06_contact_tracing,2,For,IN,IN,True
06_contact_tracing,2,respiratory,JJ,$,False
06_contact_tracing,2,infections,NNS,CD,False
06_contact_tracing,2,",",",",",",True
06_contact_tracing,2,contact,JJ,'',False
06_contact_tracing,2,definitions,NNS,PRP,False
06_contact_tracing,2,may,MD,MD,True
06_contact_tracing,2,consider,VB,VB,True
06_contact_tracing,2,proximity,NN,RB,False
06_contact_tracing,2,",",",",",",True
06_contact_tracing,2,duration,NN,NNP,False
06_contact_tracing,2,",",",",",",True
06_contact_tracing,2,setting,NN,NNP,False
06_contact_tracing,2,",",",",",",True
06_contact_tracing,2,and,CC,CC,True
06_contact_tracing,2,timing,VBG,DT,False
06_contact_tracing,2,relative,JJ,JJ,True
06_contact_tracing,2,to,TO,TO,True
06_contact_tracing,2,infectiousness,VB,VB,True
06_contact_tracing,2,.,.,.,True
06_contact_tracing,3,A,DT,DT,True
06_contact_tracing,3,typical,JJ,``,False
06_contact_tracing,3,workflow,NN,PRP,False
06_contact_tracing,3,includes,VBZ,VBZ,True
06_contact_tracing,3,identifying,VBG,VBG,True
06_contact_tracing,3,a,DT,DT,True
06_contact_tracing,3,confirmed,NN,NN,True
06_contact_tracing,3,or,CC,CC,True
06_contact_tracing,3,probable,JJ,JJ,True
06_contact_tracing,3,case,NN,NN,True
06_contact_tracing,3,",",",",",",True
06_contact_tracing,3,determining,VBG,CC,False
06_contact_tracing,3,the,DT,DT,True
06_contact_tracing,3,period,NN,NN,True
06_contact_tracing,3,during,IN,IN,True
06_contact_tracing,3,which,WDT,WDT,True
06_contact_tracing,3,transmission,NN,PRP,False
06_contact_tracing,3,could,MD,MD,True
06_contact_tracing,3,have,VB,VB,True
06_contact_tracing,3,occurred,VBN,RB,False
06_contact_tracing,3,",",",",",",True
06_contact_tracing,3,interviewing,VBG,CC,False
06_contact_tracing,3,the,DT,DT,True
06_contact_tracing,3,case,NN,NN,True
06_contact_tracing,3,when,WRB,WRB,True
06_contact_tracing,3,appropriate,NN,JJ,False
06_contact_tracing,3,",",",",",",True
06_contact_tracing,3,identifying,VBG,CC,False
06_contact_tracing,3,contacts,NNS,NNS,True
06_contact_tracing,3,",",",",",",True
06_contact_tracing,3,and,CC,CC,True
06_contact_tracing,3,communicating,VBG,$,False
06_contact_tracing,3,recommended,JJ,CD,False
06_contact_tracing,3,actions,NNS,NNS,True
06_contact_tracing,3,.,.,.,True
06_contact_tracing,4,Digital,NNP,``,False
06_contact_tracing,4,tools,NNS,PRP,False
06_contact_tracing,4,can,MD,MD,True
06_contact_tracing,4,assist,VB,VB,True
06_contact_tracing,4,with,IN,IN,True
06_contact_tracing,4,notification,NN,NNP,False
06_contact_tracing,4,or,CC,CC,True
06_contact_tracing,4,data,NN,NNS,False
06_contact_tracing,4,management,NN,NN,True
06_contact_tracing,4,",",",",",",True
06_contact_tracing,4,but,CC,CC,True
06_contact_tracing,4,they,PRP,PRP,True
06_contact_tracing,4,do,VBP,VBP,True
06_contact_tracing,4,not,RB,RB,True
06_contact_tracing,4,replace,VB,VB,True
06_contact_tracing,4,public-health,JJ,DT,False
06_contact_tracing,4,judgment,NN,NN,True
06_contact_tracing,4,.,.,.,True
06_contact_tracing,5,Contact,NNP,``,False
06_contact_tracing,5,tracing,NN,PRP,False
06_contact_tracing,5,is,VBZ,VBZ,True
06_contact_tracing,5,most,RBS,JJS,False
06_contact_tracing,5,effective,JJ,JJ,True
06_contact_tracing,5,when,WRB,WRB,True
06_contact_tracing,5,cases,NNS,NNS,True
06_contact_tracing,5,and,CC,CC,True
06_contact_tracing,5,contacts,NNS,NNS,True
06_contact_tracing,5,can,MD,MD,True
06_contact_tracing,5,be,VB,VB,True
06_contact_tracing,5,identified,VBN,VBN,True
06_contact_tracing,5,quickly,RB,RB,True
06_contact_tracing,5,and,CC,CC,True
06_contact_tracing,5,when,WRB,WRB,True
06_contact_tracing,5,people,NNS,NNS,True
06_contact_tracing,5,have,VBP,VBP,True
06_contact_tracing,5,access,NN,-NONE-,False
06_contact_tracing,5,to,TO,TO,True
06_contact_tracing,5,testing,VBG,NN,False
06_contact_tracing,5,",",",",",",True
06_contact_tracing,5,healthcare,NN,NNP,False
06_contact_tracing,5,",",",",",",True
06_contact_tracing,5,isolation,NN,CC,False
06_contact_tracing,5,resources,NNS,NNS,True
06_contact_tracing,5,",",",",",",True
06_contact_tracing,5,and,CC,CC,True
06_contact_tracing,5,accurate,JJ,JJ,True
06_contact_tracing,5,information,NN,NN,True
06_contact_tracing,5,.,.,.,True
06_contact_tracing,6,Privacy,NN,NNP,False
06_contact_tracing,6,and,CC,CC,True
06_contact_tracing,6,confidentiality,NN,PRP,False
06_contact_tracing,6,are,VBP,VBP,True
06_contact_tracing,6,important,JJ,JJ,True
06_contact_tracing,6,because,IN,IN,True
06_contact_tracing,6,contact-tracing,JJ,PRP,False
06_contact_tracing,6,systems,NNS,MD,False
06_contact_tracing,6,handle,VBP,VB,False
06_contact_tracing,6,sensitive,JJ,JJ,True
06_contact_tracing,6,health,NN,NN,True
06_contact_tracing,6,and,CC,CC,True
06_contact_tracing,6,exposure,NN,NN,True
06_contact_tracing,6,information,NN,NN,True
06_contact_tracing,6,.,.,.,True
06_contact_tracing,7,The,DT,DT,True
06_contact_tracing,7,effectiveness,NN,NN,True
06_contact_tracing,7,of,IN,IN,True
06_contact_tracing,7,contact,NN,``,False
06_contact_tracing,7,tracing,NN,PRP,False
06_contact_tracing,7,can,MD,MD,True
06_contact_tracing,7,decrease,VB,VB,True
06_contact_tracing,7,when,WRB,WRB,True
06_contact_tracing,7,community,NN,NN,True
06_contact_tracing,7,transmission,NN,'',False
06_contact_tracing,7,is,VBZ,VBZ,True
06_contact_tracing,7,extremely,RB,RB,True
06_contact_tracing,7,high,JJ,JJ,True
06_contact_tracing,7,",",",",",",True
06_contact_tracing,7,when,WRB,WRB,True
06_contact_tracing,7,many,JJ,JJ,True
06_contact_tracing,7,infections,NNS,NNS,True
06_contact_tracing,7,are,VBP,VBP,True
06_contact_tracing,7,asymptomatic,JJ,RB,False
06_contact_tracing,7,",",",",",",True
06_contact_tracing,7,or,CC,CC,True
06_contact_tracing,7,when,WRB,WRB,True
06_contact_tracing,7,cases,NNS,NNS,True
06_contact_tracing,7,cannot,VBP,MD,False
06_contact_tracing,7,be,VB,VB,True
06_contact_tracing,7,identified,VBN,VBN,True
06_contact_tracing,7,promptly,RB,-NONE-,False
06_contact_tracing,7,.,.,.,True
06_contact_tracing,8,In,IN,IN,True
06_contact_tracing,8,such,JJ,JJ,True
06_contact_tracing,8,situations,NNS,NNS,True
06_contact_tracing,8,",",",",",",True
06_contact_tracing,8,broad,JJ,JJ,True
06_contact_tracing,8,prevention,NN,NN,True
06_contact_tracing,8,measures,NNS,NNS,True
06_contact_tracing,8,and,CC,CC,True
06_contact_tracing,8,community,NN,NN,True
06_contact_tracing,8,surveillance,NN,NNS,False
06_contact_tracing,8,may,MD,MD,True
06_contact_tracing,8,be,VB,VB,True
06_contact_tracing,8,more,JJR,RBR,False
06_contact_tracing,8,practical,JJ,JJ,True
06_contact_tracing,8,complements,NNS,NNS,True
06_contact_tracing,8,.,.,.,True
07_wastewater_surveillance,1,Wastewater,NNP,DT,False
07_wastewater_surveillance,1,Surveillance,NNP,NN,False
07_wastewater_surveillance,1,for,IN,IN,True
07_wastewater_surveillance,1,Respiratory,NNP,$,False
07_wastewater_surveillance,1,Viruses,NNP,CD,False
07_wastewater_surveillance,1,Wastewater,NNP,-NONE-,False
07_wastewater_surveillance,1,surveillance,NN,TO,False
07_wastewater_surveillance,1,analyzes,VBZ,VB,False
07_wastewater_surveillance,1,biological,JJ,DT,False
07_wastewater_surveillance,1,material,NN,NN,True
07_wastewater_surveillance,1,in,IN,IN,True
07_wastewater_surveillance,1,sewage,NN,-NONE-,False
07_wastewater_surveillance,1,to,TO,TO,True
07_wastewater_surveillance,1,estimate,VB,VB,True
07_wastewater_surveillance,1,the,DT,DT,True
07_wastewater_surveillance,1,presence,NN,NN,True
07_wastewater_surveillance,1,or,CC,CC,True
07_wastewater_surveillance,1,trends,NNS,NNS,True
07_wastewater_surveillance,1,of,IN,IN,True
07_wastewater_surveillance,1,infectious,JJ,JJ,True
07_wastewater_surveillance,1,agents,NNS,NNS,True
07_wastewater_surveillance,1,within,IN,IN,True
07_wastewater_surveillance,1,a,DT,DT,True
07_wastewater_surveillance,1,community,NN,NN,True
07_wastewater_surveillance,1,.,.,.,True
07_wastewater_surveillance,2,Because,IN,IN,True
07_wastewater_surveillance,2,infected,JJ,PRP$,False
07_wastewater_surveillance,2,individuals,NNS,NNS,True
07_wastewater_surveillance,2,can,MD,MD,True
07_wastewater_surveillance,2,shed,VB,VB,True
07_wastewater_surveillance,2,viral,JJ,DT,False
07_wastewater_surveillance,2,genetic,JJ,JJ,True
07_wastewater_surveillance,2,material,NN,NN,True
07_wastewater_surveillance,2,into,IN,IN,True
07_wastewater_surveillance,2,wastewater,NN,NNP,False
07_wastewater_surveillance,2,",",",",",",True
07_wastewater_surveillance,2,wastewater,NN,'',False
07_wastewater_surveillance,2,measurements,NNS,PRP,False
07_wastewater_surveillance,2,can,MD,MD,True
07_wastewater_surveillance,2,provide,VB,VB,True
07_wastewater_surveillance,2,population-level,JJ,DT,False
07_wastewater_surveillance,2,information,NN,NN,True
07_wastewater_surveillance,2,that,WDT,WDT,True
07_wastewater_surveillance,2,does,VBZ,VBZ,True
07_wastewater_surveillance,2,not,RB,RB,True
07_wastewater_surveillance,2,depend,VB,VB,True
07_wastewater_surveillance,2,on,IN,IN,True
07_wastewater_surveillance,2,every,DT,DT,True
07_wastewater_surveillance,2,infected,JJ,JJ,True
07_wastewater_surveillance,2,person,NN,NN,True
07_wastewater_surveillance,2,seeking,VBG,VBG,True
07_wastewater_surveillance,2,a,DT,DT,True
07_wastewater_surveillance,2,clinical,JJ,JJ,True
07_wastewater_surveillance,2,test,NN,NN,True
07_wastewater_surveillance,2,.,.,.,True
07_wastewater_surveillance,3,Wastewater,NNP,``,False
07_wastewater_surveillance,3,surveillance,NN,PRP,False
07_wastewater_surveillance,3,can,MD,MD,True
07_wastewater_surveillance,3,be,VB,VB,True
07_wastewater_surveillance,3,especially,RB,RB,True
07_wastewater_surveillance,3,useful,JJ,JJ,True
07_wastewater_surveillance,3,when,WRB,WRB,True
07_wastewater_surveillance,3,individual,JJ,JJ,True
07_wastewater_surveillance,3,testing,NN,NN,True
07_wastewater_surveillance,3,declines,NNS,NNS,True
07_wastewater_surveillance,3,.,.,.,True
07_wastewater_surveillance,4,Trends,NNS,PRP,False
07_wastewater_surveillance,4,may,MD,MD,True
07_wastewater_surveillance,4,provide,VB,VB,True
07_wastewater_surveillance,4,an,DT,DT,True
07_wastewater_surveillance,4,early,JJ,JJ,True
07_wastewater_surveillance,4,signal,NN,NN,True
07_wastewater_surveillance,4,of,IN,IN,True
07_wastewater_surveillance,4,changing,VBG,$,False
07_wastewater_surveillance,4,transmission,NN,CD,False
07_wastewater_surveillance,4,",",",",",",True
07_wastewater_surveillance,4,although,IN,IN,True
07_wastewater_surveillance,4,the,DT,DT,True
07_wastewater_surveillance,4,relationship,NN,NN,True
07_wastewater_surveillance,4,between,IN,IN,True
07_wastewater_surveillance,4,wastewater,NN,DT,False
07_wastewater_surveillance,4,concentration,NN,NN,True
07_wastewater_surveillance,4,and,CC,CC,True
07_wastewater_surveillance,4,the,DT,DT,True
07_wastewater_surveillance,4,exact,JJ,JJ,True
07_wastewater_surveillance,4,number,NN,NN,True
07_wastewater_surveillance,4,of,IN,IN,True
07_wastewater_surveillance,4,infections,NNS,PRP,False
07_wastewater_surveillance,4,is,VBZ,VBZ,True
07_wastewater_surveillance,4,not,RB,RB,True
07_wastewater_surveillance,4,straightforward,RB,RB,True
07_wastewater_surveillance,4,.,.,.,True
07_wastewater_surveillance,5,Interpretation,NN,PRP,False
07_wastewater_surveillance,5,requires,VBZ,VBZ,True
07_wastewater_surveillance,5,attention,NN,NN,True
07_wastewater_surveillance,5,to,TO,TO,True
07_wastewater_surveillance,5,sampling,VBG,VB,False
07_wastewater_surveillance,5,location,NN,NN,True
07_wastewater_surveillance,5,",",",",",",True
07_wastewater_surveillance,5,population,NN,NN,True
07_wastewater_surveillance,5,served,VBN,VBD,False
07_wastewater_surveillance,5,by,IN,IN,True
07_wastewater_surveillance,5,the,DT,DT,True
07_wastewater_surveillance,5,treatment,NN,NN,True
07_wastewater_surveillance,5,system,NN,NN,True
07_wastewater_surveillance,5,",",",",",",True
07_wastewater_surveillance,5,rainfall,NN,'',False
07_wastewater_surveillance,5,and,CC,CC,True
07_wastewater_surveillance,5,dilution,NN,NNP,False
07_wastewater_surveillance,5,",",",",",",True
07_wastewater_surveillance,5,laboratory,NN,CC,False
07_wastewater_surveillance,5,methods,NNS,NNS,True
07_wastewater_surveillance,5,",",",",",",True
07_wastewater_surveillance,5,sampling,VBG,DT,False
07_wastewater_surveillance,5,frequency,NN,NN,True
07_wastewater_surveillance,5,",",",",",",True
07_wastewater_surveillance,5,and,CC,CC,True
07_wastewater_surveillance,5,changes,NNS,NNS,True
07_wastewater_surveillance,5,in,IN,IN,True
07_wastewater_surveillance,5,shedding,VBG,PRP$,False
07_wastewater_surveillance,5,patterns,NNS,NNS,True
07_wastewater_surveillance,5,.,.,.,True
07_wastewater_surveillance,6,Wastewater,NNP,DT,False
07_wastewater_surveillance,6,data,NNS,NNS,True
07_wastewater_surveillance,6,are,VBP,VBP,True
07_wastewater_surveillance,6,most,RBS,RBS,True
07_wastewater_surveillance,6,useful,JJ,JJ,True
07_wastewater_surveillance,6,when,WRB,WRB,True
07_wastewater_surveillance,6,combined,VBN,JJ,False
07_wastewater_surveillance,6,with,IN,IN,True
07_wastewater_surveillance,6,clinical,JJ,$,False
07_wastewater_surveillance,6,surveillance,NN,CD,False
07_wastewater_surveillance,6,",",",",",",True
07_wastewater_surveillance,6,hospital,NN,NN,True
07_wastewater_surveillance,6,data,NNS,NNS,True
07_wastewater_surveillance,6,",",",",",",True
07_wastewater_surveillance,6,and,CC,CC,True
07_wastewater_surveillance,6,other,JJ,JJ,True
07_wastewater_surveillance,6,epidemiological,JJ,NN,False
07_wastewater_surveillance,6,indicators,NNS,NNS,True
07_wastewater_surveillance,6,.,.,.,True
07_wastewater_surveillance,7,Wastewater,NN,PRP,False
07_wastewater_surveillance,7,surveillance,NN,VBP,False
07_wastewater_surveillance,7,generally,RB,RB,True
07_wastewater_surveillance,7,does,VBZ,VBZ,True
07_wastewater_surveillance,7,not,RB,RB,True
07_wastewater_surveillance,7,identify,VB,VB,True
07_wastewater_surveillance,7,individual,JJ,JJ,True
07_wastewater_surveillance,7,infected,JJ,NN,False
07_wastewater_surveillance,7,people,NNS,NNS,True
07_wastewater_surveillance,7,.,.,.,True
07_wastewater_surveillance,8,Its,PRP$,PRP$,True
07_wastewater_surveillance,8,population-level,JJ,JJ,True
07_wastewater_surveillance,8,nature,NN,NN,True
07_wastewater_surveillance,8,can,MD,MD,True
07_wastewater_surveillance,8,therefore,VB,VB,True
07_wastewater_surveillance,8,complement,JJ,DT,False
07_wastewater_surveillance,8,other,JJ,JJ,True
07_wastewater_surveillance,8,surveillance,NN,NN,True
07_wastewater_surveillance,8,systems,NNS,NNS,True
07_wastewater_surveillance,8,while,IN,IN,True
07_wastewater_surveillance,8,reducing,VBG,DT,False
07_wastewater_surveillance,8,dependence,NN,NN,True
07_wastewater_surveillance,8,on,IN,IN,True
07_wastewater_surveillance,8,individual,JJ,JJ,True
07_wastewater_surveillance,8,testing,NN,NN,True
07_wastewater_surveillance,8,.,.,.,True
07_wastewater_surveillance,9,It,PRP,PRP,True
07_wastewater_surveillance,9,is,VBZ,VBZ,True
07_wastewater_surveillance,9,a,DT,DT,True
07_wastewater_surveillance,9,monitoring,JJ,JJ,True
07_wastewater_surveillance,9,tool,NN,NN,True
07_wastewater_surveillance,9,rather,RB,RB,True
07_wastewater_surveillance,9,than,IN,IN,True
07_wastewater_surveillance,9,a,DT,DT,True
07_wastewater_surveillance,9,direct,JJ,JJ,True
07_wastewater_surveillance,9,diagnostic,JJ,JJ,True
07_wastewater_surveillance,9,test,NN,NN,True
07_wastewater_surveillance,9,for,IN,IN,True
07_wastewater_surveillance,9,an,DT,DT,True
07_wastewater_surveillance,9,individual,NN,JJ,False
07_wastewater_surveillance,9,.,.,.,True
08_variant_surveillance,1,SARS-CoV-2,JJ,``,False
08_variant_surveillance,1,Variant,NNP,PRP,False
08_variant_surveillance,1,Surveillance,NNP,VBP,False
08_variant_surveillance,1,Variant,NNP,VBN,False
08_variant_surveillance,1,surveillance,NN,-NONE-,False
08_variant_surveillance,1,monitors,NNS,TO,False
08_variant_surveillance,1,genetic,JJ,VB,False
08_variant_surveillance,1,changes,NNS,NNS,True
08_variant_surveillance,1,in,IN,IN,True
08_variant_surveillance,1,SARS-CoV-2,NNP,NNP,True
08_variant_surveillance,1,and,CC,CC,True
08_variant_surveillance,1,assesses,VBZ,NNS,False
08_variant_surveillance,1,whether,IN,IN,True
08_variant_surveillance,1,emerging,VBG,PRP,False
08_variant_surveillance,1,lineages,NNS,MD,False
08_variant_surveillance,1,have,VBP,VB,False
08_variant_surveillance,1,characteristics,NNS,VBN,False
08_variant_surveillance,1,relevant,JJ,-NONE-,False
08_variant_surveillance,1,to,TO,TO,True
08_variant_surveillance,1,public,JJ,JJ,True
08_variant_surveillance,1,health,NN,NN,True
08_variant_surveillance,1,.,.,.,True
08_variant_surveillance,2,Sequencing,VBG,PRP,False
08_variant_surveillance,2,can,MD,MD,True
08_variant_surveillance,2,identify,VB,VB,True
08_variant_surveillance,2,viral,JJ,VBN,False
08_variant_surveillance,2,lineages,NNS,-NONE-,False
08_variant_surveillance,2,from,IN,IN,True
08_variant_surveillance,2,selected,VBN,$,False
08_variant_surveillance,2,clinical,JJ,CD,False
08_variant_surveillance,2,specimens,NNS,NNS,True
08_variant_surveillance,2,",",",",",",True
08_variant_surveillance,2,while,IN,IN,True
08_variant_surveillance,2,genomic,JJ,PRP,False
08_variant_surveillance,2,databases,NNS,MD,False
08_variant_surveillance,2,allow,VBP,VB,False
08_variant_surveillance,2,laboratories,NNS,NNS,True
08_variant_surveillance,2,and,CC,CC,True
08_variant_surveillance,2,researchers,NNS,NNS,True
08_variant_surveillance,2,to,TO,TO,True
08_variant_surveillance,2,compare,VB,VB,True
08_variant_surveillance,2,sequences,NNS,RP,False
08_variant_surveillance,2,over,IN,IN,True
08_variant_surveillance,2,time,NN,NN,True
08_variant_surveillance,2,and,CC,CC,True
08_variant_surveillance,2,across,IN,IN,True
08_variant_surveillance,2,locations,NNS,NNS,True
08_variant_surveillance,2,.,.,.,True
08_variant_surveillance,3,A,DT,DT,True
08_variant_surveillance,3,newly,RB,NN,False
08_variant_surveillance,3,detected,VBN,.,False
08_variant_surveillance,3,mutation,NN,'',False
08_variant_surveillance,3,does,VBZ,VBZ,True
08_variant_surveillance,3,not,RB,RB,True
08_variant_surveillance,3,automatically,RB,MD,False
08_variant_surveillance,3,mean,VB,VB,True
08_variant_surveillance,3,that,IN,IN,True
08_variant_surveillance,3,a,DT,DT,True
08_variant_surveillance,3,variant,NN,NN,True
08_variant_surveillance,3,is,VBZ,VBZ,True
08_variant_surveillance,3,more,RBR,JJR,False
08_variant_surveillance,3,transmissible,JJ,NNS,False
08_variant_surveillance,3,or,CC,CC,True
08_variant_surveillance,3,more,RBR,JJR,False
08_variant_surveillance,3,severe,JJ,JJ,True
08_variant_surveillance,3,.,.,.,True
08_variant_surveillance,4,Researchers,NNP,``,False
08_variant_surveillance,4,evaluate,VBP,PRP,False
08_variant_surveillance,4,changes,NNS,VBZ,False
08_variant_surveillance,4,using,VBG,VBG,True
08_variant_surveillance,4,laboratory,NN,PRP$,False
08_variant_surveillance,4,studies,NNS,NNS,True
08_variant_surveillance,4,",",",",",",True
08_variant_surveillance,4,epidemiological,JJ,CC,False
08_variant_surveillance,4,data,NNS,NNS,True
08_variant_surveillance,4,",",",",",",True
08_variant_surveillance,4,clinical,JJ,WDT,False
08_variant_surveillance,4,outcomes,NNS,-NONE-,False
08_variant_surveillance,4,",",",",",",True
08_variant_surveillance,4,and,CC,CC,True
08_variant_surveillance,4,population-level,JJ,JJ,True
08_variant_surveillance,4,observations,NNS,NNS,True
08_variant_surveillance,4,.,.,.,True
08_variant_surveillance,5,Multiple,JJ,``,False
08_variant_surveillance,5,mutations,NNS,PRP,False
08_variant_surveillance,5,can,MD,MD,True
08_variant_surveillance,5,occur,VB,VB,True
08_variant_surveillance,5,together,RB,RB,True
08_variant_surveillance,5,",",",",",",True
08_variant_surveillance,5,and,CC,CC,True
08_variant_surveillance,5,the,DT,DT,True
08_variant_surveillance,5,biological,JJ,JJ,True
08_variant_surveillance,5,effect,NN,NN,True
08_variant_surveillance,5,of,IN,IN,True
08_variant_surveillance,5,a,DT,DT,True
08_variant_surveillance,5,mutation,NN,NN,True
08_variant_surveillance,5,depends,VBZ,VBZ,True
08_variant_surveillance,5,on,IN,IN,True
08_variant_surveillance,5,its,PRP$,PRP$,True
08_variant_surveillance,5,location,NN,NN,True
08_variant_surveillance,5,and,CC,CC,True
08_variant_surveillance,5,context,NN,NN,True
08_variant_surveillance,5,.,.,.,True
08_variant_surveillance,6,Variant,JJ,``,False
08_variant_surveillance,6,surveillance,NN,PRP,False
08_variant_surveillance,6,helps,VBZ,VBZ,True
08_variant_surveillance,6,public-health,NN,JJ,False
08_variant_surveillance,6,agencies,NNS,NNS,True
08_variant_surveillance,6,detect,VBP,IN,False
08_variant_surveillance,6,changes,NNS,NNS,True
08_variant_surveillance,6,that,WDT,IN,False
08_variant_surveillance,6,may,MD,MD,True
08_variant_surveillance,6,affect,VB,VB,True
08_variant_surveillance,6,diagnostics,NNS,RB,False
08_variant_surveillance,6,",",",",",",True
08_variant_surveillance,6,therapeutics,NNS,NNP,False
08_variant_surveillance,6,",",",",",",True
08_variant_surveillance,6,vaccines,NNS,NNS,True
08_variant_surveillance,6,",",",",",",True
08_variant_surveillance,6,or,CC,CC,True
08_variant_surveillance,6,transmission,NN,JJ,False
08_variant_surveillance,6,patterns,NNS,NNS,True
08_variant_surveillance,6,.,.,.,True
08_variant_surveillance,7,However,RB,RB,True
08_variant_surveillance,7,",",",",",",True
08_variant_surveillance,7,sequencing,VBG,CC,False
08_variant_surveillance,7,samples,NNS,NNS,True
08_variant_surveillance,7,are,VBP,VBP,True
08_variant_surveillance,7,not,RB,RB,True
08_variant_surveillance,7,always,RB,RB,True
08_variant_surveillance,7,representative,VB,NN,False
08_variant_surveillance,7,of,IN,IN,True
08_variant_surveillance,7,all,DT,DT,True
08_variant_surveillance,7,infections,NNS,NN,False
08_variant_surveillance,7,.,.,.,True
08_variant_surveillance,8,Differences,NNS,``,False
08_variant_surveillance,8,in,IN,IN,True
08_variant_surveillance,8,sampling,VBG,NNP,False
08_variant_surveillance,8,and,CC,CC,True
08_variant_surveillance,8,sequencing,VBG,JJ,False
08_variant_surveillance,8,capacity,NN,NN,True
08_variant_surveillance,8,can,MD,MD,True
08_variant_surveillance,8,influence,VB,VB,True
08_variant_surveillance,8,which,WDT,WDT,True
08_variant_surveillance,8,variants,NNS,-NONE-,False
08_variant_surveillance,8,are,VBP,VBP,True
08_variant_surveillance,8,observed,VBN,VBN,True
08_variant_surveillance,8,.,.,.,True
08_variant_surveillance,9,Genomic,NNP,DT,False
08_variant_surveillance,9,surveillance,NN,JJ,False
08_variant_surveillance,9,works,VBZ,NNS,False
08_variant_surveillance,9,best,RBS,",",False
08_variant_surveillance,9,when,WRB,WRB,True
08_variant_surveillance,9,linked,VBN,NNS,False
08_variant_surveillance,9,with,IN,IN,True
08_variant_surveillance,9,epidemiological,JJ,NNP,False
08_variant_surveillance,9,and,CC,CC,True
08_variant_surveillance,9,clinical,JJ,JJ,True
08_variant_surveillance,9,information,NN,NN,True
08_variant_surveillance,9,.,.,.,True
08_variant_surveillance,10,Sequence,NNP,DT,False
08_variant_surveillance,10,data,NNS,NNS,True
08_variant_surveillance,10,can,MD,MD,True
08_variant_surveillance,10,identify,VB,VB,True
08_variant_surveillance,10,what,WP,WP,True
08_variant_surveillance,10,is,VBZ,VBZ,True
08_variant_surveillance,10,circulating,VBG,RB,False
08_variant_surveillance,10,",",",",",",True
08_variant_surveillance,10,while,IN,IN,True
08_variant_surveillance,10,other,JJ,JJ,True
08_variant_surveillance,10,datasets,NNS,TO,False
08_variant_surveillance,10,help,VBP,VB,False
08_variant_surveillance,10,determine,VB,IN,False
08_variant_surveillance,10,the,DT,DT,True
08_variant_surveillance,10,practical,JJ,JJ,True
08_variant_surveillance,10,public-health,NN,JJ,False
08_variant_surveillance,10,significance,NN,NN,True
08_variant_surveillance,10,of,IN,IN,True
08_variant_surveillance,10,those,DT,DT,True
08_variant_surveillance,10,lineages,NNS,NN,False
08_variant_surveillance,10,.,.,.,True
09_outbreak_investigation,1,Infectious,JJ,``,False
09_outbreak_investigation,1,Disease,NNP,PRP,False
09_outbreak_investigation,1,Outbreak,NNP,MD,False
09_outbreak_investigation,1,Investigation,NNP,VB,False
09_outbreak_investigation,1,An,DT,DT,True
09_outbreak_investigation,1,outbreak,JJ,JJ,True
09_outbreak_investigation,1,investigation,NN,NN,True
09_outbreak_investigation,1,seeks,VBZ,VBZ,True
09_outbreak_investigation,1,to,TO,TO,True
09_outbreak_investigation,1,determine,VB,VB,True
09_outbreak_investigation,1,whether,IN,IN,True
09_outbreak_investigation,1,an,DT,DT,True
09_outbreak_investigation,1,unusual,JJ,JJ,True
09_outbreak_investigation,1,increase,NN,NN,True
09_outbreak_investigation,1,in,IN,IN,True
09_outbreak_investigation,1,disease,NN,NN,True
09_outbreak_investigation,1,has,VBZ,VBZ,True
09_outbreak_investigation,1,occurred,VBN,RB,False
09_outbreak_investigation,1,",",",",",",True
09_outbreak_investigation,1,characterize,VB,$,False
09_outbreak_investigation,1,affected,JJ,CD,False
09_outbreak_investigation,1,people,NNS,NNS,True
09_outbreak_investigation,1,and,CC,CC,True
09_outbreak_investigation,1,settings,NNS,NNP,False
09_outbreak_investigation,1,",",",",",",True
09_outbreak_investigation,1,identify,VB,DT,False
09_outbreak_investigation,1,likely,JJ,JJ,True
09_outbreak_investigation,1,sources,NNS,NNS,True
09_outbreak_investigation,1,or,CC,CC,True
09_outbreak_investigation,1,transmission,NN,$,False
09_outbreak_investigation,1,routes,NNS,CD,False
09_outbreak_investigation,1,",",",",",",True
09_outbreak_investigation,1,and,CC,CC,True
09_outbreak_investigation,1,guide,VB,NN,False
09_outbreak_investigation,1,control,NN,NN,True
09_outbreak_investigation,1,measures,NNS,NNS,True
09_outbreak_investigation,1,.,.,.,True
09_outbreak_investigation,2,The,DT,DT,True
09_outbreak_investigation,2,investigation,NN,NN,True
09_outbreak_investigation,2,begins,VBZ,VBZ,True
09_outbreak_investigation,2,with,IN,IN,True
09_outbreak_investigation,2,a,DT,DT,True
09_outbreak_investigation,2,clear,JJ,JJ,True
09_outbreak_investigation,2,case,NN,NN,True
09_outbreak_investigation,2,definition,NN,",",False
09_outbreak_investigation,2,and,CC,CC,True
09_outbreak_investigation,2,confirmation,NN,NNS,False
09_outbreak_investigation,2,that,IN,IN,True
09_outbreak_investigation,2,the,DT,DT,True
09_outbreak_investigation,2,observed,JJ,JJ,True
09_outbreak_investigation,2,increase,NN,NN,True
09_outbreak_investigation,2,is,VBZ,VBZ,True
09_outbreak_investigation,2,greater,JJR,JJR,True
09_outbreak_investigation,2,than,IN,IN,True
09_outbreak_investigation,2,expected,VBN,VBN,True
09_outbreak_investigation,2,.,.,.,True
09_outbreak_investigation,3,Investigators,NNS,``,False
09_outbreak_investigation,3,construct,VBP,PRP,False
09_outbreak_investigation,3,descriptive,JJ,MD,False
09_outbreak_investigation,3,summaries,NNS,VB,False
09_outbreak_investigation,3,by,IN,IN,True
09_outbreak_investigation,3,time,NN,NN,True
09_outbreak_investigation,3,",",",",",",True
09_outbreak_investigation,3,place,NN,NN,True
09_outbreak_investigation,3,",",",",",",True
09_outbreak_investigation,3,and,CC,CC,True
09_outbreak_investigation,3,person,NN,NN,True
09_outbreak_investigation,3,.,.,.,True
09_outbreak_investigation,4,An,DT,DT,True
09_outbreak_investigation,4,epidemic,JJ,``,False
09_outbreak_investigation,4,curve,NN,PRP,False
09_outbreak_investigation,4,can,MD,MD,True
09_outbreak_investigation,4,show,VB,VB,True
09_outbreak_investigation,4,the,DT,DT,True
09_outbreak_investigation,4,timing,NN,NN,True
09_outbreak_investigation,4,of,IN,IN,True
09_outbreak_investigation,4,illness,JJ,NN,False
09_outbreak_investigation,4,onset,NN,",",False
09_outbreak_investigation,4,and,CC,CC,True
09_outbreak_investigation,4,may,MD,MD,True
09_outbreak_investigation,4,provide,VB,VB,True
09_outbreak_investigation,4,clues,NNS,NNS,True
09_outbreak_investigation,4,about,IN,IN,True
09_outbreak_investigation,4,the,DT,DT,True
09_outbreak_investigation,4,type,NN,NN,True
09_outbreak_investigation,4,of,IN,IN,True
09_outbreak_investigation,4,exposure,NN,NN,True
09_outbreak_investigation,4,.,.,.,True
09_outbreak_investigation,5,Mapping,VBG,DT,False
09_outbreak_investigation,5,cases,NNS,NNS,True
09_outbreak_investigation,5,can,MD,MD,True
09_outbreak_investigation,5,identify,VB,VB,True
09_outbreak_investigation,5,geographic,JJ,VBN,False
09_outbreak_investigation,5,clustering,NN,-NONE-,False
09_outbreak_investigation,5,",",",",",",True
09_outbreak_investigation,5,while,IN,IN,True
09_outbreak_investigation,5,demographic,JJ,JJ,True
09_outbreak_investigation,5,analysis,NN,NN,True
09_outbreak_investigation,5,can,MD,MD,True
09_outbreak_investigation,5,reveal,VB,VB,True
09_outbreak_investigation,5,differences,NNS,NNS,True
09_outbreak_investigation,5,by,IN,IN,True
09_outbreak_investigation,5,age,NN,NN,True
09_outbreak_investigation,5,",",",",",",True
09_outbreak_investigation,5,occupation,NN,NNP,False
09_outbreak_investigation,5,",",",",",",True
09_outbreak_investigation,5,or,CC,CC,True
09_outbreak_investigation,5,other,JJ,JJ,True
09_outbreak_investigation,5,characteristics,NNS,NNS,True
09_outbreak_investigation,5,.,.,.,True
09_outbreak_investigation,6,Analytical,JJ,``,False
09_outbreak_investigation,6,epidemiology,NN,PRP,False
09_outbreak_investigation,6,may,MD,MD,True
09_outbreak_investigation,6,compare,VB,VB,True
09_outbreak_investigation,6,exposures,NNS,NNS,True
09_outbreak_investigation,6,among,IN,IN,True
09_outbreak_investigation,6,cases,NNS,NNS,True
09_outbreak_investigation,6,and,CC,CC,True
09_outbreak_investigation,6,controls,NNS,NNS,True
09_outbreak_investigation,6,or,CC,CC,True
09_outbreak_investigation,6,among,IN,IN,True
09_outbreak_investigation,6,exposed,VBN,NNP,False
09_outbreak_investigation,6,and,CC,CC,True
09_outbreak_investigation,6,unexposed,JJ,JJ,True
09_outbreak_investigation,6,groups,NNS,NNS,True
09_outbreak_investigation,6,.,.,.,True
09_outbreak_investigation,7,Investigators,NNS,PRP,False
09_outbreak_investigation,7,must,MD,MD,True
09_outbreak_investigation,7,consider,VB,VB,True
09_outbreak_investigation,7,recall,NN,DT,False
09_outbreak_investigation,7,bias,NN,NN,True
09_outbreak_investigation,7,",",",",",",True
09_outbreak_investigation,7,selection,NN,DT,False
09_outbreak_investigation,7,bias,NN,NN,True
09_outbreak_investigation,7,",",",",",",True
09_outbreak_investigation,7,confounding,NN,NNP,False
09_outbreak_investigation,7,",",",",",",True
09_outbreak_investigation,7,and,CC,CC,True
09_outbreak_investigation,7,incomplete,JJ,JJ,True
09_outbreak_investigation,7,reporting,NN,NN,True
09_outbreak_investigation,7,.,.,.,True
09_outbreak_investigation,8,Laboratory,NN,DT,False
09_outbreak_investigation,8,testing,NN,NN,True
09_outbreak_investigation,8,and,CC,CC,True
09_outbreak_investigation,8,genomic,JJ,``,False
09_outbreak_investigation,8,sequencing,NN,PRP,False
09_outbreak_investigation,8,can,MD,MD,True
09_outbreak_investigation,8,provide,VB,VB,True
09_outbreak_investigation,8,additional,JJ,JJ,True
09_outbreak_investigation,8,evidence,NN,NN,True
09_outbreak_investigation,8,.,.,.,True
09_outbreak_investigation,9,Control,NNP,NNP,True
09_outbreak_investigation,9,measures,NNS,NNS,True
09_outbreak_investigation,9,should,MD,MD,True
09_outbreak_investigation,9,not,RB,RB,True
09_outbreak_investigation,9,necessarily,RB,RB,True
09_outbreak_investigation,9,wait,VB,VB,True
09_outbreak_investigation,9,until,IN,IN,True
09_outbreak_investigation,9,every,DT,DT,True
09_outbreak_investigation,9,scientific,JJ,JJ,True
09_outbreak_investigation,9,question,NN,NN,True
09_outbreak_investigation,9,is,VBZ,VBZ,True
09_outbreak_investigation,9,resolved,VBN,-NONE-,False
09_outbreak_investigation,9,.,.,.,True
09_outbreak_investigation,10,Depending,VBG,``,False
09_outbreak_investigation,10,on,IN,IN,True
09_outbreak_investigation,10,the,DT,DT,True
09_outbreak_investigation,10,pathogen,NN,NN,True
09_outbreak_investigation,10,and,CC,CC,True
09_outbreak_investigation,10,circumstances,NNS,NNS,True
09_outbreak_investigation,10,",",",",",",True
09_outbreak_investigation,10,measures,NNS,NNS,True
09_outbreak_investigation,10,can,MD,MD,True
09_outbreak_investigation,10,include,VB,VB,True
09_outbreak_investigation,10,isolation,NN,RB,False
09_outbreak_investigation,10,",",",",",",True
09_outbreak_investigation,10,vaccination,NN,NNP,False
09_outbreak_investigation,10,",",",",",",True
09_outbreak_investigation,10,environmental,JJ,JJ,True
09_outbreak_investigation,10,controls,NNS,NNS,True
09_outbreak_investigation,10,",",",",",",True
09_outbreak_investigation,10,communication,NN,NN,True
09_outbreak_investigation,10,",",",",",",True
09_outbreak_investigation,10,testing,VBG,NN,False
09_outbreak_investigation,10,",",",",",",True
09_outbreak_investigation,10,and,CC,CC,True
09_outbreak_investigation,10,targeted,VBD,VBN,False
09_outbreak_investigation,10,restrictions,NNS,NNS,True
09_outbreak_investigation,10,.,.,.,True
09_outbreak_investigation,11,Investigators,NNS,PRP,False
09_outbreak_investigation,11,continue,VBP,VBP,True
09_outbreak_investigation,11,evaluating,VBG,VBG,True
09_outbreak_investigation,11,the,DT,DT,True
09_outbreak_investigation,11,outbreak,NN,NN,True
09_outbreak_investigation,11,as,IN,IN,True
09_outbreak_investigation,11,new,JJ,JJ,True
09_outbreak_investigation,11,evidence,NN,NN,True
09_outbreak_investigation,11,becomes,VBZ,VBZ,True
09_outbreak_investigation,11,available,JJ,JJ,True
09_outbreak_investigation,11,.,.,.,True
10_public_health_surveillance,1,Public,NNP,NNP,True
10_public_health_surveillance,1,Health,NNP,NNP,True
10_public_health_surveillance,1,Surveillance,NNP,NNP,True
10_public_health_surveillance,1,Systems,NNP,NNPS,False
10_public_health_surveillance,1,Public,NNP,NNP,True
10_public_health_surveillance,1,health,NN,.,False
10_public_health_surveillance,1,surveillance,NN,'',False
10_public_health_surveillance,1,is,VBZ,VBZ,True
10_public_health_surveillance,1,the,DT,DT,True
10_public_health_surveillance,1,continuous,JJ,NN,False
10_public_health_surveillance,1,and,CC,CC,True
10_public_health_surveillance,1,systematic,JJ,JJ,True
10_public_health_surveillance,1,collection,NN,NNS,False
10_public_health_surveillance,1,",",",",",",True
10_public_health_surveillance,1,analysis,NN,NN,True
10_public_health_surveillance,1,",",",",",",True
10_public_health_surveillance,1,interpretation,NN,NN,True
10_public_health_surveillance,1,",",",",",",True
10_public_health_surveillance,1,and,CC,CC,True
10_public_health_surveillance,1,dissemination,NN,NN,True
10_public_health_surveillance,1,of,IN,IN,True
10_public_health_surveillance,1,health,NN,NN,True
10_public_health_surveillance,1,information,NN,NN,True
10_public_health_surveillance,1,for,IN,IN,True
10_public_health_surveillance,1,action,NN,NN,True
10_public_health_surveillance,1,.,.,.,True
10_public_health_surveillance,2,Surveillance,NN,DT,False
10_public_health_surveillance,2,systems,NNS,NNS,True
10_public_health_surveillance,2,can,MD,MD,True
10_public_health_surveillance,2,monitor,VB,VB,True
10_public_health_surveillance,2,infectious,JJ,JJ,True
10_public_health_surveillance,2,diseases,NNS,NNS,True
10_public_health_surveillance,2,through,IN,IN,True
10_public_health_surveillance,2,case,NN,NN,True
10_public_health_surveillance,2,reports,NNS,NNS,True
10_public_health_surveillance,2,",",",",",",True
10_public_health_surveillance,2,laboratory,NN,CC,False
10_public_health_surveillance,2,results,NNS,NNS,True
10_public_health_surveillance,2,",",",",",",True
10_public_health_surveillance,2,hospital,NN,NN,True
10_public_health_surveillance,2,records,NNS,NNS,True
10_public_health_surveillance,2,",",",",",",True
10_public_health_surveillance,2,mortality,NN,CC,False
10_public_health_surveillance,2,data,NNS,NNS,True
10_public_health_surveillance,2,",",",",",",True
10_public_health_surveillance,2,syndromic,JJ,CC,False
10_public_health_surveillance,2,indicators,NNS,NNS,True
10_public_health_surveillance,2,",",",",",",True
10_public_health_surveillance,2,sentinel,NN,CC,False
10_public_health_surveillance,2,sites,NNS,NNS,True
10_public_health_surveillance,2,",",",",",",True
10_public_health_surveillance,2,and,CC,CC,True
10_public_health_surveillance,2,community-level,JJ,$,False
10_public_health_surveillance,2,measurements,NNS,CD,False
10_public_health_surveillance,2,.,.,.,True
10_public_health_surveillance,3,A,DT,DT,True
10_public_health_surveillance,3,surveillance,NN,JJ,False
10_public_health_surveillance,3,system,NN,NN,True
10_public_health_surveillance,3,begins,VBZ,VBZ,True
10_public_health_surveillance,3,with,IN,IN,True
10_public_health_surveillance,3,a,DT,DT,True
10_public_health_surveillance,3,defined,JJ,JJ,True
10_public_health_surveillance,3,objective,NN,NN,True
10_public_health_surveillance,3,.,.,.,True
10_public_health_surveillance,4,The,DT,DT,True
10_public_health_surveillance,4,case,NN,NN,True
10_public_health_surveillance,4,definition,NN,.,False
10_public_health_surveillance,4,determines,NNS,'',False
10_public_health_surveillance,4,which,WDT,WDT,True
10_public_health_surveillance,4,events,NNS,NNS,True
10_public_health_surveillance,4,are,VBP,VBP,True
10_public_health_surveillance,4,counted,VBN,RB,False
10_public_health_surveillance,4,",",",",",",True
10_public_health_surveillance,4,while,IN,IN,True
10_public_health_surveillance,4,reporting,VBG,NN,False
10_public_health_surveillance,4,rules,NNS,NNS,True
10_public_health_surveillance,4,specify,VB,.,False
10_public_health_surveillance,4,how,WRB,'',False
10_public_health_surveillance,4,and,CC,CC,True
10_public_health_surveillance,4,when,WRB,WRB,True
10_public_health_surveillance,4,information,NN,NN,True
10_public_health_surveillance,4,is,VBZ,VBZ,True
10_public_health_surveillance,4,submitted,VBN,-NONE-,False
10_public_health_surveillance,4,.,.,.,True
10_public_health_surveillance,5,Data,NNP,NNP,True
10_public_health_surveillance,5,quality,NN,.,False
10_public_health_surveillance,5,depends,VBZ,'',False
10_public_health_surveillance,5,on,IN,IN,True
10_public_health_surveillance,5,completeness,NN,NN,True
10_public_health_surveillance,5,",",",",",",True
10_public_health_surveillance,5,timeliness,NN,NNP,False
10_public_health_surveillance,5,",",",",",",True
10_public_health_surveillance,5,consistency,NN,NNP,False
10_public_health_surveillance,5,",",",",",",True
10_public_health_surveillance,5,and,CC,CC,True
10_public_health_surveillance,5,representativeness,NN,NNS,False
10_public_health_surveillance,5,.,.,.,True
10_public_health_surveillance,6,Passive,JJ,``,False
10_public_health_surveillance,6,surveillance,NN,PRP,False
10_public_health_surveillance,6,relies,NNS,VBZ,False
10_public_health_surveillance,6,on,IN,IN,True
10_public_health_surveillance,6,routine,JJ,DT,False
10_public_health_surveillance,6,reporting,NN,NN,True
10_public_health_surveillance,6,and,CC,CC,True
10_public_health_surveillance,6,can,MD,MD,True
10_public_health_surveillance,6,be,VB,VB,True
10_public_health_surveillance,6,relatively,RB,RB,True
10_public_health_surveillance,6,efficient,JJ,JJ,True
10_public_health_surveillance,6,but,CC,CC,True
10_public_health_surveillance,6,may,MD,MD,True
10_public_health_surveillance,6,miss,VB,VB,True
10_public_health_surveillance,6,cases,NNS,NNS,True
10_public_health_surveillance,6,.,.,.,True
10_public_health_surveillance,7,Active,JJ,``,False
10_public_health_surveillance,7,surveillance,NN,PRP,False
10_public_health_surveillance,7,involves,VBZ,VBZ,True
10_public_health_surveillance,7,more,RBR,RBR,True
10_public_health_surveillance,7,direct,JJ,JJ,True
10_public_health_surveillance,7,efforts,NNS,NNS,True
10_public_health_surveillance,7,to,TO,TO,True
10_public_health_surveillance,7,identify,VB,VB,True
10_public_health_surveillance,7,cases,NNS,NNS,True
10_public_health_surveillance,7,and,CC,CC,True
10_public_health_surveillance,7,can,MD,MD,True
10_public_health_surveillance,7,improve,VB,VB,True
10_public_health_surveillance,7,completeness,NN,NN,True
10_public_health_surveillance,7,at,IN,IN,True
10_public_health_surveillance,7,greater,JJR,JJR,True
10_public_health_surveillance,7,cost,NN,NN,True
10_public_health_surveillance,7,.,.,.,True
10_public_health_surveillance,8,Sentinel,NNP,PRP,False
10_public_health_surveillance,8,surveillance,NN,MD,False
10_public_health_surveillance,8,collects,NNS,VB,False
10_public_health_surveillance,8,detailed,VBN,JJ,False
10_public_health_surveillance,8,information,NN,NN,True
10_public_health_surveillance,8,from,IN,IN,True
10_public_health_surveillance,8,selected,VBN,PRP$,False
10_public_health_surveillance,8,sites,NNS,NNS,True
10_public_health_surveillance,8,and,CC,CC,True
10_public_health_surveillance,8,may,MD,MD,True
10_public_health_surveillance,8,be,VB,VB,True
10_public_health_surveillance,8,useful,JJ,JJ,True
10_public_health_surveillance,8,for,IN,IN,True
10_public_health_surveillance,8,monitoring,VBG,PRP$,False
10_public_health_surveillance,8,trends,NNS,NNS,True
10_public_health_surveillance,8,.,.,.,True
10_public_health_surveillance,9,Surveillance,NNP,DT,False
10_public_health_surveillance,9,data,NNS,NNS,True
10_public_health_surveillance,9,should,MD,MD,True
10_public_health_surveillance,9,be,VB,VB,True
10_public_health_surveillance,9,interpreted,VBN,VBN,True
10_public_health_surveillance,9,carefully,RB,-NONE-,False
10_public_health_surveillance,9,.,.,.,True
10_public_health_surveillance,10,Changes,NNS,``,False
10_public_health_surveillance,10,in,IN,IN,True
10_public_health_surveillance,10,reporting,VBG,NN,False
10_public_health_surveillance,10,systems,NNS,NNS,True
10_public_health_surveillance,10,",",",",",",True
10_public_health_surveillance,10,testing,VBG,NN,False
10_public_health_surveillance,10,practices,NNS,NNS,True
10_public_health_surveillance,10,",",",",",",True
10_public_health_surveillance,10,healthcare,JJ,DT,False
10_public_health_surveillance,10,access,NN,NN,True
10_public_health_surveillance,10,",",",",",",True
10_public_health_surveillance,10,or,CC,CC,True
10_public_health_surveillance,10,case,NN,NN,True
10_public_health_surveillance,10,definitions,NNS,NNS,True
10_public_health_surveillance,10,can,MD,MD,True
10_public_health_surveillance,10,create,VB,VB,True
10_public_health_surveillance,10,apparent,JJ,JJ,True
10_public_health_surveillance,10,changes,NNS,NNS,True
10_public_health_surveillance,10,that,WDT,IN,False
10_public_health_surveillance,10,are,VBP,VBP,True
10_public_health_surveillance,10,not,RB,RB,True
10_public_health_surveillance,10,purely,RB,VBN,False
10_public_health_surveillance,10,epidemiological,JJ,-NONE-,False
10_public_health_surveillance,10,.,.,.,True
10_public_health_surveillance,11,Public-health,NNP,PRP,False
10_public_health_surveillance,11,decision-making,NN,MD,False
10_public_health_surveillance,11,therefore,NN,VB,False
10_public_health_surveillance,11,benefits,NNS,NNS,True
10_public_health_surveillance,11,from,IN,IN,True
10_public_health_surveillance,11,triangulating,VBG,$,False
10_public_health_surveillance,11,multiple,JJ,CD,False
10_public_health_surveillance,11,data,NNS,NNS,True
10_public_health_surveillance,11,sources,NNS,NNS,True
10_public_health_surveillance,11,.,.,.,True
11_infection_prevention_healthcare,1,Infection,NNP,DT,False
11_infection_prevention_healthcare,1,Prevention,NNP,NN,False
11_infection_prevention_healthcare,1,in,IN,IN,True
11_infection_prevention_healthcare,1,Healthcare,NNP,$,False
11_infection_prevention_healthcare,1,Settings,NNP,CD,False
11_infection_prevention_healthcare,1,Healthcare,NNP,-NONE-,False
11_infection_prevention_healthcare,1,facilities,NNS,TO,False
11_infection_prevention_healthcare,1,require,VBP,VB,False
11_infection_prevention_healthcare,1,layered,JJ,$,False
11_infection_prevention_healthcare,1,infection-prevention,NN,CD,False
11_infection_prevention_healthcare,1,measures,NNS,NNS,True
11_infection_prevention_healthcare,1,because,IN,IN,True
11_infection_prevention_healthcare,1,patients,NNS,NNS,True
11_infection_prevention_healthcare,1,and,CC,CC,True
11_infection_prevention_healthcare,1,healthcare,JJ,JJ,True
11_infection_prevention_healthcare,1,workers,NNS,NNS,True
11_infection_prevention_healthcare,1,may,MD,MD,True
11_infection_prevention_healthcare,1,encounter,RB,VB,False
11_infection_prevention_healthcare,1,infectious,JJ,JJ,True
11_infection_prevention_healthcare,1,individuals,NNS,NNS,True
11_infection_prevention_healthcare,1,in,IN,IN,True
11_infection_prevention_healthcare,1,close-contact,JJ,PRP$,False
11_infection_prevention_healthcare,1,environments,NNS,NNS,True
11_infection_prevention_healthcare,1,.,.,.,True
11_infection_prevention_healthcare,2,Core,NN,DT,False
11_infection_prevention_healthcare,2,practices,NNS,NNS,True
11_infection_prevention_healthcare,2,include,VBP,VBP,True
11_infection_prevention_healthcare,2,hand,NN,NN,True
11_infection_prevention_healthcare,2,hygiene,NN,NNS,False
11_infection_prevention_healthcare,2,",",",",",",True
11_infection_prevention_healthcare,2,appropriate,JJ,JJ,True
11_infection_prevention_healthcare,2,use,NN,NN,True
11_infection_prevention_healthcare,2,of,IN,IN,True
11_infection_prevention_healthcare,2,personal,JJ,JJ,True
11_infection_prevention_healthcare,2,protective,JJ,JJ,True
11_infection_prevention_healthcare,2,equipment,NN,NN,True
11_infection_prevention_healthcare,2,",",",",",",True
11_infection_prevention_healthcare,2,environmental,JJ,JJ,True
11_infection_prevention_healthcare,2,cleaning,NN,NNS,False
11_infection_prevention_healthcare,2,",",",",",",True
11_infection_prevention_healthcare,2,respiratory,NN,WDT,False
11_infection_prevention_healthcare,2,hygiene,NN,-NONE-,False
11_infection_prevention_healthcare,2,",",",",",",True
11_infection_prevention_healthcare,2,and,CC,CC,True
11_infection_prevention_healthcare,2,safe,JJ,JJ,True
11_infection_prevention_healthcare,2,patient,NN,NN,True
11_infection_prevention_healthcare,2,placement,NN,NN,True
11_infection_prevention_healthcare,2,.,.,.,True
11_infection_prevention_healthcare,3,Administrative,JJ,DT,False
11_infection_prevention_healthcare,3,measures,NNS,NNS,True
11_infection_prevention_healthcare,3,can,MD,MD,True
11_infection_prevention_healthcare,3,include,VB,VB,True
11_infection_prevention_healthcare,3,screening,VBG,NNS,False
11_infection_prevention_healthcare,3,or,CC,CC,True
11_infection_prevention_healthcare,3,triage,NN,JJ,False
11_infection_prevention_healthcare,3,procedures,NNS,NNS,True
11_infection_prevention_healthcare,3,",",",",",",True
11_infection_prevention_healthcare,3,staff,NN,NN,True
11_infection_prevention_healthcare,3,training,NN,NN,True
11_infection_prevention_healthcare,3,",",",",",",True
11_infection_prevention_healthcare,3,vaccination,NN,CC,False
11_infection_prevention_healthcare,3,programs,NNS,NNS,True
11_infection_prevention_healthcare,3,",",",",",",True
11_infection_prevention_healthcare,3,and,CC,CC,True
11_infection_prevention_healthcare,3,policies,NNS,NNS,True
11_infection_prevention_healthcare,3,for,IN,IN,True
11_infection_prevention_healthcare,3,managing,VBG,$,False
11_infection_prevention_healthcare,3,symptomatic,JJ,CD,False
11_infection_prevention_healthcare,3,healthcare,NN,CD,False
11_infection_prevention_healthcare,3,workers,NNS,NNS,True
11_infection_prevention_healthcare,3,.,.,.,True
11_infection_prevention_healthcare,4,Engineering,VBG,DT,False
11_infection_prevention_healthcare,4,controls,NNS,NNS,True
11_infection_prevention_healthcare,4,include,VBP,VBP,True
11_infection_prevention_healthcare,4,ventilation,NN,RB,False
11_infection_prevention_healthcare,4,",",",",",",True
11_infection_prevention_healthcare,4,physical,JJ,JJ,True
11_infection_prevention_healthcare,4,separation,NN,NN,True
11_infection_prevention_healthcare,4,",",",",",",True
11_infection_prevention_healthcare,4,and,CC,CC,True
11_infection_prevention_healthcare,4,room,NN,JJ,False
11_infection_prevention_healthcare,4,design,NN,NN,True
11_infection_prevention_healthcare,4,.,.,.,True
11_infection_prevention_healthcare,5,Personal,JJ,DT,False
11_infection_prevention_healthcare,5,protective,JJ,JJ,True
11_infection_prevention_healthcare,5,equipment,NN,NN,True
11_infection_prevention_healthcare,5,is,VBZ,VBZ,True
11_infection_prevention_healthcare,5,selected,VBN,VBN,True
11_infection_prevention_healthcare,5,according,VBG,VBG,True
11_infection_prevention_healthcare,5,to,TO,TO,True
11_infection_prevention_healthcare,5,the,DT,DT,True
11_infection_prevention_healthcare,5,anticipated,JJ,JJ,True
11_infection_prevention_healthcare,5,exposure,NN,NN,True
11_infection_prevention_healthcare,5,and,CC,CC,True
11_infection_prevention_healthcare,5,task,NN,NN,True
11_infection_prevention_healthcare,5,.,.,.,True
11_infection_prevention_healthcare,6,Infection,NNP,DT,False
11_infection_prevention_healthcare,6,prevention,NN,JJ,False
11_infection_prevention_healthcare,6,programs,NNS,NNS,True
11_infection_prevention_healthcare,6,also,RB,RB,True
11_infection_prevention_healthcare,6,depend,VBP,VB,False
11_infection_prevention_healthcare,6,on,IN,IN,True
11_infection_prevention_healthcare,6,monitoring,NN,NNS,False
11_infection_prevention_healthcare,6,.,.,.,True
11_infection_prevention_healthcare,7,Facilities,NNS,PRP,False
11_infection_prevention_healthcare,7,can,MD,MD,True
11_infection_prevention_healthcare,7,track,VB,VB,True
11_infection_prevention_healthcare,7,healthcare-associated,JJ,VBN,False
11_infection_prevention_healthcare,7,infections,NNS,-NONE-,False
11_infection_prevention_healthcare,7,",",",",",",True
11_infection_prevention_healthcare,7,respiratory,JJ,DT,False
11_infection_prevention_healthcare,7,illness,NN,NN,True
11_infection_prevention_healthcare,7,among,IN,IN,True
11_infection_prevention_healthcare,7,staff,NN,NN,True
11_infection_prevention_healthcare,7,",",",",",",True
11_infection_prevention_healthcare,7,compliance,NN,NN,True
11_infection_prevention_healthcare,7,with,IN,IN,True
11_infection_prevention_healthcare,7,selected,VBN,PRP$,False
11_infection_prevention_healthcare,7,practices,NNS,NNS,True
11_infection_prevention_healthcare,7,",",",",",",True
11_infection_prevention_healthcare,7,and,CC,CC,True
11_infection_prevention_healthcare,7,environmental,JJ,JJ,True
11_infection_prevention_healthcare,7,indicators,NNS,NNS,True
11_infection_prevention_healthcare,7,.,.,.,True
11_infection_prevention_healthcare,8,Training,NN,PRP,False
11_infection_prevention_healthcare,8,should,MD,MD,True
11_infection_prevention_healthcare,8,be,VB,VB,True
11_infection_prevention_healthcare,8,repeated,VBN,NNS,False
11_infection_prevention_healthcare,8,and,CC,CC,True
11_infection_prevention_healthcare,8,adapted,VBN,VBD,False
11_infection_prevention_healthcare,8,when,WRB,WRB,True
11_infection_prevention_healthcare,8,evidence,NN,NN,True
11_infection_prevention_healthcare,8,or,CC,CC,True
11_infection_prevention_healthcare,8,recommendations,NNS,NNS,True
11_infection_prevention_healthcare,8,change,VBP,NN,False
11_infection_prevention_healthcare,8,.,.,.,True
11_infection_prevention_healthcare,9,No,DT,DT,True
11_infection_prevention_healthcare,9,single,JJ,JJ,True
11_infection_prevention_healthcare,9,control,NN,NN,True
11_infection_prevention_healthcare,9,is,VBZ,VBZ,True
11_infection_prevention_healthcare,9,sufficient,JJ,JJ,True
11_infection_prevention_healthcare,9,in,IN,IN,True
11_infection_prevention_healthcare,9,every,DT,DT,True
11_infection_prevention_healthcare,9,situation,NN,NN,True
11_infection_prevention_healthcare,9,.,.,.,True
11_infection_prevention_healthcare,10,Layered,VBN,PRP,False
11_infection_prevention_healthcare,10,prevention,NN,MD,False
11_infection_prevention_healthcare,10,reduces,NNS,VB,False
11_infection_prevention_healthcare,10,reliance,NN,NN,True
11_infection_prevention_healthcare,10,on,IN,IN,True
11_infection_prevention_healthcare,10,one,CD,CD,True
11_infection_prevention_healthcare,10,barrier,NN,NN,True
11_infection_prevention_healthcare,10,and,CC,CC,True
11_infection_prevention_healthcare,10,can,MD,MD,True
11_infection_prevention_healthcare,10,be,VB,VB,True
11_infection_prevention_healthcare,10,adapted,VBN,-NONE-,False
11_infection_prevention_healthcare,10,according,VBG,VBG,True
11_infection_prevention_healthcare,10,to,TO,TO,True
11_infection_prevention_healthcare,10,the,DT,DT,True
11_infection_prevention_healthcare,10,pathogen,NN,NN,True
11_infection_prevention_healthcare,10,",",",",",",True
11_infection_prevention_healthcare,10,transmission,NN,DT,False
11_infection_prevention_healthcare,10,route,NN,NN,True
11_infection_prevention_healthcare,10,",",",",",",True
11_infection_prevention_healthcare,10,patient,JJ,DT,False
11_infection_prevention_healthcare,10,population,NN,NN,True
11_infection_prevention_healthcare,10,",",",",",",True
11_infection_prevention_healthcare,10,and,CC,CC,True
11_infection_prevention_healthcare,10,local,JJ,JJ,True
11_infection_prevention_healthcare,10,outbreak,NN,NN,True
11_infection_prevention_healthcare,10,conditions,NNS,NNS,True
11_infection_prevention_healthcare,10,.,.,.,True
12_vaccine_safety_monitoring,1,Vaccine,NNP,NNP,True
12_vaccine_safety_monitoring,1,Safety,NNP,NNP,True
12_vaccine_safety_monitoring,1,and,CC,CC,True
12_vaccine_safety_monitoring,1,Adverse,NNP,PRP,False
12_vaccine_safety_monitoring,1,Event,NNP,MD,False
12_vaccine_safety_monitoring,1,Monitoring,NNP,VB,False
12_vaccine_safety_monitoring,1,Vaccine,NNP,DT,False
12_vaccine_safety_monitoring,1,safety,NN,NN,True
12_vaccine_safety_monitoring,1,monitoring,NN,'',False
12_vaccine_safety_monitoring,1,continues,VBZ,VBZ,True
12_vaccine_safety_monitoring,1,after,IN,IN,True
12_vaccine_safety_monitoring,1,vaccines,NNS,NNS,True
12_vaccine_safety_monitoring,1,are,VBP,VBP,True
12_vaccine_safety_monitoring,1,authorized,VBN,VBG,False
12_vaccine_safety_monitoring,1,or,CC,CC,True
12_vaccine_safety_monitoring,1,licensed,VBN,VBD,False
12_vaccine_safety_monitoring,1,because,IN,IN,True
12_vaccine_safety_monitoring,1,very,RB,RB,True
12_vaccine_safety_monitoring,1,rare,JJ,JJ,True
12_vaccine_safety_monitoring,1,adverse,JJ,JJ,True
12_vaccine_safety_monitoring,1,events,NNS,NNS,True
12_vaccine_safety_monitoring,1,may,MD,MD,True
12_vaccine_safety_monitoring,1,only,RB,RB,True
12_vaccine_safety_monitoring,1,become,VB,VB,True
12_vaccine_safety_monitoring,1,detectable,JJ,RBR,False
12_vaccine_safety_monitoring,1,when,WRB,WRB,True
12_vaccine_safety_monitoring,1,millions,NNS,NNS,True
12_vaccine_safety_monitoring,1,of,IN,IN,True
12_vaccine_safety_monitoring,1,doses,NNS,PRP,False
12_vaccine_safety_monitoring,1,are,VBP,VBP,True
12_vaccine_safety_monitoring,1,administered,VBN,-NONE-,False
12_vaccine_safety_monitoring,1,.,.,.,True
12_vaccine_safety_monitoring,2,Surveillance,NN,DT,False
12_vaccine_safety_monitoring,2,systems,NNS,NNS,True
12_vaccine_safety_monitoring,2,collect,JJ,IN,False
12_vaccine_safety_monitoring,2,reports,NNS,NNS,True
12_vaccine_safety_monitoring,2,of,IN,IN,True
12_vaccine_safety_monitoring,2,health,NN,NN,True
12_vaccine_safety_monitoring,2,events,NNS,NNS,True
12_vaccine_safety_monitoring,2,that,WDT,WDT,True
12_vaccine_safety_monitoring,2,occur,VBP,-NONE-,False
12_vaccine_safety_monitoring,2,after,IN,IN,True
12_vaccine_safety_monitoring,2,vaccination,NN,NNP,False
12_vaccine_safety_monitoring,2,and,CC,CC,True
12_vaccine_safety_monitoring,2,investigate,NN,PRP,False
12_vaccine_safety_monitoring,2,signals,NNS,VBZ,False
12_vaccine_safety_monitoring,2,that,WDT,DT,False
12_vaccine_safety_monitoring,2,may,MD,MD,True
12_vaccine_safety_monitoring,2,indicate,VB,VB,True
12_vaccine_safety_monitoring,2,a,DT,DT,True
12_vaccine_safety_monitoring,2,potential,JJ,JJ,True
12_vaccine_safety_monitoring,2,association,NN,NN,True
12_vaccine_safety_monitoring,2,.,.,.,True
12_vaccine_safety_monitoring,3,An,DT,DT,True
12_vaccine_safety_monitoring,3,adverse,JJ,JJ,True
12_vaccine_safety_monitoring,3,event,NN,NN,True
12_vaccine_safety_monitoring,3,following,VBG,.,False
12_vaccine_safety_monitoring,3,immunization,NN,'',False
12_vaccine_safety_monitoring,3,is,VBZ,VBZ,True
12_vaccine_safety_monitoring,3,not,RB,RB,True
12_vaccine_safety_monitoring,3,automatically,RB,VB,False
12_vaccine_safety_monitoring,3,caused,VBN,VBN,True
12_vaccine_safety_monitoring,3,by,IN,IN,True
12_vaccine_safety_monitoring,3,the,DT,DT,True
12_vaccine_safety_monitoring,3,vaccine,NN,NN,True
12_vaccine_safety_monitoring,3,.,.,.,True
12_vaccine_safety_monitoring,4,The,DT,DT,True
12_vaccine_safety_monitoring,4,event,NN,NN,True
12_vaccine_safety_monitoring,4,may,MD,MD,True
12_vaccine_safety_monitoring,4,be,VB,VB,True
12_vaccine_safety_monitoring,4,coincidental,JJ,JJ,True
12_vaccine_safety_monitoring,4,",",",",",",True
12_vaccine_safety_monitoring,4,associated,VBN,VBN,True
12_vaccine_safety_monitoring,4,with,IN,IN,True
12_vaccine_safety_monitoring,4,another,DT,DT,True
12_vaccine_safety_monitoring,4,medical,JJ,JJ,True
12_vaccine_safety_monitoring,4,condition,NN,NN,True
12_vaccine_safety_monitoring,4,",",",",",",True
12_vaccine_safety_monitoring,4,or,CC,CC,True
12_vaccine_safety_monitoring,4,potentially,RB,RB,True
12_vaccine_safety_monitoring,4,related,VBN,VBN,True
12_vaccine_safety_monitoring,4,to,TO,TO,True
12_vaccine_safety_monitoring,4,vaccination,NN,VB,False
12_vaccine_safety_monitoring,4,.,.,.,True
12_vaccine_safety_monitoring,5,Safety,NNP,NNP,True
12_vaccine_safety_monitoring,5,assessment,NN,.,False
12_vaccine_safety_monitoring,5,therefore,NN,'',False
12_vaccine_safety_monitoring,5,considers,NNS,VBZ,False
12_vaccine_safety_monitoring,5,background,VBP,JJ,False
12_vaccine_safety_monitoring,5,rates,NNS,NNS,True
12_vaccine_safety_monitoring,5,",",",",",",True
12_vaccine_safety_monitoring,5,timing,NN,NN,True
12_vaccine_safety_monitoring,5,",",",",",",True
12_vaccine_safety_monitoring,5,biological,JJ,WDT,False
12_vaccine_safety_monitoring,5,plausibility,NN,-NONE-,False
12_vaccine_safety_monitoring,5,",",",",",",True
12_vaccine_safety_monitoring,5,comparison,NN,NN,True
12_vaccine_safety_monitoring,5,groups,NNS,NNS,True
12_vaccine_safety_monitoring,5,",",",",",",True
12_vaccine_safety_monitoring,5,and,CC,CC,True
12_vaccine_safety_monitoring,5,other,JJ,JJ,True
12_vaccine_safety_monitoring,5,evidence,NN,NN,True
12_vaccine_safety_monitoring,5,.,.,.,True
12_vaccine_safety_monitoring,6,Passive,JJ,DT,False
12_vaccine_safety_monitoring,6,reporting,NN,NN,True
12_vaccine_safety_monitoring,6,systems,NNS,NNS,True
12_vaccine_safety_monitoring,6,are,VBP,VBP,True
12_vaccine_safety_monitoring,6,valuable,JJ,JJ,True
12_vaccine_safety_monitoring,6,for,IN,IN,True
12_vaccine_safety_monitoring,6,signal,JJ,NN,False
12_vaccine_safety_monitoring,6,detection,NN,",",False
12_vaccine_safety_monitoring,6,but,CC,CC,True
12_vaccine_safety_monitoring,6,can,MD,MD,True
12_vaccine_safety_monitoring,6,be,VB,VB,True
12_vaccine_safety_monitoring,6,affected,VBN,RP,False
12_vaccine_safety_monitoring,6,by,IN,IN,True
12_vaccine_safety_monitoring,6,underreporting,VBG,NNP,False
12_vaccine_safety_monitoring,6,",",",",",",True
12_vaccine_safety_monitoring,6,stimulated,VBD,DT,False
12_vaccine_safety_monitoring,6,reporting,NN,NN,True
12_vaccine_safety_monitoring,6,",",",",",",True
12_vaccine_safety_monitoring,6,and,CC,CC,True
12_vaccine_safety_monitoring,6,incomplete,JJ,JJ,True
12_vaccine_safety_monitoring,6,clinical,JJ,JJ,True
12_vaccine_safety_monitoring,6,information,NN,NN,True
12_vaccine_safety_monitoring,6,.,.,.,True
12_vaccine_safety_monitoring,7,Active,JJ,NNP,False
12_vaccine_safety_monitoring,7,surveillance,NN,",",False
12_vaccine_safety_monitoring,7,and,CC,CC,True
12_vaccine_safety_monitoring,7,epidemiological,JJ,JJ,True
12_vaccine_safety_monitoring,7,studies,NNS,NNS,True
12_vaccine_safety_monitoring,7,can,MD,MD,True
12_vaccine_safety_monitoring,7,provide,VB,VB,True
12_vaccine_safety_monitoring,7,stronger,JJR,JJR,True
12_vaccine_safety_monitoring,7,estimates,NNS,NNS,True
12_vaccine_safety_monitoring,7,of,IN,IN,True
12_vaccine_safety_monitoring,7,incidence,NN,NNP,False
12_vaccine_safety_monitoring,7,and,CC,CC,True
12_vaccine_safety_monitoring,7,relative,JJ,JJ,True
12_vaccine_safety_monitoring,7,risk,NN,NN,True
12_vaccine_safety_monitoring,7,.,.,.,True
12_vaccine_safety_monitoring,8,Clear,JJ,``,False
12_vaccine_safety_monitoring,8,communication,NN,PRP,False
12_vaccine_safety_monitoring,8,should,MD,MD,True
12_vaccine_safety_monitoring,8,distinguish,VB,VB,True
12_vaccine_safety_monitoring,8,a,DT,DT,True
12_vaccine_safety_monitoring,8,reported,JJ,VBN,False
12_vaccine_safety_monitoring,8,event,NN,NN,True
12_vaccine_safety_monitoring,8,from,IN,IN,True
12_vaccine_safety_monitoring,8,a,DT,DT,True
12_vaccine_safety_monitoring,8,confirmed,VBN,VBN,True
12_vaccine_safety_monitoring,8,causal,NN,PRP$,False
12_vaccine_safety_monitoring,8,relationship,NN,NN,True
12_vaccine_safety_monitoring,8,.,.,.,True
12_vaccine_safety_monitoring,9,Vaccine,NNP,DT,False
12_vaccine_safety_monitoring,9,safety,NN,NN,True
12_vaccine_safety_monitoring,9,decisions,NNS,NNS,True
12_vaccine_safety_monitoring,9,are,VBP,VBP,True
12_vaccine_safety_monitoring,9,based,VBN,VBN,True
12_vaccine_safety_monitoring,9,on,IN,IN,True
12_vaccine_safety_monitoring,9,accumulated,JJ,DT,False
12_vaccine_safety_monitoring,9,evidence,NN,NN,True
12_vaccine_safety_monitoring,9,rather,RB,RB,True
12_vaccine_safety_monitoring,9,than,IN,IN,True
12_vaccine_safety_monitoring,9,a,DT,DT,True
12_vaccine_safety_monitoring,9,single,JJ,JJ,True
12_vaccine_safety_monitoring,9,report,NN,NN,True
12_vaccine_safety_monitoring,9,.,.,.,True
12_vaccine_safety_monitoring,10,Monitoring,VBG,PRP,False
12_vaccine_safety_monitoring,10,can,MD,MD,True
12_vaccine_safety_monitoring,10,lead,VB,VB,True
12_vaccine_safety_monitoring,10,to,TO,TO,True
12_vaccine_safety_monitoring,10,updated,JJ,VB,False
12_vaccine_safety_monitoring,10,warnings,NNS,NNS,True
12_vaccine_safety_monitoring,10,",",",",",",True
12_vaccine_safety_monitoring,10,recommendations,NNS,NNS,True
12_vaccine_safety_monitoring,10,",",",",",",True
12_vaccine_safety_monitoring,10,or,CC,CC,True
12_vaccine_safety_monitoring,10,continued,VBN,VBN,True
12_vaccine_safety_monitoring,10,use,NN,NN,True
12_vaccine_safety_monitoring,10,when,WRB,WRB,True
12_vaccine_safety_monitoring,10,evidence,NN,NN,True
12_vaccine_safety_monitoring,10,supports,VBZ,VBZ,True
12_vaccine_safety_monitoring,10,a,DT,DT,True
12_vaccine_safety_monitoring,10,favorable,JJ,JJ,True
12_vaccine_safety_monitoring,10,benefit-risk,JJ,NN,False
12_vaccine_safety_monitoring,10,profile,NN,NNS,False
12_vaccine_safety_monitoring,10,.,.,.,True
13_risk_communication,1,Risk,NN,NNP,False
13_risk_communication,1,Communication,NNP,NNP,True
13_risk_communication,1,During,IN,IN,True
13_risk_communication,1,Infectious,NNP,NNP,True
13_risk_communication,1,Disease,NNP,NNP,True
13_risk_communication,1,Events,NNP,NNP,True
13_risk_communication,1,Risk,NNP,.,False
13_risk_communication,1,communication,NN,'',False
13_risk_communication,1,provides,VBZ,VBZ,True
13_risk_communication,1,people,NNS,NNS,True
13_risk_communication,1,with,IN,IN,True
13_risk_communication,1,information,NN,NN,True
13_risk_communication,1,needed,VBN,VBD,False
13_risk_communication,1,to,TO,TO,True
13_risk_communication,1,understand,VB,VB,True
13_risk_communication,1,a,DT,DT,True
13_risk_communication,1,public-health,NN,JJ,False
13_risk_communication,1,threat,NN,NN,True
13_risk_communication,1,and,CC,CC,True
13_risk_communication,1,make,VB,VB,True
13_risk_communication,1,informed,JJ,PRP$,False
13_risk_communication,1,decisions,NNS,NNS,True
13_risk_communication,1,.,.,.,True
13_risk_communication,2,Effective,JJ,``,False
13_risk_communication,2,communication,NN,PRP,False
13_risk_communication,2,should,MD,MD,True
13_risk_communication,2,explain,VB,VB,True
13_risk_communication,2,what,WP,WP,True
13_risk_communication,2,is,VBZ,VBZ,True
13_risk_communication,2,known,VBN,VBN,True
13_risk_communication,2,",",",",",",True
13_risk_communication,2,what,WP,WP,True
13_risk_communication,2,is,VBZ,VBZ,True
13_risk_communication,2,uncertain,JJ,RB,False
13_risk_communication,2,",",",",",",True
13_risk_communication,2,what,WP,WP,True
13_risk_communication,2,actions,NNS,NNS,True
13_risk_communication,2,are,VBP,VBP,True
13_risk_communication,2,recommended,VBN,RB,False
13_risk_communication,2,",",",",",",True
13_risk_communication,2,and,CC,CC,True
13_risk_communication,2,why,WRB,WRB,True
13_risk_communication,2,recommendations,NNS,NNS,True
13_risk_communication,2,may,MD,MD,True
13_risk_communication,2,change,VB,VB,True
13_risk_communication,2,.,.,.,True
13_risk_communication,3,Numbers,NNS,PRP,False
13_risk_communication,3,should,MD,MD,True
13_risk_communication,3,be,VB,VB,True
13_risk_communication,3,presented,VBN,VBN,True
13_risk_communication,3,with,IN,IN,True
13_risk_communication,3,context,NN,NN,True
13_risk_communication,3,.,.,.,True
13_risk_communication,4,For,IN,IN,True
13_risk_communication,4,example,NN,NN,True
13_risk_communication,4,",",",",",",True
13_risk_communication,4,a,DT,DT,True
13_risk_communication,4,percentage,NN,NN,True
13_risk_communication,4,without,IN,IN,True
13_risk_communication,4,a,DT,DT,True
13_risk_communication,4,denominator,NN,NN,True
13_risk_communication,4,",",",",",",True
13_risk_communication,4,comparison,NN,NN,True
13_risk_communication,4,group,NN,NN,True
13_risk_communication,4,",",",",",",True
13_risk_communication,4,time,NN,NN,True
13_risk_communication,4,period,NN,NN,True
13_risk_communication,4,",",",",",",True
13_risk_communication,4,or,CC,CC,True
13_risk_communication,4,outcome,NN,PRP,False
13_risk_communication,4,can,MD,MD,True
13_risk_communication,4,be,VB,VB,True
13_risk_communication,4,misleading,JJ,-NONE-,False
13_risk_communication,4,.,.,.,True
13_risk_communication,5,Communicators,NNS,PRP,False
13_risk_communication,5,should,MD,MD,True
13_risk_communication,5,distinguish,VB,VB,True
13_risk_communication,5,absolute,NN,JJ,False
13_risk_communication,5,risk,NN,NN,True
13_risk_communication,5,from,IN,IN,True
13_risk_communication,5,relative,JJ,JJ,True
13_risk_communication,5,risk,NN,NN,True
13_risk_communication,5,and,CC,CC,True
13_risk_communication,5,avoid,VB,VB,True
13_risk_communication,5,implying,VBG,.,False
13_risk_communication,5,certainty,NN,'',False
13_risk_communication,5,when,WRB,WRB,True
13_risk_communication,5,evidence,NN,NN,True
13_risk_communication,5,remains,VBZ,VBZ,True
13_risk_communication,5,limited,JJ,VBN,False
13_risk_communication,5,.,.,.,True
13_risk_communication,6,Trust,NNP,NNP,True
13_risk_communication,6,can,MD,MD,True
13_risk_communication,6,be,VB,VB,True
13_risk_communication,6,supported,VBN,VBN,True
13_risk_communication,6,by,IN,IN,True
13_risk_communication,6,acknowledging,VBG,DT,False
13_risk_communication,6,uncertainty,NN,NN,True
13_risk_communication,6,rather,RB,RB,True
13_risk_communication,6,than,IN,IN,True
13_risk_communication,6,hiding,VBG,``,False
13_risk_communication,6,it,PRP,PRP,True
13_risk_communication,6,.,.,.,True
13_risk_communication,7,During,IN,IN,True
13_risk_communication,7,a,DT,DT,True
13_risk_communication,7,rapidly,RB,RB,True
13_risk_communication,7,changing,VBG,VBG,True
13_risk_communication,7,outbreak,NN,NNS,False
13_risk_communication,7,",",",",",",True
13_risk_communication,7,evidence,NN,NN,True
13_risk_communication,7,can,MD,MD,True
13_risk_communication,7,evolve,VB,VB,True
13_risk_communication,7,as,IN,IN,True
13_risk_communication,7,new,JJ,JJ,True
13_risk_communication,7,studies,NNS,NNS,True
13_risk_communication,7,become,VBP,VBP,True
13_risk_communication,7,available,JJ,JJ,True
13_risk_communication,7,.,.,.,True
13_risk_communication,8,Explaining,VBG,``,False
13_risk_communication,8,the,DT,DT,True
13_risk_communication,8,reason,NN,NN,True
13_risk_communication,8,for,IN,IN,True
13_risk_communication,8,an,DT,DT,True
13_risk_communication,8,updated,JJ,JJ,True
13_risk_communication,8,recommendation,NN,NN,True
13_risk_communication,8,can,MD,MD,True
13_risk_communication,8,help,VB,VB,True
13_risk_communication,8,people,NNS,NNS,True
13_risk_communication,8,understand,VBP,VBP,True
13_risk_communication,8,that,IN,IN,True
13_risk_communication,8,changing,VBG,DT,False
13_risk_communication,8,guidance,NN,NN,True
13_risk_communication,8,does,VBZ,VBZ,True
13_risk_communication,8,not,RB,RB,True
13_risk_communication,8,necessarily,RB,RB,True
13_risk_communication,8,mean,VB,VB,True
13_risk_communication,8,that,IN,IN,True
13_risk_communication,8,earlier,JJR,JJR,True
13_risk_communication,8,information,NN,NN,True
13_risk_communication,8,was,VBD,VBD,True
13_risk_communication,8,intentionally,RB,VBN,False
13_risk_communication,8,misleading,JJ,-NONE-,False
13_risk_communication,8,.,.,.,True
13_risk_communication,9,Communication,NN,PRP,False
13_risk_communication,9,should,MD,MD,True
13_risk_communication,9,also,RB,RB,True
13_risk_communication,9,consider,VB,VB,True
13_risk_communication,9,language,NN,NN,True
13_risk_communication,9,",",",",",",True
13_risk_communication,9,accessibility,NN,NNP,False
13_risk_communication,9,",",",",",",True
13_risk_communication,9,cultural,JJ,DT,False
13_risk_communication,9,context,NN,NN,True
13_risk_communication,9,",",",",",",True
13_risk_communication,9,and,CC,CC,True
13_risk_communication,9,misinformation,NN,NNS,False
13_risk_communication,9,.,.,.,True
13_risk_communication,10,Public-health,NN,``,False
13_risk_communication,10,messages,NNS,PRP,False
13_risk_communication,10,are,VBP,VBP,True
13_risk_communication,10,more,RBR,RBR,True
13_risk_communication,10,useful,JJ,JJ,True
13_risk_communication,10,when,WRB,WRB,True
13_risk_communication,10,they,PRP,PRP,True
13_risk_communication,10,provide,VBP,VBP,True
13_risk_communication,10,practical,JJ,JJ,True
13_risk_communication,10,actions,NNS,NNS,True
13_risk_communication,10,and,CC,CC,True
13_risk_communication,10,identify,VB,VB,True
13_risk_communication,10,reliable,JJ,PRP$,False
13_risk_communication,10,sources,NNS,NNS,True
13_risk_communication,10,for,IN,IN,True
13_risk_communication,10,additional,JJ,JJ,True
13_risk_communication,10,information,NN,NN,True
13_risk_communication,10,.,.,.,True
14_school_outbreak_prevention,1,Respiratory,JJ,PRP,False
14_school_outbreak_prevention,1,Infection,NNP,MD,False
14_school_outbreak_prevention,1,Prevention,NNP,VB,False
14_school_outbreak_prevention,1,in,IN,IN,True
14_school_outbreak_prevention,1,Schools,NNP,PRP$,False
14_school_outbreak_prevention,1,Schools,NNP,NNS,False
14_school_outbreak_prevention,1,are,VBP,VBP,True
14_school_outbreak_prevention,1,environments,NNS,NNS,True
14_school_outbreak_prevention,1,where,WRB,WRB,True
14_school_outbreak_prevention,1,students,NNS,NNS,True
14_school_outbreak_prevention,1,and,CC,CC,True
14_school_outbreak_prevention,1,staff,NN,NN,True
14_school_outbreak_prevention,1,interact,NN,VBZ,False
14_school_outbreak_prevention,1,frequently,RB,RB,True
14_school_outbreak_prevention,1,",",",",",",True
14_school_outbreak_prevention,1,so,RB,RB,True
14_school_outbreak_prevention,1,respiratory,JJ,VB,False
14_school_outbreak_prevention,1,infections,NNS,PRP,False
14_school_outbreak_prevention,1,can,MD,MD,True
14_school_outbreak_prevention,1,spread,VB,VB,True
14_school_outbreak_prevention,1,through,IN,IN,True
14_school_outbreak_prevention,1,close,JJ,JJ,True
14_school_outbreak_prevention,1,contact,NN,NNS,False
14_school_outbreak_prevention,1,and,CC,CC,True
14_school_outbreak_prevention,1,shared,VBD,$,False
14_school_outbreak_prevention,1,indoor,JJ,CD,False
14_school_outbreak_prevention,1,air,NN,NN,True
14_school_outbreak_prevention,1,.,.,.,True
14_school_outbreak_prevention,2,Prevention,NN,``,False
14_school_outbreak_prevention,2,strategies,NNS,PRP,False
14_school_outbreak_prevention,2,should,MD,MD,True
14_school_outbreak_prevention,2,be,VB,VB,True
14_school_outbreak_prevention,2,proportionate,VB,-NONE-,False
14_school_outbreak_prevention,2,to,TO,TO,True
14_school_outbreak_prevention,2,local,JJ,JJ,True
14_school_outbreak_prevention,2,disease,NN,NN,True
14_school_outbreak_prevention,2,activity,NN,NN,True
14_school_outbreak_prevention,2,and,CC,CC,True
14_school_outbreak_prevention,2,the,DT,DT,True
14_school_outbreak_prevention,2,needs,NNS,NNS,True
14_school_outbreak_prevention,2,of,IN,IN,True
14_school_outbreak_prevention,2,the,DT,DT,True
14_school_outbreak_prevention,2,school,NN,NN,True
14_school_outbreak_prevention,2,community,NN,NN,True
14_school_outbreak_prevention,2,.,.,.,True
14_school_outbreak_prevention,3,Ventilation,NN,PRP,False
14_school_outbreak_prevention,3,can,MD,MD,True
14_school_outbreak_prevention,3,reduce,VB,VB,True
14_school_outbreak_prevention,3,accumulation,NN,RP,False
14_school_outbreak_prevention,3,of,IN,IN,True
14_school_outbreak_prevention,3,infectious,JJ,JJ,True
14_school_outbreak_prevention,3,respiratory,NN,NNS,False
14_school_outbreak_prevention,3,particles,NNS,.,False
14_school_outbreak_prevention,3,indoors,NNS,-RRB-,False
14_school_outbreak_prevention,3,.,.,.,True
14_school_outbreak_prevention,4,Outdoor,JJ,DT,False
14_school_outbreak_prevention,4,activities,NNS,NNS,True
14_school_outbreak_prevention,4,can,MD,MD,True
14_school_outbreak_prevention,4,provide,VB,VB,True
14_school_outbreak_prevention,4,lower-risk,JJ,PRP$,False
14_school_outbreak_prevention,4,alternatives,NNS,NNS,True
14_school_outbreak_prevention,4,when,WRB,WRB,True
14_school_outbreak_prevention,4,practical,NN,JJ,False
14_school_outbreak_prevention,4,.,.,.,True
14_school_outbreak_prevention,5,Encouraging,JJ,DT,False
14_school_outbreak_prevention,5,people,NNS,NNS,True
14_school_outbreak_prevention,5,with,IN,IN,True
14_school_outbreak_prevention,5,acute,JJ,$,False
14_school_outbreak_prevention,5,respiratory,NN,CD,False
14_school_outbreak_prevention,5,illness,NN,NN,True
14_school_outbreak_prevention,5,to,TO,TO,True
14_school_outbreak_prevention,5,stay,VB,VB,True
14_school_outbreak_prevention,5,home,NN,NN,True
14_school_outbreak_prevention,5,can,MD,MD,True
14_school_outbreak_prevention,5,reduce,VB,VB,True
14_school_outbreak_prevention,5,opportunities,NNS,NNS,True
14_school_outbreak_prevention,5,for,IN,IN,True
14_school_outbreak_prevention,5,transmission,NN,NNS,False
14_school_outbreak_prevention,5,.,.,.,True
14_school_outbreak_prevention,6,Schools,NNS,PRP,False
14_school_outbreak_prevention,6,can,MD,MD,True
14_school_outbreak_prevention,6,also,RB,RB,True
14_school_outbreak_prevention,6,support,VB,VB,True
14_school_outbreak_prevention,6,routine,JJ,VBN,False
14_school_outbreak_prevention,6,vaccination,NN,-NONE-,False
14_school_outbreak_prevention,6,according,VBG,VBG,True
14_school_outbreak_prevention,6,to,TO,TO,True
14_school_outbreak_prevention,6,national,JJ,JJ,True
14_school_outbreak_prevention,6,and,CC,CC,True
14_school_outbreak_prevention,6,local,JJ,JJ,True
14_school_outbreak_prevention,6,recommendations,NNS,NNS,True
14_school_outbreak_prevention,6,.,.,.,True
14_school_outbreak_prevention,7,Clear,JJ,DT,False
14_school_outbreak_prevention,7,procedures,NNS,NNS,True
14_school_outbreak_prevention,7,for,IN,IN,True
14_school_outbreak_prevention,7,responding,VBG,VBG,True
14_school_outbreak_prevention,7,to,TO,TO,True
14_school_outbreak_prevention,7,clusters,NNS,VB,False
14_school_outbreak_prevention,7,of,IN,IN,True
14_school_outbreak_prevention,7,illness,NN,NN,True
14_school_outbreak_prevention,7,help,NN,NN,True
14_school_outbreak_prevention,7,staff,NN,NN,True
14_school_outbreak_prevention,7,identify,VB,",",False
14_school_outbreak_prevention,7,when,WRB,WRB,True
14_school_outbreak_prevention,7,public-health,NN,``,False
14_school_outbreak_prevention,7,consultation,NN,PRP,False
14_school_outbreak_prevention,7,may,MD,MD,True
14_school_outbreak_prevention,7,be,VB,VB,True
14_school_outbreak_prevention,7,needed,VBN,VBN,True
14_school_outbreak_prevention,7,.,.,.,True
14_school_outbreak_prevention,8,Communication,NN,NNP,False
14_school_outbreak_prevention,8,with,IN,IN,True
14_school_outbreak_prevention,8,families,NNS,NNS,True
14_school_outbreak_prevention,8,should,MD,MD,True
14_school_outbreak_prevention,8,explain,VB,VB,True
14_school_outbreak_prevention,8,symptoms,NNS,NNS,True
14_school_outbreak_prevention,8,",",",",",",True
14_school_outbreak_prevention,8,prevention,NN,CC,False
14_school_outbreak_prevention,8,measures,NNS,NNS,True
14_school_outbreak_prevention,8,",",",",",",True
14_school_outbreak_prevention,8,and,CC,CC,True
14_school_outbreak_prevention,8,when,WRB,WRB,True
14_school_outbreak_prevention,8,students,NNS,NNS,True
14_school_outbreak_prevention,8,should,MD,MD,True
14_school_outbreak_prevention,8,remain,VB,VB,True
14_school_outbreak_prevention,8,at,IN,IN,True
14_school_outbreak_prevention,8,home,NN,NN,True
14_school_outbreak_prevention,8,.,.,.,True
14_school_outbreak_prevention,9,Outbreak,NNP,DT,False
14_school_outbreak_prevention,9,response,NN,NN,True
14_school_outbreak_prevention,9,should,MD,MD,True
14_school_outbreak_prevention,9,consider,VB,VB,True
14_school_outbreak_prevention,9,educational,JJ,JJ,True
14_school_outbreak_prevention,9,continuity,NN,NNS,False
14_school_outbreak_prevention,9,as,RB,IN,False
14_school_outbreak_prevention,9,well,RB,RB,True
14_school_outbreak_prevention,9,as,IN,IN,True
14_school_outbreak_prevention,9,disease,NN,NN,True
14_school_outbreak_prevention,9,control,NN,NN,True
14_school_outbreak_prevention,9,.,.,.,True
14_school_outbreak_prevention,10,Measures,NNS,PRP,False
14_school_outbreak_prevention,10,can,MD,MD,True
14_school_outbreak_prevention,10,be,VB,VB,True
14_school_outbreak_prevention,10,targeted,VBN,VBN,True
14_school_outbreak_prevention,10,according,VBG,VBG,True
14_school_outbreak_prevention,10,to,TO,TO,True
14_school_outbreak_prevention,10,evidence,NN,VB,False
14_school_outbreak_prevention,10,rather,RB,RB,True
14_school_outbreak_prevention,10,than,IN,IN,True
14_school_outbreak_prevention,10,relying,VBG,DT,False
14_school_outbreak_prevention,10,automatically,RB,NN,False
14_school_outbreak_prevention,10,on,IN,IN,True
14_school_outbreak_prevention,10,broad,JJ,JJ,True
14_school_outbreak_prevention,10,closures,NNS,NNS,True
14_school_outbreak_prevention,10,.,.,.,True
14_school_outbreak_prevention,11,Coordination,NN,``,False
14_school_outbreak_prevention,11,among,IN,IN,True
14_school_outbreak_prevention,11,school,NN,NN,True
14_school_outbreak_prevention,11,administrators,NNS,NNS,True
14_school_outbreak_prevention,11,",",",",",",True
14_school_outbreak_prevention,11,healthcare,NN,CC,False
14_school_outbreak_prevention,11,professionals,NNS,NNS,True
14_school_outbreak_prevention,11,",",",",",",True
14_school_outbreak_prevention,11,families,NNS,NNS,True
14_school_outbreak_prevention,11,",",",",",",True
14_school_outbreak_prevention,11,and,CC,CC,True
14_school_outbreak_prevention,11,public-health,NN,JJ,False
14_school_outbreak_prevention,11,authorities,NNS,NNS,True
14_school_outbreak_prevention,11,is,VBZ,VBZ,True
14_school_outbreak_prevention,11,important,JJ,JJ,True
14_school_outbreak_prevention,11,.,.,.,True
15_vulnerable_populations,1,Protecting,VBG,PRP,False
15_vulnerable_populations,1,Higher-Risk,JJ,MD,False
15_vulnerable_populations,1,Populations,NNS,VB,False
15_vulnerable_populations,1,During,IN,IN,True
15_vulnerable_populations,1,Respiratory,NNP,PRP,False
15_vulnerable_populations,1,Virus,NNP,MD,False
15_vulnerable_populations,1,Activity,NNP,VB,False
15_vulnerable_populations,1,Some,DT,DT,True
15_vulnerable_populations,1,people,NNS,NNS,True
15_vulnerable_populations,1,have,VBP,VBP,True
15_vulnerable_populations,1,a,DT,DT,True
15_vulnerable_populations,1,higher,JJR,JJR,True
15_vulnerable_populations,1,risk,NN,NN,True
15_vulnerable_populations,1,of,IN,IN,True
15_vulnerable_populations,1,severe,JJ,JJ,True
15_vulnerable_populations,1,outcomes,NNS,NNS,True
15_vulnerable_populations,1,from,IN,IN,True
15_vulnerable_populations,1,respiratory,NN,DT,False
15_vulnerable_populations,1,infections,NNS,NN,False
15_vulnerable_populations,1,because,IN,IN,True
15_vulnerable_populations,1,of,IN,IN,True
15_vulnerable_populations,1,age,NN,NN,True
15_vulnerable_populations,1,",",",",",",True
15_vulnerable_populations,1,underlying,VBG,VBG,True
15_vulnerable_populations,1,medical,JJ,JJ,True
15_vulnerable_populations,1,conditions,NNS,NNS,True
15_vulnerable_populations,1,",",",",",",True
15_vulnerable_populations,1,immune,NN,JJ,False
15_vulnerable_populations,1,status,NN,NN,True
15_vulnerable_populations,1,",",",",",",True
15_vulnerable_populations,1,pregnancy,NN,NNP,False
15_vulnerable_populations,1,",",",",",",True
15_vulnerable_populations,1,or,CC,CC,True
15_vulnerable_populations,1,other,JJ,JJ,True
15_vulnerable_populations,1,factors,NNS,NNS,True
15_vulnerable_populations,1,.,.,.,True
15_vulnerable_populations,2,Public-health,NN,``,False
15_vulnerable_populations,2,planning,NN,PRP,False
15_vulnerable_populations,2,can,MD,MD,True
15_vulnerable_populations,2,reduce,VB,VB,True
15_vulnerable_populations,2,harm,NN,NN,True
15_vulnerable_populations,2,by,IN,IN,True
15_vulnerable_populations,2,ensuring,VBG,NNS,False
15_vulnerable_populations,2,that,IN,IN,True
15_vulnerable_populations,2,higher-risk,JJ,PRP$,False
15_vulnerable_populations,2,groups,NNS,NNS,True
15_vulnerable_populations,2,have,VBP,VBP,True
15_vulnerable_populations,2,access,NN,-NONE-,False
15_vulnerable_populations,2,to,TO,TO,True
15_vulnerable_populations,2,vaccination,NN,VB,False
15_vulnerable_populations,2,",",",",",",True
15_vulnerable_populations,2,timely,RB,JJ,False
15_vulnerable_populations,2,testing,VBG,NN,False
15_vulnerable_populations,2,when,WRB,WRB,True
15_vulnerable_populations,2,appropriate,NN,JJ,False
15_vulnerable_populations,2,",",",",",",True
15_vulnerable_populations,2,clinical,JJ,DT,False
15_vulnerable_populations,2,care,NN,NN,True
15_vulnerable_populations,2,",",",",",",True
15_vulnerable_populations,2,and,CC,CC,True
15_vulnerable_populations,2,clear,JJ,JJ,True
15_vulnerable_populations,2,prevention,NN,JJ,False
15_vulnerable_populations,2,information,NN,NN,True
15_vulnerable_populations,2,.,.,.,True
15_vulnerable_populations,3,Protection,NN,PRP,False
15_vulnerable_populations,3,can,MD,MD,True
15_vulnerable_populations,3,involve,VB,VB,True
15_vulnerable_populations,3,individual,JJ,JJ,True
15_vulnerable_populations,3,and,CC,CC,True
15_vulnerable_populations,3,community,NN,NN,True
15_vulnerable_populations,3,measures,NNS,NNS,True
15_vulnerable_populations,3,.,.,.,True
15_vulnerable_populations,4,Healthcare,NNP,DT,False
15_vulnerable_populations,4,facilities,NNS,NNS,True
15_vulnerable_populations,4,and,CC,CC,True
15_vulnerable_populations,4,residential,JJ,JJ,True
15_vulnerable_populations,4,settings,NNS,NNS,True
15_vulnerable_populations,4,may,MD,MD,True
15_vulnerable_populations,4,use,VB,VB,True
15_vulnerable_populations,4,additional,JJ,JJ,True
15_vulnerable_populations,4,precautions,NNS,NNS,True
15_vulnerable_populations,4,during,IN,IN,True
15_vulnerable_populations,4,periods,NNS,NNS,True
15_vulnerable_populations,4,of,IN,IN,True
15_vulnerable_populations,4,elevated,JJ,$,False
15_vulnerable_populations,4,transmission,NN,CD,False
15_vulnerable_populations,4,.,.,.,True
15_vulnerable_populations,5,Family,JJ,NNP,False
15_vulnerable_populations,5,members,NNS,NNS,True
15_vulnerable_populations,5,and,CC,CC,True
15_vulnerable_populations,5,caregivers,NNS,PRP,False
15_vulnerable_populations,5,can,MD,MD,True
15_vulnerable_populations,5,reduce,VB,VB,True
15_vulnerable_populations,5,exposure,NN,NN,True
15_vulnerable_populations,5,opportunities,NNS,NNS,True
15_vulnerable_populations,5,when,WRB,.,False
15_vulnerable_populations,5,respiratory,NN,'',False
15_vulnerable_populations,5,viruses,NNS,PRP,False
15_vulnerable_populations,5,are,VBP,VBP,True
15_vulnerable_populations,5,circulating,VBG,RB,False
15_vulnerable_populations,5,widely,RB,RB,True
15_vulnerable_populations,5,.,.,.,True
15_vulnerable_populations,6,Risk,NN,PRP,False
15_vulnerable_populations,6,is,VBZ,VBZ,True
15_vulnerable_populations,6,not,RB,RB,True
15_vulnerable_populations,6,determined,VBN,VBN,True
15_vulnerable_populations,6,by,IN,IN,True
15_vulnerable_populations,6,a,DT,DT,True
15_vulnerable_populations,6,single,JJ,JJ,True
15_vulnerable_populations,6,characteristic,NN,NNS,False
15_vulnerable_populations,6,.,.,.,True
15_vulnerable_populations,7,Age,NNP,NNP,True
15_vulnerable_populations,7,",",",",",",True
15_vulnerable_populations,7,vaccination,NN,DT,False
15_vulnerable_populations,7,status,NN,NN,True
15_vulnerable_populations,7,",",",",",",True
15_vulnerable_populations,7,previous,JJ,JJ,True
15_vulnerable_populations,7,immunity,NN,NNS,False
15_vulnerable_populations,7,",",",",",",True
15_vulnerable_populations,7,treatment,NN,NN,True
15_vulnerable_populations,7,access,NN,NN,True
15_vulnerable_populations,7,",",",",",",True
15_vulnerable_populations,7,and,CC,CC,True
15_vulnerable_populations,7,circulating,VBG,$,False
15_vulnerable_populations,7,viral,JJ,CD,False
15_vulnerable_populations,7,strains,NNS,NNS,True
15_vulnerable_populations,7,can,MD,MD,True
15_vulnerable_populations,7,interact,VB,VB,True
15_vulnerable_populations,7,.,.,.,True
15_vulnerable_populations,8,Public-health,NNP,``,False
15_vulnerable_populations,8,communication,NN,PRP,False
15_vulnerable_populations,8,should,MD,MD,True
15_vulnerable_populations,8,therefore,VB,RB,False
15_vulnerable_populations,8,avoid,RP,VB,False
15_vulnerable_populations,8,assuming,VBG,VBG,True
15_vulnerable_populations,8,that,IN,IN,True
15_vulnerable_populations,8,all,DT,DT,True
15_vulnerable_populations,8,members,NNS,NNS,True
15_vulnerable_populations,8,of,IN,IN,True
15_vulnerable_populations,8,a,DT,DT,True
15_vulnerable_populations,8,broad,JJ,JJ,True
15_vulnerable_populations,8,category,NN,NNS,False
15_vulnerable_populations,8,have,VBP,VBP,True
15_vulnerable_populations,8,identical,JJ,JJ,True
15_vulnerable_populations,8,risk,NN,NN,True
15_vulnerable_populations,8,.,.,.,True
15_vulnerable_populations,9,Equitable,JJ,NNP,False
15_vulnerable_populations,9,access,NN,NN,True
15_vulnerable_populations,9,is,VBZ,VBZ,True
15_vulnerable_populations,9,an,DT,DT,True
15_vulnerable_populations,9,important,JJ,JJ,True
15_vulnerable_populations,9,part,NN,NN,True
15_vulnerable_populations,9,of,IN,IN,True
15_vulnerable_populations,9,prevention,NN,NNS,False
15_vulnerable_populations,9,.,.,.,True
15_vulnerable_populations,10,Barriers,NNS,DT,False
15_vulnerable_populations,10,such,JJ,JJ,True
15_vulnerable_populations,10,as,IN,IN,True
15_vulnerable_populations,10,transportation,NN,NN,True
15_vulnerable_populations,10,",",",",",",True
15_vulnerable_populations,10,cost,NN,NN,True
15_vulnerable_populations,10,",",",",",",True
15_vulnerable_populations,10,language,NN,NN,True
15_vulnerable_populations,10,",",",",",",True
15_vulnerable_populations,10,digital,JJ,DT,False
15_vulnerable_populations,10,access,NN,NN,True
15_vulnerable_populations,10,",",",",",",True
15_vulnerable_populations,10,and,CC,CC,True
15_vulnerable_populations,10,healthcare,JJ,``,False
15_vulnerable_populations,10,availability,NN,PRP,False
15_vulnerable_populations,10,can,MD,MD,True
15_vulnerable_populations,10,affect,VB,VB,True
15_vulnerable_populations,10,whether,IN,IN,True
15_vulnerable_populations,10,people,NNS,NNS,True
15_vulnerable_populations,10,are,VBP,VBP,True
15_vulnerable_populations,10,able,JJ,JJ,True
15_vulnerable_populations,10,to,TO,TO,True
15_vulnerable_populations,10,use,VB,VB,True
15_vulnerable_populations,10,recommended,JJ,PRP$,False
15_vulnerable_populations,10,services,NNS,NNS,True
15_vulnerable_populations,10,.,.,.,True
16_antiviral_treatment_and_testing,1,Testing,VBG,NNP,False
16_antiviral_treatment_and_testing,1,and,CC,CC,True
16_antiviral_treatment_and_testing,1,Antiviral,NNP,JJ,False
16_antiviral_treatment_and_testing,1,Treatment,NNP,NNS,False
16_antiviral_treatment_and_testing,1,in,IN,IN,True
16_antiviral_treatment_and_testing,1,COVID-19,NNP,NNP,True
16_antiviral_treatment_and_testing,1,Care,NNP,NNP,True
16_antiviral_treatment_and_testing,1,Testing,NNP,NNP,True
16_antiviral_treatment_and_testing,1,can,MD,MD,True
16_antiviral_treatment_and_testing,1,help,VB,VB,True
16_antiviral_treatment_and_testing,1,identify,VB,-NONE-,False
16_antiviral_treatment_and_testing,1,SARS-CoV-2,JJ,.,False
16_antiviral_treatment_and_testing,1,infection,NN,'',False
16_antiviral_treatment_and_testing,1,and,CC,CC,True
16_antiviral_treatment_and_testing,1,inform,VB,VB,True
16_antiviral_treatment_and_testing,1,clinical,JJ,NNS,False
16_antiviral_treatment_and_testing,1,or,CC,CC,True
16_antiviral_treatment_and_testing,1,public-health,JJ,JJ,True
16_antiviral_treatment_and_testing,1,decisions,NNS,NNS,True
16_antiviral_treatment_and_testing,1,.,.,.,True
16_antiviral_treatment_and_testing,2,Different,NN,DT,False
16_antiviral_treatment_and_testing,2,tests,NNS,NNS,True
16_antiviral_treatment_and_testing,2,have,VBP,VBP,True
16_antiviral_treatment_and_testing,2,different,JJ,JJ,True
16_antiviral_treatment_and_testing,2,characteristics,NNS,NNS,True
16_antiviral_treatment_and_testing,2,.,.,.,True
16_antiviral_treatment_and_testing,3,Molecular,JJ,DT,False
16_antiviral_treatment_and_testing,3,tests,NNS,NNS,True
16_antiviral_treatment_and_testing,3,can,MD,MD,True
16_antiviral_treatment_and_testing,3,detect,VB,VB,True
16_antiviral_treatment_and_testing,3,viral,JJ,DT,False
16_antiviral_treatment_and_testing,3,genetic,JJ,JJ,True
16_antiviral_treatment_and_testing,3,material,NN,NN,True
16_antiviral_treatment_and_testing,3,",",",",",",True
16_antiviral_treatment_and_testing,3,while,IN,IN,True
16_antiviral_treatment_and_testing,3,antigen,NN,PRP$,False
16_antiviral_treatment_and_testing,3,tests,NNS,NNS,True
16_antiviral_treatment_and_testing,3,detect,VBP,.,False
16_antiviral_treatment_and_testing,3,viral,JJ,'',False
16_antiviral_treatment_and_testing,3,proteins,NNS,NNS,True
16_antiviral_treatment_and_testing,3,and,CC,CC,True
16_antiviral_treatment_and_testing,3,may,MD,MD,True
16_antiviral_treatment_and_testing,3,provide,VB,VB,True
16_antiviral_treatment_and_testing,3,rapid,JJ,PRP$,False
16_antiviral_treatment_and_testing,3,results,NNS,NNS,True
16_antiviral_treatment_and_testing,3,.,.,.,True
16_antiviral_treatment_and_testing,4,Test,NNP,NNP,True
16_antiviral_treatment_and_testing,4,performance,NN,NN,True
16_antiviral_treatment_and_testing,4,depends,VBZ,VBZ,True
16_antiviral_treatment_and_testing,4,on,IN,IN,True
16_antiviral_treatment_and_testing,4,timing,NN,NN,True
16_antiviral_treatment_and_testing,4,",",",",",",True
16_antiviral_treatment_and_testing,4,specimen,NNS,WDT,False
16_antiviral_treatment_and_testing,4,collection,NN,-NONE-,False
16_antiviral_treatment_and_testing,4,",",",",",",True
16_antiviral_treatment_and_testing,4,and,CC,CC,True
16_antiviral_treatment_and_testing,4,the,DT,DT,True
16_antiviral_treatment_and_testing,4,stage,NN,NN,True
16_antiviral_treatment_and_testing,4,of,IN,IN,True
16_antiviral_treatment_and_testing,4,infection,NN,NNS,False
16_antiviral_treatment_and_testing,4,.,.,.,True
16_antiviral_treatment_and_testing,5,A,DT,DT,True
16_antiviral_treatment_and_testing,5,negative,JJ,JJ,True
16_antiviral_treatment_and_testing,5,result,NN,NN,True
16_antiviral_treatment_and_testing,5,does,VBZ,VBZ,True
16_antiviral_treatment_and_testing,5,not,RB,RB,True
16_antiviral_treatment_and_testing,5,always,RB,RB,True
16_antiviral_treatment_and_testing,5,exclude,VBP,VBN,False
16_antiviral_treatment_and_testing,5,infection,NN,-NONE-,False
16_antiviral_treatment_and_testing,5,",",",",",",True
16_antiviral_treatment_and_testing,5,particularly,RB,RB,True
16_antiviral_treatment_and_testing,5,when,WRB,WRB,True
16_antiviral_treatment_and_testing,5,testing,VBG,NN,False
16_antiviral_treatment_and_testing,5,occurs,RB,VBZ,False
16_antiviral_treatment_and_testing,5,early,RB,JJ,False
16_antiviral_treatment_and_testing,5,or,CC,CC,True
16_antiviral_treatment_and_testing,5,when,WRB,WRB,True
16_antiviral_treatment_and_testing,5,the,DT,DT,True
16_antiviral_treatment_and_testing,5,test,NN,NN,True
16_antiviral_treatment_and_testing,5,has,VBZ,VBZ,True
16_antiviral_treatment_and_testing,5,lower,JJR,JJR,True
16_antiviral_treatment_and_testing,5,sensitivity,NN,NN,True
16_antiviral_treatment_and_testing,5,.,.,.,True
16_antiviral_treatment_and_testing,6,Interpretation,NN,PRP,False
16_antiviral_treatment_and_testing,6,should,MD,MD,True
16_antiviral_treatment_and_testing,6,consider,VB,VB,True
16_antiviral_treatment_and_testing,6,symptoms,NNS,NNS,True
16_antiviral_treatment_and_testing,6,",",",",",",True
16_antiviral_treatment_and_testing,6,exposure,NN,NN,True
16_antiviral_treatment_and_testing,6,history,NN,NN,True
16_antiviral_treatment_and_testing,6,",",",",",",True
16_antiviral_treatment_and_testing,6,timing,NN,NN,True
16_antiviral_treatment_and_testing,6,",",",",",",True
16_antiviral_treatment_and_testing,6,and,CC,CC,True
16_antiviral_treatment_and_testing,6,the,DT,DT,True
16_antiviral_treatment_and_testing,6,specific,JJ,JJ,True
16_antiviral_treatment_and_testing,6,test,NN,NN,True
16_antiviral_treatment_and_testing,6,used,VBN,VBN,True
16_antiviral_treatment_and_testing,6,.,.,.,True
16_antiviral_treatment_and_testing,7,Antiviral,JJ,DT,False
16_antiviral_treatment_and_testing,7,treatment,NN,NN,True
16_antiviral_treatment_and_testing,7,is,VBZ,VBZ,True
16_antiviral_treatment_and_testing,7,intended,VBN,VBN,True
16_antiviral_treatment_and_testing,7,to,TO,TO,True
16_antiviral_treatment_and_testing,7,reduce,VB,VB,True
16_antiviral_treatment_and_testing,7,the,DT,DT,True
16_antiviral_treatment_and_testing,7,risk,NN,NN,True
16_antiviral_treatment_and_testing,7,of,IN,IN,True
16_antiviral_treatment_and_testing,7,severe,JJ,JJ,True
16_antiviral_treatment_and_testing,7,disease,NN,NN,True
16_antiviral_treatment_and_testing,7,in,IN,IN,True
16_antiviral_treatment_and_testing,7,eligible,JJ,JJ,True
16_antiviral_treatment_and_testing,7,patients,NNS,NNS,True
16_antiviral_treatment_and_testing,7,.,.,.,True
16_antiviral_treatment_and_testing,8,Eligibility,NN,NNP,False
16_antiviral_treatment_and_testing,8,",",",",",",True
16_antiviral_treatment_and_testing,8,timing,NN,NN,True
16_antiviral_treatment_and_testing,8,",",",",",",True
16_antiviral_treatment_and_testing,8,contraindications,NNS,NNP,False
16_antiviral_treatment_and_testing,8,",",",",",",True
16_antiviral_treatment_and_testing,8,drug,NN,NN,True
16_antiviral_treatment_and_testing,8,interactions,NNS,NNS,True
16_antiviral_treatment_and_testing,8,",",",",",",True
16_antiviral_treatment_and_testing,8,and,CC,CC,True
16_antiviral_treatment_and_testing,8,treatment,NN,NN,True
16_antiviral_treatment_and_testing,8,selection,NN,MD,False
16_antiviral_treatment_and_testing,8,require,VB,VB,True
16_antiviral_treatment_and_testing,8,clinical,JJ,VBN,False
16_antiviral_treatment_and_testing,8,assessment,NN,-NONE-,False
16_antiviral_treatment_and_testing,8,.,.,.,True
16_antiviral_treatment_and_testing,9,Public-health,JJ,DT,False
16_antiviral_treatment_and_testing,9,information,NN,NN,True
16_antiviral_treatment_and_testing,9,should,MD,MD,True
16_antiviral_treatment_and_testing,9,not,RB,RB,True
16_antiviral_treatment_and_testing,9,replace,VB,VB,True
16_antiviral_treatment_and_testing,9,individualized,JJ,DT,False
16_antiviral_treatment_and_testing,9,medical,JJ,JJ,True
16_antiviral_treatment_and_testing,9,advice,NN,NN,True
16_antiviral_treatment_and_testing,9,.,.,.,True
16_antiviral_treatment_and_testing,10,Testing,VBG,NNP,False
16_antiviral_treatment_and_testing,10,and,CC,CC,True
16_antiviral_treatment_and_testing,10,treatment,NN,NN,True
16_antiviral_treatment_and_testing,10,programs,NNS,NNS,True
16_antiviral_treatment_and_testing,10,are,VBP,VBP,True
16_antiviral_treatment_and_testing,10,most,RBS,RBS,True
16_antiviral_treatment_and_testing,10,effective,JJ,JJ,True
16_antiviral_treatment_and_testing,10,when,WRB,WRB,True
16_antiviral_treatment_and_testing,10,people,NNS,NNS,True
16_antiviral_treatment_and_testing,10,can,MD,MD,True
16_antiviral_treatment_and_testing,10,access,NN,VB,False
16_antiviral_treatment_and_testing,10,testing,VBG,NN,False
16_antiviral_treatment_and_testing,10,promptly,RB,",",False
16_antiviral_treatment_and_testing,10,and,CC,CC,True
16_antiviral_treatment_and_testing,10,healthcare,JJ,JJ,True
16_antiviral_treatment_and_testing,10,systems,NNS,NNS,True
16_antiviral_treatment_and_testing,10,can,MD,MD,True
16_antiviral_treatment_and_testing,10,evaluate,VB,VB,True
16_antiviral_treatment_and_testing,10,eligible,JJ,JJ,True
16_antiviral_treatment_and_testing,10,patients,NNS,NNS,True
16_antiviral_treatment_and_testing,10,without,IN,IN,True
16_antiviral_treatment_and_testing,10,unnecessary,JJ,DT,False
16_antiviral_treatment_and_testing,10,delay,NN,NN,True
16_antiviral_treatment_and_testing,10,.,.,.,True
16_antiviral_treatment_and_testing,11,Surveillance,NNP,DT,False
16_antiviral_treatment_and_testing,11,data,NNS,NNS,True
16_antiviral_treatment_and_testing,11,can,MD,MD,True
16_antiviral_treatment_and_testing,11,also,RB,RB,True
16_antiviral_treatment_and_testing,11,help,VB,VB,True
16_antiviral_treatment_and_testing,11,authorities,NNS,NNS,True
16_antiviral_treatment_and_testing,11,understand,VBP,VBP,True
16_antiviral_treatment_and_testing,11,changes,NNS,NNS,True
16_antiviral_treatment_and_testing,11,in,IN,IN,True
16_antiviral_treatment_and_testing,11,testing,VBG,NN,False
16_antiviral_treatment_and_testing,11,demand,NN,NN,True
16_antiviral_treatment_and_testing,11,and,CC,CC,True
16_antiviral_treatment_and_testing,11,disease,NN,NN,True
16_antiviral_treatment_and_testing,11,activity,NN,NN,True
16_antiviral_treatment_and_testing,11,.,.,.,True
17_misinformation_and_health_literacy,1,Health,NNP,NNP,True
17_misinformation_and_health_literacy,1,Literacy,NNP,",",False
17_misinformation_and_health_literacy,1,and,CC,CC,True
17_misinformation_and_health_literacy,1,Infectious,NNP,NNP,True
17_misinformation_and_health_literacy,1,Disease,NNP,NNP,True
17_misinformation_and_health_literacy,1,Misinformation,NNP,NNP,True
17_misinformation_and_health_literacy,1,Health,NNP,NNP,True
17_misinformation_and_health_literacy,1,literacy,NN,NNP,False
17_misinformation_and_health_literacy,1,involves,VBZ,VBZ,True
17_misinformation_and_health_literacy,1,the,DT,DT,True
17_misinformation_and_health_literacy,1,ability,NN,NN,True
17_misinformation_and_health_literacy,1,to,TO,TO,True
17_misinformation_and_health_literacy,1,find,VB,VB,True
17_misinformation_and_health_literacy,1,",",",",",",True
17_misinformation_and_health_literacy,1,understand,VB,NNP,False
17_misinformation_and_health_literacy,1,",",",",",",True
17_misinformation_and_health_literacy,1,evaluate,VB,NNP,False
17_misinformation_and_health_literacy,1,",",",",",",True
17_misinformation_and_health_literacy,1,and,CC,CC,True
17_misinformation_and_health_literacy,1,use,VB,NN,False
17_misinformation_and_health_literacy,1,health,NN,NN,True
17_misinformation_and_health_literacy,1,information,NN,NN,True
17_misinformation_and_health_literacy,1,.,.,.,True
17_misinformation_and_health_literacy,2,During,IN,IN,True
17_misinformation_and_health_literacy,2,infectious,JJ,JJ,True
17_misinformation_and_health_literacy,2,disease,NN,NN,True
17_misinformation_and_health_literacy,2,outbreaks,NNS,NNS,True
17_misinformation_and_health_literacy,2,",",",",",",True
17_misinformation_and_health_literacy,2,people,NNS,NNS,True
17_misinformation_and_health_literacy,2,may,MD,MD,True
17_misinformation_and_health_literacy,2,encounter,VB,VB,True
17_misinformation_and_health_literacy,2,rapidly,RB,RB,True
17_misinformation_and_health_literacy,2,changing,VBG,VBG,True
17_misinformation_and_health_literacy,2,information,NN,NN,True
17_misinformation_and_health_literacy,2,through,IN,IN,True
17_misinformation_and_health_literacy,2,news,NN,NN,True
17_misinformation_and_health_literacy,2,",",",",",",True
17_misinformation_and_health_literacy,2,social,JJ,JJ,True
17_misinformation_and_health_literacy,2,media,NNS,NNS,True
17_misinformation_and_health_literacy,2,",",",",",",True
17_misinformation_and_health_literacy,2,messaging,VBG,CC,False
17_misinformation_and_health_literacy,2,applications,NNS,NNS,True
17_misinformation_and_health_literacy,2,",",",",",",True
17_misinformation_and_health_literacy,2,and,CC,CC,True
17_misinformation_and_health_literacy,2,informal,JJ,$,False
17_misinformation_and_health_literacy,2,networks,NNS,CD,False
17_misinformation_and_health_literacy,2,.,.,.,True
17_misinformation_and_health_literacy,3,Misinformation,NN,PRP,False
17_misinformation_and_health_literacy,3,can,MD,MD,True
17_misinformation_and_health_literacy,3,arise,VB,VB,True
17_misinformation_and_health_literacy,3,from,IN,IN,True
17_misinformation_and_health_literacy,3,incorrect,JJ,DT,False
17_misinformation_and_health_literacy,3,information,NN,NN,True
17_misinformation_and_health_literacy,3,",",",",",",True
17_misinformation_and_health_literacy,3,misunderstanding,NN,NNP,False
17_misinformation_and_health_literacy,3,",",",",",",True
17_misinformation_and_health_literacy,3,outdated,VBD,DT,False
17_misinformation_and_health_literacy,3,evidence,NN,NN,True
17_misinformation_and_health_literacy,3,",",",",",",True
17_misinformation_and_health_literacy,3,or,CC,CC,True
17_misinformation_and_health_literacy,3,misleading,VBG,JJ,False
17_misinformation_and_health_literacy,3,presentation,NN,NN,True
17_misinformation_and_health_literacy,3,of,IN,IN,True
17_misinformation_and_health_literacy,3,accurate,JJ,JJ,True
17_misinformation_and_health_literacy,3,facts,NNS,NNS,True
17_misinformation_and_health_literacy,3,.,.,.,True
17_misinformation_and_health_literacy,4,A,DT,DT,True
17_misinformation_and_health_literacy,4,useful,JJ,JJ,True
17_misinformation_and_health_literacy,4,evaluation,NN,NN,True
17_misinformation_and_health_literacy,4,process,NN,NN,True
17_misinformation_and_health_literacy,4,checks,VBZ,IN,False
17_misinformation_and_health_literacy,4,the,DT,DT,True
17_misinformation_and_health_literacy,4,source,NN,NN,True
17_misinformation_and_health_literacy,4,",",",",",",True
17_misinformation_and_health_literacy,4,date,NN,NN,True
17_misinformation_and_health_literacy,4,",",",",",",True
17_misinformation_and_health_literacy,4,evidence,NN,NN,True
17_misinformation_and_health_literacy,4,",",",",",",True
17_misinformation_and_health_literacy,4,population,NN,NN,True
17_misinformation_and_health_literacy,4,studied,VBD,NNS,False
17_misinformation_and_health_literacy,4,",",",",",",True
17_misinformation_and_health_literacy,4,and,CC,CC,True
17_misinformation_and_health_literacy,4,whether,IN,IN,True
17_misinformation_and_health_literacy,4,the,DT,DT,True
17_misinformation_and_health_literacy,4,claim,NN,NN,True
17_misinformation_and_health_literacy,4,matches,VBZ,IN,False
17_misinformation_and_health_literacy,4,the,DT,DT,True
17_misinformation_and_health_literacy,4,underlying,JJ,JJ,True
17_misinformation_and_health_literacy,4,data,NNS,NNS,True
17_misinformation_and_health_literacy,4,.,.,.,True
17_misinformation_and_health_literacy,5,Health,NNP,NNP,True
17_misinformation_and_health_literacy,5,communication,NN,NN,True
17_misinformation_and_health_literacy,5,should,MD,MD,True
17_misinformation_and_health_literacy,5,avoid,VB,VB,True
17_misinformation_and_health_literacy,5,presenting,VBG,DT,False
17_misinformation_and_health_literacy,5,preliminary,JJ,JJ,True
17_misinformation_and_health_literacy,5,findings,NNS,NNS,True
17_misinformation_and_health_literacy,5,as,IN,RB,False
17_misinformation_and_health_literacy,5,settled,JJ,VBN,False
17_misinformation_and_health_literacy,5,conclusions,NNS,-NONE-,False
17_misinformation_and_health_literacy,5,.,.,.,True
17_misinformation_and_health_literacy,6,A,DT,DT,True
17_misinformation_and_health_literacy,6,single,JJ,JJ,True
17_misinformation_and_health_literacy,6,laboratory,NN,.,False
17_misinformation_and_health_literacy,6,experiment,NN,'',False
17_misinformation_and_health_literacy,6,or,CC,CC,True
17_misinformation_and_health_literacy,6,small,JJ,JJ,True
17_misinformation_and_health_literacy,6,observational,JJ,JJ,True
17_misinformation_and_health_literacy,6,study,NN,NN,True
17_misinformation_and_health_literacy,6,may,MD,MD,True
17_misinformation_and_health_literacy,6,not,RB,RB,True
17_misinformation_and_health_literacy,6,answer,VB,VB,True
17_misinformation_and_health_literacy,6,a,DT,DT,True
17_misinformation_and_health_literacy,6,population-level,JJ,JJ,True
17_misinformation_and_health_literacy,6,question,NN,NN,True
17_misinformation_and_health_literacy,6,.,.,.,True
17_misinformation_and_health_literacy,7,Stronger,JJR,PRP,False
17_misinformation_and_health_literacy,7,conclusions,NNS,VBP,False
17_misinformation_and_health_literacy,7,generally,RB,RB,True
17_misinformation_and_health_literacy,7,require,VBP,VB,False
17_misinformation_and_health_literacy,7,evidence,NN,NN,True
17_misinformation_and_health_literacy,7,from,IN,IN,True
17_misinformation_and_health_literacy,7,multiple,JJ,$,False
17_misinformation_and_health_literacy,7,complementary,JJ,CD,False
17_misinformation_and_health_literacy,7,studies,NNS,NNS,True
17_misinformation_and_health_literacy,7,.,.,.,True
17_misinformation_and_health_literacy,8,Practical,JJ,DT,False
17_misinformation_and_health_literacy,8,health,NN,NN,True
17_misinformation_and_health_literacy,8,literacy,NN,IN,False
17_misinformation_and_health_literacy,8,strategies,NNS,NNS,True
17_misinformation_and_health_literacy,8,include,VBP,VBP,True
17_misinformation_and_health_literacy,8,checking,VBG,VBG,True
17_misinformation_and_health_literacy,8,information,NN,NN,True
17_misinformation_and_health_literacy,8,against,IN,IN,True
17_misinformation_and_health_literacy,8,recognized,VBN,DT,False
17_misinformation_and_health_literacy,8,public-health,NN,NN,True
17_misinformation_and_health_literacy,8,or,CC,CC,True
17_misinformation_and_health_literacy,8,medical,JJ,JJ,True
17_misinformation_and_health_literacy,8,sources,NNS,NNS,True
17_misinformation_and_health_literacy,8,",",",",",",True
17_misinformation_and_health_literacy,8,looking,VBG,VBG,True
17_misinformation_and_health_literacy,8,for,IN,IN,True
17_misinformation_and_health_literacy,8,the,DT,DT,True
17_misinformation_and_health_literacy,8,original,JJ,JJ,True
17_misinformation_and_health_literacy,8,study,NN,NN,True
17_misinformation_and_health_literacy,8,when,WRB,WRB,True
17_misinformation_and_health_literacy,8,possible,JJ,JJ,True
17_misinformation_and_health_literacy,8,",",",",",",True
17_misinformation_and_health_literacy,8,and,CC,CC,True
17_misinformation_and_health_literacy,8,distinguishing,VBG,VB,False
17_misinformation_and_health_literacy,8,a,DT,DT,True
17_misinformation_and_health_literacy,8,reported,VBN,VBN,True
17_misinformation_and_health_literacy,8,association,NN,NN,True
17_misinformation_and_health_literacy,8,from,IN,IN,True
17_misinformation_and_health_literacy,8,proof,NN,JJ,False
17_misinformation_and_health_literacy,8,of,IN,IN,True
17_misinformation_and_health_literacy,8,causation,NN,NNS,False
17_misinformation_and_health_literacy,8,.,.,.,True
17_misinformation_and_health_literacy,9,Clear,JJ,``,False
17_misinformation_and_health_literacy,9,explanations,NNS,PRP,False
17_misinformation_and_health_literacy,9,can,MD,MD,True
17_misinformation_and_health_literacy,9,reduce,VB,VB,True
17_misinformation_and_health_literacy,9,confusion,NN,RP,False
17_misinformation_and_health_literacy,9,without,IN,IN,True
17_misinformation_and_health_literacy,9,assuming,VBG,VBG,True
17_misinformation_and_health_literacy,9,that,IN,IN,True
17_misinformation_and_health_literacy,9,every,DT,DT,True
17_misinformation_and_health_literacy,9,person,NN,NN,True
17_misinformation_and_health_literacy,9,who,WP,WP,True
17_misinformation_and_health_literacy,9,has,VBZ,VBZ,True
17_misinformation_and_health_literacy,9,encountered,VBN,RB,False
17_misinformation_and_health_literacy,9,inaccurate,JJ,JJ,True
17_misinformation_and_health_literacy,9,information,NN,NN,True
17_misinformation_and_health_literacy,9,is,VBZ,VBZ,True
17_misinformation_and_health_literacy,9,acting,VBG,JJ,False
17_misinformation_and_health_literacy,9,in,IN,IN,True
17_misinformation_and_health_literacy,9,bad,JJ,JJ,True
17_misinformation_and_health_literacy,9,faith,NN,NN,True
17_misinformation_and_health_literacy,9,.,.,.,True
18_global_outbreak_preparedness,1,Global,JJ,NNP,False
18_global_outbreak_preparedness,1,Outbreak,NNP,.,False
18_global_outbreak_preparedness,1,Preparedness,NNP,'',False
18_global_outbreak_preparedness,1,and,CC,CC,True
18_global_outbreak_preparedness,1,Response,NNP,NNS,False
18_global_outbreak_preparedness,1,Outbreak,NNP,.,False
18_global_outbreak_preparedness,1,preparedness,NN,'',False
18_global_outbreak_preparedness,1,involves,VBZ,VBZ,True
18_global_outbreak_preparedness,1,building,VBG,VBG,True
18_global_outbreak_preparedness,1,the,DT,DT,True
18_global_outbreak_preparedness,1,capacity,NN,NN,True
18_global_outbreak_preparedness,1,to,TO,TO,True
18_global_outbreak_preparedness,1,detect,VB,VB,True
18_global_outbreak_preparedness,1,",",",",",",True
18_global_outbreak_preparedness,1,assess,NN,NNP,False
18_global_outbreak_preparedness,1,",",",",",",True
18_global_outbreak_preparedness,1,communicate,NN,CC,False
18_global_outbreak_preparedness,1,about,IN,RB,False
18_global_outbreak_preparedness,1,",",",",",",True
18_global_outbreak_preparedness,1,and,CC,CC,True
18_global_outbreak_preparedness,1,respond,NN,VB,False
18_global_outbreak_preparedness,1,to,TO,TO,True
18_global_outbreak_preparedness,1,infectious,JJ,JJ,True
18_global_outbreak_preparedness,1,disease,NN,NN,True
18_global_outbreak_preparedness,1,threats,NNS,NNS,True
18_global_outbreak_preparedness,1,before,IN,IN,True
18_global_outbreak_preparedness,1,they,PRP,PRP,True
18_global_outbreak_preparedness,1,become,VBP,VBP,True
18_global_outbreak_preparedness,1,large,JJ,JJ,True
18_global_outbreak_preparedness,1,emergencies,NNS,NNS,True
18_global_outbreak_preparedness,1,.,.,.,True
18_global_outbreak_preparedness,2,Preparedness,NNP,PRP,False
18_global_outbreak_preparedness,2,includes,VBZ,VBZ,True
18_global_outbreak_preparedness,2,laboratory,NN,DT,False
18_global_outbreak_preparedness,2,capacity,NN,NN,True
18_global_outbreak_preparedness,2,",",",",",",True
18_global_outbreak_preparedness,2,surveillance,NN,CC,False
18_global_outbreak_preparedness,2,systems,NNS,NNS,True
18_global_outbreak_preparedness,2,",",",",",",True
18_global_outbreak_preparedness,2,trained,JJ,VBN,False
18_global_outbreak_preparedness,2,personnel,NNS,NNS,True
18_global_outbreak_preparedness,2,",",",",",",True
18_global_outbreak_preparedness,2,medical,JJ,JJ,True
18_global_outbreak_preparedness,2,supplies,NNS,NNS,True
18_global_outbreak_preparedness,2,",",",",",",True
18_global_outbreak_preparedness,2,vaccination,NN,WDT,False
18_global_outbreak_preparedness,2,infrastructure,NN,-NONE-,False
18_global_outbreak_preparedness,2,",",",",",",True
18_global_outbreak_preparedness,2,data,NNS,NN,False
18_global_outbreak_preparedness,2,systems,NNS,NNS,True
18_global_outbreak_preparedness,2,",",",",",",True
18_global_outbreak_preparedness,2,and,CC,CC,True
18_global_outbreak_preparedness,2,emergency,NN,$,False
18_global_outbreak_preparedness,2,coordination,NN,CD,False
18_global_outbreak_preparedness,2,mechanisms,NNS,NNS,True
18_global_outbreak_preparedness,2,.,.,.,True
18_global_outbreak_preparedness,3,Early,JJ,``,False
18_global_outbreak_preparedness,3,detection,NN,PRP,False
18_global_outbreak_preparedness,3,depends,VBZ,VBZ,True
18_global_outbreak_preparedness,3,on,IN,IN,True
18_global_outbreak_preparedness,3,timely,JJ,JJ,True
18_global_outbreak_preparedness,3,information,NN,NN,True
18_global_outbreak_preparedness,3,.,.,.,True
18_global_outbreak_preparedness,4,Countries,NNS,NNS,True
18_global_outbreak_preparedness,4,and,CC,CC,True
18_global_outbreak_preparedness,4,institutions,NNS,NNS,True
18_global_outbreak_preparedness,4,may,MD,MD,True
18_global_outbreak_preparedness,4,use,VB,VB,True
18_global_outbreak_preparedness,4,laboratory,NN,VBN,False
18_global_outbreak_preparedness,4,networks,NNS,-NONE-,False
18_global_outbreak_preparedness,4,",",",",",",True
18_global_outbreak_preparedness,4,clinical,JJ,WDT,False
18_global_outbreak_preparedness,4,surveillance,NN,-NONE-,False
18_global_outbreak_preparedness,4,",",",",",",True
18_global_outbreak_preparedness,4,event-based,JJ,DT,False
18_global_outbreak_preparedness,4,reporting,NN,NN,True
18_global_outbreak_preparedness,4,",",",",",",True
18_global_outbreak_preparedness,4,genomic,JJ,WDT,False
18_global_outbreak_preparedness,4,sequencing,NN,-NONE-,False
18_global_outbreak_preparedness,4,",",",",",",True
18_global_outbreak_preparedness,4,and,CC,CC,True
18_global_outbreak_preparedness,4,cross-border,JJ,JJ,True
18_global_outbreak_preparedness,4,information,NN,NN,True
18_global_outbreak_preparedness,4,sharing,NN,NNS,False
18_global_outbreak_preparedness,4,.,.,.,True
18_global_outbreak_preparedness,5,A,DT,DT,True
18_global_outbreak_preparedness,5,signal,NN,NN,True
18_global_outbreak_preparedness,5,does,VBZ,VBZ,True
18_global_outbreak_preparedness,5,not,RB,RB,True
18_global_outbreak_preparedness,5,always,RB,RB,True
18_global_outbreak_preparedness,5,represent,VBP,VB,False
18_global_outbreak_preparedness,5,a,DT,DT,True
18_global_outbreak_preparedness,5,major,JJ,JJ,True
18_global_outbreak_preparedness,5,outbreak,NN,NNS,False
18_global_outbreak_preparedness,5,",",",",",",True
18_global_outbreak_preparedness,5,but,CC,CC,True
18_global_outbreak_preparedness,5,rapid,JJ,``,False
18_global_outbreak_preparedness,5,assessment,NN,PRP,False
18_global_outbreak_preparedness,5,can,MD,MD,True
18_global_outbreak_preparedness,5,determine,VB,VB,True
18_global_outbreak_preparedness,5,whether,IN,IN,True
18_global_outbreak_preparedness,5,further,JJ,JJ,True
18_global_outbreak_preparedness,5,investigation,NN,NN,True
18_global_outbreak_preparedness,5,is,VBZ,VBZ,True
18_global_outbreak_preparedness,5,required,VBN,VBN,True
18_global_outbreak_preparedness,5,.,.,.,True
18_global_outbreak_preparedness,6,Response,NNP,``,False
18_global_outbreak_preparedness,6,planning,NN,PRP,False
18_global_outbreak_preparedness,6,includes,VBZ,VBZ,True
18_global_outbreak_preparedness,6,clear,JJ,JJ,True
18_global_outbreak_preparedness,6,roles,NNS,NNS,True
18_global_outbreak_preparedness,6,and,CC,CC,True
18_global_outbreak_preparedness,6,responsibilities,NNS,NNS,True
18_global_outbreak_preparedness,6,.,.,.,True
18_global_outbreak_preparedness,7,Hospitals,NNS,PRP,False
18_global_outbreak_preparedness,7,may,MD,MD,True
18_global_outbreak_preparedness,7,need,VB,VB,True
18_global_outbreak_preparedness,7,surge,NN,NN,True
18_global_outbreak_preparedness,7,plans,NNS,NNS,True
18_global_outbreak_preparedness,7,",",",",",",True
18_global_outbreak_preparedness,7,while,IN,IN,True
18_global_outbreak_preparedness,7,public-health,NN,PRP$,False
18_global_outbreak_preparedness,7,agencies,NNS,NNS,True
18_global_outbreak_preparedness,7,may,MD,MD,True
18_global_outbreak_preparedness,7,require,VB,VB,True
18_global_outbreak_preparedness,7,mechanisms,NNS,NNS,True
18_global_outbreak_preparedness,7,for,IN,IN,True
18_global_outbreak_preparedness,7,contact,NN,$,False
18_global_outbreak_preparedness,7,tracing,NN,CD,False
18_global_outbreak_preparedness,7,",",",",",",True
18_global_outbreak_preparedness,7,risk,NN,NN,True
18_global_outbreak_preparedness,7,communication,NN,NN,True
18_global_outbreak_preparedness,7,",",",",",",True
18_global_outbreak_preparedness,7,and,CC,CC,True
18_global_outbreak_preparedness,7,resource,NN,JJ,False
18_global_outbreak_preparedness,7,allocation,NN,NN,True
18_global_outbreak_preparedness,7,.,.,.,True
18_global_outbreak_preparedness,8,Exercises,NNS,NNP,False
18_global_outbreak_preparedness,8,and,CC,CC,True
18_global_outbreak_preparedness,8,simulations,NNS,PRP,False
18_global_outbreak_preparedness,8,can,MD,MD,True
18_global_outbreak_preparedness,8,identify,VB,VB,True
18_global_outbreak_preparedness,8,weaknesses,NNS,RP,False
18_global_outbreak_preparedness,8,before,IN,IN,True
18_global_outbreak_preparedness,8,a,DT,DT,True
18_global_outbreak_preparedness,8,real,JJ,JJ,True
18_global_outbreak_preparedness,8,emergency,NN,NN,True
18_global_outbreak_preparedness,8,occurs,NNS,NNS,True
18_global_outbreak_preparedness,8,.,.,.,True
18_global_outbreak_preparedness,9,Preparedness,NNP,PRP,False
18_global_outbreak_preparedness,9,is,VBZ,VBZ,True
18_global_outbreak_preparedness,9,an,DT,DT,True
18_global_outbreak_preparedness,9,ongoing,JJ,JJ,True
18_global_outbreak_preparedness,9,process,NN,NN,True
18_global_outbreak_preparedness,9,.,.,.,True
18_global_outbreak_preparedness,10,After,IN,IN,True
18_global_outbreak_preparedness,10,an,DT,DT,True
18_global_outbreak_preparedness,10,outbreak,NN,NN,True
18_global_outbreak_preparedness,10,",",",",",",True
18_global_outbreak_preparedness,10,evaluations,NNS,PRP,False
18_global_outbreak_preparedness,10,can,MD,MD,True
18_global_outbreak_preparedness,10,identify,VB,VB,True
18_global_outbreak_preparedness,10,which,WDT,WDT,True
18_global_outbreak_preparedness,10,systems,NNS,NNS,True
18_global_outbreak_preparedness,10,worked,VBD,VBD,True
18_global_outbreak_preparedness,10,",",",",",",True
18_global_outbreak_preparedness,10,which,WDT,WDT,True
18_global_outbreak_preparedness,10,failed,VBD,-NONE-,False
18_global_outbreak_preparedness,10,",",",",",",True
18_global_outbreak_preparedness,10,and,CC,CC,True
18_global_outbreak_preparedness,10,which,WDT,WDT,True
18_global_outbreak_preparedness,10,improvements,NNS,PRP,False
18_global_outbreak_preparedness,10,should,MD,MD,True
18_global_outbreak_preparedness,10,be,VB,VB,True
18_global_outbreak_preparedness,10,institutionalized,VBN,-NONE-,False
18_global_outbreak_preparedness,10,.,.,.,True
18_global_outbreak_preparedness,11,Investments,NNS,``,False
18_global_outbreak_preparedness,11,in,IN,IN,True
18_global_outbreak_preparedness,11,routine,JJ,$,False
18_global_outbreak_preparedness,11,public-health,NN,CD,False
18_global_outbreak_preparedness,11,capacity,NN,NN,True
18_global_outbreak_preparedness,11,can,MD,MD,True
18_global_outbreak_preparedness,11,strengthen,VB,VB,True
18_global_outbreak_preparedness,11,response,NN,NN,True
18_global_outbreak_preparedness,11,to,TO,TO,True
18_global_outbreak_preparedness,11,multiple,VB,VB,True
18_global_outbreak_preparedness,11,infectious,JJ,JJ,True
18_global_outbreak_preparedness,11,threats,NNS,NNS,True
18_global_outbreak_preparedness,11,rather,RB,RB,True
18_global_outbreak_preparedness,11,than,IN,IN,True
18_global_outbreak_preparedness,11,a,DT,DT,True
18_global_outbreak_preparedness,11,single,JJ,JJ,True
18_global_outbreak_preparedness,11,pathogen,NN,NNS,False
18_global_outbreak_preparedness,11,.,.,.,True
19_epidemiological_models,1,Epidemiological,JJ,DT,False
19_epidemiological_models,1,Models,NNP,NN,False
19_epidemiological_models,1,for,IN,IN,True
19_epidemiological_models,1,Infectious,NNP,NNP,True
19_epidemiological_models,1,Disease,NNP,NNP,True
19_epidemiological_models,1,Planning,NNP,.,False
19_epidemiological_models,1,Mathematical,NNP,'',False
19_epidemiological_models,1,and,CC,CC,True
19_epidemiological_models,1,computational,JJ,JJ,True
19_epidemiological_models,1,models,NNS,NNS,True
19_epidemiological_models,1,can,MD,MD,True
19_epidemiological_models,1,help,VB,VB,True
19_epidemiological_models,1,researchers,NNS,NNS,True
19_epidemiological_models,1,explore,VB,",",False
19_epidemiological_models,1,how,WRB,WRB,True
19_epidemiological_models,1,infectious,JJ,JJ,True
19_epidemiological_models,1,diseases,NNS,NNS,True
19_epidemiological_models,1,may,MD,MD,True
19_epidemiological_models,1,spread,VB,VB,True
19_epidemiological_models,1,under,IN,IN,True
19_epidemiological_models,1,different,JJ,JJ,True
19_epidemiological_models,1,assumptions,NNS,NNS,True
19_epidemiological_models,1,.,.,.,True
19_epidemiological_models,2,Compartmental,JJ,DT,False
19_epidemiological_models,2,models,NNS,NNS,True
19_epidemiological_models,2,such,JJ,JJ,True
19_epidemiological_models,2,as,IN,IN,True
19_epidemiological_models,2,SIR,NNP,NNS,False
19_epidemiological_models,2,divide,NN,.,False
19_epidemiological_models,2,populations,NNS,'',False
19_epidemiological_models,2,into,IN,IN,True
19_epidemiological_models,2,categories,NNS,DT,False
19_epidemiological_models,2,such,JJ,JJ,True
19_epidemiological_models,2,as,IN,IN,True
19_epidemiological_models,2,susceptible,JJ,NNP,False
19_epidemiological_models,2,",",",",",",True
19_epidemiological_models,2,infected,VBN,NNP,False
19_epidemiological_models,2,",",",",",",True
19_epidemiological_models,2,and,CC,CC,True
19_epidemiological_models,2,recovered,VBD,VBD,True
19_epidemiological_models,2,.,.,.,True
19_epidemiological_models,3,More,RBR,JJR,False
19_epidemiological_models,3,detailed,JJ,JJ,True
19_epidemiological_models,3,models,NNS,NNS,True
19_epidemiological_models,3,can,MD,MD,True
19_epidemiological_models,3,add,VB,VB,True
19_epidemiological_models,3,age,NN,NN,True
19_epidemiological_models,3,groups,NNS,NNS,True
19_epidemiological_models,3,",",",",",",True
19_epidemiological_models,3,vaccination,NN,DT,False
19_epidemiological_models,3,status,NN,NN,True
19_epidemiological_models,3,",",",",",",True
19_epidemiological_models,3,hospitalization,NN,NNP,False
19_epidemiological_models,3,",",",",",",True
19_epidemiological_models,3,geographic,JJ,DT,False
19_epidemiological_models,3,structure,NN,NN,True
19_epidemiological_models,3,",",",",",",True
19_epidemiological_models,3,or,CC,CC,True
19_epidemiological_models,3,other,JJ,JJ,True
19_epidemiological_models,3,characteristics,NNS,NNS,True
19_epidemiological_models,3,.,.,.,True
19_epidemiological_models,4,Models,NNS,PRP,False
19_epidemiological_models,4,are,VBP,VBP,True
19_epidemiological_models,4,not,RB,RB,True
19_epidemiological_models,4,crystal,JJ,JJ,True
19_epidemiological_models,4,balls,NNS,NNS,True
19_epidemiological_models,4,.,.,.,True
19_epidemiological_models,5,Their,PRP$,PRP,False
19_epidemiological_models,5,outputs,NNS,MD,False
19_epidemiological_models,5,depend,VBP,VB,False
19_epidemiological_models,5,on,IN,IN,True
19_epidemiological_models,5,assumptions,NNS,NNP,False
19_epidemiological_models,5,",",",",",",True
19_epidemiological_models,5,parameter,NN,CC,False
19_epidemiological_models,5,estimates,NNS,NNS,True
19_epidemiological_models,5,",",",",",",True
19_epidemiological_models,5,data,NNS,NN,False
19_epidemiological_models,5,quality,NN,NN,True
19_epidemiological_models,5,",",",",",",True
19_epidemiological_models,5,and,CC,CC,True
19_epidemiological_models,5,the,DT,DT,True
19_epidemiological_models,5,scenario,NN,NN,True
19_epidemiological_models,5,being,VBG,VBG,True
19_epidemiological_models,5,examined,VBN,NNS,False
19_epidemiological_models,5,.,.,.,True
19_epidemiological_models,6,A,DT,DT,True
19_epidemiological_models,6,model,NN,NN,True
19_epidemiological_models,6,can,MD,MD,True
19_epidemiological_models,6,be,VB,VB,True
19_epidemiological_models,6,useful,JJ,JJ,True
19_epidemiological_models,6,even,RB,RB,True
19_epidemiological_models,6,when,WRB,WRB,True
19_epidemiological_models,6,its,PRP$,PRP$,True
19_epidemiological_models,6,exact,JJ,JJ,True
19_epidemiological_models,6,numerical,JJ,JJ,True
19_epidemiological_models,6,forecast,NN,NN,True
19_epidemiological_models,6,is,VBZ,VBZ,True
19_epidemiological_models,6,uncertain,JJ,RB,False
19_epidemiological_models,6,because,IN,IN,True
19_epidemiological_models,6,it,PRP,PRP,True
19_epidemiological_models,6,can,MD,MD,True
19_epidemiological_models,6,show,VB,VB,True
19_epidemiological_models,6,how,WRB,WRB,True
19_epidemiological_models,6,outcomes,NNS,DT,False
19_epidemiological_models,6,change,VBP,NN,False
19_epidemiological_models,6,when,WRB,WRB,True
19_epidemiological_models,6,assumptions,NNS,DT,False
19_epidemiological_models,6,change,VBP,NN,False
19_epidemiological_models,6,.,.,.,True
19_epidemiological_models,7,Model,NNP,``,False
19_epidemiological_models,7,calibration,NN,PRP,False
19_epidemiological_models,7,uses,VBZ,VBZ,True
19_epidemiological_models,7,observed,VBN,VBN,True
19_epidemiological_models,7,data,NNS,-NONE-,False
19_epidemiological_models,7,to,TO,TO,True
19_epidemiological_models,7,estimate,VB,VB,True
19_epidemiological_models,7,parameters,NNS,NNS,True
19_epidemiological_models,7,or,CC,CC,True
19_epidemiological_models,7,evaluate,VB,NNS,False
19_epidemiological_models,7,whether,IN,IN,True
19_epidemiological_models,7,simulated,JJ,PRP$,False
19_epidemiological_models,7,trajectories,NNS,NNS,True
19_epidemiological_models,7,are,VBP,VBP,True
19_epidemiological_models,7,consistent,JJ,JJ,True
19_epidemiological_models,7,with,IN,IN,True
19_epidemiological_models,7,historical,JJ,JJ,True
19_epidemiological_models,7,patterns,NNS,NNS,True
19_epidemiological_models,7,.,.,.,True
19_epidemiological_models,8,Validation,NN,NNP,False
19_epidemiological_models,8,and,CC,CC,True
19_epidemiological_models,8,sensitivity,NN,NN,True
19_epidemiological_models,8,analysis,NN,NN,True
19_epidemiological_models,8,can,MD,MD,True
19_epidemiological_models,8,identify,VB,VB,True
19_epidemiological_models,8,which,WDT,WDT,True
19_epidemiological_models,8,assumptions,NNS,-NONE-,False
19_epidemiological_models,8,have,VBP,VBP,True
19_epidemiological_models,8,the,DT,DT,True
19_epidemiological_models,8,greatest,JJS,JJS,True
19_epidemiological_models,8,effect,NN,NN,True
19_epidemiological_models,8,on,IN,IN,True
19_epidemiological_models,8,results,NNS,NNS,True
19_epidemiological_models,8,.,.,.,True
19_epidemiological_models,9,Public-health,NNP,``,False
19_epidemiological_models,9,decision-makers,NNS,PRP,False
19_epidemiological_models,9,should,MD,MD,True
19_epidemiological_models,9,interpret,VB,VB,True
19_epidemiological_models,9,model,NN,NN,True
19_epidemiological_models,9,outputs,NNS,IN,False
19_epidemiological_models,9,alongside,JJ,$,False
19_epidemiological_models,9,surveillance,NN,CD,False
19_epidemiological_models,9,data,NNS,NNS,True
19_epidemiological_models,9,and,CC,CC,True
19_epidemiological_models,9,expert,JJ,NN,False
19_epidemiological_models,9,assessment,NN,NNS,False
19_epidemiological_models,9,.,.,.,True
19_epidemiological_models,10,Scenario,NN,``,False
19_epidemiological_models,10,projections,NNS,PRP,False
19_epidemiological_models,10,are,VBP,VBP,True
19_epidemiological_models,10,particularly,RB,RB,True
19_epidemiological_models,10,sensitive,JJ,JJ,True
19_epidemiological_models,10,to,TO,TO,True
19_epidemiological_models,10,changes,NNS,NNS,True
19_epidemiological_models,10,in,IN,IN,True
19_epidemiological_models,10,behavior,NN,NN,True
19_epidemiological_models,10,",",",",",",True
19_epidemiological_models,10,immunity,NN,NNP,False
19_epidemiological_models,10,",",",",",",True
19_epidemiological_models,10,viral,JJ,CC,False
19_epidemiological_models,10,characteristics,NNS,NNS,True
19_epidemiological_models,10,",",",",",",True
19_epidemiological_models,10,interventions,NNS,NNS,True
19_epidemiological_models,10,",",",",",",True
19_epidemiological_models,10,and,CC,CC,True
19_epidemiological_models,10,healthcare,NN,JJ,False
19_epidemiological_models,10,capacity,NN,NN,True
19_epidemiological_models,10,.,.,.,True
19_epidemiological_models,11,Transparent,JJ,DT,False
19_epidemiological_models,11,reporting,NN,NN,True
19_epidemiological_models,11,of,IN,IN,True
19_epidemiological_models,11,assumptions,NNS,NNP,False
19_epidemiological_models,11,and,CC,CC,True
19_epidemiological_models,11,uncertainty,NN,NN,True
19_epidemiological_models,11,is,VBZ,VBZ,True
19_epidemiological_models,11,therefore,RB,VBN,False
19_epidemiological_models,11,essential,JJ,-NONE-,False
19_epidemiological_models,11,.,.,.,True
20_post_outbreak_evaluation,1,Evaluating,VBG,NNP,False
20_post_outbreak_evaluation,1,Public,NNP,NNP,True
20_post_outbreak_evaluation,1,Health,NNP,NNP,True
20_post_outbreak_evaluation,1,Responses,NNP,",",False
20_post_outbreak_evaluation,1,After,IN,IN,True
20_post_outbreak_evaluation,1,an,DT,DT,True
20_post_outbreak_evaluation,1,Outbreak,NNP,NN,False
20_post_outbreak_evaluation,1,After,IN,IN,True
20_post_outbreak_evaluation,1,an,DT,DT,True
20_post_outbreak_evaluation,1,infectious,JJ,JJ,True
20_post_outbreak_evaluation,1,disease,NN,NN,True
20_post_outbreak_evaluation,1,outbreak,NN,NNS,False
20_post_outbreak_evaluation,1,",",",",",",True
20_post_outbreak_evaluation,1,a,DT,DT,True
20_post_outbreak_evaluation,1,structured,JJ,JJ,True
20_post_outbreak_evaluation,1,evaluation,NN,NN,True
20_post_outbreak_evaluation,1,can,MD,MD,True
20_post_outbreak_evaluation,1,examine,VB,VB,True
20_post_outbreak_evaluation,1,what,WP,WP,True
20_post_outbreak_evaluation,1,happened,VBD,-NONE-,False
20_post_outbreak_evaluation,1,",",",",",",True
20_post_outbreak_evaluation,1,which,WDT,WDT,True
20_post_outbreak_evaluation,1,interventions,NNS,PRP,False
20_post_outbreak_evaluation,1,were,VBD,VBD,True
20_post_outbreak_evaluation,1,implemented,VBN,VBN,True
20_post_outbreak_evaluation,1,",",",",",",True
20_post_outbreak_evaluation,1,how,WRB,WRB,True
20_post_outbreak_evaluation,1,quickly,RB,RB,True
20_post_outbreak_evaluation,1,systems,NNS,NNS,True
20_post_outbreak_evaluation,1,responded,VBD,VBD,True
20_post_outbreak_evaluation,1,",",",",",",True
20_post_outbreak_evaluation,1,and,CC,CC,True
20_post_outbreak_evaluation,1,what,WP,WP,True
20_post_outbreak_evaluation,1,improvements,NNS,PRP,False
20_post_outbreak_evaluation,1,are,VBP,VBP,True
20_post_outbreak_evaluation,1,needed,VBN,VBN,True
20_post_outbreak_evaluation,1,.,.,.,True
20_post_outbreak_evaluation,2,Evaluation,NN,PRP,False
20_post_outbreak_evaluation,2,should,MD,MD,True
20_post_outbreak_evaluation,2,consider,VB,VB,True
20_post_outbreak_evaluation,2,epidemiological,JJ,VBN,False
20_post_outbreak_evaluation,2,outcomes,NNS,-NONE-,False
20_post_outbreak_evaluation,2,as,RB,IN,False
20_post_outbreak_evaluation,2,well,RB,RB,True
20_post_outbreak_evaluation,2,as,IN,IN,True
20_post_outbreak_evaluation,2,operational,JJ,JJ,True
20_post_outbreak_evaluation,2,",",",",",",True
20_post_outbreak_evaluation,2,social,JJ,JJ,True
20_post_outbreak_evaluation,2,",",",",",",True
20_post_outbreak_evaluation,2,and,CC,CC,True
20_post_outbreak_evaluation,2,economic,JJ,JJ,True
20_post_outbreak_evaluation,2,consequences,NNS,NNS,True
20_post_outbreak_evaluation,2,.,.,.,True
20_post_outbreak_evaluation,3,Useful,JJ,DT,False
20_post_outbreak_evaluation,3,indicators,NNS,NNS,True
20_post_outbreak_evaluation,3,may,MD,MD,True
20_post_outbreak_evaluation,3,include,VB,VB,True
20_post_outbreak_evaluation,3,time,NN,NN,True
20_post_outbreak_evaluation,3,from,IN,IN,True
20_post_outbreak_evaluation,3,signal,JJ,NN,False
20_post_outbreak_evaluation,3,detection,NN,-NONE-,False
20_post_outbreak_evaluation,3,to,TO,TO,True
20_post_outbreak_evaluation,3,investigation,NN,NN,True
20_post_outbreak_evaluation,3,",",",",",",True
20_post_outbreak_evaluation,3,testing,VBG,NN,False
20_post_outbreak_evaluation,3,turnaround,NN,NN,True
20_post_outbreak_evaluation,3,time,NN,NN,True
20_post_outbreak_evaluation,3,",",",",",",True
20_post_outbreak_evaluation,3,vaccination,NN,DT,False
20_post_outbreak_evaluation,3,coverage,NN,NN,True
20_post_outbreak_evaluation,3,",",",",",",True
20_post_outbreak_evaluation,3,hospitalization,NN,CC,False
20_post_outbreak_evaluation,3,trends,NNS,NNS,True
20_post_outbreak_evaluation,3,",",",",",",True
20_post_outbreak_evaluation,3,healthcare,NN,DT,False
20_post_outbreak_evaluation,3,capacity,NN,NN,True
20_post_outbreak_evaluation,3,",",",",",",True
20_post_outbreak_evaluation,3,communication,NN,DT,False
20_post_outbreak_evaluation,3,reach,NN,NN,True
20_post_outbreak_evaluation,3,",",",",",",True
20_post_outbreak_evaluation,3,and,CC,CC,True
20_post_outbreak_evaluation,3,the,DT,DT,True
20_post_outbreak_evaluation,3,timeliness,NN,NN,True
20_post_outbreak_evaluation,3,of,IN,IN,True
20_post_outbreak_evaluation,3,public-health,NN,DT,False
20_post_outbreak_evaluation,3,reporting,NN,NN,True
20_post_outbreak_evaluation,3,.,.,.,True
20_post_outbreak_evaluation,4,The,DT,DT,True
20_post_outbreak_evaluation,4,exact,JJ,JJ,True
20_post_outbreak_evaluation,4,measures,NNS,NNS,True
20_post_outbreak_evaluation,4,depend,VBP,VBP,True
20_post_outbreak_evaluation,4,on,IN,IN,True
20_post_outbreak_evaluation,4,the,DT,DT,True
20_post_outbreak_evaluation,4,outbreak,NN,NN,True
20_post_outbreak_evaluation,4,and,CC,CC,True
20_post_outbreak_evaluation,4,the,DT,DT,True
20_post_outbreak_evaluation,4,objectives,NNS,NNS,True
20_post_outbreak_evaluation,4,of,IN,IN,True
20_post_outbreak_evaluation,4,the,DT,DT,True
20_post_outbreak_evaluation,4,response,NN,NN,True
20_post_outbreak_evaluation,4,.,.,.,True
20_post_outbreak_evaluation,5,Evaluation,NN,PRP,False
20_post_outbreak_evaluation,5,should,MD,MD,True
20_post_outbreak_evaluation,5,distinguish,VB,VB,True
20_post_outbreak_evaluation,5,correlation,NN,RP,False
20_post_outbreak_evaluation,5,from,IN,IN,True
20_post_outbreak_evaluation,5,causation,NN,NNS,False
20_post_outbreak_evaluation,5,.,.,.,True
20_post_outbreak_evaluation,6,A,DT,DT,True
20_post_outbreak_evaluation,6,decline,NN,NN,True
20_post_outbreak_evaluation,6,in,IN,IN,True
20_post_outbreak_evaluation,6,cases,NNS,NNS,True
20_post_outbreak_evaluation,6,after,IN,IN,True
20_post_outbreak_evaluation,6,an,DT,DT,True
20_post_outbreak_evaluation,6,intervention,NN,NN,True
20_post_outbreak_evaluation,6,does,VBZ,VBZ,True
20_post_outbreak_evaluation,6,not,RB,RB,True
20_post_outbreak_evaluation,6,automatically,RB,MD,False
20_post_outbreak_evaluation,6,prove,VB,VB,True
20_post_outbreak_evaluation,6,that,IN,IN,True
20_post_outbreak_evaluation,6,the,DT,DT,True
20_post_outbreak_evaluation,6,intervention,NN,NN,True
20_post_outbreak_evaluation,6,caused,VBD,VBD,True
20_post_outbreak_evaluation,6,the,DT,DT,True
20_post_outbreak_evaluation,6,decline,NN,NN,True
20_post_outbreak_evaluation,6,because,IN,IN,True
20_post_outbreak_evaluation,6,transmission,NN,PRP,False
20_post_outbreak_evaluation,6,can,MD,MD,True
20_post_outbreak_evaluation,6,also,RB,RB,True
20_post_outbreak_evaluation,6,change,VB,VB,True
20_post_outbreak_evaluation,6,due,JJ,JJ,True
20_post_outbreak_evaluation,6,to,TO,TO,True
20_post_outbreak_evaluation,6,immunity,NN,VB,False
20_post_outbreak_evaluation,6,",",",",",",True
20_post_outbreak_evaluation,6,behavior,NN,NN,True
20_post_outbreak_evaluation,6,",",",",",",True
20_post_outbreak_evaluation,6,seasonality,NN,NNP,False
20_post_outbreak_evaluation,6,",",",",",",True
20_post_outbreak_evaluation,6,or,CC,CC,True
20_post_outbreak_evaluation,6,other,JJ,JJ,True
20_post_outbreak_evaluation,6,factors,NNS,NNS,True
20_post_outbreak_evaluation,6,.,.,.,True
20_post_outbreak_evaluation,7,After-action,JJ,``,False
20_post_outbreak_evaluation,7,reviews,NNS,PRP,False
20_post_outbreak_evaluation,7,can,MD,MD,True
20_post_outbreak_evaluation,7,translate,VB,VB,True
20_post_outbreak_evaluation,7,findings,NNS,NNS,True
20_post_outbreak_evaluation,7,into,IN,IN,True
20_post_outbreak_evaluation,7,concrete,JJ,JJ,True
20_post_outbreak_evaluation,7,improvements,NNS,NNS,True
20_post_outbreak_evaluation,7,.,.,.,True
20_post_outbreak_evaluation,8,These,DT,DT,True
20_post_outbreak_evaluation,8,may,MD,MD,True
20_post_outbreak_evaluation,8,include,VB,VB,True
20_post_outbreak_evaluation,8,updating,VBG,DT,False
20_post_outbreak_evaluation,8,response,NN,NN,True
20_post_outbreak_evaluation,8,plans,NNS,NNS,True
20_post_outbreak_evaluation,8,",",",",",",True
20_post_outbreak_evaluation,8,strengthening,VBG,'',False
20_post_outbreak_evaluation,8,laboratory,NN,VBZ,False
20_post_outbreak_evaluation,8,networks,NNS,RB,False
20_post_outbreak_evaluation,8,",",",",",",True
20_post_outbreak_evaluation,8,improving,VBG,VBG,True
20_post_outbreak_evaluation,8,data,NNS,NNS,True
20_post_outbreak_evaluation,8,interoperability,NN,RB,False
20_post_outbreak_evaluation,8,",",",",",",True
20_post_outbreak_evaluation,8,expanding,VBG,VBG,True
20_post_outbreak_evaluation,8,workforce,NN,NN,True
20_post_outbreak_evaluation,8,training,NN,NN,True
20_post_outbreak_evaluation,8,",",",",",",True
20_post_outbreak_evaluation,8,or,CC,CC,True
20_post_outbreak_evaluation,8,revising,VBG,VBG,True
20_post_outbreak_evaluation,8,communication,NN,NN,True
20_post_outbreak_evaluation,8,procedures,NNS,NNS,True
20_post_outbreak_evaluation,8,.,.,.,True
20_post_outbreak_evaluation,9,The,DT,DT,True
20_post_outbreak_evaluation,9,goal,NN,NN,True
20_post_outbreak_evaluation,9,is,VBZ,VBZ,True
20_post_outbreak_evaluation,9,to,TO,TO,True
20_post_outbreak_evaluation,9,convert,VB,VB,True
20_post_outbreak_evaluation,9,experience,NN,NN,True
20_post_outbreak_evaluation,9,into,IN,IN,True
20_post_outbreak_evaluation,9,preparedness,NN,NNS,False
20_post_outbreak_evaluation,9,for,IN,IN,True
20_post_outbreak_evaluation,9,future,JJ,JJ,True
20_post_outbreak_evaluation,9,infectious,JJ,JJ,True
20_post_outbreak_evaluation,9,disease,NN,NN,True
20_post_outbreak_evaluation,9,events,NNS,NNS,True
20_post_outbreak_evaluation,9,.,.,.,True
