Document_ID,Method,Token,POS_Tag
01_covid_transmission_and_prevention,NLTK,COVID-19,JJ
01_covid_transmission_and_prevention,NLTK,Transmission,NNP
01_covid_transmission_and_prevention,NLTK,and,CC
01_covid_transmission_and_prevention,NLTK,Community,NNP
01_covid_transmission_and_prevention,NLTK,Prevention,NNP
01_covid_transmission_and_prevention,NLTK,COVID-19,NNP
01_covid_transmission_and_prevention,NLTK,is,VBZ
01_covid_transmission_and_prevention,NLTK,caused,VBN
01_covid_transmission_and_prevention,NLTK,by,IN
01_covid_transmission_and_prevention,NLTK,infection,NN
01_covid_transmission_and_prevention,NLTK,with,IN
01_covid_transmission_and_prevention,NLTK,SARS-CoV-2,NNP
01_covid_transmission_and_prevention,NLTK,.,.
01_covid_transmission_and_prevention,NLTK,Transmission,NN
01_covid_transmission_and_prevention,NLTK,can,MD
01_covid_transmission_and_prevention,NLTK,occur,VB
01_covid_transmission_and_prevention,NLTK,when,WRB
01_covid_transmission_and_prevention,NLTK,an,DT
01_covid_transmission_and_prevention,NLTK,infected,JJ
01_covid_transmission_and_prevention,NLTK,person,NN
01_covid_transmission_and_prevention,NLTK,releases,VBZ
01_covid_transmission_and_prevention,NLTK,respiratory,JJ
01_covid_transmission_and_prevention,NLTK,particles,NNS
01_covid_transmission_and_prevention,NLTK,while,IN
01_covid_transmission_and_prevention,NLTK,breathing,VBG
01_covid_transmission_and_prevention,NLTK,",",","
01_covid_transmission_and_prevention,NLTK,speaking,NN
01_covid_transmission_and_prevention,NLTK,",",","
01_covid_transmission_and_prevention,NLTK,coughing,VBG
01_covid_transmission_and_prevention,NLTK,",",","
01_covid_transmission_and_prevention,NLTK,or,CC
01_covid_transmission_and_prevention,NLTK,sneezing,VBG
01_covid_transmission_and_prevention,NLTK,.,.
01_covid_transmission_and_prevention,NLTK,Risk,NNP
01_covid_transmission_and_prevention,NLTK,generally,RB
01_covid_transmission_and_prevention,NLTK,increases,VBZ
01_covid_transmission_and_prevention,NLTK,in,IN
01_covid_transmission_and_prevention,NLTK,crowded,VBN
01_covid_transmission_and_prevention,NLTK,or,CC
01_covid_transmission_and_prevention,NLTK,poorly,RB
01_covid_transmission_and_prevention,NLTK,ventilated,VBN
01_covid_transmission_and_prevention,NLTK,indoor,JJ
01_covid_transmission_and_prevention,NLTK,environments,NNS
01_covid_transmission_and_prevention,NLTK,and,CC
01_covid_transmission_and_prevention,NLTK,when,WRB
01_covid_transmission_and_prevention,NLTK,people,NNS
01_covid_transmission_and_prevention,NLTK,are,VBP
01_covid_transmission_and_prevention,NLTK,in,IN
01_covid_transmission_and_prevention,NLTK,close,JJ
01_covid_transmission_and_prevention,NLTK,proximity,NN
01_covid_transmission_and_prevention,NLTK,for,IN
01_covid_transmission_and_prevention,NLTK,prolonged,JJ
01_covid_transmission_and_prevention,NLTK,periods,NNS
01_covid_transmission_and_prevention,NLTK,.,.
01_covid_transmission_and_prevention,NLTK,Prevention,NNP
01_covid_transmission_and_prevention,NLTK,therefore,RB
01_covid_transmission_and_prevention,NLTK,combines,VBZ
01_covid_transmission_and_prevention,NLTK,several,JJ
01_covid_transmission_and_prevention,NLTK,measures,NNS
01_covid_transmission_and_prevention,NLTK,rather,RB
01_covid_transmission_and_prevention,NLTK,than,IN
01_covid_transmission_and_prevention,NLTK,relying,VBG
01_covid_transmission_and_prevention,NLTK,on,IN
01_covid_transmission_and_prevention,NLTK,a,DT
01_covid_transmission_and_prevention,NLTK,single,JJ
01_covid_transmission_and_prevention,NLTK,intervention,NN
01_covid_transmission_and_prevention,NLTK,.,.
01_covid_transmission_and_prevention,NLTK,Improving,VBG
01_covid_transmission_and_prevention,NLTK,indoor,JJ
01_covid_transmission_and_prevention,NLTK,ventilation,NN
01_covid_transmission_and_prevention,NLTK,and,CC
01_covid_transmission_and_prevention,NLTK,filtration,NN
01_covid_transmission_and_prevention,NLTK,can,MD
01_covid_transmission_and_prevention,NLTK,reduce,VB
01_covid_transmission_and_prevention,NLTK,the,DT
01_covid_transmission_and_prevention,NLTK,concentration,NN
01_covid_transmission_and_prevention,NLTK,of,IN
01_covid_transmission_and_prevention,NLTK,infectious,JJ
01_covid_transmission_and_prevention,NLTK,particles,NNS
01_covid_transmission_and_prevention,NLTK,in,IN
01_covid_transmission_and_prevention,NLTK,shared,VBN
01_covid_transmission_and_prevention,NLTK,air,NN
01_covid_transmission_and_prevention,NLTK,.,.
01_covid_transmission_and_prevention,NLTK,Staying,VBG
01_covid_transmission_and_prevention,NLTK,home,NN
01_covid_transmission_and_prevention,NLTK,when,WRB
01_covid_transmission_and_prevention,NLTK,acutely,RB
01_covid_transmission_and_prevention,NLTK,ill,VB
01_covid_transmission_and_prevention,NLTK,can,MD
01_covid_transmission_and_prevention,NLTK,reduce,VB
01_covid_transmission_and_prevention,NLTK,exposure,NN
01_covid_transmission_and_prevention,NLTK,to,TO
01_covid_transmission_and_prevention,NLTK,other,JJ
01_covid_transmission_and_prevention,NLTK,people,NNS
01_covid_transmission_and_prevention,NLTK,.,.
01_covid_transmission_and_prevention,NLTK,Mask,NNP
01_covid_transmission_and_prevention,NLTK,use,NN
01_covid_transmission_and_prevention,NLTK,can,MD
01_covid_transmission_and_prevention,NLTK,provide,VB
01_covid_transmission_and_prevention,NLTK,an,DT
01_covid_transmission_and_prevention,NLTK,additional,JJ
01_covid_transmission_and_prevention,NLTK,layer,NN
01_covid_transmission_and_prevention,NLTK,of,IN
01_covid_transmission_and_prevention,NLTK,protection,NN
01_covid_transmission_and_prevention,NLTK,in,IN
01_covid_transmission_and_prevention,NLTK,settings,NNS
01_covid_transmission_and_prevention,NLTK,where,WRB
01_covid_transmission_and_prevention,NLTK,respiratory,NN
01_covid_transmission_and_prevention,NLTK,virus,NN
01_covid_transmission_and_prevention,NLTK,transmission,NN
01_covid_transmission_and_prevention,NLTK,is,VBZ
01_covid_transmission_and_prevention,NLTK,elevated,VBN
01_covid_transmission_and_prevention,NLTK,or,CC
01_covid_transmission_and_prevention,NLTK,where,WRB
01_covid_transmission_and_prevention,NLTK,vulnerable,JJ
01_covid_transmission_and_prevention,NLTK,people,NNS
01_covid_transmission_and_prevention,NLTK,are,VBP
01_covid_transmission_and_prevention,NLTK,present,JJ
01_covid_transmission_and_prevention,NLTK,.,.
01_covid_transmission_and_prevention,NLTK,Hand,NNP
01_covid_transmission_and_prevention,NLTK,hygiene,NN
01_covid_transmission_and_prevention,NLTK,remains,VBZ
01_covid_transmission_and_prevention,NLTK,useful,JJ
01_covid_transmission_and_prevention,NLTK,for,IN
01_covid_transmission_and_prevention,NLTK,reducing,VBG
01_covid_transmission_and_prevention,NLTK,transmission,NN
01_covid_transmission_and_prevention,NLTK,of,IN
01_covid_transmission_and_prevention,NLTK,many,JJ
01_covid_transmission_and_prevention,NLTK,infections,NNS
01_covid_transmission_and_prevention,NLTK,",",","
01_covid_transmission_and_prevention,NLTK,although,IN
01_covid_transmission_and_prevention,NLTK,respiratory,JJ
01_covid_transmission_and_prevention,NLTK,transmission,NN
01_covid_transmission_and_prevention,NLTK,is,VBZ
01_covid_transmission_and_prevention,NLTK,a,DT
01_covid_transmission_and_prevention,NLTK,major,JJ
01_covid_transmission_and_prevention,NLTK,route,NN
01_covid_transmission_and_prevention,NLTK,for,IN
01_covid_transmission_and_prevention,NLTK,COVID-19,NNP
01_covid_transmission_and_prevention,NLTK,.,.
01_covid_transmission_and_prevention,NLTK,Vaccination,NNP
01_covid_transmission_and_prevention,NLTK,is,VBZ
01_covid_transmission_and_prevention,NLTK,an,DT
01_covid_transmission_and_prevention,NLTK,important,JJ
01_covid_transmission_and_prevention,NLTK,prevention,NN
01_covid_transmission_and_prevention,NLTK,measure,NN
01_covid_transmission_and_prevention,NLTK,because,IN
01_covid_transmission_and_prevention,NLTK,it,PRP
01_covid_transmission_and_prevention,NLTK,prepares,VBZ
01_covid_transmission_and_prevention,NLTK,the,DT
01_covid_transmission_and_prevention,NLTK,immune,NN
01_covid_transmission_and_prevention,NLTK,system,NN
01_covid_transmission_and_prevention,NLTK,to,TO
01_covid_transmission_and_prevention,NLTK,respond,VB
01_covid_transmission_and_prevention,NLTK,to,TO
01_covid_transmission_and_prevention,NLTK,the,DT
01_covid_transmission_and_prevention,NLTK,virus,NN
01_covid_transmission_and_prevention,NLTK,.,.
01_covid_transmission_and_prevention,NLTK,Vaccine,NNP
01_covid_transmission_and_prevention,NLTK,protection,NN
01_covid_transmission_and_prevention,NLTK,against,IN
01_covid_transmission_and_prevention,NLTK,infection,NN
01_covid_transmission_and_prevention,NLTK,can,MD
01_covid_transmission_and_prevention,NLTK,change,VB
01_covid_transmission_and_prevention,NLTK,over,IN
01_covid_transmission_and_prevention,NLTK,time,NN
01_covid_transmission_and_prevention,NLTK,and,CC
01_covid_transmission_and_prevention,NLTK,across,IN
01_covid_transmission_and_prevention,NLTK,variants,NNS
01_covid_transmission_and_prevention,NLTK,",",","
01_covid_transmission_and_prevention,NLTK,while,IN
01_covid_transmission_and_prevention,NLTK,protection,NN
01_covid_transmission_and_prevention,NLTK,against,IN
01_covid_transmission_and_prevention,NLTK,severe,JJ
01_covid_transmission_and_prevention,NLTK,disease,NN
01_covid_transmission_and_prevention,NLTK,can,MD
01_covid_transmission_and_prevention,NLTK,remain,VB
01_covid_transmission_and_prevention,NLTK,stronger,JJR
01_covid_transmission_and_prevention,NLTK,.,.
01_covid_transmission_and_prevention,NLTK,Public-health,NN
01_covid_transmission_and_prevention,NLTK,programs,NNS
01_covid_transmission_and_prevention,NLTK,therefore,RB
01_covid_transmission_and_prevention,NLTK,consider,VBP
01_covid_transmission_and_prevention,NLTK,vaccination,NN
01_covid_transmission_and_prevention,NLTK,together,RB
01_covid_transmission_and_prevention,NLTK,with,IN
01_covid_transmission_and_prevention,NLTK,surveillance,NN
01_covid_transmission_and_prevention,NLTK,",",","
01_covid_transmission_and_prevention,NLTK,clinical,JJ
01_covid_transmission_and_prevention,NLTK,care,NN
01_covid_transmission_and_prevention,NLTK,",",","
01_covid_transmission_and_prevention,NLTK,ventilation,NN
01_covid_transmission_and_prevention,NLTK,",",","
01_covid_transmission_and_prevention,NLTK,and,CC
01_covid_transmission_and_prevention,NLTK,risk-based,JJ
01_covid_transmission_and_prevention,NLTK,protective,JJ
01_covid_transmission_and_prevention,NLTK,measures,NNS
01_covid_transmission_and_prevention,NLTK,.,.
01_covid_transmission_and_prevention,NLTK,Community,NNP
01_covid_transmission_and_prevention,NLTK,prevention,NN
01_covid_transmission_and_prevention,NLTK,works,VBZ
01_covid_transmission_and_prevention,NLTK,best,RBS
01_covid_transmission_and_prevention,NLTK,when,WRB
01_covid_transmission_and_prevention,NLTK,measures,NNS
01_covid_transmission_and_prevention,NLTK,are,VBP
01_covid_transmission_and_prevention,NLTK,matched,VBN
01_covid_transmission_and_prevention,NLTK,to,TO
01_covid_transmission_and_prevention,NLTK,the,DT
01_covid_transmission_and_prevention,NLTK,local,JJ
01_covid_transmission_and_prevention,NLTK,epidemiological,JJ
01_covid_transmission_and_prevention,NLTK,situation,NN
01_covid_transmission_and_prevention,NLTK,.,.
01_covid_transmission_and_prevention,NLTK,Public-health,NNP
01_covid_transmission_and_prevention,NLTK,authorities,NNS
01_covid_transmission_and_prevention,NLTK,may,MD
01_covid_transmission_and_prevention,NLTK,use,VB
01_covid_transmission_and_prevention,NLTK,indicators,NNS
01_covid_transmission_and_prevention,NLTK,such,JJ
01_covid_transmission_and_prevention,NLTK,as,IN
01_covid_transmission_and_prevention,NLTK,reported,JJ
01_covid_transmission_and_prevention,NLTK,cases,NNS
01_covid_transmission_and_prevention,NLTK,",",","
01_covid_transmission_and_prevention,NLTK,hospitalizations,NNS
01_covid_transmission_and_prevention,NLTK,",",","
01_covid_transmission_and_prevention,NLTK,wastewater,NN
01_covid_transmission_and_prevention,NLTK,signals,NNS
01_covid_transmission_and_prevention,NLTK,",",","
01_covid_transmission_and_prevention,NLTK,and,CC
01_covid_transmission_and_prevention,NLTK,outbreak,JJ
01_covid_transmission_and_prevention,NLTK,reports,NNS
01_covid_transmission_and_prevention,NLTK,to,TO
01_covid_transmission_and_prevention,NLTK,guide,VB
01_covid_transmission_and_prevention,NLTK,communication,NN
01_covid_transmission_and_prevention,NLTK,and,CC
01_covid_transmission_and_prevention,NLTK,interventions,NNS
01_covid_transmission_and_prevention,NLTK,.,.
01_covid_transmission_and_prevention,NLTK,Individuals,NNS
01_covid_transmission_and_prevention,NLTK,can,MD
01_covid_transmission_and_prevention,NLTK,reduce,VB
01_covid_transmission_and_prevention,NLTK,risk,NN
01_covid_transmission_and_prevention,NLTK,by,IN
01_covid_transmission_and_prevention,NLTK,considering,VBG
01_covid_transmission_and_prevention,NLTK,the,DT
01_covid_transmission_and_prevention,NLTK,intensity,NN
01_covid_transmission_and_prevention,NLTK,of,IN
01_covid_transmission_and_prevention,NLTK,local,JJ
01_covid_transmission_and_prevention,NLTK,transmission,NN
01_covid_transmission_and_prevention,NLTK,",",","
01_covid_transmission_and_prevention,NLTK,their,PRP$
01_covid_transmission_and_prevention,NLTK,own,JJ
01_covid_transmission_and_prevention,NLTK,health,NN
01_covid_transmission_and_prevention,NLTK,risks,NNS
01_covid_transmission_and_prevention,NLTK,",",","
01_covid_transmission_and_prevention,NLTK,and,CC
01_covid_transmission_and_prevention,NLTK,the,DT
01_covid_transmission_and_prevention,NLTK,vulnerability,NN
01_covid_transmission_and_prevention,NLTK,of,IN
01_covid_transmission_and_prevention,NLTK,people,NNS
01_covid_transmission_and_prevention,NLTK,around,IN
01_covid_transmission_and_prevention,NLTK,them,PRP
01_covid_transmission_and_prevention,NLTK,.,.
01_covid_transmission_and_prevention,spaCy,COVID-19,PROPN
01_covid_transmission_and_prevention,spaCy,Transmission,PROPN
01_covid_transmission_and_prevention,spaCy,and,CCONJ
01_covid_transmission_and_prevention,spaCy,Community,PROPN
01_covid_transmission_and_prevention,spaCy,Prevention,PROPN
01_covid_transmission_and_prevention,spaCy,COVID-19,NOUN
01_covid_transmission_and_prevention,spaCy,is,AUX
01_covid_transmission_and_prevention,spaCy,caused,VERB
01_covid_transmission_and_prevention,spaCy,by,ADP
01_covid_transmission_and_prevention,spaCy,infection,NOUN
01_covid_transmission_and_prevention,spaCy,with,ADP
01_covid_transmission_and_prevention,spaCy,SARS,PROPN
01_covid_transmission_and_prevention,spaCy,-,PUNCT
01_covid_transmission_and_prevention,spaCy,CoV-2,PROPN
01_covid_transmission_and_prevention,spaCy,.,PUNCT
01_covid_transmission_and_prevention,spaCy,Transmission,NOUN
01_covid_transmission_and_prevention,spaCy,can,AUX
01_covid_transmission_and_prevention,spaCy,occur,VERB
01_covid_transmission_and_prevention,spaCy,when,SCONJ
01_covid_transmission_and_prevention,spaCy,an,DET
01_covid_transmission_and_prevention,spaCy,infected,ADJ
01_covid_transmission_and_prevention,spaCy,person,NOUN
01_covid_transmission_and_prevention,spaCy,releases,VERB
01_covid_transmission_and_prevention,spaCy,respiratory,ADJ
01_covid_transmission_and_prevention,spaCy,particles,NOUN
01_covid_transmission_and_prevention,spaCy,while,SCONJ
01_covid_transmission_and_prevention,spaCy,breathing,NOUN
01_covid_transmission_and_prevention,spaCy,",",PUNCT
01_covid_transmission_and_prevention,spaCy,speaking,VERB
01_covid_transmission_and_prevention,spaCy,",",PUNCT
01_covid_transmission_and_prevention,spaCy,coughing,NOUN
01_covid_transmission_and_prevention,spaCy,",",PUNCT
01_covid_transmission_and_prevention,spaCy,or,CCONJ
01_covid_transmission_and_prevention,spaCy,sneezing,VERB
01_covid_transmission_and_prevention,spaCy,.,PUNCT
01_covid_transmission_and_prevention,spaCy,Risk,NOUN
01_covid_transmission_and_prevention,spaCy,generally,ADV
01_covid_transmission_and_prevention,spaCy,increases,VERB
01_covid_transmission_and_prevention,spaCy,in,ADP
01_covid_transmission_and_prevention,spaCy,crowded,ADJ
01_covid_transmission_and_prevention,spaCy,or,CCONJ
01_covid_transmission_and_prevention,spaCy,poorly,ADV
01_covid_transmission_and_prevention,spaCy,ventilated,VERB
01_covid_transmission_and_prevention,spaCy,indoor,ADJ
01_covid_transmission_and_prevention,spaCy,environments,NOUN
01_covid_transmission_and_prevention,spaCy,and,CCONJ
01_covid_transmission_and_prevention,spaCy,when,SCONJ
01_covid_transmission_and_prevention,spaCy,people,NOUN
01_covid_transmission_and_prevention,spaCy,are,AUX
01_covid_transmission_and_prevention,spaCy,in,ADP
01_covid_transmission_and_prevention,spaCy,close,ADJ
01_covid_transmission_and_prevention,spaCy,proximity,NOUN
01_covid_transmission_and_prevention,spaCy,for,ADP
01_covid_transmission_and_prevention,spaCy,prolonged,ADJ
01_covid_transmission_and_prevention,spaCy,periods,NOUN
01_covid_transmission_and_prevention,spaCy,.,PUNCT
01_covid_transmission_and_prevention,spaCy,Prevention,NOUN
01_covid_transmission_and_prevention,spaCy,therefore,ADV
01_covid_transmission_and_prevention,spaCy,combines,VERB
01_covid_transmission_and_prevention,spaCy,several,ADJ
01_covid_transmission_and_prevention,spaCy,measures,NOUN
01_covid_transmission_and_prevention,spaCy,rather,ADV
01_covid_transmission_and_prevention,spaCy,than,ADP
01_covid_transmission_and_prevention,spaCy,relying,VERB
01_covid_transmission_and_prevention,spaCy,on,ADP
01_covid_transmission_and_prevention,spaCy,a,DET
01_covid_transmission_and_prevention,spaCy,single,ADJ
01_covid_transmission_and_prevention,spaCy,intervention,NOUN
01_covid_transmission_and_prevention,spaCy,.,PUNCT
01_covid_transmission_and_prevention,spaCy,Improving,VERB
01_covid_transmission_and_prevention,spaCy,indoor,ADJ
01_covid_transmission_and_prevention,spaCy,ventilation,NOUN
01_covid_transmission_and_prevention,spaCy,and,CCONJ
01_covid_transmission_and_prevention,spaCy,filtration,NOUN
01_covid_transmission_and_prevention,spaCy,can,AUX
01_covid_transmission_and_prevention,spaCy,reduce,VERB
01_covid_transmission_and_prevention,spaCy,the,DET
01_covid_transmission_and_prevention,spaCy,concentration,NOUN
01_covid_transmission_and_prevention,spaCy,of,ADP
01_covid_transmission_and_prevention,spaCy,infectious,ADJ
01_covid_transmission_and_prevention,spaCy,particles,NOUN
01_covid_transmission_and_prevention,spaCy,in,ADP
01_covid_transmission_and_prevention,spaCy,shared,VERB
01_covid_transmission_and_prevention,spaCy,air,NOUN
01_covid_transmission_and_prevention,spaCy,.,PUNCT
01_covid_transmission_and_prevention,spaCy,Staying,VERB
01_covid_transmission_and_prevention,spaCy,home,ADV
01_covid_transmission_and_prevention,spaCy,when,SCONJ
01_covid_transmission_and_prevention,spaCy,acutely,ADV
01_covid_transmission_and_prevention,spaCy,ill,ADJ
01_covid_transmission_and_prevention,spaCy,can,AUX
01_covid_transmission_and_prevention,spaCy,reduce,VERB
01_covid_transmission_and_prevention,spaCy,exposure,NOUN
01_covid_transmission_and_prevention,spaCy,to,ADP
01_covid_transmission_and_prevention,spaCy,other,ADJ
01_covid_transmission_and_prevention,spaCy,people,NOUN
01_covid_transmission_and_prevention,spaCy,.,PUNCT
01_covid_transmission_and_prevention,spaCy,Mask,NOUN
01_covid_transmission_and_prevention,spaCy,use,NOUN
01_covid_transmission_and_prevention,spaCy,can,AUX
01_covid_transmission_and_prevention,spaCy,provide,VERB
01_covid_transmission_and_prevention,spaCy,an,DET
01_covid_transmission_and_prevention,spaCy,additional,ADJ
01_covid_transmission_and_prevention,spaCy,layer,NOUN
01_covid_transmission_and_prevention,spaCy,of,ADP
01_covid_transmission_and_prevention,spaCy,protection,NOUN
01_covid_transmission_and_prevention,spaCy,in,ADP
01_covid_transmission_and_prevention,spaCy,settings,NOUN
01_covid_transmission_and_prevention,spaCy,where,SCONJ
01_covid_transmission_and_prevention,spaCy,respiratory,ADJ
01_covid_transmission_and_prevention,spaCy,virus,NOUN
01_covid_transmission_and_prevention,spaCy,transmission,NOUN
01_covid_transmission_and_prevention,spaCy,is,AUX
01_covid_transmission_and_prevention,spaCy,elevated,VERB
01_covid_transmission_and_prevention,spaCy,or,CCONJ
01_covid_transmission_and_prevention,spaCy,where,SCONJ
01_covid_transmission_and_prevention,spaCy,vulnerable,ADJ
01_covid_transmission_and_prevention,spaCy,people,NOUN
01_covid_transmission_and_prevention,spaCy,are,AUX
01_covid_transmission_and_prevention,spaCy,present,ADJ
01_covid_transmission_and_prevention,spaCy,.,PUNCT
01_covid_transmission_and_prevention,spaCy,Hand,NOUN
01_covid_transmission_and_prevention,spaCy,hygiene,NOUN
01_covid_transmission_and_prevention,spaCy,remains,VERB
01_covid_transmission_and_prevention,spaCy,useful,ADJ
01_covid_transmission_and_prevention,spaCy,for,ADP
01_covid_transmission_and_prevention,spaCy,reducing,VERB
01_covid_transmission_and_prevention,spaCy,transmission,NOUN
01_covid_transmission_and_prevention,spaCy,of,ADP
01_covid_transmission_and_prevention,spaCy,many,ADJ
01_covid_transmission_and_prevention,spaCy,infections,NOUN
01_covid_transmission_and_prevention,spaCy,",",PUNCT
01_covid_transmission_and_prevention,spaCy,although,SCONJ
01_covid_transmission_and_prevention,spaCy,respiratory,ADJ
01_covid_transmission_and_prevention,spaCy,transmission,NOUN
01_covid_transmission_and_prevention,spaCy,is,AUX
01_covid_transmission_and_prevention,spaCy,a,DET
01_covid_transmission_and_prevention,spaCy,major,ADJ
01_covid_transmission_and_prevention,spaCy,route,NOUN
01_covid_transmission_and_prevention,spaCy,for,ADP
01_covid_transmission_and_prevention,spaCy,COVID-19,NOUN
01_covid_transmission_and_prevention,spaCy,.,PUNCT
01_covid_transmission_and_prevention,spaCy,Vaccination,PROPN
01_covid_transmission_and_prevention,spaCy,is,AUX
01_covid_transmission_and_prevention,spaCy,an,DET
01_covid_transmission_and_prevention,spaCy,important,ADJ
01_covid_transmission_and_prevention,spaCy,prevention,NOUN
01_covid_transmission_and_prevention,spaCy,measure,NOUN
01_covid_transmission_and_prevention,spaCy,because,SCONJ
01_covid_transmission_and_prevention,spaCy,it,PRON
01_covid_transmission_and_prevention,spaCy,prepares,VERB
01_covid_transmission_and_prevention,spaCy,the,DET
01_covid_transmission_and_prevention,spaCy,immune,ADJ
01_covid_transmission_and_prevention,spaCy,system,NOUN
01_covid_transmission_and_prevention,spaCy,to,PART
01_covid_transmission_and_prevention,spaCy,respond,VERB
01_covid_transmission_and_prevention,spaCy,to,ADP
01_covid_transmission_and_prevention,spaCy,the,DET
01_covid_transmission_and_prevention,spaCy,virus,NOUN
01_covid_transmission_and_prevention,spaCy,.,PUNCT
01_covid_transmission_and_prevention,spaCy,Vaccine,NOUN
01_covid_transmission_and_prevention,spaCy,protection,NOUN
01_covid_transmission_and_prevention,spaCy,against,ADP
01_covid_transmission_and_prevention,spaCy,infection,NOUN
01_covid_transmission_and_prevention,spaCy,can,AUX
01_covid_transmission_and_prevention,spaCy,change,VERB
01_covid_transmission_and_prevention,spaCy,over,ADP
01_covid_transmission_and_prevention,spaCy,time,NOUN
01_covid_transmission_and_prevention,spaCy,and,CCONJ
01_covid_transmission_and_prevention,spaCy,across,ADP
01_covid_transmission_and_prevention,spaCy,variants,NOUN
01_covid_transmission_and_prevention,spaCy,",",PUNCT
01_covid_transmission_and_prevention,spaCy,while,SCONJ
01_covid_transmission_and_prevention,spaCy,protection,NOUN
01_covid_transmission_and_prevention,spaCy,against,ADP
01_covid_transmission_and_prevention,spaCy,severe,ADJ
01_covid_transmission_and_prevention,spaCy,disease,NOUN
01_covid_transmission_and_prevention,spaCy,can,AUX
01_covid_transmission_and_prevention,spaCy,remain,VERB
01_covid_transmission_and_prevention,spaCy,stronger,ADJ
01_covid_transmission_and_prevention,spaCy,.,PUNCT
01_covid_transmission_and_prevention,spaCy,Public,ADJ
01_covid_transmission_and_prevention,spaCy,-,PUNCT
01_covid_transmission_and_prevention,spaCy,health,NOUN
01_covid_transmission_and_prevention,spaCy,programs,NOUN
01_covid_transmission_and_prevention,spaCy,therefore,ADV
01_covid_transmission_and_prevention,spaCy,consider,VERB
01_covid_transmission_and_prevention,spaCy,vaccination,NOUN
01_covid_transmission_and_prevention,spaCy,together,ADV
01_covid_transmission_and_prevention,spaCy,with,ADP
01_covid_transmission_and_prevention,spaCy,surveillance,NOUN
01_covid_transmission_and_prevention,spaCy,",",PUNCT
01_covid_transmission_and_prevention,spaCy,clinical,ADJ
01_covid_transmission_and_prevention,spaCy,care,NOUN
01_covid_transmission_and_prevention,spaCy,",",PUNCT
01_covid_transmission_and_prevention,spaCy,ventilation,NOUN
01_covid_transmission_and_prevention,spaCy,",",PUNCT
01_covid_transmission_and_prevention,spaCy,and,CCONJ
01_covid_transmission_and_prevention,spaCy,risk,NOUN
01_covid_transmission_and_prevention,spaCy,-,PUNCT
01_covid_transmission_and_prevention,spaCy,based,VERB
01_covid_transmission_and_prevention,spaCy,protective,ADJ
01_covid_transmission_and_prevention,spaCy,measures,NOUN
01_covid_transmission_and_prevention,spaCy,.,PUNCT
01_covid_transmission_and_prevention,spaCy,Community,NOUN
01_covid_transmission_and_prevention,spaCy,prevention,NOUN
01_covid_transmission_and_prevention,spaCy,works,VERB
01_covid_transmission_and_prevention,spaCy,best,ADV
01_covid_transmission_and_prevention,spaCy,when,SCONJ
01_covid_transmission_and_prevention,spaCy,measures,NOUN
01_covid_transmission_and_prevention,spaCy,are,AUX
01_covid_transmission_and_prevention,spaCy,matched,VERB
01_covid_transmission_and_prevention,spaCy,to,ADP
01_covid_transmission_and_prevention,spaCy,the,DET
01_covid_transmission_and_prevention,spaCy,local,ADJ
01_covid_transmission_and_prevention,spaCy,epidemiological,ADJ
01_covid_transmission_and_prevention,spaCy,situation,NOUN
01_covid_transmission_and_prevention,spaCy,.,PUNCT
01_covid_transmission_and_prevention,spaCy,Public,ADJ
01_covid_transmission_and_prevention,spaCy,-,PUNCT
01_covid_transmission_and_prevention,spaCy,health,NOUN
01_covid_transmission_and_prevention,spaCy,authorities,NOUN
01_covid_transmission_and_prevention,spaCy,may,AUX
01_covid_transmission_and_prevention,spaCy,use,VERB
01_covid_transmission_and_prevention,spaCy,indicators,NOUN
01_covid_transmission_and_prevention,spaCy,such,ADJ
01_covid_transmission_and_prevention,spaCy,as,ADP
01_covid_transmission_and_prevention,spaCy,reported,VERB
01_covid_transmission_and_prevention,spaCy,cases,NOUN
01_covid_transmission_and_prevention,spaCy,",",PUNCT
01_covid_transmission_and_prevention,spaCy,hospitalizations,NOUN
01_covid_transmission_and_prevention,spaCy,",",PUNCT
01_covid_transmission_and_prevention,spaCy,wastewater,NOUN
01_covid_transmission_and_prevention,spaCy,signals,NOUN
01_covid_transmission_and_prevention,spaCy,",",PUNCT
01_covid_transmission_and_prevention,spaCy,and,CCONJ
01_covid_transmission_and_prevention,spaCy,outbreak,VERB
01_covid_transmission_and_prevention,spaCy,reports,NOUN
01_covid_transmission_and_prevention,spaCy,to,PART
01_covid_transmission_and_prevention,spaCy,guide,VERB
01_covid_transmission_and_prevention,spaCy,communication,NOUN
01_covid_transmission_and_prevention,spaCy,and,CCONJ
01_covid_transmission_and_prevention,spaCy,interventions,NOUN
01_covid_transmission_and_prevention,spaCy,.,PUNCT
01_covid_transmission_and_prevention,spaCy,Individuals,NOUN
01_covid_transmission_and_prevention,spaCy,can,AUX
01_covid_transmission_and_prevention,spaCy,reduce,VERB
01_covid_transmission_and_prevention,spaCy,risk,NOUN
01_covid_transmission_and_prevention,spaCy,by,ADP
01_covid_transmission_and_prevention,spaCy,considering,VERB
01_covid_transmission_and_prevention,spaCy,the,DET
01_covid_transmission_and_prevention,spaCy,intensity,NOUN
01_covid_transmission_and_prevention,spaCy,of,ADP
01_covid_transmission_and_prevention,spaCy,local,ADJ
01_covid_transmission_and_prevention,spaCy,transmission,NOUN
01_covid_transmission_and_prevention,spaCy,",",PUNCT
01_covid_transmission_and_prevention,spaCy,their,PRON
01_covid_transmission_and_prevention,spaCy,own,ADJ
01_covid_transmission_and_prevention,spaCy,health,NOUN
01_covid_transmission_and_prevention,spaCy,risks,NOUN
01_covid_transmission_and_prevention,spaCy,",",PUNCT
01_covid_transmission_and_prevention,spaCy,and,CCONJ
01_covid_transmission_and_prevention,spaCy,the,DET
01_covid_transmission_and_prevention,spaCy,vulnerability,NOUN
01_covid_transmission_and_prevention,spaCy,of,ADP
01_covid_transmission_and_prevention,spaCy,people,NOUN
01_covid_transmission_and_prevention,spaCy,around,ADP
01_covid_transmission_and_prevention,spaCy,them,PRON
01_covid_transmission_and_prevention,spaCy,.,PUNCT
01_covid_transmission_and_prevention,Custom_Rule_Based,COVID-19,NN
01_covid_transmission_and_prevention,Custom_Rule_Based,Transmission,NN
01_covid_transmission_and_prevention,Custom_Rule_Based,and,CC
01_covid_transmission_and_prevention,Custom_Rule_Based,Community,NNP
01_covid_transmission_and_prevention,Custom_Rule_Based,Prevention,NNP
01_covid_transmission_and_prevention,Custom_Rule_Based,COVID-19,NN
01_covid_transmission_and_prevention,Custom_Rule_Based,is,VBZ
01_covid_transmission_and_prevention,Custom_Rule_Based,caused,VBN
01_covid_transmission_and_prevention,Custom_Rule_Based,by,IN
01_covid_transmission_and_prevention,Custom_Rule_Based,infection,NN
01_covid_transmission_and_prevention,Custom_Rule_Based,with,IN
01_covid_transmission_and_prevention,Custom_Rule_Based,SARS-CoV-2,NN
01_covid_transmission_and_prevention,Custom_Rule_Based,.,.
01_covid_transmission_and_prevention,Custom_Rule_Based,Transmission,NN
01_covid_transmission_and_prevention,Custom_Rule_Based,can,MD
01_covid_transmission_and_prevention,Custom_Rule_Based,occur,VB
01_covid_transmission_and_prevention,Custom_Rule_Based,when,WRB
01_covid_transmission_and_prevention,Custom_Rule_Based,an,DT
01_covid_transmission_and_prevention,Custom_Rule_Based,infected,JJ
01_covid_transmission_and_prevention,Custom_Rule_Based,person,NN
01_covid_transmission_and_prevention,Custom_Rule_Based,releases,VBZ
01_covid_transmission_and_prevention,Custom_Rule_Based,respiratory,JJ
01_covid_transmission_and_prevention,Custom_Rule_Based,particles,NNS
01_covid_transmission_and_prevention,Custom_Rule_Based,while,IN
01_covid_transmission_and_prevention,Custom_Rule_Based,breathing,VBG
01_covid_transmission_and_prevention,Custom_Rule_Based,",",","
01_covid_transmission_and_prevention,Custom_Rule_Based,speaking,NN
01_covid_transmission_and_prevention,Custom_Rule_Based,",",","
01_covid_transmission_and_prevention,Custom_Rule_Based,coughing,VBG
01_covid_transmission_and_prevention,Custom_Rule_Based,",",","
01_covid_transmission_and_prevention,Custom_Rule_Based,or,CC
01_covid_transmission_and_prevention,Custom_Rule_Based,sneezing,VBG
01_covid_transmission_and_prevention,Custom_Rule_Based,.,.
01_covid_transmission_and_prevention,Custom_Rule_Based,Risk,NNP
01_covid_transmission_and_prevention,Custom_Rule_Based,generally,RB
01_covid_transmission_and_prevention,Custom_Rule_Based,increases,VBZ
01_covid_transmission_and_prevention,Custom_Rule_Based,in,IN
01_covid_transmission_and_prevention,Custom_Rule_Based,crowded,VBN
01_covid_transmission_and_prevention,Custom_Rule_Based,or,CC
01_covid_transmission_and_prevention,Custom_Rule_Based,poorly,RB
01_covid_transmission_and_prevention,Custom_Rule_Based,ventilated,VBN
01_covid_transmission_and_prevention,Custom_Rule_Based,indoor,JJ
01_covid_transmission_and_prevention,Custom_Rule_Based,environments,NNS
01_covid_transmission_and_prevention,Custom_Rule_Based,and,CC
01_covid_transmission_and_prevention,Custom_Rule_Based,when,WRB
01_covid_transmission_and_prevention,Custom_Rule_Based,people,NNS
01_covid_transmission_and_prevention,Custom_Rule_Based,are,VBP
01_covid_transmission_and_prevention,Custom_Rule_Based,in,IN
01_covid_transmission_and_prevention,Custom_Rule_Based,close,JJ
01_covid_transmission_and_prevention,Custom_Rule_Based,proximity,NN
01_covid_transmission_and_prevention,Custom_Rule_Based,for,IN
01_covid_transmission_and_prevention,Custom_Rule_Based,prolonged,JJ
01_covid_transmission_and_prevention,Custom_Rule_Based,periods,NNS
01_covid_transmission_and_prevention,Custom_Rule_Based,.,.
01_covid_transmission_and_prevention,Custom_Rule_Based,Prevention,NNP
01_covid_transmission_and_prevention,Custom_Rule_Based,therefore,RB
01_covid_transmission_and_prevention,Custom_Rule_Based,combines,VBZ
01_covid_transmission_and_prevention,Custom_Rule_Based,several,JJ
01_covid_transmission_and_prevention,Custom_Rule_Based,measures,NNS
01_covid_transmission_and_prevention,Custom_Rule_Based,rather,RB
01_covid_transmission_and_prevention,Custom_Rule_Based,than,IN
01_covid_transmission_and_prevention,Custom_Rule_Based,relying,VBG
01_covid_transmission_and_prevention,Custom_Rule_Based,on,IN
01_covid_transmission_and_prevention,Custom_Rule_Based,a,DT
01_covid_transmission_and_prevention,Custom_Rule_Based,single,JJ
01_covid_transmission_and_prevention,Custom_Rule_Based,intervention,NN
01_covid_transmission_and_prevention,Custom_Rule_Based,.,.
01_covid_transmission_and_prevention,Custom_Rule_Based,Improving,VBG
01_covid_transmission_and_prevention,Custom_Rule_Based,indoor,JJ
01_covid_transmission_and_prevention,Custom_Rule_Based,ventilation,NN
01_covid_transmission_and_prevention,Custom_Rule_Based,and,CC
01_covid_transmission_and_prevention,Custom_Rule_Based,filtration,NN
01_covid_transmission_and_prevention,Custom_Rule_Based,can,MD
01_covid_transmission_and_prevention,Custom_Rule_Based,reduce,VB
01_covid_transmission_and_prevention,Custom_Rule_Based,the,DT
01_covid_transmission_and_prevention,Custom_Rule_Based,concentration,NN
01_covid_transmission_and_prevention,Custom_Rule_Based,of,IN
01_covid_transmission_and_prevention,Custom_Rule_Based,infectious,JJ
01_covid_transmission_and_prevention,Custom_Rule_Based,particles,NNS
01_covid_transmission_and_prevention,Custom_Rule_Based,in,IN
01_covid_transmission_and_prevention,Custom_Rule_Based,shared,VBN
01_covid_transmission_and_prevention,Custom_Rule_Based,air,NN
01_covid_transmission_and_prevention,Custom_Rule_Based,.,.
01_covid_transmission_and_prevention,Custom_Rule_Based,Staying,VBG
01_covid_transmission_and_prevention,Custom_Rule_Based,home,NN
01_covid_transmission_and_prevention,Custom_Rule_Based,when,WRB
01_covid_transmission_and_prevention,Custom_Rule_Based,acutely,RB
01_covid_transmission_and_prevention,Custom_Rule_Based,ill,VB
01_covid_transmission_and_prevention,Custom_Rule_Based,can,MD
01_covid_transmission_and_prevention,Custom_Rule_Based,reduce,VB
01_covid_transmission_and_prevention,Custom_Rule_Based,exposure,NN
01_covid_transmission_and_prevention,Custom_Rule_Based,to,TO
01_covid_transmission_and_prevention,Custom_Rule_Based,other,JJ
01_covid_transmission_and_prevention,Custom_Rule_Based,people,NNS
01_covid_transmission_and_prevention,Custom_Rule_Based,.,.
01_covid_transmission_and_prevention,Custom_Rule_Based,Mask,NNP
01_covid_transmission_and_prevention,Custom_Rule_Based,use,NN
01_covid_transmission_and_prevention,Custom_Rule_Based,can,MD
01_covid_transmission_and_prevention,Custom_Rule_Based,provide,VB
01_covid_transmission_and_prevention,Custom_Rule_Based,an,DT
01_covid_transmission_and_prevention,Custom_Rule_Based,additional,JJ
01_covid_transmission_and_prevention,Custom_Rule_Based,layer,NN
01_covid_transmission_and_prevention,Custom_Rule_Based,of,IN
01_covid_transmission_and_prevention,Custom_Rule_Based,protection,NN
01_covid_transmission_and_prevention,Custom_Rule_Based,in,IN
01_covid_transmission_and_prevention,Custom_Rule_Based,settings,NNS
01_covid_transmission_and_prevention,Custom_Rule_Based,where,WRB
01_covid_transmission_and_prevention,Custom_Rule_Based,respiratory,NN
01_covid_transmission_and_prevention,Custom_Rule_Based,virus,NN
01_covid_transmission_and_prevention,Custom_Rule_Based,transmission,NN
01_covid_transmission_and_prevention,Custom_Rule_Based,is,VBZ
01_covid_transmission_and_prevention,Custom_Rule_Based,elevated,VBN
01_covid_transmission_and_prevention,Custom_Rule_Based,or,CC
01_covid_transmission_and_prevention,Custom_Rule_Based,where,WRB
01_covid_transmission_and_prevention,Custom_Rule_Based,vulnerable,JJ
01_covid_transmission_and_prevention,Custom_Rule_Based,people,NNS
01_covid_transmission_and_prevention,Custom_Rule_Based,are,VBP
01_covid_transmission_and_prevention,Custom_Rule_Based,present,JJ
01_covid_transmission_and_prevention,Custom_Rule_Based,.,.
01_covid_transmission_and_prevention,Custom_Rule_Based,Hand,NNP
01_covid_transmission_and_prevention,Custom_Rule_Based,hygiene,NN
01_covid_transmission_and_prevention,Custom_Rule_Based,remains,VBZ
01_covid_transmission_and_prevention,Custom_Rule_Based,useful,JJ
01_covid_transmission_and_prevention,Custom_Rule_Based,for,IN
01_covid_transmission_and_prevention,Custom_Rule_Based,reducing,VBG
01_covid_transmission_and_prevention,Custom_Rule_Based,transmission,NN
01_covid_transmission_and_prevention,Custom_Rule_Based,of,IN
01_covid_transmission_and_prevention,Custom_Rule_Based,many,JJ
01_covid_transmission_and_prevention,Custom_Rule_Based,infections,NNS
01_covid_transmission_and_prevention,Custom_Rule_Based,",",","
01_covid_transmission_and_prevention,Custom_Rule_Based,although,IN
01_covid_transmission_and_prevention,Custom_Rule_Based,respiratory,JJ
01_covid_transmission_and_prevention,Custom_Rule_Based,transmission,NN
01_covid_transmission_and_prevention,Custom_Rule_Based,is,VBZ
01_covid_transmission_and_prevention,Custom_Rule_Based,a,DT
01_covid_transmission_and_prevention,Custom_Rule_Based,major,JJ
01_covid_transmission_and_prevention,Custom_Rule_Based,route,NN
01_covid_transmission_and_prevention,Custom_Rule_Based,for,IN
01_covid_transmission_and_prevention,Custom_Rule_Based,COVID-19,NN
01_covid_transmission_and_prevention,Custom_Rule_Based,.,.
01_covid_transmission_and_prevention,Custom_Rule_Based,Vaccination,NN
01_covid_transmission_and_prevention,Custom_Rule_Based,is,VBZ
01_covid_transmission_and_prevention,Custom_Rule_Based,an,DT
01_covid_transmission_and_prevention,Custom_Rule_Based,important,JJ
01_covid_transmission_and_prevention,Custom_Rule_Based,prevention,NN
01_covid_transmission_and_prevention,Custom_Rule_Based,measure,NN
01_covid_transmission_and_prevention,Custom_Rule_Based,because,IN
01_covid_transmission_and_prevention,Custom_Rule_Based,it,PRP
01_covid_transmission_and_prevention,Custom_Rule_Based,prepares,VBZ
01_covid_transmission_and_prevention,Custom_Rule_Based,the,DT
01_covid_transmission_and_prevention,Custom_Rule_Based,immune,NN
01_covid_transmission_and_prevention,Custom_Rule_Based,system,NN
01_covid_transmission_and_prevention,Custom_Rule_Based,to,TO
01_covid_transmission_and_prevention,Custom_Rule_Based,respond,VB
01_covid_transmission_and_prevention,Custom_Rule_Based,to,TO
01_covid_transmission_and_prevention,Custom_Rule_Based,the,DT
01_covid_transmission_and_prevention,Custom_Rule_Based,virus,NN
01_covid_transmission_and_prevention,Custom_Rule_Based,.,.
01_covid_transmission_and_prevention,Custom_Rule_Based,Vaccine,NN
01_covid_transmission_and_prevention,Custom_Rule_Based,protection,NN
01_covid_transmission_and_prevention,Custom_Rule_Based,against,IN
01_covid_transmission_and_prevention,Custom_Rule_Based,infection,NN
01_covid_transmission_and_prevention,Custom_Rule_Based,can,MD
01_covid_transmission_and_prevention,Custom_Rule_Based,change,VB
01_covid_transmission_and_prevention,Custom_Rule_Based,over,IN
01_covid_transmission_and_prevention,Custom_Rule_Based,time,NN
01_covid_transmission_and_prevention,Custom_Rule_Based,and,CC
01_covid_transmission_and_prevention,Custom_Rule_Based,across,IN
01_covid_transmission_and_prevention,Custom_Rule_Based,variants,NNS
01_covid_transmission_and_prevention,Custom_Rule_Based,",",","
01_covid_transmission_and_prevention,Custom_Rule_Based,while,IN
01_covid_transmission_and_prevention,Custom_Rule_Based,protection,NN
01_covid_transmission_and_prevention,Custom_Rule_Based,against,IN
01_covid_transmission_and_prevention,Custom_Rule_Based,severe,JJ
01_covid_transmission_and_prevention,Custom_Rule_Based,disease,NN
01_covid_transmission_and_prevention,Custom_Rule_Based,can,MD
01_covid_transmission_and_prevention,Custom_Rule_Based,remain,VB
01_covid_transmission_and_prevention,Custom_Rule_Based,stronger,JJR
01_covid_transmission_and_prevention,Custom_Rule_Based,.,.
01_covid_transmission_and_prevention,Custom_Rule_Based,Public-health,NN
01_covid_transmission_and_prevention,Custom_Rule_Based,programs,NNS
01_covid_transmission_and_prevention,Custom_Rule_Based,therefore,RB
01_covid_transmission_and_prevention,Custom_Rule_Based,consider,VBP
01_covid_transmission_and_prevention,Custom_Rule_Based,vaccination,NN
01_covid_transmission_and_prevention,Custom_Rule_Based,together,RB
01_covid_transmission_and_prevention,Custom_Rule_Based,with,IN
01_covid_transmission_and_prevention,Custom_Rule_Based,surveillance,NN
01_covid_transmission_and_prevention,Custom_Rule_Based,",",","
01_covid_transmission_and_prevention,Custom_Rule_Based,clinical,JJ
01_covid_transmission_and_prevention,Custom_Rule_Based,care,NN
01_covid_transmission_and_prevention,Custom_Rule_Based,",",","
01_covid_transmission_and_prevention,Custom_Rule_Based,ventilation,NN
01_covid_transmission_and_prevention,Custom_Rule_Based,",",","
01_covid_transmission_and_prevention,Custom_Rule_Based,and,CC
01_covid_transmission_and_prevention,Custom_Rule_Based,risk-based,JJ
01_covid_transmission_and_prevention,Custom_Rule_Based,protective,JJ
01_covid_transmission_and_prevention,Custom_Rule_Based,measures,NNS
01_covid_transmission_and_prevention,Custom_Rule_Based,.,.
01_covid_transmission_and_prevention,Custom_Rule_Based,Community,NNP
01_covid_transmission_and_prevention,Custom_Rule_Based,prevention,NN
01_covid_transmission_and_prevention,Custom_Rule_Based,works,VBZ
01_covid_transmission_and_prevention,Custom_Rule_Based,best,RBS
01_covid_transmission_and_prevention,Custom_Rule_Based,when,WRB
01_covid_transmission_and_prevention,Custom_Rule_Based,measures,NNS
01_covid_transmission_and_prevention,Custom_Rule_Based,are,VBP
01_covid_transmission_and_prevention,Custom_Rule_Based,matched,VBN
01_covid_transmission_and_prevention,Custom_Rule_Based,to,TO
01_covid_transmission_and_prevention,Custom_Rule_Based,the,DT
01_covid_transmission_and_prevention,Custom_Rule_Based,local,JJ
01_covid_transmission_and_prevention,Custom_Rule_Based,epidemiological,JJ
01_covid_transmission_and_prevention,Custom_Rule_Based,situation,NN
01_covid_transmission_and_prevention,Custom_Rule_Based,.,.
01_covid_transmission_and_prevention,Custom_Rule_Based,Public-health,NNP
01_covid_transmission_and_prevention,Custom_Rule_Based,authorities,NNS
01_covid_transmission_and_prevention,Custom_Rule_Based,may,MD
01_covid_transmission_and_prevention,Custom_Rule_Based,use,VB
01_covid_transmission_and_prevention,Custom_Rule_Based,indicators,NNS
01_covid_transmission_and_prevention,Custom_Rule_Based,such,JJ
01_covid_transmission_and_prevention,Custom_Rule_Based,as,IN
01_covid_transmission_and_prevention,Custom_Rule_Based,reported,JJ
01_covid_transmission_and_prevention,Custom_Rule_Based,cases,NNS
01_covid_transmission_and_prevention,Custom_Rule_Based,",",","
01_covid_transmission_and_prevention,Custom_Rule_Based,hospitalizations,NNS
01_covid_transmission_and_prevention,Custom_Rule_Based,",",","
01_covid_transmission_and_prevention,Custom_Rule_Based,wastewater,NN
01_covid_transmission_and_prevention,Custom_Rule_Based,signals,NNS
01_covid_transmission_and_prevention,Custom_Rule_Based,",",","
01_covid_transmission_and_prevention,Custom_Rule_Based,and,CC
01_covid_transmission_and_prevention,Custom_Rule_Based,outbreak,NN
01_covid_transmission_and_prevention,Custom_Rule_Based,reports,NNS
01_covid_transmission_and_prevention,Custom_Rule_Based,to,TO
01_covid_transmission_and_prevention,Custom_Rule_Based,guide,VB
01_covid_transmission_and_prevention,Custom_Rule_Based,communication,NN
01_covid_transmission_and_prevention,Custom_Rule_Based,and,CC
01_covid_transmission_and_prevention,Custom_Rule_Based,interventions,NNS
01_covid_transmission_and_prevention,Custom_Rule_Based,.,.
01_covid_transmission_and_prevention,Custom_Rule_Based,Individuals,NNS
01_covid_transmission_and_prevention,Custom_Rule_Based,can,MD
01_covid_transmission_and_prevention,Custom_Rule_Based,reduce,VB
01_covid_transmission_and_prevention,Custom_Rule_Based,risk,NN
01_covid_transmission_and_prevention,Custom_Rule_Based,by,IN
01_covid_transmission_and_prevention,Custom_Rule_Based,considering,VBG
01_covid_transmission_and_prevention,Custom_Rule_Based,the,DT
01_covid_transmission_and_prevention,Custom_Rule_Based,intensity,NN
01_covid_transmission_and_prevention,Custom_Rule_Based,of,IN
01_covid_transmission_and_prevention,Custom_Rule_Based,local,JJ
01_covid_transmission_and_prevention,Custom_Rule_Based,transmission,NN
01_covid_transmission_and_prevention,Custom_Rule_Based,",",","
01_covid_transmission_and_prevention,Custom_Rule_Based,their,PRP$
01_covid_transmission_and_prevention,Custom_Rule_Based,own,JJ
01_covid_transmission_and_prevention,Custom_Rule_Based,health,NN
01_covid_transmission_and_prevention,Custom_Rule_Based,risks,NNS
01_covid_transmission_and_prevention,Custom_Rule_Based,",",","
01_covid_transmission_and_prevention,Custom_Rule_Based,and,CC
01_covid_transmission_and_prevention,Custom_Rule_Based,the,DT
01_covid_transmission_and_prevention,Custom_Rule_Based,vulnerability,NN
01_covid_transmission_and_prevention,Custom_Rule_Based,of,IN
01_covid_transmission_and_prevention,Custom_Rule_Based,people,NNS
01_covid_transmission_and_prevention,Custom_Rule_Based,around,IN
01_covid_transmission_and_prevention,Custom_Rule_Based,them,PRP
01_covid_transmission_and_prevention,Custom_Rule_Based,.,.
02_covid_vaccination_basics,NLTK,COVID-19,JJ
02_covid_vaccination_basics,NLTK,Vaccination,NN
02_covid_vaccination_basics,NLTK,:,:
02_covid_vaccination_basics,NLTK,Basic,JJ
02_covid_vaccination_basics,NLTK,Concepts,NNP
02_covid_vaccination_basics,NLTK,COVID-19,NNP
02_covid_vaccination_basics,NLTK,vaccines,NNS
02_covid_vaccination_basics,NLTK,are,VBP
02_covid_vaccination_basics,NLTK,designed,VBN
02_covid_vaccination_basics,NLTK,to,TO
02_covid_vaccination_basics,NLTK,stimulate,VB
02_covid_vaccination_basics,NLTK,an,DT
02_covid_vaccination_basics,NLTK,immune,JJ
02_covid_vaccination_basics,NLTK,response,NN
02_covid_vaccination_basics,NLTK,against,IN
02_covid_vaccination_basics,NLTK,SARS-CoV-2,NNP
02_covid_vaccination_basics,NLTK,without,IN
02_covid_vaccination_basics,NLTK,requiring,VBG
02_covid_vaccination_basics,NLTK,a,DT
02_covid_vaccination_basics,NLTK,person,NN
02_covid_vaccination_basics,NLTK,to,TO
02_covid_vaccination_basics,NLTK,experience,VB
02_covid_vaccination_basics,NLTK,the,DT
02_covid_vaccination_basics,NLTK,disease,NN
02_covid_vaccination_basics,NLTK,itself,PRP
02_covid_vaccination_basics,NLTK,.,.
02_covid_vaccination_basics,NLTK,Different,NNP
02_covid_vaccination_basics,NLTK,vaccine,NN
02_covid_vaccination_basics,NLTK,platforms,NNS
02_covid_vaccination_basics,NLTK,can,MD
02_covid_vaccination_basics,NLTK,present,VB
02_covid_vaccination_basics,NLTK,viral,JJ
02_covid_vaccination_basics,NLTK,information,NN
02_covid_vaccination_basics,NLTK,to,TO
02_covid_vaccination_basics,NLTK,the,DT
02_covid_vaccination_basics,NLTK,immune,NN
02_covid_vaccination_basics,NLTK,system,NN
02_covid_vaccination_basics,NLTK,in,IN
02_covid_vaccination_basics,NLTK,different,JJ
02_covid_vaccination_basics,NLTK,ways,NNS
02_covid_vaccination_basics,NLTK,.,.
02_covid_vaccination_basics,NLTK,After,IN
02_covid_vaccination_basics,NLTK,vaccination,NN
02_covid_vaccination_basics,NLTK,",",","
02_covid_vaccination_basics,NLTK,immune,JJ
02_covid_vaccination_basics,NLTK,cells,NNS
02_covid_vaccination_basics,NLTK,can,MD
02_covid_vaccination_basics,NLTK,recognize,VB
02_covid_vaccination_basics,NLTK,relevant,JJ
02_covid_vaccination_basics,NLTK,viral,JJ
02_covid_vaccination_basics,NLTK,components,NNS
02_covid_vaccination_basics,NLTK,and,CC
02_covid_vaccination_basics,NLTK,mount,VB
02_covid_vaccination_basics,NLTK,a,DT
02_covid_vaccination_basics,NLTK,faster,JJR
02_covid_vaccination_basics,NLTK,response,NN
02_covid_vaccination_basics,NLTK,when,WRB
02_covid_vaccination_basics,NLTK,exposed,VBN
02_covid_vaccination_basics,NLTK,later,RB
02_covid_vaccination_basics,NLTK,.,.
02_covid_vaccination_basics,NLTK,Vaccination,NN
02_covid_vaccination_basics,NLTK,does,VBZ
02_covid_vaccination_basics,NLTK,not,RB
02_covid_vaccination_basics,NLTK,guarantee,VB
02_covid_vaccination_basics,NLTK,that,IN
02_covid_vaccination_basics,NLTK,a,DT
02_covid_vaccination_basics,NLTK,person,NN
02_covid_vaccination_basics,NLTK,will,MD
02_covid_vaccination_basics,NLTK,never,RB
02_covid_vaccination_basics,NLTK,become,VB
02_covid_vaccination_basics,NLTK,infected,JJ
02_covid_vaccination_basics,NLTK,.,.
02_covid_vaccination_basics,NLTK,Vaccine,NNP
02_covid_vaccination_basics,NLTK,effectiveness,NN
02_covid_vaccination_basics,NLTK,varies,NNS
02_covid_vaccination_basics,NLTK,by,IN
02_covid_vaccination_basics,NLTK,outcome,NN
02_covid_vaccination_basics,NLTK,",",","
02_covid_vaccination_basics,NLTK,product,NN
02_covid_vaccination_basics,NLTK,",",","
02_covid_vaccination_basics,NLTK,population,NN
02_covid_vaccination_basics,NLTK,",",","
02_covid_vaccination_basics,NLTK,time,NN
02_covid_vaccination_basics,NLTK,since,IN
02_covid_vaccination_basics,NLTK,vaccination,NN
02_covid_vaccination_basics,NLTK,",",","
02_covid_vaccination_basics,NLTK,and,CC
02_covid_vaccination_basics,NLTK,circulating,VBG
02_covid_vaccination_basics,NLTK,variant,JJ
02_covid_vaccination_basics,NLTK,.,.
02_covid_vaccination_basics,NLTK,Public-health,NNP
02_covid_vaccination_basics,NLTK,evaluation,NN
02_covid_vaccination_basics,NLTK,commonly,RB
02_covid_vaccination_basics,NLTK,distinguishes,VBZ
02_covid_vaccination_basics,NLTK,protection,NN
02_covid_vaccination_basics,NLTK,against,IN
02_covid_vaccination_basics,NLTK,infection,NN
02_covid_vaccination_basics,NLTK,",",","
02_covid_vaccination_basics,NLTK,symptomatic,JJ
02_covid_vaccination_basics,NLTK,disease,NN
02_covid_vaccination_basics,NLTK,",",","
02_covid_vaccination_basics,NLTK,hospitalization,NN
02_covid_vaccination_basics,NLTK,",",","
02_covid_vaccination_basics,NLTK,and,CC
02_covid_vaccination_basics,NLTK,death,NN
02_covid_vaccination_basics,NLTK,.,.
02_covid_vaccination_basics,NLTK,These,DT
02_covid_vaccination_basics,NLTK,outcomes,NNS
02_covid_vaccination_basics,NLTK,should,MD
02_covid_vaccination_basics,NLTK,not,RB
02_covid_vaccination_basics,NLTK,be,VB
02_covid_vaccination_basics,NLTK,treated,VBN
02_covid_vaccination_basics,NLTK,as,IN
02_covid_vaccination_basics,NLTK,interchangeable,JJ
02_covid_vaccination_basics,NLTK,.,.
02_covid_vaccination_basics,NLTK,Immunity,NN
02_covid_vaccination_basics,NLTK,can,MD
02_covid_vaccination_basics,NLTK,change,VB
02_covid_vaccination_basics,NLTK,over,IN
02_covid_vaccination_basics,NLTK,time,NN
02_covid_vaccination_basics,NLTK,.,.
02_covid_vaccination_basics,NLTK,Previous,JJ
02_covid_vaccination_basics,NLTK,infection,NN
02_covid_vaccination_basics,NLTK,may,MD
02_covid_vaccination_basics,NLTK,also,RB
02_covid_vaccination_basics,NLTK,contribute,VB
02_covid_vaccination_basics,NLTK,to,TO
02_covid_vaccination_basics,NLTK,immune,VB
02_covid_vaccination_basics,NLTK,protection,NN
02_covid_vaccination_basics,NLTK,",",","
02_covid_vaccination_basics,NLTK,producing,VBG
02_covid_vaccination_basics,NLTK,what,WP
02_covid_vaccination_basics,NLTK,researchers,NNS
02_covid_vaccination_basics,NLTK,often,RB
02_covid_vaccination_basics,NLTK,describe,VBP
02_covid_vaccination_basics,NLTK,as,IN
02_covid_vaccination_basics,NLTK,hybrid,JJ
02_covid_vaccination_basics,NLTK,immunity,NN
02_covid_vaccination_basics,NLTK,when,WRB
02_covid_vaccination_basics,NLTK,vaccination,NN
02_covid_vaccination_basics,NLTK,and,CC
02_covid_vaccination_basics,NLTK,infection,NN
02_covid_vaccination_basics,NLTK,have,VBP
02_covid_vaccination_basics,NLTK,both,DT
02_covid_vaccination_basics,NLTK,occurred,VBN
02_covid_vaccination_basics,NLTK,.,.
02_covid_vaccination_basics,NLTK,Because,IN
02_covid_vaccination_basics,NLTK,immunity,NN
02_covid_vaccination_basics,NLTK,and,CC
02_covid_vaccination_basics,NLTK,circulating,NN
02_covid_vaccination_basics,NLTK,viruses,NNS
02_covid_vaccination_basics,NLTK,change,VBP
02_covid_vaccination_basics,NLTK,",",","
02_covid_vaccination_basics,NLTK,vaccination,NN
02_covid_vaccination_basics,NLTK,recommendations,NNS
02_covid_vaccination_basics,NLTK,may,MD
02_covid_vaccination_basics,NLTK,be,VB
02_covid_vaccination_basics,NLTK,updated,VBN
02_covid_vaccination_basics,NLTK,as,IN
02_covid_vaccination_basics,NLTK,evidence,NN
02_covid_vaccination_basics,NLTK,develops,NNS
02_covid_vaccination_basics,NLTK,.,.
02_covid_vaccination_basics,NLTK,When,WRB
02_covid_vaccination_basics,NLTK,communicating,VBG
02_covid_vaccination_basics,NLTK,about,IN
02_covid_vaccination_basics,NLTK,vaccines,NNS
02_covid_vaccination_basics,NLTK,",",","
02_covid_vaccination_basics,NLTK,it,PRP
02_covid_vaccination_basics,NLTK,is,VBZ
02_covid_vaccination_basics,NLTK,useful,JJ
02_covid_vaccination_basics,NLTK,to,TO
02_covid_vaccination_basics,NLTK,distinguish,VB
02_covid_vaccination_basics,NLTK,relative,JJ
02_covid_vaccination_basics,NLTK,risk,NN
02_covid_vaccination_basics,NLTK,",",","
02_covid_vaccination_basics,NLTK,absolute,NN
02_covid_vaccination_basics,NLTK,risk,NN
02_covid_vaccination_basics,NLTK,",",","
02_covid_vaccination_basics,NLTK,vaccine,NN
02_covid_vaccination_basics,NLTK,effectiveness,NN
02_covid_vaccination_basics,NLTK,",",","
02_covid_vaccination_basics,NLTK,and,CC
02_covid_vaccination_basics,NLTK,adverse-event,JJ
02_covid_vaccination_basics,NLTK,rates,NNS
02_covid_vaccination_basics,NLTK,.,.
02_covid_vaccination_basics,NLTK,A,DT
02_covid_vaccination_basics,NLTK,clear,JJ
02_covid_vaccination_basics,NLTK,explanation,NN
02_covid_vaccination_basics,NLTK,should,MD
02_covid_vaccination_basics,NLTK,specify,VB
02_covid_vaccination_basics,NLTK,the,DT
02_covid_vaccination_basics,NLTK,population,NN
02_covid_vaccination_basics,NLTK,",",","
02_covid_vaccination_basics,NLTK,comparison,NN
02_covid_vaccination_basics,NLTK,group,NN
02_covid_vaccination_basics,NLTK,",",","
02_covid_vaccination_basics,NLTK,time,NN
02_covid_vaccination_basics,NLTK,period,NN
02_covid_vaccination_basics,NLTK,",",","
02_covid_vaccination_basics,NLTK,and,CC
02_covid_vaccination_basics,NLTK,health,NN
02_covid_vaccination_basics,NLTK,outcome,NN
02_covid_vaccination_basics,NLTK,.,.
02_covid_vaccination_basics,NLTK,This,DT
02_covid_vaccination_basics,NLTK,prevents,VBZ
02_covid_vaccination_basics,NLTK,misleading,JJ
02_covid_vaccination_basics,NLTK,conclusions,NNS
02_covid_vaccination_basics,NLTK,from,IN
02_covid_vaccination_basics,NLTK,a,DT
02_covid_vaccination_basics,NLTK,single,JJ
02_covid_vaccination_basics,NLTK,percentage,NN
02_covid_vaccination_basics,NLTK,or,CC
02_covid_vaccination_basics,NLTK,isolated,VBN
02_covid_vaccination_basics,NLTK,statistic,JJ
02_covid_vaccination_basics,NLTK,.,.
02_covid_vaccination_basics,spaCy,COVID-19,PROPN
02_covid_vaccination_basics,spaCy,Vaccination,PROPN
02_covid_vaccination_basics,spaCy,:,PUNCT
02_covid_vaccination_basics,spaCy,Basic,PROPN
02_covid_vaccination_basics,spaCy,Concepts,PROPN
02_covid_vaccination_basics,spaCy,COVID-19,NOUN
02_covid_vaccination_basics,spaCy,vaccines,NOUN
02_covid_vaccination_basics,spaCy,are,AUX
02_covid_vaccination_basics,spaCy,designed,VERB
02_covid_vaccination_basics,spaCy,to,PART
02_covid_vaccination_basics,spaCy,stimulate,VERB
02_covid_vaccination_basics,spaCy,an,DET
02_covid_vaccination_basics,spaCy,immune,ADJ
02_covid_vaccination_basics,spaCy,response,NOUN
02_covid_vaccination_basics,spaCy,against,ADP
02_covid_vaccination_basics,spaCy,SARS,PROPN
02_covid_vaccination_basics,spaCy,-,PUNCT
02_covid_vaccination_basics,spaCy,CoV-2,PROPN
02_covid_vaccination_basics,spaCy,without,ADP
02_covid_vaccination_basics,spaCy,requiring,VERB
02_covid_vaccination_basics,spaCy,a,DET
02_covid_vaccination_basics,spaCy,person,NOUN
02_covid_vaccination_basics,spaCy,to,PART
02_covid_vaccination_basics,spaCy,experience,VERB
02_covid_vaccination_basics,spaCy,the,DET
02_covid_vaccination_basics,spaCy,disease,NOUN
02_covid_vaccination_basics,spaCy,itself,PRON
02_covid_vaccination_basics,spaCy,.,PUNCT
02_covid_vaccination_basics,spaCy,Different,ADJ
02_covid_vaccination_basics,spaCy,vaccine,NOUN
02_covid_vaccination_basics,spaCy,platforms,NOUN
02_covid_vaccination_basics,spaCy,can,AUX
02_covid_vaccination_basics,spaCy,present,VERB
02_covid_vaccination_basics,spaCy,viral,ADJ
02_covid_vaccination_basics,spaCy,information,NOUN
02_covid_vaccination_basics,spaCy,to,ADP
02_covid_vaccination_basics,spaCy,the,DET
02_covid_vaccination_basics,spaCy,immune,ADJ
02_covid_vaccination_basics,spaCy,system,NOUN
02_covid_vaccination_basics,spaCy,in,ADP
02_covid_vaccination_basics,spaCy,different,ADJ
02_covid_vaccination_basics,spaCy,ways,NOUN
02_covid_vaccination_basics,spaCy,.,PUNCT
02_covid_vaccination_basics,spaCy,After,ADP
02_covid_vaccination_basics,spaCy,vaccination,NOUN
02_covid_vaccination_basics,spaCy,",",PUNCT
02_covid_vaccination_basics,spaCy,immune,ADJ
02_covid_vaccination_basics,spaCy,cells,NOUN
02_covid_vaccination_basics,spaCy,can,AUX
02_covid_vaccination_basics,spaCy,recognize,VERB
02_covid_vaccination_basics,spaCy,relevant,ADJ
02_covid_vaccination_basics,spaCy,viral,ADJ
02_covid_vaccination_basics,spaCy,components,NOUN
02_covid_vaccination_basics,spaCy,and,CCONJ
02_covid_vaccination_basics,spaCy,mount,VERB
02_covid_vaccination_basics,spaCy,a,DET
02_covid_vaccination_basics,spaCy,faster,ADJ
02_covid_vaccination_basics,spaCy,response,NOUN
02_covid_vaccination_basics,spaCy,when,SCONJ
02_covid_vaccination_basics,spaCy,exposed,VERB
02_covid_vaccination_basics,spaCy,later,ADV
02_covid_vaccination_basics,spaCy,.,PUNCT
02_covid_vaccination_basics,spaCy,Vaccination,PROPN
02_covid_vaccination_basics,spaCy,does,AUX
02_covid_vaccination_basics,spaCy,not,PART
02_covid_vaccination_basics,spaCy,guarantee,VERB
02_covid_vaccination_basics,spaCy,that,SCONJ
02_covid_vaccination_basics,spaCy,a,DET
02_covid_vaccination_basics,spaCy,person,NOUN
02_covid_vaccination_basics,spaCy,will,AUX
02_covid_vaccination_basics,spaCy,never,ADV
02_covid_vaccination_basics,spaCy,become,VERB
02_covid_vaccination_basics,spaCy,infected,ADJ
02_covid_vaccination_basics,spaCy,.,PUNCT
02_covid_vaccination_basics,spaCy,Vaccine,NOUN
02_covid_vaccination_basics,spaCy,effectiveness,NOUN
02_covid_vaccination_basics,spaCy,varies,VERB
02_covid_vaccination_basics,spaCy,by,ADP
02_covid_vaccination_basics,spaCy,outcome,NOUN
02_covid_vaccination_basics,spaCy,",",PUNCT
02_covid_vaccination_basics,spaCy,product,NOUN
02_covid_vaccination_basics,spaCy,",",PUNCT
02_covid_vaccination_basics,spaCy,population,NOUN
02_covid_vaccination_basics,spaCy,",",PUNCT
02_covid_vaccination_basics,spaCy,time,NOUN
02_covid_vaccination_basics,spaCy,since,SCONJ
02_covid_vaccination_basics,spaCy,vaccination,NOUN
02_covid_vaccination_basics,spaCy,",",PUNCT
02_covid_vaccination_basics,spaCy,and,CCONJ
02_covid_vaccination_basics,spaCy,circulating,VERB
02_covid_vaccination_basics,spaCy,variant,NOUN
02_covid_vaccination_basics,spaCy,.,PUNCT
02_covid_vaccination_basics,spaCy,Public,ADJ
02_covid_vaccination_basics,spaCy,-,PUNCT
02_covid_vaccination_basics,spaCy,health,NOUN
02_covid_vaccination_basics,spaCy,evaluation,NOUN
02_covid_vaccination_basics,spaCy,commonly,ADV
02_covid_vaccination_basics,spaCy,distinguishes,VERB
02_covid_vaccination_basics,spaCy,protection,NOUN
02_covid_vaccination_basics,spaCy,against,ADP
02_covid_vaccination_basics,spaCy,infection,NOUN
02_covid_vaccination_basics,spaCy,",",PUNCT
02_covid_vaccination_basics,spaCy,symptomatic,ADJ
02_covid_vaccination_basics,spaCy,disease,NOUN
02_covid_vaccination_basics,spaCy,",",PUNCT
02_covid_vaccination_basics,spaCy,hospitalization,NOUN
02_covid_vaccination_basics,spaCy,",",PUNCT
02_covid_vaccination_basics,spaCy,and,CCONJ
02_covid_vaccination_basics,spaCy,death,NOUN
02_covid_vaccination_basics,spaCy,.,PUNCT
02_covid_vaccination_basics,spaCy,These,DET
02_covid_vaccination_basics,spaCy,outcomes,NOUN
02_covid_vaccination_basics,spaCy,should,AUX
02_covid_vaccination_basics,spaCy,not,PART
02_covid_vaccination_basics,spaCy,be,AUX
02_covid_vaccination_basics,spaCy,treated,VERB
02_covid_vaccination_basics,spaCy,as,ADP
02_covid_vaccination_basics,spaCy,interchangeable,ADJ
02_covid_vaccination_basics,spaCy,.,PUNCT
02_covid_vaccination_basics,spaCy,Immunity,NOUN
02_covid_vaccination_basics,spaCy,can,AUX
02_covid_vaccination_basics,spaCy,change,VERB
02_covid_vaccination_basics,spaCy,over,ADP
02_covid_vaccination_basics,spaCy,time,NOUN
02_covid_vaccination_basics,spaCy,.,PUNCT
02_covid_vaccination_basics,spaCy,Previous,ADJ
02_covid_vaccination_basics,spaCy,infection,NOUN
02_covid_vaccination_basics,spaCy,may,AUX
02_covid_vaccination_basics,spaCy,also,ADV
02_covid_vaccination_basics,spaCy,contribute,VERB
02_covid_vaccination_basics,spaCy,to,ADP
02_covid_vaccination_basics,spaCy,immune,ADJ
02_covid_vaccination_basics,spaCy,protection,NOUN
02_covid_vaccination_basics,spaCy,",",PUNCT
02_covid_vaccination_basics,spaCy,producing,VERB
02_covid_vaccination_basics,spaCy,what,PRON
02_covid_vaccination_basics,spaCy,researchers,NOUN
02_covid_vaccination_basics,spaCy,often,ADV
02_covid_vaccination_basics,spaCy,describe,VERB
02_covid_vaccination_basics,spaCy,as,ADP
02_covid_vaccination_basics,spaCy,hybrid,ADJ
02_covid_vaccination_basics,spaCy,immunity,NOUN
02_covid_vaccination_basics,spaCy,when,SCONJ
02_covid_vaccination_basics,spaCy,vaccination,NOUN
02_covid_vaccination_basics,spaCy,and,CCONJ
02_covid_vaccination_basics,spaCy,infection,NOUN
02_covid_vaccination_basics,spaCy,have,AUX
02_covid_vaccination_basics,spaCy,both,PRON
02_covid_vaccination_basics,spaCy,occurred,VERB
02_covid_vaccination_basics,spaCy,.,PUNCT
02_covid_vaccination_basics,spaCy,Because,SCONJ
02_covid_vaccination_basics,spaCy,immunity,NOUN
02_covid_vaccination_basics,spaCy,and,CCONJ
02_covid_vaccination_basics,spaCy,circulating,VERB
02_covid_vaccination_basics,spaCy,viruses,NOUN
02_covid_vaccination_basics,spaCy,change,NOUN
02_covid_vaccination_basics,spaCy,",",PUNCT
02_covid_vaccination_basics,spaCy,vaccination,NOUN
02_covid_vaccination_basics,spaCy,recommendations,NOUN
02_covid_vaccination_basics,spaCy,may,AUX
02_covid_vaccination_basics,spaCy,be,AUX
02_covid_vaccination_basics,spaCy,updated,VERB
02_covid_vaccination_basics,spaCy,as,SCONJ
02_covid_vaccination_basics,spaCy,evidence,NOUN
02_covid_vaccination_basics,spaCy,develops,VERB
02_covid_vaccination_basics,spaCy,.,PUNCT
02_covid_vaccination_basics,spaCy,When,SCONJ
02_covid_vaccination_basics,spaCy,communicating,VERB
02_covid_vaccination_basics,spaCy,about,ADP
02_covid_vaccination_basics,spaCy,vaccines,NOUN
02_covid_vaccination_basics,spaCy,",",PUNCT
02_covid_vaccination_basics,spaCy,it,PRON
02_covid_vaccination_basics,spaCy,is,AUX
02_covid_vaccination_basics,spaCy,useful,ADJ
02_covid_vaccination_basics,spaCy,to,PART
02_covid_vaccination_basics,spaCy,distinguish,VERB
02_covid_vaccination_basics,spaCy,relative,ADJ
02_covid_vaccination_basics,spaCy,risk,NOUN
02_covid_vaccination_basics,spaCy,",",PUNCT
02_covid_vaccination_basics,spaCy,absolute,ADJ
02_covid_vaccination_basics,spaCy,risk,NOUN
02_covid_vaccination_basics,spaCy,",",PUNCT
02_covid_vaccination_basics,spaCy,vaccine,NOUN
02_covid_vaccination_basics,spaCy,effectiveness,NOUN
02_covid_vaccination_basics,spaCy,",",PUNCT
02_covid_vaccination_basics,spaCy,and,CCONJ
02_covid_vaccination_basics,spaCy,adverse,ADJ
02_covid_vaccination_basics,spaCy,-,PUNCT
02_covid_vaccination_basics,spaCy,event,NOUN
02_covid_vaccination_basics,spaCy,rates,NOUN
02_covid_vaccination_basics,spaCy,.,PUNCT
02_covid_vaccination_basics,spaCy,A,DET
02_covid_vaccination_basics,spaCy,clear,ADJ
02_covid_vaccination_basics,spaCy,explanation,NOUN
02_covid_vaccination_basics,spaCy,should,AUX
02_covid_vaccination_basics,spaCy,specify,VERB
02_covid_vaccination_basics,spaCy,the,DET
02_covid_vaccination_basics,spaCy,population,NOUN
02_covid_vaccination_basics,spaCy,",",PUNCT
02_covid_vaccination_basics,spaCy,comparison,NOUN
02_covid_vaccination_basics,spaCy,group,NOUN
02_covid_vaccination_basics,spaCy,",",PUNCT
02_covid_vaccination_basics,spaCy,time,NOUN
02_covid_vaccination_basics,spaCy,period,NOUN
02_covid_vaccination_basics,spaCy,",",PUNCT
02_covid_vaccination_basics,spaCy,and,CCONJ
02_covid_vaccination_basics,spaCy,health,NOUN
02_covid_vaccination_basics,spaCy,outcome,NOUN
02_covid_vaccination_basics,spaCy,.,PUNCT
02_covid_vaccination_basics,spaCy,This,PRON
02_covid_vaccination_basics,spaCy,prevents,VERB
02_covid_vaccination_basics,spaCy,misleading,VERB
02_covid_vaccination_basics,spaCy,conclusions,NOUN
02_covid_vaccination_basics,spaCy,from,ADP
02_covid_vaccination_basics,spaCy,a,DET
02_covid_vaccination_basics,spaCy,single,ADJ
02_covid_vaccination_basics,spaCy,percentage,NOUN
02_covid_vaccination_basics,spaCy,or,CCONJ
02_covid_vaccination_basics,spaCy,isolated,ADJ
02_covid_vaccination_basics,spaCy,statistic,NOUN
02_covid_vaccination_basics,spaCy,.,PUNCT
02_covid_vaccination_basics,Custom_Rule_Based,COVID-19,NN
02_covid_vaccination_basics,Custom_Rule_Based,Vaccination,NN
02_covid_vaccination_basics,Custom_Rule_Based,:,:
02_covid_vaccination_basics,Custom_Rule_Based,Basic,JJ
02_covid_vaccination_basics,Custom_Rule_Based,Concepts,NNP
02_covid_vaccination_basics,Custom_Rule_Based,COVID-19,NN
02_covid_vaccination_basics,Custom_Rule_Based,vaccines,NNS
02_covid_vaccination_basics,Custom_Rule_Based,are,VBP
02_covid_vaccination_basics,Custom_Rule_Based,designed,VBN
02_covid_vaccination_basics,Custom_Rule_Based,to,TO
02_covid_vaccination_basics,Custom_Rule_Based,stimulate,VB
02_covid_vaccination_basics,Custom_Rule_Based,an,DT
02_covid_vaccination_basics,Custom_Rule_Based,immune,JJ
02_covid_vaccination_basics,Custom_Rule_Based,response,NN
02_covid_vaccination_basics,Custom_Rule_Based,against,IN
02_covid_vaccination_basics,Custom_Rule_Based,SARS-CoV-2,NN
02_covid_vaccination_basics,Custom_Rule_Based,without,IN
02_covid_vaccination_basics,Custom_Rule_Based,requiring,VBG
02_covid_vaccination_basics,Custom_Rule_Based,a,DT
02_covid_vaccination_basics,Custom_Rule_Based,person,NN
02_covid_vaccination_basics,Custom_Rule_Based,to,TO
02_covid_vaccination_basics,Custom_Rule_Based,experience,VB
02_covid_vaccination_basics,Custom_Rule_Based,the,DT
02_covid_vaccination_basics,Custom_Rule_Based,disease,NN
02_covid_vaccination_basics,Custom_Rule_Based,itself,PRP
02_covid_vaccination_basics,Custom_Rule_Based,.,.
02_covid_vaccination_basics,Custom_Rule_Based,Different,NNP
02_covid_vaccination_basics,Custom_Rule_Based,vaccine,NN
02_covid_vaccination_basics,Custom_Rule_Based,platforms,NNS
02_covid_vaccination_basics,Custom_Rule_Based,can,MD
02_covid_vaccination_basics,Custom_Rule_Based,present,VB
02_covid_vaccination_basics,Custom_Rule_Based,viral,JJ
02_covid_vaccination_basics,Custom_Rule_Based,information,NN
02_covid_vaccination_basics,Custom_Rule_Based,to,TO
02_covid_vaccination_basics,Custom_Rule_Based,the,DT
02_covid_vaccination_basics,Custom_Rule_Based,immune,NN
02_covid_vaccination_basics,Custom_Rule_Based,system,NN
02_covid_vaccination_basics,Custom_Rule_Based,in,IN
02_covid_vaccination_basics,Custom_Rule_Based,different,JJ
02_covid_vaccination_basics,Custom_Rule_Based,ways,NNS
02_covid_vaccination_basics,Custom_Rule_Based,.,.
02_covid_vaccination_basics,Custom_Rule_Based,After,IN
02_covid_vaccination_basics,Custom_Rule_Based,vaccination,NN
02_covid_vaccination_basics,Custom_Rule_Based,",",","
02_covid_vaccination_basics,Custom_Rule_Based,immune,JJ
02_covid_vaccination_basics,Custom_Rule_Based,cells,NNS
02_covid_vaccination_basics,Custom_Rule_Based,can,MD
02_covid_vaccination_basics,Custom_Rule_Based,recognize,VB
02_covid_vaccination_basics,Custom_Rule_Based,relevant,JJ
02_covid_vaccination_basics,Custom_Rule_Based,viral,JJ
02_covid_vaccination_basics,Custom_Rule_Based,components,NNS
02_covid_vaccination_basics,Custom_Rule_Based,and,CC
02_covid_vaccination_basics,Custom_Rule_Based,mount,VB
02_covid_vaccination_basics,Custom_Rule_Based,a,DT
02_covid_vaccination_basics,Custom_Rule_Based,faster,JJR
02_covid_vaccination_basics,Custom_Rule_Based,response,NN
02_covid_vaccination_basics,Custom_Rule_Based,when,WRB
02_covid_vaccination_basics,Custom_Rule_Based,exposed,VBN
02_covid_vaccination_basics,Custom_Rule_Based,later,RB
02_covid_vaccination_basics,Custom_Rule_Based,.,.
02_covid_vaccination_basics,Custom_Rule_Based,Vaccination,NN
02_covid_vaccination_basics,Custom_Rule_Based,does,VBZ
02_covid_vaccination_basics,Custom_Rule_Based,not,RB
02_covid_vaccination_basics,Custom_Rule_Based,guarantee,VB
02_covid_vaccination_basics,Custom_Rule_Based,that,IN
02_covid_vaccination_basics,Custom_Rule_Based,a,DT
02_covid_vaccination_basics,Custom_Rule_Based,person,NN
02_covid_vaccination_basics,Custom_Rule_Based,will,MD
02_covid_vaccination_basics,Custom_Rule_Based,never,RB
02_covid_vaccination_basics,Custom_Rule_Based,become,VB
02_covid_vaccination_basics,Custom_Rule_Based,infected,JJ
02_covid_vaccination_basics,Custom_Rule_Based,.,.
02_covid_vaccination_basics,Custom_Rule_Based,Vaccine,NN
02_covid_vaccination_basics,Custom_Rule_Based,effectiveness,NN
02_covid_vaccination_basics,Custom_Rule_Based,varies,NNS
02_covid_vaccination_basics,Custom_Rule_Based,by,IN
02_covid_vaccination_basics,Custom_Rule_Based,outcome,NN
02_covid_vaccination_basics,Custom_Rule_Based,",",","
02_covid_vaccination_basics,Custom_Rule_Based,product,NN
02_covid_vaccination_basics,Custom_Rule_Based,",",","
02_covid_vaccination_basics,Custom_Rule_Based,population,NN
02_covid_vaccination_basics,Custom_Rule_Based,",",","
02_covid_vaccination_basics,Custom_Rule_Based,time,NN
02_covid_vaccination_basics,Custom_Rule_Based,since,IN
02_covid_vaccination_basics,Custom_Rule_Based,vaccination,NN
02_covid_vaccination_basics,Custom_Rule_Based,",",","
02_covid_vaccination_basics,Custom_Rule_Based,and,CC
02_covid_vaccination_basics,Custom_Rule_Based,circulating,VBG
02_covid_vaccination_basics,Custom_Rule_Based,variant,JJ
02_covid_vaccination_basics,Custom_Rule_Based,.,.
02_covid_vaccination_basics,Custom_Rule_Based,Public-health,NNP
02_covid_vaccination_basics,Custom_Rule_Based,evaluation,NN
02_covid_vaccination_basics,Custom_Rule_Based,commonly,RB
02_covid_vaccination_basics,Custom_Rule_Based,distinguishes,VBZ
02_covid_vaccination_basics,Custom_Rule_Based,protection,NN
02_covid_vaccination_basics,Custom_Rule_Based,against,IN
02_covid_vaccination_basics,Custom_Rule_Based,infection,NN
02_covid_vaccination_basics,Custom_Rule_Based,",",","
02_covid_vaccination_basics,Custom_Rule_Based,symptomatic,JJ
02_covid_vaccination_basics,Custom_Rule_Based,disease,NN
02_covid_vaccination_basics,Custom_Rule_Based,",",","
02_covid_vaccination_basics,Custom_Rule_Based,hospitalization,NN
02_covid_vaccination_basics,Custom_Rule_Based,",",","
02_covid_vaccination_basics,Custom_Rule_Based,and,CC
02_covid_vaccination_basics,Custom_Rule_Based,death,NN
02_covid_vaccination_basics,Custom_Rule_Based,.,.
02_covid_vaccination_basics,Custom_Rule_Based,These,DT
02_covid_vaccination_basics,Custom_Rule_Based,outcomes,NNS
02_covid_vaccination_basics,Custom_Rule_Based,should,MD
02_covid_vaccination_basics,Custom_Rule_Based,not,RB
02_covid_vaccination_basics,Custom_Rule_Based,be,VB
02_covid_vaccination_basics,Custom_Rule_Based,treated,VBN
02_covid_vaccination_basics,Custom_Rule_Based,as,IN
02_covid_vaccination_basics,Custom_Rule_Based,interchangeable,JJ
02_covid_vaccination_basics,Custom_Rule_Based,.,.
02_covid_vaccination_basics,Custom_Rule_Based,Immunity,NN
02_covid_vaccination_basics,Custom_Rule_Based,can,MD
02_covid_vaccination_basics,Custom_Rule_Based,change,VB
02_covid_vaccination_basics,Custom_Rule_Based,over,IN
02_covid_vaccination_basics,Custom_Rule_Based,time,NN
02_covid_vaccination_basics,Custom_Rule_Based,.,.
02_covid_vaccination_basics,Custom_Rule_Based,Previous,JJ
02_covid_vaccination_basics,Custom_Rule_Based,infection,NN
02_covid_vaccination_basics,Custom_Rule_Based,may,MD
02_covid_vaccination_basics,Custom_Rule_Based,also,RB
02_covid_vaccination_basics,Custom_Rule_Based,contribute,VB
02_covid_vaccination_basics,Custom_Rule_Based,to,TO
02_covid_vaccination_basics,Custom_Rule_Based,immune,VB
02_covid_vaccination_basics,Custom_Rule_Based,protection,NN
02_covid_vaccination_basics,Custom_Rule_Based,",",","
02_covid_vaccination_basics,Custom_Rule_Based,producing,VBG
02_covid_vaccination_basics,Custom_Rule_Based,what,WP
02_covid_vaccination_basics,Custom_Rule_Based,researchers,NNS
02_covid_vaccination_basics,Custom_Rule_Based,often,RB
02_covid_vaccination_basics,Custom_Rule_Based,describe,VBP
02_covid_vaccination_basics,Custom_Rule_Based,as,IN
02_covid_vaccination_basics,Custom_Rule_Based,hybrid,JJ
02_covid_vaccination_basics,Custom_Rule_Based,immunity,NN
02_covid_vaccination_basics,Custom_Rule_Based,when,WRB
02_covid_vaccination_basics,Custom_Rule_Based,vaccination,NN
02_covid_vaccination_basics,Custom_Rule_Based,and,CC
02_covid_vaccination_basics,Custom_Rule_Based,infection,NN
02_covid_vaccination_basics,Custom_Rule_Based,have,VBP
02_covid_vaccination_basics,Custom_Rule_Based,both,DT
02_covid_vaccination_basics,Custom_Rule_Based,occurred,VBN
02_covid_vaccination_basics,Custom_Rule_Based,.,.
02_covid_vaccination_basics,Custom_Rule_Based,Because,IN
02_covid_vaccination_basics,Custom_Rule_Based,immunity,NN
02_covid_vaccination_basics,Custom_Rule_Based,and,CC
02_covid_vaccination_basics,Custom_Rule_Based,circulating,NN
02_covid_vaccination_basics,Custom_Rule_Based,viruses,NNS
02_covid_vaccination_basics,Custom_Rule_Based,change,VBP
02_covid_vaccination_basics,Custom_Rule_Based,",",","
02_covid_vaccination_basics,Custom_Rule_Based,vaccination,NN
02_covid_vaccination_basics,Custom_Rule_Based,recommendations,NNS
02_covid_vaccination_basics,Custom_Rule_Based,may,MD
02_covid_vaccination_basics,Custom_Rule_Based,be,VB
02_covid_vaccination_basics,Custom_Rule_Based,updated,VBN
02_covid_vaccination_basics,Custom_Rule_Based,as,IN
02_covid_vaccination_basics,Custom_Rule_Based,evidence,NN
02_covid_vaccination_basics,Custom_Rule_Based,develops,NNS
02_covid_vaccination_basics,Custom_Rule_Based,.,.
02_covid_vaccination_basics,Custom_Rule_Based,When,WRB
02_covid_vaccination_basics,Custom_Rule_Based,communicating,VBG
02_covid_vaccination_basics,Custom_Rule_Based,about,IN
02_covid_vaccination_basics,Custom_Rule_Based,vaccines,NNS
02_covid_vaccination_basics,Custom_Rule_Based,",",","
02_covid_vaccination_basics,Custom_Rule_Based,it,PRP
02_covid_vaccination_basics,Custom_Rule_Based,is,VBZ
02_covid_vaccination_basics,Custom_Rule_Based,useful,JJ
02_covid_vaccination_basics,Custom_Rule_Based,to,TO
02_covid_vaccination_basics,Custom_Rule_Based,distinguish,VB
02_covid_vaccination_basics,Custom_Rule_Based,relative,JJ
02_covid_vaccination_basics,Custom_Rule_Based,risk,NN
02_covid_vaccination_basics,Custom_Rule_Based,",",","
02_covid_vaccination_basics,Custom_Rule_Based,absolute,NN
02_covid_vaccination_basics,Custom_Rule_Based,risk,NN
02_covid_vaccination_basics,Custom_Rule_Based,",",","
02_covid_vaccination_basics,Custom_Rule_Based,vaccine,NN
02_covid_vaccination_basics,Custom_Rule_Based,effectiveness,NN
02_covid_vaccination_basics,Custom_Rule_Based,",",","
02_covid_vaccination_basics,Custom_Rule_Based,and,CC
02_covid_vaccination_basics,Custom_Rule_Based,adverse-event,JJ
02_covid_vaccination_basics,Custom_Rule_Based,rates,NNS
02_covid_vaccination_basics,Custom_Rule_Based,.,.
02_covid_vaccination_basics,Custom_Rule_Based,A,DT
02_covid_vaccination_basics,Custom_Rule_Based,clear,JJ
02_covid_vaccination_basics,Custom_Rule_Based,explanation,NN
02_covid_vaccination_basics,Custom_Rule_Based,should,MD
02_covid_vaccination_basics,Custom_Rule_Based,specify,VB
02_covid_vaccination_basics,Custom_Rule_Based,the,DT
02_covid_vaccination_basics,Custom_Rule_Based,population,NN
02_covid_vaccination_basics,Custom_Rule_Based,",",","
02_covid_vaccination_basics,Custom_Rule_Based,comparison,NN
02_covid_vaccination_basics,Custom_Rule_Based,group,NN
02_covid_vaccination_basics,Custom_Rule_Based,",",","
02_covid_vaccination_basics,Custom_Rule_Based,time,NN
02_covid_vaccination_basics,Custom_Rule_Based,period,NN
02_covid_vaccination_basics,Custom_Rule_Based,",",","
02_covid_vaccination_basics,Custom_Rule_Based,and,CC
02_covid_vaccination_basics,Custom_Rule_Based,health,NN
02_covid_vaccination_basics,Custom_Rule_Based,outcome,NN
02_covid_vaccination_basics,Custom_Rule_Based,.,.
02_covid_vaccination_basics,Custom_Rule_Based,This,DT
02_covid_vaccination_basics,Custom_Rule_Based,prevents,VBZ
02_covid_vaccination_basics,Custom_Rule_Based,misleading,JJ
02_covid_vaccination_basics,Custom_Rule_Based,conclusions,NNS
02_covid_vaccination_basics,Custom_Rule_Based,from,IN
02_covid_vaccination_basics,Custom_Rule_Based,a,DT
02_covid_vaccination_basics,Custom_Rule_Based,single,JJ
02_covid_vaccination_basics,Custom_Rule_Based,percentage,NN
02_covid_vaccination_basics,Custom_Rule_Based,or,CC
02_covid_vaccination_basics,Custom_Rule_Based,isolated,VBN
02_covid_vaccination_basics,Custom_Rule_Based,statistic,JJ
02_covid_vaccination_basics,Custom_Rule_Based,.,.
03_vaccine_effectiveness_and_studies,NLTK,Evaluating,VBG
03_vaccine_effectiveness_and_studies,NLTK,Vaccine,NNP
03_vaccine_effectiveness_and_studies,NLTK,Effectiveness,NNP
03_vaccine_effectiveness_and_studies,NLTK,Vaccine,NNP
03_vaccine_effectiveness_and_studies,NLTK,effectiveness,NN
03_vaccine_effectiveness_and_studies,NLTK,is,VBZ
03_vaccine_effectiveness_and_studies,NLTK,usually,RB
03_vaccine_effectiveness_and_studies,NLTK,estimated,VBN
03_vaccine_effectiveness_and_studies,NLTK,by,IN
03_vaccine_effectiveness_and_studies,NLTK,comparing,VBG
03_vaccine_effectiveness_and_studies,NLTK,disease,NN
03_vaccine_effectiveness_and_studies,NLTK,outcomes,NNS
03_vaccine_effectiveness_and_studies,NLTK,between,IN
03_vaccine_effectiveness_and_studies,NLTK,vaccinated,VBN
03_vaccine_effectiveness_and_studies,NLTK,and,CC
03_vaccine_effectiveness_and_studies,NLTK,comparison,JJ
03_vaccine_effectiveness_and_studies,NLTK,groups,NNS
03_vaccine_effectiveness_and_studies,NLTK,under,IN
03_vaccine_effectiveness_and_studies,NLTK,real-world,JJ
03_vaccine_effectiveness_and_studies,NLTK,conditions,NNS
03_vaccine_effectiveness_and_studies,NLTK,.,.
03_vaccine_effectiveness_and_studies,NLTK,Observational,NNP
03_vaccine_effectiveness_and_studies,NLTK,studies,NNS
03_vaccine_effectiveness_and_studies,NLTK,may,MD
03_vaccine_effectiveness_and_studies,NLTK,use,VB
03_vaccine_effectiveness_and_studies,NLTK,cohort,NN
03_vaccine_effectiveness_and_studies,NLTK,",",","
03_vaccine_effectiveness_and_studies,NLTK,case-control,NN
03_vaccine_effectiveness_and_studies,NLTK,",",","
03_vaccine_effectiveness_and_studies,NLTK,or,CC
03_vaccine_effectiveness_and_studies,NLTK,test-negative,JJ
03_vaccine_effectiveness_and_studies,NLTK,designs,NNS
03_vaccine_effectiveness_and_studies,NLTK,.,.
03_vaccine_effectiveness_and_studies,NLTK,Researchers,NNS
03_vaccine_effectiveness_and_studies,NLTK,must,MD
03_vaccine_effectiveness_and_studies,NLTK,account,VB
03_vaccine_effectiveness_and_studies,NLTK,for,IN
03_vaccine_effectiveness_and_studies,NLTK,factors,NNS
03_vaccine_effectiveness_and_studies,NLTK,such,JJ
03_vaccine_effectiveness_and_studies,NLTK,as,IN
03_vaccine_effectiveness_and_studies,NLTK,age,NN
03_vaccine_effectiveness_and_studies,NLTK,",",","
03_vaccine_effectiveness_and_studies,NLTK,prior,JJ
03_vaccine_effectiveness_and_studies,NLTK,infection,NN
03_vaccine_effectiveness_and_studies,NLTK,",",","
03_vaccine_effectiveness_and_studies,NLTK,underlying,JJ
03_vaccine_effectiveness_and_studies,NLTK,conditions,NNS
03_vaccine_effectiveness_and_studies,NLTK,",",","
03_vaccine_effectiveness_and_studies,NLTK,healthcare-seeking,JJ
03_vaccine_effectiveness_and_studies,NLTK,behavior,NN
03_vaccine_effectiveness_and_studies,NLTK,",",","
03_vaccine_effectiveness_and_studies,NLTK,exposure,NN
03_vaccine_effectiveness_and_studies,NLTK,patterns,NNS
03_vaccine_effectiveness_and_studies,NLTK,",",","
03_vaccine_effectiveness_and_studies,NLTK,and,CC
03_vaccine_effectiveness_and_studies,NLTK,calendar,NN
03_vaccine_effectiveness_and_studies,NLTK,period,NN
03_vaccine_effectiveness_and_studies,NLTK,.,.
03_vaccine_effectiveness_and_studies,NLTK,Randomized,VBN
03_vaccine_effectiveness_and_studies,NLTK,controlled,JJ
03_vaccine_effectiveness_and_studies,NLTK,trials,NNS
03_vaccine_effectiveness_and_studies,NLTK,can,MD
03_vaccine_effectiveness_and_studies,NLTK,provide,VB
03_vaccine_effectiveness_and_studies,NLTK,strong,JJ
03_vaccine_effectiveness_and_studies,NLTK,evidence,NN
03_vaccine_effectiveness_and_studies,NLTK,about,IN
03_vaccine_effectiveness_and_studies,NLTK,efficacy,NN
03_vaccine_effectiveness_and_studies,NLTK,under,IN
03_vaccine_effectiveness_and_studies,NLTK,defined,VBN
03_vaccine_effectiveness_and_studies,NLTK,study,NN
03_vaccine_effectiveness_and_studies,NLTK,conditions,NNS
03_vaccine_effectiveness_and_studies,NLTK,",",","
03_vaccine_effectiveness_and_studies,NLTK,while,IN
03_vaccine_effectiveness_and_studies,NLTK,observational,JJ
03_vaccine_effectiveness_and_studies,NLTK,studies,NNS
03_vaccine_effectiveness_and_studies,NLTK,are,VBP
03_vaccine_effectiveness_and_studies,NLTK,especially,RB
03_vaccine_effectiveness_and_studies,NLTK,useful,JJ
03_vaccine_effectiveness_and_studies,NLTK,after,IN
03_vaccine_effectiveness_and_studies,NLTK,vaccines,NNS
03_vaccine_effectiveness_and_studies,NLTK,are,VBP
03_vaccine_effectiveness_and_studies,NLTK,deployed,VBN
03_vaccine_effectiveness_and_studies,NLTK,at,IN
03_vaccine_effectiveness_and_studies,NLTK,large,JJ
03_vaccine_effectiveness_and_studies,NLTK,scale,NN
03_vaccine_effectiveness_and_studies,NLTK,.,.
03_vaccine_effectiveness_and_studies,NLTK,Real-world,NNP
03_vaccine_effectiveness_and_studies,NLTK,effectiveness,NN
03_vaccine_effectiveness_and_studies,NLTK,may,MD
03_vaccine_effectiveness_and_studies,NLTK,differ,VB
03_vaccine_effectiveness_and_studies,NLTK,from,IN
03_vaccine_effectiveness_and_studies,NLTK,trial,NN
03_vaccine_effectiveness_and_studies,NLTK,efficacy,NN
03_vaccine_effectiveness_and_studies,NLTK,because,IN
03_vaccine_effectiveness_and_studies,NLTK,populations,NNS
03_vaccine_effectiveness_and_studies,NLTK,",",","
03_vaccine_effectiveness_and_studies,NLTK,exposure,NN
03_vaccine_effectiveness_and_studies,NLTK,levels,NNS
03_vaccine_effectiveness_and_studies,NLTK,",",","
03_vaccine_effectiveness_and_studies,NLTK,circulating,VBG
03_vaccine_effectiveness_and_studies,NLTK,variants,NNS
03_vaccine_effectiveness_and_studies,NLTK,",",","
03_vaccine_effectiveness_and_studies,NLTK,and,CC
03_vaccine_effectiveness_and_studies,NLTK,vaccination,NN
03_vaccine_effectiveness_and_studies,NLTK,schedules,NNS
03_vaccine_effectiveness_and_studies,NLTK,differ,VBP
03_vaccine_effectiveness_and_studies,NLTK,.,.
03_vaccine_effectiveness_and_studies,NLTK,A,DT
03_vaccine_effectiveness_and_studies,NLTK,useful,JJ
03_vaccine_effectiveness_and_studies,NLTK,interpretation,NN
03_vaccine_effectiveness_and_studies,NLTK,of,IN
03_vaccine_effectiveness_and_studies,NLTK,vaccine,NN
03_vaccine_effectiveness_and_studies,NLTK,effectiveness,NN
03_vaccine_effectiveness_and_studies,NLTK,requires,VBZ
03_vaccine_effectiveness_and_studies,NLTK,knowing,VBG
03_vaccine_effectiveness_and_studies,NLTK,the,DT
03_vaccine_effectiveness_and_studies,NLTK,endpoint,NN
03_vaccine_effectiveness_and_studies,NLTK,.,.
03_vaccine_effectiveness_and_studies,NLTK,For,IN
03_vaccine_effectiveness_and_studies,NLTK,example,NN
03_vaccine_effectiveness_and_studies,NLTK,",",","
03_vaccine_effectiveness_and_studies,NLTK,effectiveness,NN
03_vaccine_effectiveness_and_studies,NLTK,against,IN
03_vaccine_effectiveness_and_studies,NLTK,hospitalization,NN
03_vaccine_effectiveness_and_studies,NLTK,is,VBZ
03_vaccine_effectiveness_and_studies,NLTK,a,DT
03_vaccine_effectiveness_and_studies,NLTK,different,JJ
03_vaccine_effectiveness_and_studies,NLTK,quantity,NN
03_vaccine_effectiveness_and_studies,NLTK,from,IN
03_vaccine_effectiveness_and_studies,NLTK,effectiveness,NN
03_vaccine_effectiveness_and_studies,NLTK,against,IN
03_vaccine_effectiveness_and_studies,NLTK,infection,NN
03_vaccine_effectiveness_and_studies,NLTK,.,.
03_vaccine_effectiveness_and_studies,NLTK,Waning,VBG
03_vaccine_effectiveness_and_studies,NLTK,protection,NN
03_vaccine_effectiveness_and_studies,NLTK,may,MD
03_vaccine_effectiveness_and_studies,NLTK,also,RB
03_vaccine_effectiveness_and_studies,NLTK,appear,VB
03_vaccine_effectiveness_and_studies,NLTK,differently,RB
03_vaccine_effectiveness_and_studies,NLTK,for,IN
03_vaccine_effectiveness_and_studies,NLTK,different,JJ
03_vaccine_effectiveness_and_studies,NLTK,outcomes,NNS
03_vaccine_effectiveness_and_studies,NLTK,.,.
03_vaccine_effectiveness_and_studies,NLTK,Researchers,NNS
03_vaccine_effectiveness_and_studies,NLTK,may,MD
03_vaccine_effectiveness_and_studies,NLTK,stratify,VB
03_vaccine_effectiveness_and_studies,NLTK,results,NNS
03_vaccine_effectiveness_and_studies,NLTK,by,IN
03_vaccine_effectiveness_and_studies,NLTK,age,NN
03_vaccine_effectiveness_and_studies,NLTK,",",","
03_vaccine_effectiveness_and_studies,NLTK,time,NN
03_vaccine_effectiveness_and_studies,NLTK,since,IN
03_vaccine_effectiveness_and_studies,NLTK,vaccination,NN
03_vaccine_effectiveness_and_studies,NLTK,",",","
03_vaccine_effectiveness_and_studies,NLTK,product,NN
03_vaccine_effectiveness_and_studies,NLTK,",",","
03_vaccine_effectiveness_and_studies,NLTK,or,CC
03_vaccine_effectiveness_and_studies,NLTK,variant,JJ
03_vaccine_effectiveness_and_studies,NLTK,period,NN
03_vaccine_effectiveness_and_studies,NLTK,.,.
03_vaccine_effectiveness_and_studies,NLTK,Confounding,NNP
03_vaccine_effectiveness_and_studies,NLTK,and,CC
03_vaccine_effectiveness_and_studies,NLTK,selection,NN
03_vaccine_effectiveness_and_studies,NLTK,bias,NNS
03_vaccine_effectiveness_and_studies,NLTK,are,VBP
03_vaccine_effectiveness_and_studies,NLTK,important,JJ
03_vaccine_effectiveness_and_studies,NLTK,limitations,NNS
03_vaccine_effectiveness_and_studies,NLTK,in,IN
03_vaccine_effectiveness_and_studies,NLTK,observational,JJ
03_vaccine_effectiveness_and_studies,NLTK,vaccine,NN
03_vaccine_effectiveness_and_studies,NLTK,studies,NNS
03_vaccine_effectiveness_and_studies,NLTK,.,.
03_vaccine_effectiveness_and_studies,NLTK,Statistical,JJ
03_vaccine_effectiveness_and_studies,NLTK,adjustment,NN
03_vaccine_effectiveness_and_studies,NLTK,can,MD
03_vaccine_effectiveness_and_studies,NLTK,reduce,VB
03_vaccine_effectiveness_and_studies,NLTK,some,DT
03_vaccine_effectiveness_and_studies,NLTK,biases,NNS
03_vaccine_effectiveness_and_studies,NLTK,",",","
03_vaccine_effectiveness_and_studies,NLTK,but,CC
03_vaccine_effectiveness_and_studies,NLTK,it,PRP
03_vaccine_effectiveness_and_studies,NLTK,can,MD
03_vaccine_effectiveness_and_studies,NLTK,not,RB
03_vaccine_effectiveness_and_studies,NLTK,guarantee,VB
03_vaccine_effectiveness_and_studies,NLTK,that,IN
03_vaccine_effectiveness_and_studies,NLTK,every,DT
03_vaccine_effectiveness_and_studies,NLTK,relevant,JJ
03_vaccine_effectiveness_and_studies,NLTK,difference,NN
03_vaccine_effectiveness_and_studies,NLTK,between,IN
03_vaccine_effectiveness_and_studies,NLTK,groups,NNS
03_vaccine_effectiveness_and_studies,NLTK,has,VBZ
03_vaccine_effectiveness_and_studies,NLTK,been,VBN
03_vaccine_effectiveness_and_studies,NLTK,measured,VBN
03_vaccine_effectiveness_and_studies,NLTK,.,.
03_vaccine_effectiveness_and_studies,NLTK,Results,NNS
03_vaccine_effectiveness_and_studies,NLTK,should,MD
03_vaccine_effectiveness_and_studies,NLTK,therefore,RB
03_vaccine_effectiveness_and_studies,NLTK,be,VB
03_vaccine_effectiveness_and_studies,NLTK,interpreted,VBN
03_vaccine_effectiveness_and_studies,NLTK,in,IN
03_vaccine_effectiveness_and_studies,NLTK,the,DT
03_vaccine_effectiveness_and_studies,NLTK,context,NN
03_vaccine_effectiveness_and_studies,NLTK,of,IN
03_vaccine_effectiveness_and_studies,NLTK,study,NN
03_vaccine_effectiveness_and_studies,NLTK,design,NN
03_vaccine_effectiveness_and_studies,NLTK,",",","
03_vaccine_effectiveness_and_studies,NLTK,uncertainty,NN
03_vaccine_effectiveness_and_studies,NLTK,intervals,NNS
03_vaccine_effectiveness_and_studies,NLTK,",",","
03_vaccine_effectiveness_and_studies,NLTK,sample,NN
03_vaccine_effectiveness_and_studies,NLTK,size,NN
03_vaccine_effectiveness_and_studies,NLTK,",",","
03_vaccine_effectiveness_and_studies,NLTK,and,CC
03_vaccine_effectiveness_and_studies,NLTK,the,DT
03_vaccine_effectiveness_and_studies,NLTK,population,NN
03_vaccine_effectiveness_and_studies,NLTK,studied,VBD
03_vaccine_effectiveness_and_studies,NLTK,.,.
03_vaccine_effectiveness_and_studies,spaCy,Evaluating,PROPN
03_vaccine_effectiveness_and_studies,spaCy,Vaccine,PROPN
03_vaccine_effectiveness_and_studies,spaCy,Effectiveness,PROPN
03_vaccine_effectiveness_and_studies,spaCy,Vaccine,PROPN
03_vaccine_effectiveness_and_studies,spaCy,effectiveness,NOUN
03_vaccine_effectiveness_and_studies,spaCy,is,AUX
03_vaccine_effectiveness_and_studies,spaCy,usually,ADV
03_vaccine_effectiveness_and_studies,spaCy,estimated,VERB
03_vaccine_effectiveness_and_studies,spaCy,by,ADP
03_vaccine_effectiveness_and_studies,spaCy,comparing,VERB
03_vaccine_effectiveness_and_studies,spaCy,disease,NOUN
03_vaccine_effectiveness_and_studies,spaCy,outcomes,NOUN
03_vaccine_effectiveness_and_studies,spaCy,between,ADP
03_vaccine_effectiveness_and_studies,spaCy,vaccinated,ADJ
03_vaccine_effectiveness_and_studies,spaCy,and,CCONJ
03_vaccine_effectiveness_and_studies,spaCy,comparison,NOUN
03_vaccine_effectiveness_and_studies,spaCy,groups,NOUN
03_vaccine_effectiveness_and_studies,spaCy,under,ADP
03_vaccine_effectiveness_and_studies,spaCy,real,ADJ
03_vaccine_effectiveness_and_studies,spaCy,-,PUNCT
03_vaccine_effectiveness_and_studies,spaCy,world,NOUN
03_vaccine_effectiveness_and_studies,spaCy,conditions,NOUN
03_vaccine_effectiveness_and_studies,spaCy,.,PUNCT
03_vaccine_effectiveness_and_studies,spaCy,Observational,ADJ
03_vaccine_effectiveness_and_studies,spaCy,studies,NOUN
03_vaccine_effectiveness_and_studies,spaCy,may,AUX
03_vaccine_effectiveness_and_studies,spaCy,use,VERB
03_vaccine_effectiveness_and_studies,spaCy,cohort,NOUN
03_vaccine_effectiveness_and_studies,spaCy,",",PUNCT
03_vaccine_effectiveness_and_studies,spaCy,case,NOUN
03_vaccine_effectiveness_and_studies,spaCy,-,PUNCT
03_vaccine_effectiveness_and_studies,spaCy,control,NOUN
03_vaccine_effectiveness_and_studies,spaCy,",",PUNCT
03_vaccine_effectiveness_and_studies,spaCy,or,CCONJ
03_vaccine_effectiveness_and_studies,spaCy,test,NOUN
03_vaccine_effectiveness_and_studies,spaCy,-,PUNCT
03_vaccine_effectiveness_and_studies,spaCy,negative,ADJ
03_vaccine_effectiveness_and_studies,spaCy,designs,NOUN
03_vaccine_effectiveness_and_studies,spaCy,.,PUNCT
03_vaccine_effectiveness_and_studies,spaCy,Researchers,NOUN
03_vaccine_effectiveness_and_studies,spaCy,must,AUX
03_vaccine_effectiveness_and_studies,spaCy,account,VERB
03_vaccine_effectiveness_and_studies,spaCy,for,ADP
03_vaccine_effectiveness_and_studies,spaCy,factors,NOUN
03_vaccine_effectiveness_and_studies,spaCy,such,ADJ
03_vaccine_effectiveness_and_studies,spaCy,as,ADP
03_vaccine_effectiveness_and_studies,spaCy,age,NOUN
03_vaccine_effectiveness_and_studies,spaCy,",",PUNCT
03_vaccine_effectiveness_and_studies,spaCy,prior,ADJ
03_vaccine_effectiveness_and_studies,spaCy,infection,NOUN
03_vaccine_effectiveness_and_studies,spaCy,",",PUNCT
03_vaccine_effectiveness_and_studies,spaCy,underlying,ADJ
03_vaccine_effectiveness_and_studies,spaCy,conditions,NOUN
03_vaccine_effectiveness_and_studies,spaCy,",",PUNCT
03_vaccine_effectiveness_and_studies,spaCy,healthcare,NOUN
03_vaccine_effectiveness_and_studies,spaCy,-,PUNCT
03_vaccine_effectiveness_and_studies,spaCy,seeking,VERB
03_vaccine_effectiveness_and_studies,spaCy,behavior,NOUN
03_vaccine_effectiveness_and_studies,spaCy,",",PUNCT
03_vaccine_effectiveness_and_studies,spaCy,exposure,NOUN
03_vaccine_effectiveness_and_studies,spaCy,patterns,NOUN
03_vaccine_effectiveness_and_studies,spaCy,",",PUNCT
03_vaccine_effectiveness_and_studies,spaCy,and,CCONJ
03_vaccine_effectiveness_and_studies,spaCy,calendar,NOUN
03_vaccine_effectiveness_and_studies,spaCy,period,NOUN
03_vaccine_effectiveness_and_studies,spaCy,.,PUNCT
03_vaccine_effectiveness_and_studies,spaCy,Randomized,VERB
03_vaccine_effectiveness_and_studies,spaCy,controlled,VERB
03_vaccine_effectiveness_and_studies,spaCy,trials,NOUN
03_vaccine_effectiveness_and_studies,spaCy,can,AUX
03_vaccine_effectiveness_and_studies,spaCy,provide,VERB
03_vaccine_effectiveness_and_studies,spaCy,strong,ADJ
03_vaccine_effectiveness_and_studies,spaCy,evidence,NOUN
03_vaccine_effectiveness_and_studies,spaCy,about,ADP
03_vaccine_effectiveness_and_studies,spaCy,efficacy,NOUN
03_vaccine_effectiveness_and_studies,spaCy,under,ADP
03_vaccine_effectiveness_and_studies,spaCy,defined,VERB
03_vaccine_effectiveness_and_studies,spaCy,study,NOUN
03_vaccine_effectiveness_and_studies,spaCy,conditions,NOUN
03_vaccine_effectiveness_and_studies,spaCy,",",PUNCT
03_vaccine_effectiveness_and_studies,spaCy,while,SCONJ
03_vaccine_effectiveness_and_studies,spaCy,observational,ADJ
03_vaccine_effectiveness_and_studies,spaCy,studies,NOUN
03_vaccine_effectiveness_and_studies,spaCy,are,AUX
03_vaccine_effectiveness_and_studies,spaCy,especially,ADV
03_vaccine_effectiveness_and_studies,spaCy,useful,ADJ
03_vaccine_effectiveness_and_studies,spaCy,after,SCONJ
03_vaccine_effectiveness_and_studies,spaCy,vaccines,NOUN
03_vaccine_effectiveness_and_studies,spaCy,are,AUX
03_vaccine_effectiveness_and_studies,spaCy,deployed,VERB
03_vaccine_effectiveness_and_studies,spaCy,at,ADP
03_vaccine_effectiveness_and_studies,spaCy,large,ADJ
03_vaccine_effectiveness_and_studies,spaCy,scale,NOUN
03_vaccine_effectiveness_and_studies,spaCy,.,PUNCT
03_vaccine_effectiveness_and_studies,spaCy,Real,ADJ
03_vaccine_effectiveness_and_studies,spaCy,-,PUNCT
03_vaccine_effectiveness_and_studies,spaCy,world,NOUN
03_vaccine_effectiveness_and_studies,spaCy,effectiveness,NOUN
03_vaccine_effectiveness_and_studies,spaCy,may,AUX
03_vaccine_effectiveness_and_studies,spaCy,differ,VERB
03_vaccine_effectiveness_and_studies,spaCy,from,ADP
03_vaccine_effectiveness_and_studies,spaCy,trial,NOUN
03_vaccine_effectiveness_and_studies,spaCy,efficacy,NOUN
03_vaccine_effectiveness_and_studies,spaCy,because,SCONJ
03_vaccine_effectiveness_and_studies,spaCy,populations,NOUN
03_vaccine_effectiveness_and_studies,spaCy,",",PUNCT
03_vaccine_effectiveness_and_studies,spaCy,exposure,NOUN
03_vaccine_effectiveness_and_studies,spaCy,levels,NOUN
03_vaccine_effectiveness_and_studies,spaCy,",",PUNCT
03_vaccine_effectiveness_and_studies,spaCy,circulating,VERB
03_vaccine_effectiveness_and_studies,spaCy,variants,NOUN
03_vaccine_effectiveness_and_studies,spaCy,",",PUNCT
03_vaccine_effectiveness_and_studies,spaCy,and,CCONJ
03_vaccine_effectiveness_and_studies,spaCy,vaccination,NOUN
03_vaccine_effectiveness_and_studies,spaCy,schedules,NOUN
03_vaccine_effectiveness_and_studies,spaCy,differ,VERB
03_vaccine_effectiveness_and_studies,spaCy,.,PUNCT
03_vaccine_effectiveness_and_studies,spaCy,A,DET
03_vaccine_effectiveness_and_studies,spaCy,useful,ADJ
03_vaccine_effectiveness_and_studies,spaCy,interpretation,NOUN
03_vaccine_effectiveness_and_studies,spaCy,of,ADP
03_vaccine_effectiveness_and_studies,spaCy,vaccine,NOUN
03_vaccine_effectiveness_and_studies,spaCy,effectiveness,NOUN
03_vaccine_effectiveness_and_studies,spaCy,requires,VERB
03_vaccine_effectiveness_and_studies,spaCy,knowing,VERB
03_vaccine_effectiveness_and_studies,spaCy,the,DET
03_vaccine_effectiveness_and_studies,spaCy,endpoint,NOUN
03_vaccine_effectiveness_and_studies,spaCy,.,PUNCT
03_vaccine_effectiveness_and_studies,spaCy,For,ADP
03_vaccine_effectiveness_and_studies,spaCy,example,NOUN
03_vaccine_effectiveness_and_studies,spaCy,",",PUNCT
03_vaccine_effectiveness_and_studies,spaCy,effectiveness,NOUN
03_vaccine_effectiveness_and_studies,spaCy,against,ADP
03_vaccine_effectiveness_and_studies,spaCy,hospitalization,NOUN
03_vaccine_effectiveness_and_studies,spaCy,is,AUX
03_vaccine_effectiveness_and_studies,spaCy,a,DET
03_vaccine_effectiveness_and_studies,spaCy,different,ADJ
03_vaccine_effectiveness_and_studies,spaCy,quantity,NOUN
03_vaccine_effectiveness_and_studies,spaCy,from,ADP
03_vaccine_effectiveness_and_studies,spaCy,effectiveness,NOUN
03_vaccine_effectiveness_and_studies,spaCy,against,ADP
03_vaccine_effectiveness_and_studies,spaCy,infection,NOUN
03_vaccine_effectiveness_and_studies,spaCy,.,PUNCT
03_vaccine_effectiveness_and_studies,spaCy,Waning,VERB
03_vaccine_effectiveness_and_studies,spaCy,protection,NOUN
03_vaccine_effectiveness_and_studies,spaCy,may,AUX
03_vaccine_effectiveness_and_studies,spaCy,also,ADV
03_vaccine_effectiveness_and_studies,spaCy,appear,VERB
03_vaccine_effectiveness_and_studies,spaCy,differently,ADV
03_vaccine_effectiveness_and_studies,spaCy,for,ADP
03_vaccine_effectiveness_and_studies,spaCy,different,ADJ
03_vaccine_effectiveness_and_studies,spaCy,outcomes,NOUN
03_vaccine_effectiveness_and_studies,spaCy,.,PUNCT
03_vaccine_effectiveness_and_studies,spaCy,Researchers,NOUN
03_vaccine_effectiveness_and_studies,spaCy,may,AUX
03_vaccine_effectiveness_and_studies,spaCy,stratify,VERB
03_vaccine_effectiveness_and_studies,spaCy,results,NOUN
03_vaccine_effectiveness_and_studies,spaCy,by,ADP
03_vaccine_effectiveness_and_studies,spaCy,age,NOUN
03_vaccine_effectiveness_and_studies,spaCy,",",PUNCT
03_vaccine_effectiveness_and_studies,spaCy,time,NOUN
03_vaccine_effectiveness_and_studies,spaCy,since,SCONJ
03_vaccine_effectiveness_and_studies,spaCy,vaccination,NOUN
03_vaccine_effectiveness_and_studies,spaCy,",",PUNCT
03_vaccine_effectiveness_and_studies,spaCy,product,NOUN
03_vaccine_effectiveness_and_studies,spaCy,",",PUNCT
03_vaccine_effectiveness_and_studies,spaCy,or,CCONJ
03_vaccine_effectiveness_and_studies,spaCy,variant,ADJ
03_vaccine_effectiveness_and_studies,spaCy,period,NOUN
03_vaccine_effectiveness_and_studies,spaCy,.,PUNCT
03_vaccine_effectiveness_and_studies,spaCy,Confounding,VERB
03_vaccine_effectiveness_and_studies,spaCy,and,CCONJ
03_vaccine_effectiveness_and_studies,spaCy,selection,NOUN
03_vaccine_effectiveness_and_studies,spaCy,bias,NOUN
03_vaccine_effectiveness_and_studies,spaCy,are,AUX
03_vaccine_effectiveness_and_studies,spaCy,important,ADJ
03_vaccine_effectiveness_and_studies,spaCy,limitations,NOUN
03_vaccine_effectiveness_and_studies,spaCy,in,ADP
03_vaccine_effectiveness_and_studies,spaCy,observational,ADJ
03_vaccine_effectiveness_and_studies,spaCy,vaccine,NOUN
03_vaccine_effectiveness_and_studies,spaCy,studies,NOUN
03_vaccine_effectiveness_and_studies,spaCy,.,PUNCT
03_vaccine_effectiveness_and_studies,spaCy,Statistical,ADJ
03_vaccine_effectiveness_and_studies,spaCy,adjustment,NOUN
03_vaccine_effectiveness_and_studies,spaCy,can,AUX
03_vaccine_effectiveness_and_studies,spaCy,reduce,VERB
03_vaccine_effectiveness_and_studies,spaCy,some,DET
03_vaccine_effectiveness_and_studies,spaCy,biases,NOUN
03_vaccine_effectiveness_and_studies,spaCy,",",PUNCT
03_vaccine_effectiveness_and_studies,spaCy,but,CCONJ
03_vaccine_effectiveness_and_studies,spaCy,it,PRON
03_vaccine_effectiveness_and_studies,spaCy,can,AUX
03_vaccine_effectiveness_and_studies,spaCy,not,PART
03_vaccine_effectiveness_and_studies,spaCy,guarantee,VERB
03_vaccine_effectiveness_and_studies,spaCy,that,SCONJ
03_vaccine_effectiveness_and_studies,spaCy,every,DET
03_vaccine_effectiveness_and_studies,spaCy,relevant,ADJ
03_vaccine_effectiveness_and_studies,spaCy,difference,NOUN
03_vaccine_effectiveness_and_studies,spaCy,between,ADP
03_vaccine_effectiveness_and_studies,spaCy,groups,NOUN
03_vaccine_effectiveness_and_studies,spaCy,has,AUX
03_vaccine_effectiveness_and_studies,spaCy,been,AUX
03_vaccine_effectiveness_and_studies,spaCy,measured,VERB
03_vaccine_effectiveness_and_studies,spaCy,.,PUNCT
03_vaccine_effectiveness_and_studies,spaCy,Results,NOUN
03_vaccine_effectiveness_and_studies,spaCy,should,AUX
03_vaccine_effectiveness_and_studies,spaCy,therefore,ADV
03_vaccine_effectiveness_and_studies,spaCy,be,AUX
03_vaccine_effectiveness_and_studies,spaCy,interpreted,VERB
03_vaccine_effectiveness_and_studies,spaCy,in,ADP
03_vaccine_effectiveness_and_studies,spaCy,the,DET
03_vaccine_effectiveness_and_studies,spaCy,context,NOUN
03_vaccine_effectiveness_and_studies,spaCy,of,ADP
03_vaccine_effectiveness_and_studies,spaCy,study,NOUN
03_vaccine_effectiveness_and_studies,spaCy,design,NOUN
03_vaccine_effectiveness_and_studies,spaCy,",",PUNCT
03_vaccine_effectiveness_and_studies,spaCy,uncertainty,NOUN
03_vaccine_effectiveness_and_studies,spaCy,intervals,NOUN
03_vaccine_effectiveness_and_studies,spaCy,",",PUNCT
03_vaccine_effectiveness_and_studies,spaCy,sample,NOUN
03_vaccine_effectiveness_and_studies,spaCy,size,NOUN
03_vaccine_effectiveness_and_studies,spaCy,",",PUNCT
03_vaccine_effectiveness_and_studies,spaCy,and,CCONJ
03_vaccine_effectiveness_and_studies,spaCy,the,DET
03_vaccine_effectiveness_and_studies,spaCy,population,NOUN
03_vaccine_effectiveness_and_studies,spaCy,studied,VERB
03_vaccine_effectiveness_and_studies,spaCy,.,PUNCT
03_vaccine_effectiveness_and_studies,Custom_Rule_Based,Evaluating,VBG
03_vaccine_effectiveness_and_studies,Custom_Rule_Based,Vaccine,NN
03_vaccine_effectiveness_and_studies,Custom_Rule_Based,Effectiveness,NNP
03_vaccine_effectiveness_and_studies,Custom_Rule_Based,Vaccine,NN
03_vaccine_effectiveness_and_studies,Custom_Rule_Based,effectiveness,NN
03_vaccine_effectiveness_and_studies,Custom_Rule_Based,is,VBZ
03_vaccine_effectiveness_and_studies,Custom_Rule_Based,usually,RB
03_vaccine_effectiveness_and_studies,Custom_Rule_Based,estimated,VBN
03_vaccine_effectiveness_and_studies,Custom_Rule_Based,by,IN
03_vaccine_effectiveness_and_studies,Custom_Rule_Based,comparing,VBG
03_vaccine_effectiveness_and_studies,Custom_Rule_Based,disease,NN
03_vaccine_effectiveness_and_studies,Custom_Rule_Based,outcomes,NNS
03_vaccine_effectiveness_and_studies,Custom_Rule_Based,between,IN
03_vaccine_effectiveness_and_studies,Custom_Rule_Based,vaccinated,VBN
03_vaccine_effectiveness_and_studies,Custom_Rule_Based,and,CC
03_vaccine_effectiveness_and_studies,Custom_Rule_Based,comparison,JJ
03_vaccine_effectiveness_and_studies,Custom_Rule_Based,groups,NNS
03_vaccine_effectiveness_and_studies,Custom_Rule_Based,under,IN
03_vaccine_effectiveness_and_studies,Custom_Rule_Based,real-world,JJ
03_vaccine_effectiveness_and_studies,Custom_Rule_Based,conditions,NNS
03_vaccine_effectiveness_and_studies,Custom_Rule_Based,.,.
03_vaccine_effectiveness_and_studies,Custom_Rule_Based,Observational,NNP
03_vaccine_effectiveness_and_studies,Custom_Rule_Based,studies,NNS
03_vaccine_effectiveness_and_studies,Custom_Rule_Based,may,MD
03_vaccine_effectiveness_and_studies,Custom_Rule_Based,use,VB
03_vaccine_effectiveness_and_studies,Custom_Rule_Based,cohort,NN
03_vaccine_effectiveness_and_studies,Custom_Rule_Based,",",","
03_vaccine_effectiveness_and_studies,Custom_Rule_Based,case-control,NN
03_vaccine_effectiveness_and_studies,Custom_Rule_Based,",",","
03_vaccine_effectiveness_and_studies,Custom_Rule_Based,or,CC
03_vaccine_effectiveness_and_studies,Custom_Rule_Based,test-negative,JJ
03_vaccine_effectiveness_and_studies,Custom_Rule_Based,designs,NNS
03_vaccine_effectiveness_and_studies,Custom_Rule_Based,.,.
03_vaccine_effectiveness_and_studies,Custom_Rule_Based,Researchers,NNS
03_vaccine_effectiveness_and_studies,Custom_Rule_Based,must,MD
03_vaccine_effectiveness_and_studies,Custom_Rule_Based,account,VB
03_vaccine_effectiveness_and_studies,Custom_Rule_Based,for,IN
03_vaccine_effectiveness_and_studies,Custom_Rule_Based,factors,NNS
03_vaccine_effectiveness_and_studies,Custom_Rule_Based,such,JJ
03_vaccine_effectiveness_and_studies,Custom_Rule_Based,as,IN
03_vaccine_effectiveness_and_studies,Custom_Rule_Based,age,NN
03_vaccine_effectiveness_and_studies,Custom_Rule_Based,",",","
03_vaccine_effectiveness_and_studies,Custom_Rule_Based,prior,JJ
03_vaccine_effectiveness_and_studies,Custom_Rule_Based,infection,NN
03_vaccine_effectiveness_and_studies,Custom_Rule_Based,",",","
03_vaccine_effectiveness_and_studies,Custom_Rule_Based,underlying,JJ
03_vaccine_effectiveness_and_studies,Custom_Rule_Based,conditions,NNS
03_vaccine_effectiveness_and_studies,Custom_Rule_Based,",",","
03_vaccine_effectiveness_and_studies,Custom_Rule_Based,healthcare-seeking,JJ
03_vaccine_effectiveness_and_studies,Custom_Rule_Based,behavior,NN
03_vaccine_effectiveness_and_studies,Custom_Rule_Based,",",","
03_vaccine_effectiveness_and_studies,Custom_Rule_Based,exposure,NN
03_vaccine_effectiveness_and_studies,Custom_Rule_Based,patterns,NNS
03_vaccine_effectiveness_and_studies,Custom_Rule_Based,",",","
03_vaccine_effectiveness_and_studies,Custom_Rule_Based,and,CC
03_vaccine_effectiveness_and_studies,Custom_Rule_Based,calendar,NN
03_vaccine_effectiveness_and_studies,Custom_Rule_Based,period,NN
03_vaccine_effectiveness_and_studies,Custom_Rule_Based,.,.
03_vaccine_effectiveness_and_studies,Custom_Rule_Based,Randomized,VBN
03_vaccine_effectiveness_and_studies,Custom_Rule_Based,controlled,JJ
03_vaccine_effectiveness_and_studies,Custom_Rule_Based,trials,NNS
03_vaccine_effectiveness_and_studies,Custom_Rule_Based,can,MD
03_vaccine_effectiveness_and_studies,Custom_Rule_Based,provide,VB
03_vaccine_effectiveness_and_studies,Custom_Rule_Based,strong,JJ
03_vaccine_effectiveness_and_studies,Custom_Rule_Based,evidence,NN
03_vaccine_effectiveness_and_studies,Custom_Rule_Based,about,IN
03_vaccine_effectiveness_and_studies,Custom_Rule_Based,efficacy,NN
03_vaccine_effectiveness_and_studies,Custom_Rule_Based,under,IN
03_vaccine_effectiveness_and_studies,Custom_Rule_Based,defined,VBN
03_vaccine_effectiveness_and_studies,Custom_Rule_Based,study,NN
03_vaccine_effectiveness_and_studies,Custom_Rule_Based,conditions,NNS
03_vaccine_effectiveness_and_studies,Custom_Rule_Based,",",","
03_vaccine_effectiveness_and_studies,Custom_Rule_Based,while,IN
03_vaccine_effectiveness_and_studies,Custom_Rule_Based,observational,JJ
03_vaccine_effectiveness_and_studies,Custom_Rule_Based,studies,NNS
03_vaccine_effectiveness_and_studies,Custom_Rule_Based,are,VBP
03_vaccine_effectiveness_and_studies,Custom_Rule_Based,especially,RB
03_vaccine_effectiveness_and_studies,Custom_Rule_Based,useful,JJ
03_vaccine_effectiveness_and_studies,Custom_Rule_Based,after,IN
03_vaccine_effectiveness_and_studies,Custom_Rule_Based,vaccines,NNS
03_vaccine_effectiveness_and_studies,Custom_Rule_Based,are,VBP
03_vaccine_effectiveness_and_studies,Custom_Rule_Based,deployed,VBN
03_vaccine_effectiveness_and_studies,Custom_Rule_Based,at,IN
03_vaccine_effectiveness_and_studies,Custom_Rule_Based,large,JJ
03_vaccine_effectiveness_and_studies,Custom_Rule_Based,scale,NN
03_vaccine_effectiveness_and_studies,Custom_Rule_Based,.,.
03_vaccine_effectiveness_and_studies,Custom_Rule_Based,Real-world,NNP
03_vaccine_effectiveness_and_studies,Custom_Rule_Based,effectiveness,NN
03_vaccine_effectiveness_and_studies,Custom_Rule_Based,may,MD
03_vaccine_effectiveness_and_studies,Custom_Rule_Based,differ,VB
03_vaccine_effectiveness_and_studies,Custom_Rule_Based,from,IN
03_vaccine_effectiveness_and_studies,Custom_Rule_Based,trial,NN
03_vaccine_effectiveness_and_studies,Custom_Rule_Based,efficacy,NN
03_vaccine_effectiveness_and_studies,Custom_Rule_Based,because,IN
03_vaccine_effectiveness_and_studies,Custom_Rule_Based,populations,NNS
03_vaccine_effectiveness_and_studies,Custom_Rule_Based,",",","
03_vaccine_effectiveness_and_studies,Custom_Rule_Based,exposure,NN
03_vaccine_effectiveness_and_studies,Custom_Rule_Based,levels,NNS
03_vaccine_effectiveness_and_studies,Custom_Rule_Based,",",","
03_vaccine_effectiveness_and_studies,Custom_Rule_Based,circulating,VBG
03_vaccine_effectiveness_and_studies,Custom_Rule_Based,variants,NNS
03_vaccine_effectiveness_and_studies,Custom_Rule_Based,",",","
03_vaccine_effectiveness_and_studies,Custom_Rule_Based,and,CC
03_vaccine_effectiveness_and_studies,Custom_Rule_Based,vaccination,NN
03_vaccine_effectiveness_and_studies,Custom_Rule_Based,schedules,NNS
03_vaccine_effectiveness_and_studies,Custom_Rule_Based,differ,VBP
03_vaccine_effectiveness_and_studies,Custom_Rule_Based,.,.
03_vaccine_effectiveness_and_studies,Custom_Rule_Based,A,DT
03_vaccine_effectiveness_and_studies,Custom_Rule_Based,useful,JJ
03_vaccine_effectiveness_and_studies,Custom_Rule_Based,interpretation,NN
03_vaccine_effectiveness_and_studies,Custom_Rule_Based,of,IN
03_vaccine_effectiveness_and_studies,Custom_Rule_Based,vaccine,NN
03_vaccine_effectiveness_and_studies,Custom_Rule_Based,effectiveness,NN
03_vaccine_effectiveness_and_studies,Custom_Rule_Based,requires,VBZ
03_vaccine_effectiveness_and_studies,Custom_Rule_Based,knowing,VBG
03_vaccine_effectiveness_and_studies,Custom_Rule_Based,the,DT
03_vaccine_effectiveness_and_studies,Custom_Rule_Based,endpoint,NN
03_vaccine_effectiveness_and_studies,Custom_Rule_Based,.,.
03_vaccine_effectiveness_and_studies,Custom_Rule_Based,For,IN
03_vaccine_effectiveness_and_studies,Custom_Rule_Based,example,NN
03_vaccine_effectiveness_and_studies,Custom_Rule_Based,",",","
03_vaccine_effectiveness_and_studies,Custom_Rule_Based,effectiveness,NN
03_vaccine_effectiveness_and_studies,Custom_Rule_Based,against,IN
03_vaccine_effectiveness_and_studies,Custom_Rule_Based,hospitalization,NN
03_vaccine_effectiveness_and_studies,Custom_Rule_Based,is,VBZ
03_vaccine_effectiveness_and_studies,Custom_Rule_Based,a,DT
03_vaccine_effectiveness_and_studies,Custom_Rule_Based,different,JJ
03_vaccine_effectiveness_and_studies,Custom_Rule_Based,quantity,NN
03_vaccine_effectiveness_and_studies,Custom_Rule_Based,from,IN
03_vaccine_effectiveness_and_studies,Custom_Rule_Based,effectiveness,NN
03_vaccine_effectiveness_and_studies,Custom_Rule_Based,against,IN
03_vaccine_effectiveness_and_studies,Custom_Rule_Based,infection,NN
03_vaccine_effectiveness_and_studies,Custom_Rule_Based,.,.
03_vaccine_effectiveness_and_studies,Custom_Rule_Based,Waning,VBG
03_vaccine_effectiveness_and_studies,Custom_Rule_Based,protection,NN
03_vaccine_effectiveness_and_studies,Custom_Rule_Based,may,MD
03_vaccine_effectiveness_and_studies,Custom_Rule_Based,also,RB
03_vaccine_effectiveness_and_studies,Custom_Rule_Based,appear,VB
03_vaccine_effectiveness_and_studies,Custom_Rule_Based,differently,RB
03_vaccine_effectiveness_and_studies,Custom_Rule_Based,for,IN
03_vaccine_effectiveness_and_studies,Custom_Rule_Based,different,JJ
03_vaccine_effectiveness_and_studies,Custom_Rule_Based,outcomes,NNS
03_vaccine_effectiveness_and_studies,Custom_Rule_Based,.,.
03_vaccine_effectiveness_and_studies,Custom_Rule_Based,Researchers,NNS
03_vaccine_effectiveness_and_studies,Custom_Rule_Based,may,MD
03_vaccine_effectiveness_and_studies,Custom_Rule_Based,stratify,VB
03_vaccine_effectiveness_and_studies,Custom_Rule_Based,results,NNS
03_vaccine_effectiveness_and_studies,Custom_Rule_Based,by,IN
03_vaccine_effectiveness_and_studies,Custom_Rule_Based,age,NN
03_vaccine_effectiveness_and_studies,Custom_Rule_Based,",",","
03_vaccine_effectiveness_and_studies,Custom_Rule_Based,time,NN
03_vaccine_effectiveness_and_studies,Custom_Rule_Based,since,IN
03_vaccine_effectiveness_and_studies,Custom_Rule_Based,vaccination,NN
03_vaccine_effectiveness_and_studies,Custom_Rule_Based,",",","
03_vaccine_effectiveness_and_studies,Custom_Rule_Based,product,NN
03_vaccine_effectiveness_and_studies,Custom_Rule_Based,",",","
03_vaccine_effectiveness_and_studies,Custom_Rule_Based,or,CC
03_vaccine_effectiveness_and_studies,Custom_Rule_Based,variant,JJ
03_vaccine_effectiveness_and_studies,Custom_Rule_Based,period,NN
03_vaccine_effectiveness_and_studies,Custom_Rule_Based,.,.
03_vaccine_effectiveness_and_studies,Custom_Rule_Based,Confounding,NNP
03_vaccine_effectiveness_and_studies,Custom_Rule_Based,and,CC
03_vaccine_effectiveness_and_studies,Custom_Rule_Based,selection,NN
03_vaccine_effectiveness_and_studies,Custom_Rule_Based,bias,NNS
03_vaccine_effectiveness_and_studies,Custom_Rule_Based,are,VBP
03_vaccine_effectiveness_and_studies,Custom_Rule_Based,important,JJ
03_vaccine_effectiveness_and_studies,Custom_Rule_Based,limitations,NNS
03_vaccine_effectiveness_and_studies,Custom_Rule_Based,in,IN
03_vaccine_effectiveness_and_studies,Custom_Rule_Based,observational,JJ
03_vaccine_effectiveness_and_studies,Custom_Rule_Based,vaccine,NN
03_vaccine_effectiveness_and_studies,Custom_Rule_Based,studies,NNS
03_vaccine_effectiveness_and_studies,Custom_Rule_Based,.,.
03_vaccine_effectiveness_and_studies,Custom_Rule_Based,Statistical,JJ
03_vaccine_effectiveness_and_studies,Custom_Rule_Based,adjustment,NN
03_vaccine_effectiveness_and_studies,Custom_Rule_Based,can,MD
03_vaccine_effectiveness_and_studies,Custom_Rule_Based,reduce,VB
03_vaccine_effectiveness_and_studies,Custom_Rule_Based,some,DT
03_vaccine_effectiveness_and_studies,Custom_Rule_Based,biases,NNS
03_vaccine_effectiveness_and_studies,Custom_Rule_Based,",",","
03_vaccine_effectiveness_and_studies,Custom_Rule_Based,but,CC
03_vaccine_effectiveness_and_studies,Custom_Rule_Based,it,PRP
03_vaccine_effectiveness_and_studies,Custom_Rule_Based,can,MD
03_vaccine_effectiveness_and_studies,Custom_Rule_Based,not,RB
03_vaccine_effectiveness_and_studies,Custom_Rule_Based,guarantee,VB
03_vaccine_effectiveness_and_studies,Custom_Rule_Based,that,IN
03_vaccine_effectiveness_and_studies,Custom_Rule_Based,every,DT
03_vaccine_effectiveness_and_studies,Custom_Rule_Based,relevant,JJ
03_vaccine_effectiveness_and_studies,Custom_Rule_Based,difference,NN
03_vaccine_effectiveness_and_studies,Custom_Rule_Based,between,IN
03_vaccine_effectiveness_and_studies,Custom_Rule_Based,groups,NNS
03_vaccine_effectiveness_and_studies,Custom_Rule_Based,has,VBZ
03_vaccine_effectiveness_and_studies,Custom_Rule_Based,been,VBN
03_vaccine_effectiveness_and_studies,Custom_Rule_Based,measured,VBN
03_vaccine_effectiveness_and_studies,Custom_Rule_Based,.,.
03_vaccine_effectiveness_and_studies,Custom_Rule_Based,Results,NNS
03_vaccine_effectiveness_and_studies,Custom_Rule_Based,should,MD
03_vaccine_effectiveness_and_studies,Custom_Rule_Based,therefore,RB
03_vaccine_effectiveness_and_studies,Custom_Rule_Based,be,VB
03_vaccine_effectiveness_and_studies,Custom_Rule_Based,interpreted,VBN
03_vaccine_effectiveness_and_studies,Custom_Rule_Based,in,IN
03_vaccine_effectiveness_and_studies,Custom_Rule_Based,the,DT
03_vaccine_effectiveness_and_studies,Custom_Rule_Based,context,NN
03_vaccine_effectiveness_and_studies,Custom_Rule_Based,of,IN
03_vaccine_effectiveness_and_studies,Custom_Rule_Based,study,NN
03_vaccine_effectiveness_and_studies,Custom_Rule_Based,design,NN
03_vaccine_effectiveness_and_studies,Custom_Rule_Based,",",","
03_vaccine_effectiveness_and_studies,Custom_Rule_Based,uncertainty,NN
03_vaccine_effectiveness_and_studies,Custom_Rule_Based,intervals,NNS
03_vaccine_effectiveness_and_studies,Custom_Rule_Based,",",","
03_vaccine_effectiveness_and_studies,Custom_Rule_Based,sample,NN
03_vaccine_effectiveness_and_studies,Custom_Rule_Based,size,NN
03_vaccine_effectiveness_and_studies,Custom_Rule_Based,",",","
03_vaccine_effectiveness_and_studies,Custom_Rule_Based,and,CC
03_vaccine_effectiveness_and_studies,Custom_Rule_Based,the,DT
03_vaccine_effectiveness_and_studies,Custom_Rule_Based,population,NN
03_vaccine_effectiveness_and_studies,Custom_Rule_Based,studied,VBD
03_vaccine_effectiveness_and_studies,Custom_Rule_Based,.,.
04_epidemiology_incidence_prevalence,NLTK,Incidence,NN
04_epidemiology_incidence_prevalence,NLTK,and,CC
04_epidemiology_incidence_prevalence,NLTK,Prevalence,NNP
04_epidemiology_incidence_prevalence,NLTK,in,IN
04_epidemiology_incidence_prevalence,NLTK,Infectious,NNP
04_epidemiology_incidence_prevalence,NLTK,Disease,NNP
04_epidemiology_incidence_prevalence,NLTK,Epidemiology,NNP
04_epidemiology_incidence_prevalence,NLTK,Incidence,NNP
04_epidemiology_incidence_prevalence,NLTK,and,CC
04_epidemiology_incidence_prevalence,NLTK,prevalence,NN
04_epidemiology_incidence_prevalence,NLTK,describe,NN
04_epidemiology_incidence_prevalence,NLTK,different,JJ
04_epidemiology_incidence_prevalence,NLTK,aspects,NNS
04_epidemiology_incidence_prevalence,NLTK,of,IN
04_epidemiology_incidence_prevalence,NLTK,disease,NN
04_epidemiology_incidence_prevalence,NLTK,occurrence,NN
04_epidemiology_incidence_prevalence,NLTK,.,.
04_epidemiology_incidence_prevalence,NLTK,Incidence,NNP
04_epidemiology_incidence_prevalence,NLTK,focuses,VBZ
04_epidemiology_incidence_prevalence,NLTK,on,IN
04_epidemiology_incidence_prevalence,NLTK,new,JJ
04_epidemiology_incidence_prevalence,NLTK,cases,NNS
04_epidemiology_incidence_prevalence,NLTK,occurring,VBG
04_epidemiology_incidence_prevalence,NLTK,in,IN
04_epidemiology_incidence_prevalence,NLTK,a,DT
04_epidemiology_incidence_prevalence,NLTK,population,NN
04_epidemiology_incidence_prevalence,NLTK,during,IN
04_epidemiology_incidence_prevalence,NLTK,a,DT
04_epidemiology_incidence_prevalence,NLTK,specified,JJ
04_epidemiology_incidence_prevalence,NLTK,period,NN
04_epidemiology_incidence_prevalence,NLTK,.,.
04_epidemiology_incidence_prevalence,NLTK,Prevalence,NNP
04_epidemiology_incidence_prevalence,NLTK,describes,VBZ
04_epidemiology_incidence_prevalence,NLTK,the,DT
04_epidemiology_incidence_prevalence,NLTK,proportion,NN
04_epidemiology_incidence_prevalence,NLTK,of,IN
04_epidemiology_incidence_prevalence,NLTK,a,DT
04_epidemiology_incidence_prevalence,NLTK,population,NN
04_epidemiology_incidence_prevalence,NLTK,that,WDT
04_epidemiology_incidence_prevalence,NLTK,has,VBZ
04_epidemiology_incidence_prevalence,NLTK,a,DT
04_epidemiology_incidence_prevalence,NLTK,condition,NN
04_epidemiology_incidence_prevalence,NLTK,at,IN
04_epidemiology_incidence_prevalence,NLTK,a,DT
04_epidemiology_incidence_prevalence,NLTK,particular,JJ
04_epidemiology_incidence_prevalence,NLTK,time,NN
04_epidemiology_incidence_prevalence,NLTK,or,CC
04_epidemiology_incidence_prevalence,NLTK,over,IN
04_epidemiology_incidence_prevalence,NLTK,a,DT
04_epidemiology_incidence_prevalence,NLTK,defined,JJ
04_epidemiology_incidence_prevalence,NLTK,period,NN
04_epidemiology_incidence_prevalence,NLTK,.,.
04_epidemiology_incidence_prevalence,NLTK,For,IN
04_epidemiology_incidence_prevalence,NLTK,an,DT
04_epidemiology_incidence_prevalence,NLTK,infectious,JJ
04_epidemiology_incidence_prevalence,NLTK,disease,NN
04_epidemiology_incidence_prevalence,NLTK,",",","
04_epidemiology_incidence_prevalence,NLTK,incidence,NN
04_epidemiology_incidence_prevalence,NLTK,can,MD
04_epidemiology_incidence_prevalence,NLTK,help,VB
04_epidemiology_incidence_prevalence,NLTK,describe,VB
04_epidemiology_incidence_prevalence,NLTK,how,WRB
04_epidemiology_incidence_prevalence,NLTK,quickly,RB
04_epidemiology_incidence_prevalence,NLTK,new,JJ
04_epidemiology_incidence_prevalence,NLTK,infections,NNS
04_epidemiology_incidence_prevalence,NLTK,are,VBP
04_epidemiology_incidence_prevalence,NLTK,occurring,VBG
04_epidemiology_incidence_prevalence,NLTK,.,.
04_epidemiology_incidence_prevalence,NLTK,Prevalence,NN
04_epidemiology_incidence_prevalence,NLTK,can,MD
04_epidemiology_incidence_prevalence,NLTK,reflect,VB
04_epidemiology_incidence_prevalence,NLTK,both,DT
04_epidemiology_incidence_prevalence,NLTK,new,JJ
04_epidemiology_incidence_prevalence,NLTK,cases,NNS
04_epidemiology_incidence_prevalence,NLTK,and,CC
04_epidemiology_incidence_prevalence,NLTK,the,DT
04_epidemiology_incidence_prevalence,NLTK,duration,NN
04_epidemiology_incidence_prevalence,NLTK,of,IN
04_epidemiology_incidence_prevalence,NLTK,illness,NN
04_epidemiology_incidence_prevalence,NLTK,.,.
04_epidemiology_incidence_prevalence,NLTK,A,DT
04_epidemiology_incidence_prevalence,NLTK,disease,NN
04_epidemiology_incidence_prevalence,NLTK,with,IN
04_epidemiology_incidence_prevalence,NLTK,short,JJ
04_epidemiology_incidence_prevalence,NLTK,duration,NN
04_epidemiology_incidence_prevalence,NLTK,may,MD
04_epidemiology_incidence_prevalence,NLTK,have,VB
04_epidemiology_incidence_prevalence,NLTK,substantial,JJ
04_epidemiology_incidence_prevalence,NLTK,incidence,NN
04_epidemiology_incidence_prevalence,NLTK,but,CC
04_epidemiology_incidence_prevalence,NLTK,relatively,RB
04_epidemiology_incidence_prevalence,NLTK,low,JJ
04_epidemiology_incidence_prevalence,NLTK,point,NN
04_epidemiology_incidence_prevalence,NLTK,prevalence,NN
04_epidemiology_incidence_prevalence,NLTK,.,.
04_epidemiology_incidence_prevalence,NLTK,Conversely,RB
04_epidemiology_incidence_prevalence,NLTK,",",","
04_epidemiology_incidence_prevalence,NLTK,a,DT
04_epidemiology_incidence_prevalence,NLTK,chronic,JJ
04_epidemiology_incidence_prevalence,NLTK,condition,NN
04_epidemiology_incidence_prevalence,NLTK,can,MD
04_epidemiology_incidence_prevalence,NLTK,have,VB
04_epidemiology_incidence_prevalence,NLTK,lower,JJR
04_epidemiology_incidence_prevalence,NLTK,incidence,NN
04_epidemiology_incidence_prevalence,NLTK,but,CC
04_epidemiology_incidence_prevalence,NLTK,high,JJ
04_epidemiology_incidence_prevalence,NLTK,prevalence,NN
04_epidemiology_incidence_prevalence,NLTK,because,IN
04_epidemiology_incidence_prevalence,NLTK,people,NNS
04_epidemiology_incidence_prevalence,NLTK,remain,VBP
04_epidemiology_incidence_prevalence,NLTK,affected,JJ
04_epidemiology_incidence_prevalence,NLTK,for,IN
04_epidemiology_incidence_prevalence,NLTK,long,JJ
04_epidemiology_incidence_prevalence,NLTK,periods,NNS
04_epidemiology_incidence_prevalence,NLTK,.,.
04_epidemiology_incidence_prevalence,NLTK,Epidemiologists,NNS
04_epidemiology_incidence_prevalence,NLTK,define,VBP
04_epidemiology_incidence_prevalence,NLTK,the,DT
04_epidemiology_incidence_prevalence,NLTK,population,NN
04_epidemiology_incidence_prevalence,NLTK,",",","
04_epidemiology_incidence_prevalence,NLTK,time,NN
04_epidemiology_incidence_prevalence,NLTK,interval,NN
04_epidemiology_incidence_prevalence,NLTK,",",","
04_epidemiology_incidence_prevalence,NLTK,case,NN
04_epidemiology_incidence_prevalence,NLTK,definition,NN
04_epidemiology_incidence_prevalence,NLTK,",",","
04_epidemiology_incidence_prevalence,NLTK,and,CC
04_epidemiology_incidence_prevalence,NLTK,measurement,NN
04_epidemiology_incidence_prevalence,NLTK,method,NN
04_epidemiology_incidence_prevalence,NLTK,carefully,RB
04_epidemiology_incidence_prevalence,NLTK,.,.
04_epidemiology_incidence_prevalence,NLTK,Changes,NNS
04_epidemiology_incidence_prevalence,NLTK,in,IN
04_epidemiology_incidence_prevalence,NLTK,testing,VBG
04_epidemiology_incidence_prevalence,NLTK,availability,NN
04_epidemiology_incidence_prevalence,NLTK,or,CC
04_epidemiology_incidence_prevalence,NLTK,reporting,NN
04_epidemiology_incidence_prevalence,NLTK,practices,NNS
04_epidemiology_incidence_prevalence,NLTK,can,MD
04_epidemiology_incidence_prevalence,NLTK,affect,VB
04_epidemiology_incidence_prevalence,NLTK,observed,JJ
04_epidemiology_incidence_prevalence,NLTK,incidence,NN
04_epidemiology_incidence_prevalence,NLTK,without,IN
04_epidemiology_incidence_prevalence,NLTK,representing,VBG
04_epidemiology_incidence_prevalence,NLTK,an,DT
04_epidemiology_incidence_prevalence,NLTK,equivalent,JJ
04_epidemiology_incidence_prevalence,NLTK,change,NN
04_epidemiology_incidence_prevalence,NLTK,in,IN
04_epidemiology_incidence_prevalence,NLTK,true,JJ
04_epidemiology_incidence_prevalence,NLTK,transmission,NN
04_epidemiology_incidence_prevalence,NLTK,.,.
04_epidemiology_incidence_prevalence,NLTK,For,IN
04_epidemiology_incidence_prevalence,NLTK,COVID-19,NNP
04_epidemiology_incidence_prevalence,NLTK,",",","
04_epidemiology_incidence_prevalence,NLTK,widespread,JJ
04_epidemiology_incidence_prevalence,NLTK,changes,NNS
04_epidemiology_incidence_prevalence,NLTK,in,IN
04_epidemiology_incidence_prevalence,NLTK,testing,VBG
04_epidemiology_incidence_prevalence,NLTK,behavior,NN
04_epidemiology_incidence_prevalence,NLTK,made,VBN
04_epidemiology_incidence_prevalence,NLTK,reported,VBD
04_epidemiology_incidence_prevalence,NLTK,case,NN
04_epidemiology_incidence_prevalence,NLTK,counts,NNS
04_epidemiology_incidence_prevalence,NLTK,difficult,JJ
04_epidemiology_incidence_prevalence,NLTK,to,TO
04_epidemiology_incidence_prevalence,NLTK,interpret,VB
04_epidemiology_incidence_prevalence,NLTK,in,IN
04_epidemiology_incidence_prevalence,NLTK,isolation,NN
04_epidemiology_incidence_prevalence,NLTK,during,IN
04_epidemiology_incidence_prevalence,NLTK,some,DT
04_epidemiology_incidence_prevalence,NLTK,periods,NNS
04_epidemiology_incidence_prevalence,NLTK,.,.
04_epidemiology_incidence_prevalence,NLTK,Other,JJ
04_epidemiology_incidence_prevalence,NLTK,indicators,NNS
04_epidemiology_incidence_prevalence,NLTK,",",","
04_epidemiology_incidence_prevalence,NLTK,including,VBG
04_epidemiology_incidence_prevalence,NLTK,hospitalization,NN
04_epidemiology_incidence_prevalence,NLTK,",",","
04_epidemiology_incidence_prevalence,NLTK,mortality,NN
04_epidemiology_incidence_prevalence,NLTK,",",","
04_epidemiology_incidence_prevalence,NLTK,test,NN
04_epidemiology_incidence_prevalence,NLTK,positivity,NN
04_epidemiology_incidence_prevalence,NLTK,",",","
04_epidemiology_incidence_prevalence,NLTK,syndromic,JJ
04_epidemiology_incidence_prevalence,NLTK,surveillance,NN
04_epidemiology_incidence_prevalence,NLTK,",",","
04_epidemiology_incidence_prevalence,NLTK,and,CC
04_epidemiology_incidence_prevalence,NLTK,wastewater,NN
04_epidemiology_incidence_prevalence,NLTK,measurements,NNS
04_epidemiology_incidence_prevalence,NLTK,",",","
04_epidemiology_incidence_prevalence,NLTK,can,MD
04_epidemiology_incidence_prevalence,NLTK,complement,VB
04_epidemiology_incidence_prevalence,NLTK,reported,VBN
04_epidemiology_incidence_prevalence,NLTK,cases,NNS
04_epidemiology_incidence_prevalence,NLTK,.,.
04_epidemiology_incidence_prevalence,NLTK,Using,VBG
04_epidemiology_incidence_prevalence,NLTK,multiple,JJ
04_epidemiology_incidence_prevalence,NLTK,indicators,NNS
04_epidemiology_incidence_prevalence,NLTK,provides,VBZ
04_epidemiology_incidence_prevalence,NLTK,a,DT
04_epidemiology_incidence_prevalence,NLTK,broader,JJR
04_epidemiology_incidence_prevalence,NLTK,picture,NN
04_epidemiology_incidence_prevalence,NLTK,of,IN
04_epidemiology_incidence_prevalence,NLTK,disease,NN
04_epidemiology_incidence_prevalence,NLTK,activity,NN
04_epidemiology_incidence_prevalence,NLTK,.,.
04_epidemiology_incidence_prevalence,spaCy,Incidence,NOUN
04_epidemiology_incidence_prevalence,spaCy,and,CCONJ
04_epidemiology_incidence_prevalence,spaCy,Prevalence,PROPN
04_epidemiology_incidence_prevalence,spaCy,in,ADP
04_epidemiology_incidence_prevalence,spaCy,Infectious,PROPN
04_epidemiology_incidence_prevalence,spaCy,Disease,PROPN
04_epidemiology_incidence_prevalence,spaCy,Epidemiology,PROPN
04_epidemiology_incidence_prevalence,spaCy,Incidence,PROPN
04_epidemiology_incidence_prevalence,spaCy,and,CCONJ
04_epidemiology_incidence_prevalence,spaCy,prevalence,NOUN
04_epidemiology_incidence_prevalence,spaCy,describe,VERB
04_epidemiology_incidence_prevalence,spaCy,different,ADJ
04_epidemiology_incidence_prevalence,spaCy,aspects,NOUN
04_epidemiology_incidence_prevalence,spaCy,of,ADP
04_epidemiology_incidence_prevalence,spaCy,disease,NOUN
04_epidemiology_incidence_prevalence,spaCy,occurrence,NOUN
04_epidemiology_incidence_prevalence,spaCy,.,PUNCT
04_epidemiology_incidence_prevalence,spaCy,Incidence,NOUN
04_epidemiology_incidence_prevalence,spaCy,focuses,VERB
04_epidemiology_incidence_prevalence,spaCy,on,ADP
04_epidemiology_incidence_prevalence,spaCy,new,ADJ
04_epidemiology_incidence_prevalence,spaCy,cases,NOUN
04_epidemiology_incidence_prevalence,spaCy,occurring,VERB
04_epidemiology_incidence_prevalence,spaCy,in,ADP
04_epidemiology_incidence_prevalence,spaCy,a,DET
04_epidemiology_incidence_prevalence,spaCy,population,NOUN
04_epidemiology_incidence_prevalence,spaCy,during,ADP
04_epidemiology_incidence_prevalence,spaCy,a,DET
04_epidemiology_incidence_prevalence,spaCy,specified,ADJ
04_epidemiology_incidence_prevalence,spaCy,period,NOUN
04_epidemiology_incidence_prevalence,spaCy,.,PUNCT
04_epidemiology_incidence_prevalence,spaCy,Prevalence,NOUN
04_epidemiology_incidence_prevalence,spaCy,describes,VERB
04_epidemiology_incidence_prevalence,spaCy,the,DET
04_epidemiology_incidence_prevalence,spaCy,proportion,NOUN
04_epidemiology_incidence_prevalence,spaCy,of,ADP
04_epidemiology_incidence_prevalence,spaCy,a,DET
04_epidemiology_incidence_prevalence,spaCy,population,NOUN
04_epidemiology_incidence_prevalence,spaCy,that,PRON
04_epidemiology_incidence_prevalence,spaCy,has,VERB
04_epidemiology_incidence_prevalence,spaCy,a,DET
04_epidemiology_incidence_prevalence,spaCy,condition,NOUN
04_epidemiology_incidence_prevalence,spaCy,at,ADP
04_epidemiology_incidence_prevalence,spaCy,a,DET
04_epidemiology_incidence_prevalence,spaCy,particular,ADJ
04_epidemiology_incidence_prevalence,spaCy,time,NOUN
04_epidemiology_incidence_prevalence,spaCy,or,CCONJ
04_epidemiology_incidence_prevalence,spaCy,over,ADP
04_epidemiology_incidence_prevalence,spaCy,a,DET
04_epidemiology_incidence_prevalence,spaCy,defined,VERB
04_epidemiology_incidence_prevalence,spaCy,period,NOUN
04_epidemiology_incidence_prevalence,spaCy,.,PUNCT
04_epidemiology_incidence_prevalence,spaCy,For,ADP
04_epidemiology_incidence_prevalence,spaCy,an,DET
04_epidemiology_incidence_prevalence,spaCy,infectious,ADJ
04_epidemiology_incidence_prevalence,spaCy,disease,NOUN
04_epidemiology_incidence_prevalence,spaCy,",",PUNCT
04_epidemiology_incidence_prevalence,spaCy,incidence,NOUN
04_epidemiology_incidence_prevalence,spaCy,can,AUX
04_epidemiology_incidence_prevalence,spaCy,help,VERB
04_epidemiology_incidence_prevalence,spaCy,describe,VERB
04_epidemiology_incidence_prevalence,spaCy,how,SCONJ
04_epidemiology_incidence_prevalence,spaCy,quickly,ADV
04_epidemiology_incidence_prevalence,spaCy,new,ADJ
04_epidemiology_incidence_prevalence,spaCy,infections,NOUN
04_epidemiology_incidence_prevalence,spaCy,are,AUX
04_epidemiology_incidence_prevalence,spaCy,occurring,VERB
04_epidemiology_incidence_prevalence,spaCy,.,PUNCT
04_epidemiology_incidence_prevalence,spaCy,Prevalence,NOUN
04_epidemiology_incidence_prevalence,spaCy,can,AUX
04_epidemiology_incidence_prevalence,spaCy,reflect,VERB
04_epidemiology_incidence_prevalence,spaCy,both,DET
04_epidemiology_incidence_prevalence,spaCy,new,ADJ
04_epidemiology_incidence_prevalence,spaCy,cases,NOUN
04_epidemiology_incidence_prevalence,spaCy,and,CCONJ
04_epidemiology_incidence_prevalence,spaCy,the,DET
04_epidemiology_incidence_prevalence,spaCy,duration,NOUN
04_epidemiology_incidence_prevalence,spaCy,of,ADP
04_epidemiology_incidence_prevalence,spaCy,illness,NOUN
04_epidemiology_incidence_prevalence,spaCy,.,PUNCT
04_epidemiology_incidence_prevalence,spaCy,A,DET
04_epidemiology_incidence_prevalence,spaCy,disease,NOUN
04_epidemiology_incidence_prevalence,spaCy,with,ADP
04_epidemiology_incidence_prevalence,spaCy,short,ADJ
04_epidemiology_incidence_prevalence,spaCy,duration,NOUN
04_epidemiology_incidence_prevalence,spaCy,may,AUX
04_epidemiology_incidence_prevalence,spaCy,have,VERB
04_epidemiology_incidence_prevalence,spaCy,substantial,ADJ
04_epidemiology_incidence_prevalence,spaCy,incidence,NOUN
04_epidemiology_incidence_prevalence,spaCy,but,CCONJ
04_epidemiology_incidence_prevalence,spaCy,relatively,ADV
04_epidemiology_incidence_prevalence,spaCy,low,ADJ
04_epidemiology_incidence_prevalence,spaCy,point,NOUN
04_epidemiology_incidence_prevalence,spaCy,prevalence,NOUN
04_epidemiology_incidence_prevalence,spaCy,.,PUNCT
04_epidemiology_incidence_prevalence,spaCy,Conversely,ADV
04_epidemiology_incidence_prevalence,spaCy,",",PUNCT
04_epidemiology_incidence_prevalence,spaCy,a,DET
04_epidemiology_incidence_prevalence,spaCy,chronic,ADJ
04_epidemiology_incidence_prevalence,spaCy,condition,NOUN
04_epidemiology_incidence_prevalence,spaCy,can,AUX
04_epidemiology_incidence_prevalence,spaCy,have,VERB
04_epidemiology_incidence_prevalence,spaCy,lower,ADJ
04_epidemiology_incidence_prevalence,spaCy,incidence,NOUN
04_epidemiology_incidence_prevalence,spaCy,but,CCONJ
04_epidemiology_incidence_prevalence,spaCy,high,ADJ
04_epidemiology_incidence_prevalence,spaCy,prevalence,NOUN
04_epidemiology_incidence_prevalence,spaCy,because,SCONJ
04_epidemiology_incidence_prevalence,spaCy,people,NOUN
04_epidemiology_incidence_prevalence,spaCy,remain,VERB
04_epidemiology_incidence_prevalence,spaCy,affected,ADJ
04_epidemiology_incidence_prevalence,spaCy,for,ADP
04_epidemiology_incidence_prevalence,spaCy,long,ADJ
04_epidemiology_incidence_prevalence,spaCy,periods,NOUN
04_epidemiology_incidence_prevalence,spaCy,.,PUNCT
04_epidemiology_incidence_prevalence,spaCy,Epidemiologists,NOUN
04_epidemiology_incidence_prevalence,spaCy,define,VERB
04_epidemiology_incidence_prevalence,spaCy,the,DET
04_epidemiology_incidence_prevalence,spaCy,population,NOUN
04_epidemiology_incidence_prevalence,spaCy,",",PUNCT
04_epidemiology_incidence_prevalence,spaCy,time,NOUN
04_epidemiology_incidence_prevalence,spaCy,interval,NOUN
04_epidemiology_incidence_prevalence,spaCy,",",PUNCT
04_epidemiology_incidence_prevalence,spaCy,case,NOUN
04_epidemiology_incidence_prevalence,spaCy,definition,NOUN
04_epidemiology_incidence_prevalence,spaCy,",",PUNCT
04_epidemiology_incidence_prevalence,spaCy,and,CCONJ
04_epidemiology_incidence_prevalence,spaCy,measurement,NOUN
04_epidemiology_incidence_prevalence,spaCy,method,NOUN
04_epidemiology_incidence_prevalence,spaCy,carefully,ADV
04_epidemiology_incidence_prevalence,spaCy,.,PUNCT
04_epidemiology_incidence_prevalence,spaCy,Changes,NOUN
04_epidemiology_incidence_prevalence,spaCy,in,ADP
04_epidemiology_incidence_prevalence,spaCy,testing,VERB
04_epidemiology_incidence_prevalence,spaCy,availability,NOUN
04_epidemiology_incidence_prevalence,spaCy,or,CCONJ
04_epidemiology_incidence_prevalence,spaCy,reporting,NOUN
04_epidemiology_incidence_prevalence,spaCy,practices,NOUN
04_epidemiology_incidence_prevalence,spaCy,can,AUX
04_epidemiology_incidence_prevalence,spaCy,affect,VERB
04_epidemiology_incidence_prevalence,spaCy,observed,ADJ
04_epidemiology_incidence_prevalence,spaCy,incidence,NOUN
04_epidemiology_incidence_prevalence,spaCy,without,ADP
04_epidemiology_incidence_prevalence,spaCy,representing,VERB
04_epidemiology_incidence_prevalence,spaCy,an,DET
04_epidemiology_incidence_prevalence,spaCy,equivalent,ADJ
04_epidemiology_incidence_prevalence,spaCy,change,NOUN
04_epidemiology_incidence_prevalence,spaCy,in,ADP
04_epidemiology_incidence_prevalence,spaCy,true,ADJ
04_epidemiology_incidence_prevalence,spaCy,transmission,NOUN
04_epidemiology_incidence_prevalence,spaCy,.,PUNCT
04_epidemiology_incidence_prevalence,spaCy,For,ADP
04_epidemiology_incidence_prevalence,spaCy,COVID-19,NOUN
04_epidemiology_incidence_prevalence,spaCy,",",PUNCT
04_epidemiology_incidence_prevalence,spaCy,widespread,ADJ
04_epidemiology_incidence_prevalence,spaCy,changes,NOUN
04_epidemiology_incidence_prevalence,spaCy,in,ADP
04_epidemiology_incidence_prevalence,spaCy,testing,NOUN
04_epidemiology_incidence_prevalence,spaCy,behavior,NOUN
04_epidemiology_incidence_prevalence,spaCy,made,VERB
04_epidemiology_incidence_prevalence,spaCy,reported,ADJ
04_epidemiology_incidence_prevalence,spaCy,case,NOUN
04_epidemiology_incidence_prevalence,spaCy,counts,VERB
04_epidemiology_incidence_prevalence,spaCy,difficult,ADJ
04_epidemiology_incidence_prevalence,spaCy,to,PART
04_epidemiology_incidence_prevalence,spaCy,interpret,VERB
04_epidemiology_incidence_prevalence,spaCy,in,ADP
04_epidemiology_incidence_prevalence,spaCy,isolation,NOUN
04_epidemiology_incidence_prevalence,spaCy,during,ADP
04_epidemiology_incidence_prevalence,spaCy,some,DET
04_epidemiology_incidence_prevalence,spaCy,periods,NOUN
04_epidemiology_incidence_prevalence,spaCy,.,PUNCT
04_epidemiology_incidence_prevalence,spaCy,Other,ADJ
04_epidemiology_incidence_prevalence,spaCy,indicators,NOUN
04_epidemiology_incidence_prevalence,spaCy,",",PUNCT
04_epidemiology_incidence_prevalence,spaCy,including,VERB
04_epidemiology_incidence_prevalence,spaCy,hospitalization,NOUN
04_epidemiology_incidence_prevalence,spaCy,",",PUNCT
04_epidemiology_incidence_prevalence,spaCy,mortality,NOUN
04_epidemiology_incidence_prevalence,spaCy,",",PUNCT
04_epidemiology_incidence_prevalence,spaCy,test,NOUN
04_epidemiology_incidence_prevalence,spaCy,positivity,NOUN
04_epidemiology_incidence_prevalence,spaCy,",",PUNCT
04_epidemiology_incidence_prevalence,spaCy,syndromic,ADJ
04_epidemiology_incidence_prevalence,spaCy,surveillance,NOUN
04_epidemiology_incidence_prevalence,spaCy,",",PUNCT
04_epidemiology_incidence_prevalence,spaCy,and,CCONJ
04_epidemiology_incidence_prevalence,spaCy,wastewater,NOUN
04_epidemiology_incidence_prevalence,spaCy,measurements,NOUN
04_epidemiology_incidence_prevalence,spaCy,",",PUNCT
04_epidemiology_incidence_prevalence,spaCy,can,AUX
04_epidemiology_incidence_prevalence,spaCy,complement,VERB
04_epidemiology_incidence_prevalence,spaCy,reported,VERB
04_epidemiology_incidence_prevalence,spaCy,cases,NOUN
04_epidemiology_incidence_prevalence,spaCy,.,PUNCT
04_epidemiology_incidence_prevalence,spaCy,Using,VERB
04_epidemiology_incidence_prevalence,spaCy,multiple,ADJ
04_epidemiology_incidence_prevalence,spaCy,indicators,NOUN
04_epidemiology_incidence_prevalence,spaCy,provides,VERB
04_epidemiology_incidence_prevalence,spaCy,a,DET
04_epidemiology_incidence_prevalence,spaCy,broader,ADJ
04_epidemiology_incidence_prevalence,spaCy,picture,NOUN
04_epidemiology_incidence_prevalence,spaCy,of,ADP
04_epidemiology_incidence_prevalence,spaCy,disease,NOUN
04_epidemiology_incidence_prevalence,spaCy,activity,NOUN
04_epidemiology_incidence_prevalence,spaCy,.,PUNCT
04_epidemiology_incidence_prevalence,Custom_Rule_Based,Incidence,NN
04_epidemiology_incidence_prevalence,Custom_Rule_Based,and,CC
04_epidemiology_incidence_prevalence,Custom_Rule_Based,Prevalence,NN
04_epidemiology_incidence_prevalence,Custom_Rule_Based,in,IN
04_epidemiology_incidence_prevalence,Custom_Rule_Based,Infectious,NNP
04_epidemiology_incidence_prevalence,Custom_Rule_Based,Disease,NNP
04_epidemiology_incidence_prevalence,Custom_Rule_Based,Epidemiology,NN
04_epidemiology_incidence_prevalence,Custom_Rule_Based,Incidence,NN
04_epidemiology_incidence_prevalence,Custom_Rule_Based,and,CC
04_epidemiology_incidence_prevalence,Custom_Rule_Based,prevalence,NN
04_epidemiology_incidence_prevalence,Custom_Rule_Based,describe,NN
04_epidemiology_incidence_prevalence,Custom_Rule_Based,different,JJ
04_epidemiology_incidence_prevalence,Custom_Rule_Based,aspects,NNS
04_epidemiology_incidence_prevalence,Custom_Rule_Based,of,IN
04_epidemiology_incidence_prevalence,Custom_Rule_Based,disease,NN
04_epidemiology_incidence_prevalence,Custom_Rule_Based,occurrence,NN
04_epidemiology_incidence_prevalence,Custom_Rule_Based,.,.
04_epidemiology_incidence_prevalence,Custom_Rule_Based,Incidence,NN
04_epidemiology_incidence_prevalence,Custom_Rule_Based,focuses,VBZ
04_epidemiology_incidence_prevalence,Custom_Rule_Based,on,IN
04_epidemiology_incidence_prevalence,Custom_Rule_Based,new,JJ
04_epidemiology_incidence_prevalence,Custom_Rule_Based,cases,NNS
04_epidemiology_incidence_prevalence,Custom_Rule_Based,occurring,VBG
04_epidemiology_incidence_prevalence,Custom_Rule_Based,in,IN
04_epidemiology_incidence_prevalence,Custom_Rule_Based,a,DT
04_epidemiology_incidence_prevalence,Custom_Rule_Based,population,NN
04_epidemiology_incidence_prevalence,Custom_Rule_Based,during,IN
04_epidemiology_incidence_prevalence,Custom_Rule_Based,a,DT
04_epidemiology_incidence_prevalence,Custom_Rule_Based,specified,JJ
04_epidemiology_incidence_prevalence,Custom_Rule_Based,period,NN
04_epidemiology_incidence_prevalence,Custom_Rule_Based,.,.
04_epidemiology_incidence_prevalence,Custom_Rule_Based,Prevalence,NN
04_epidemiology_incidence_prevalence,Custom_Rule_Based,describes,VBZ
04_epidemiology_incidence_prevalence,Custom_Rule_Based,the,DT
04_epidemiology_incidence_prevalence,Custom_Rule_Based,proportion,NN
04_epidemiology_incidence_prevalence,Custom_Rule_Based,of,IN
04_epidemiology_incidence_prevalence,Custom_Rule_Based,a,DT
04_epidemiology_incidence_prevalence,Custom_Rule_Based,population,NN
04_epidemiology_incidence_prevalence,Custom_Rule_Based,that,WDT
04_epidemiology_incidence_prevalence,Custom_Rule_Based,has,VBZ
04_epidemiology_incidence_prevalence,Custom_Rule_Based,a,DT
04_epidemiology_incidence_prevalence,Custom_Rule_Based,condition,NN
04_epidemiology_incidence_prevalence,Custom_Rule_Based,at,IN
04_epidemiology_incidence_prevalence,Custom_Rule_Based,a,DT
04_epidemiology_incidence_prevalence,Custom_Rule_Based,particular,JJ
04_epidemiology_incidence_prevalence,Custom_Rule_Based,time,NN
04_epidemiology_incidence_prevalence,Custom_Rule_Based,or,CC
04_epidemiology_incidence_prevalence,Custom_Rule_Based,over,IN
04_epidemiology_incidence_prevalence,Custom_Rule_Based,a,DT
04_epidemiology_incidence_prevalence,Custom_Rule_Based,defined,JJ
04_epidemiology_incidence_prevalence,Custom_Rule_Based,period,NN
04_epidemiology_incidence_prevalence,Custom_Rule_Based,.,.
04_epidemiology_incidence_prevalence,Custom_Rule_Based,For,IN
04_epidemiology_incidence_prevalence,Custom_Rule_Based,an,DT
04_epidemiology_incidence_prevalence,Custom_Rule_Based,infectious,JJ
04_epidemiology_incidence_prevalence,Custom_Rule_Based,disease,NN
04_epidemiology_incidence_prevalence,Custom_Rule_Based,",",","
04_epidemiology_incidence_prevalence,Custom_Rule_Based,incidence,NN
04_epidemiology_incidence_prevalence,Custom_Rule_Based,can,MD
04_epidemiology_incidence_prevalence,Custom_Rule_Based,help,VB
04_epidemiology_incidence_prevalence,Custom_Rule_Based,describe,VB
04_epidemiology_incidence_prevalence,Custom_Rule_Based,how,WRB
04_epidemiology_incidence_prevalence,Custom_Rule_Based,quickly,RB
04_epidemiology_incidence_prevalence,Custom_Rule_Based,new,JJ
04_epidemiology_incidence_prevalence,Custom_Rule_Based,infections,NNS
04_epidemiology_incidence_prevalence,Custom_Rule_Based,are,VBP
04_epidemiology_incidence_prevalence,Custom_Rule_Based,occurring,VBG
04_epidemiology_incidence_prevalence,Custom_Rule_Based,.,.
04_epidemiology_incidence_prevalence,Custom_Rule_Based,Prevalence,NN
04_epidemiology_incidence_prevalence,Custom_Rule_Based,can,MD
04_epidemiology_incidence_prevalence,Custom_Rule_Based,reflect,VB
04_epidemiology_incidence_prevalence,Custom_Rule_Based,both,DT
04_epidemiology_incidence_prevalence,Custom_Rule_Based,new,JJ
04_epidemiology_incidence_prevalence,Custom_Rule_Based,cases,NNS
04_epidemiology_incidence_prevalence,Custom_Rule_Based,and,CC
04_epidemiology_incidence_prevalence,Custom_Rule_Based,the,DT
04_epidemiology_incidence_prevalence,Custom_Rule_Based,duration,NN
04_epidemiology_incidence_prevalence,Custom_Rule_Based,of,IN
04_epidemiology_incidence_prevalence,Custom_Rule_Based,illness,NN
04_epidemiology_incidence_prevalence,Custom_Rule_Based,.,.
04_epidemiology_incidence_prevalence,Custom_Rule_Based,A,DT
04_epidemiology_incidence_prevalence,Custom_Rule_Based,disease,NN
04_epidemiology_incidence_prevalence,Custom_Rule_Based,with,IN
04_epidemiology_incidence_prevalence,Custom_Rule_Based,short,JJ
04_epidemiology_incidence_prevalence,Custom_Rule_Based,duration,NN
04_epidemiology_incidence_prevalence,Custom_Rule_Based,may,MD
04_epidemiology_incidence_prevalence,Custom_Rule_Based,have,VB
04_epidemiology_incidence_prevalence,Custom_Rule_Based,substantial,JJ
04_epidemiology_incidence_prevalence,Custom_Rule_Based,incidence,NN
04_epidemiology_incidence_prevalence,Custom_Rule_Based,but,CC
04_epidemiology_incidence_prevalence,Custom_Rule_Based,relatively,RB
04_epidemiology_incidence_prevalence,Custom_Rule_Based,low,JJ
04_epidemiology_incidence_prevalence,Custom_Rule_Based,point,NN
04_epidemiology_incidence_prevalence,Custom_Rule_Based,prevalence,NN
04_epidemiology_incidence_prevalence,Custom_Rule_Based,.,.
04_epidemiology_incidence_prevalence,Custom_Rule_Based,Conversely,RB
04_epidemiology_incidence_prevalence,Custom_Rule_Based,",",","
04_epidemiology_incidence_prevalence,Custom_Rule_Based,a,DT
04_epidemiology_incidence_prevalence,Custom_Rule_Based,chronic,JJ
04_epidemiology_incidence_prevalence,Custom_Rule_Based,condition,NN
04_epidemiology_incidence_prevalence,Custom_Rule_Based,can,MD
04_epidemiology_incidence_prevalence,Custom_Rule_Based,have,VB
04_epidemiology_incidence_prevalence,Custom_Rule_Based,lower,JJR
04_epidemiology_incidence_prevalence,Custom_Rule_Based,incidence,NN
04_epidemiology_incidence_prevalence,Custom_Rule_Based,but,CC
04_epidemiology_incidence_prevalence,Custom_Rule_Based,high,JJ
04_epidemiology_incidence_prevalence,Custom_Rule_Based,prevalence,NN
04_epidemiology_incidence_prevalence,Custom_Rule_Based,because,IN
04_epidemiology_incidence_prevalence,Custom_Rule_Based,people,NNS
04_epidemiology_incidence_prevalence,Custom_Rule_Based,remain,VBP
04_epidemiology_incidence_prevalence,Custom_Rule_Based,affected,JJ
04_epidemiology_incidence_prevalence,Custom_Rule_Based,for,IN
04_epidemiology_incidence_prevalence,Custom_Rule_Based,long,JJ
04_epidemiology_incidence_prevalence,Custom_Rule_Based,periods,NNS
04_epidemiology_incidence_prevalence,Custom_Rule_Based,.,.
04_epidemiology_incidence_prevalence,Custom_Rule_Based,Epidemiologists,NNS
04_epidemiology_incidence_prevalence,Custom_Rule_Based,define,VBP
04_epidemiology_incidence_prevalence,Custom_Rule_Based,the,DT
04_epidemiology_incidence_prevalence,Custom_Rule_Based,population,NN
04_epidemiology_incidence_prevalence,Custom_Rule_Based,",",","
04_epidemiology_incidence_prevalence,Custom_Rule_Based,time,NN
04_epidemiology_incidence_prevalence,Custom_Rule_Based,interval,NN
04_epidemiology_incidence_prevalence,Custom_Rule_Based,",",","
04_epidemiology_incidence_prevalence,Custom_Rule_Based,case,NN
04_epidemiology_incidence_prevalence,Custom_Rule_Based,definition,NN
04_epidemiology_incidence_prevalence,Custom_Rule_Based,",",","
04_epidemiology_incidence_prevalence,Custom_Rule_Based,and,CC
04_epidemiology_incidence_prevalence,Custom_Rule_Based,measurement,NN
04_epidemiology_incidence_prevalence,Custom_Rule_Based,method,NN
04_epidemiology_incidence_prevalence,Custom_Rule_Based,carefully,RB
04_epidemiology_incidence_prevalence,Custom_Rule_Based,.,.
04_epidemiology_incidence_prevalence,Custom_Rule_Based,Changes,NNS
04_epidemiology_incidence_prevalence,Custom_Rule_Based,in,IN
04_epidemiology_incidence_prevalence,Custom_Rule_Based,testing,VBG
04_epidemiology_incidence_prevalence,Custom_Rule_Based,availability,NN
04_epidemiology_incidence_prevalence,Custom_Rule_Based,or,CC
04_epidemiology_incidence_prevalence,Custom_Rule_Based,reporting,NN
04_epidemiology_incidence_prevalence,Custom_Rule_Based,practices,NNS
04_epidemiology_incidence_prevalence,Custom_Rule_Based,can,MD
04_epidemiology_incidence_prevalence,Custom_Rule_Based,affect,VB
04_epidemiology_incidence_prevalence,Custom_Rule_Based,observed,JJ
04_epidemiology_incidence_prevalence,Custom_Rule_Based,incidence,NN
04_epidemiology_incidence_prevalence,Custom_Rule_Based,without,IN
04_epidemiology_incidence_prevalence,Custom_Rule_Based,representing,VBG
04_epidemiology_incidence_prevalence,Custom_Rule_Based,an,DT
04_epidemiology_incidence_prevalence,Custom_Rule_Based,equivalent,JJ
04_epidemiology_incidence_prevalence,Custom_Rule_Based,change,NN
04_epidemiology_incidence_prevalence,Custom_Rule_Based,in,IN
04_epidemiology_incidence_prevalence,Custom_Rule_Based,true,JJ
04_epidemiology_incidence_prevalence,Custom_Rule_Based,transmission,NN
04_epidemiology_incidence_prevalence,Custom_Rule_Based,.,.
04_epidemiology_incidence_prevalence,Custom_Rule_Based,For,IN
04_epidemiology_incidence_prevalence,Custom_Rule_Based,COVID-19,NN
04_epidemiology_incidence_prevalence,Custom_Rule_Based,",",","
04_epidemiology_incidence_prevalence,Custom_Rule_Based,widespread,JJ
04_epidemiology_incidence_prevalence,Custom_Rule_Based,changes,NNS
04_epidemiology_incidence_prevalence,Custom_Rule_Based,in,IN
04_epidemiology_incidence_prevalence,Custom_Rule_Based,testing,VBG
04_epidemiology_incidence_prevalence,Custom_Rule_Based,behavior,NN
04_epidemiology_incidence_prevalence,Custom_Rule_Based,made,VBN
04_epidemiology_incidence_prevalence,Custom_Rule_Based,reported,VBD
04_epidemiology_incidence_prevalence,Custom_Rule_Based,case,NN
04_epidemiology_incidence_prevalence,Custom_Rule_Based,counts,NNS
04_epidemiology_incidence_prevalence,Custom_Rule_Based,difficult,JJ
04_epidemiology_incidence_prevalence,Custom_Rule_Based,to,TO
04_epidemiology_incidence_prevalence,Custom_Rule_Based,interpret,VB
04_epidemiology_incidence_prevalence,Custom_Rule_Based,in,IN
04_epidemiology_incidence_prevalence,Custom_Rule_Based,isolation,NN
04_epidemiology_incidence_prevalence,Custom_Rule_Based,during,IN
04_epidemiology_incidence_prevalence,Custom_Rule_Based,some,DT
04_epidemiology_incidence_prevalence,Custom_Rule_Based,periods,NNS
04_epidemiology_incidence_prevalence,Custom_Rule_Based,.,.
04_epidemiology_incidence_prevalence,Custom_Rule_Based,Other,JJ
04_epidemiology_incidence_prevalence,Custom_Rule_Based,indicators,NNS
04_epidemiology_incidence_prevalence,Custom_Rule_Based,",",","
04_epidemiology_incidence_prevalence,Custom_Rule_Based,including,VBG
04_epidemiology_incidence_prevalence,Custom_Rule_Based,hospitalization,NN
04_epidemiology_incidence_prevalence,Custom_Rule_Based,",",","
04_epidemiology_incidence_prevalence,Custom_Rule_Based,mortality,NN
04_epidemiology_incidence_prevalence,Custom_Rule_Based,",",","
04_epidemiology_incidence_prevalence,Custom_Rule_Based,test,NN
04_epidemiology_incidence_prevalence,Custom_Rule_Based,positivity,NN
04_epidemiology_incidence_prevalence,Custom_Rule_Based,",",","
04_epidemiology_incidence_prevalence,Custom_Rule_Based,syndromic,JJ
04_epidemiology_incidence_prevalence,Custom_Rule_Based,surveillance,NN
04_epidemiology_incidence_prevalence,Custom_Rule_Based,",",","
04_epidemiology_incidence_prevalence,Custom_Rule_Based,and,CC
04_epidemiology_incidence_prevalence,Custom_Rule_Based,wastewater,NN
04_epidemiology_incidence_prevalence,Custom_Rule_Based,measurements,NNS
04_epidemiology_incidence_prevalence,Custom_Rule_Based,",",","
04_epidemiology_incidence_prevalence,Custom_Rule_Based,can,MD
04_epidemiology_incidence_prevalence,Custom_Rule_Based,complement,VB
04_epidemiology_incidence_prevalence,Custom_Rule_Based,reported,VBN
04_epidemiology_incidence_prevalence,Custom_Rule_Based,cases,NNS
04_epidemiology_incidence_prevalence,Custom_Rule_Based,.,.
04_epidemiology_incidence_prevalence,Custom_Rule_Based,Using,VBG
04_epidemiology_incidence_prevalence,Custom_Rule_Based,multiple,JJ
04_epidemiology_incidence_prevalence,Custom_Rule_Based,indicators,NNS
04_epidemiology_incidence_prevalence,Custom_Rule_Based,provides,VBZ
04_epidemiology_incidence_prevalence,Custom_Rule_Based,a,DT
04_epidemiology_incidence_prevalence,Custom_Rule_Based,broader,JJR
04_epidemiology_incidence_prevalence,Custom_Rule_Based,picture,NN
04_epidemiology_incidence_prevalence,Custom_Rule_Based,of,IN
04_epidemiology_incidence_prevalence,Custom_Rule_Based,disease,NN
04_epidemiology_incidence_prevalence,Custom_Rule_Based,activity,NN
04_epidemiology_incidence_prevalence,Custom_Rule_Based,.,.
05_basic_reproduction_number,NLTK,Reproduction,NN
05_basic_reproduction_number,NLTK,Numbers,NNS
05_basic_reproduction_number,NLTK,and,CC
05_basic_reproduction_number,NLTK,Outbreak,NNP
05_basic_reproduction_number,NLTK,Growth,NNP
05_basic_reproduction_number,NLTK,The,DT
05_basic_reproduction_number,NLTK,basic,JJ
05_basic_reproduction_number,NLTK,reproduction,NN
05_basic_reproduction_number,NLTK,number,NN
05_basic_reproduction_number,NLTK,",",","
05_basic_reproduction_number,NLTK,R0,NNP
05_basic_reproduction_number,NLTK,",",","
05_basic_reproduction_number,NLTK,describes,VBZ
05_basic_reproduction_number,NLTK,the,DT
05_basic_reproduction_number,NLTK,average,JJ
05_basic_reproduction_number,NLTK,number,NN
05_basic_reproduction_number,NLTK,of,IN
05_basic_reproduction_number,NLTK,secondary,JJ
05_basic_reproduction_number,NLTK,infections,NNS
05_basic_reproduction_number,NLTK,generated,VBN
05_basic_reproduction_number,NLTK,by,IN
05_basic_reproduction_number,NLTK,a,DT
05_basic_reproduction_number,NLTK,typical,JJ
05_basic_reproduction_number,NLTK,infectious,JJ
05_basic_reproduction_number,NLTK,individual,NN
05_basic_reproduction_number,NLTK,in,IN
05_basic_reproduction_number,NLTK,a,DT
05_basic_reproduction_number,NLTK,fully,RB
05_basic_reproduction_number,NLTK,susceptible,JJ
05_basic_reproduction_number,NLTK,population,NN
05_basic_reproduction_number,NLTK,under,IN
05_basic_reproduction_number,NLTK,specified,VBN
05_basic_reproduction_number,NLTK,assumptions,NNS
05_basic_reproduction_number,NLTK,.,.
05_basic_reproduction_number,NLTK,It,PRP
05_basic_reproduction_number,NLTK,is,VBZ
05_basic_reproduction_number,NLTK,a,DT
05_basic_reproduction_number,NLTK,theoretical,JJ
05_basic_reproduction_number,NLTK,epidemiological,JJ
05_basic_reproduction_number,NLTK,quantity,NN
05_basic_reproduction_number,NLTK,and,CC
05_basic_reproduction_number,NLTK,should,MD
05_basic_reproduction_number,NLTK,not,RB
05_basic_reproduction_number,NLTK,be,VB
05_basic_reproduction_number,NLTK,interpreted,VBN
05_basic_reproduction_number,NLTK,as,IN
05_basic_reproduction_number,NLTK,a,DT
05_basic_reproduction_number,NLTK,fixed,JJ
05_basic_reproduction_number,NLTK,property,NN
05_basic_reproduction_number,NLTK,of,IN
05_basic_reproduction_number,NLTK,a,DT
05_basic_reproduction_number,NLTK,pathogen,NN
05_basic_reproduction_number,NLTK,in,IN
05_basic_reproduction_number,NLTK,every,DT
05_basic_reproduction_number,NLTK,setting,NN
05_basic_reproduction_number,NLTK,.,.
05_basic_reproduction_number,NLTK,The,DT
05_basic_reproduction_number,NLTK,effective,JJ
05_basic_reproduction_number,NLTK,reproduction,NN
05_basic_reproduction_number,NLTK,number,NN
05_basic_reproduction_number,NLTK,",",","
05_basic_reproduction_number,NLTK,often,RB
05_basic_reproduction_number,NLTK,written,VBN
05_basic_reproduction_number,NLTK,Rt,NNP
05_basic_reproduction_number,NLTK,or,CC
05_basic_reproduction_number,NLTK,Re,NNP
05_basic_reproduction_number,NLTK,",",","
05_basic_reproduction_number,NLTK,reflects,VBZ
05_basic_reproduction_number,NLTK,transmission,NN
05_basic_reproduction_number,NLTK,under,IN
05_basic_reproduction_number,NLTK,current,JJ
05_basic_reproduction_number,NLTK,conditions,NNS
05_basic_reproduction_number,NLTK,.,.
05_basic_reproduction_number,NLTK,Vaccination,NN
05_basic_reproduction_number,NLTK,",",","
05_basic_reproduction_number,NLTK,prior,JJ
05_basic_reproduction_number,NLTK,immunity,NN
05_basic_reproduction_number,NLTK,",",","
05_basic_reproduction_number,NLTK,behavioral,JJ
05_basic_reproduction_number,NLTK,changes,NNS
05_basic_reproduction_number,NLTK,",",","
05_basic_reproduction_number,NLTK,public-health,NN
05_basic_reproduction_number,NLTK,interventions,NNS
05_basic_reproduction_number,NLTK,",",","
05_basic_reproduction_number,NLTK,and,CC
05_basic_reproduction_number,NLTK,population,NN
05_basic_reproduction_number,NLTK,structure,NN
05_basic_reproduction_number,NLTK,can,MD
05_basic_reproduction_number,NLTK,all,DT
05_basic_reproduction_number,NLTK,affect,VB
05_basic_reproduction_number,NLTK,effective,JJ
05_basic_reproduction_number,NLTK,transmission,NN
05_basic_reproduction_number,NLTK,.,.
05_basic_reproduction_number,NLTK,When,WRB
05_basic_reproduction_number,NLTK,the,DT
05_basic_reproduction_number,NLTK,effective,JJ
05_basic_reproduction_number,NLTK,reproduction,NN
05_basic_reproduction_number,NLTK,number,NN
05_basic_reproduction_number,NLTK,is,VBZ
05_basic_reproduction_number,NLTK,above,IN
05_basic_reproduction_number,NLTK,one,CD
05_basic_reproduction_number,NLTK,",",","
05_basic_reproduction_number,NLTK,infections,NNS
05_basic_reproduction_number,NLTK,can,MD
05_basic_reproduction_number,NLTK,increase,VB
05_basic_reproduction_number,NLTK,under,IN
05_basic_reproduction_number,NLTK,the,DT
05_basic_reproduction_number,NLTK,relevant,JJ
05_basic_reproduction_number,NLTK,conditions,NNS
05_basic_reproduction_number,NLTK,;,:
05_basic_reproduction_number,NLTK,when,WRB
05_basic_reproduction_number,NLTK,it,PRP
05_basic_reproduction_number,NLTK,remains,VBZ
05_basic_reproduction_number,NLTK,below,IN
05_basic_reproduction_number,NLTK,one,CD
05_basic_reproduction_number,NLTK,",",","
05_basic_reproduction_number,NLTK,transmission,NN
05_basic_reproduction_number,NLTK,tends,NNS
05_basic_reproduction_number,NLTK,to,TO
05_basic_reproduction_number,NLTK,decline,VB
05_basic_reproduction_number,NLTK,.,.
05_basic_reproduction_number,NLTK,Estimating,VBG
05_basic_reproduction_number,NLTK,reproduction,NN
05_basic_reproduction_number,NLTK,numbers,NNS
05_basic_reproduction_number,NLTK,requires,VBZ
05_basic_reproduction_number,NLTK,assumptions,NNS
05_basic_reproduction_number,NLTK,and,CC
05_basic_reproduction_number,NLTK,data,NNS
05_basic_reproduction_number,NLTK,.,.
05_basic_reproduction_number,NLTK,Delays,NNS
05_basic_reproduction_number,NLTK,between,IN
05_basic_reproduction_number,NLTK,infection,NN
05_basic_reproduction_number,NLTK,",",","
05_basic_reproduction_number,NLTK,symptom,JJ
05_basic_reproduction_number,NLTK,onset,NN
05_basic_reproduction_number,NLTK,",",","
05_basic_reproduction_number,NLTK,testing,VBG
05_basic_reproduction_number,NLTK,",",","
05_basic_reproduction_number,NLTK,reporting,NN
05_basic_reproduction_number,NLTK,",",","
05_basic_reproduction_number,NLTK,and,CC
05_basic_reproduction_number,NLTK,hospitalization,NN
05_basic_reproduction_number,NLTK,can,MD
05_basic_reproduction_number,NLTK,affect,VB
05_basic_reproduction_number,NLTK,estimates,NNS
05_basic_reproduction_number,NLTK,.,.
05_basic_reproduction_number,NLTK,Analysts,NNS
05_basic_reproduction_number,NLTK,may,MD
05_basic_reproduction_number,NLTK,therefore,VB
05_basic_reproduction_number,NLTK,use,NN
05_basic_reproduction_number,NLTK,statistical,JJ
05_basic_reproduction_number,NLTK,models,NNS
05_basic_reproduction_number,NLTK,and,CC
05_basic_reproduction_number,NLTK,nowcasting,VBG
05_basic_reproduction_number,NLTK,methods,NNS
05_basic_reproduction_number,NLTK,to,TO
05_basic_reproduction_number,NLTK,account,VB
05_basic_reproduction_number,NLTK,for,IN
05_basic_reproduction_number,NLTK,reporting,NN
05_basic_reproduction_number,NLTK,delays,NNS
05_basic_reproduction_number,NLTK,.,.
05_basic_reproduction_number,NLTK,Reproduction,NN
05_basic_reproduction_number,NLTK,numbers,NNS
05_basic_reproduction_number,NLTK,should,MD
05_basic_reproduction_number,NLTK,be,VB
05_basic_reproduction_number,NLTK,interpreted,VBN
05_basic_reproduction_number,NLTK,together,RB
05_basic_reproduction_number,NLTK,with,IN
05_basic_reproduction_number,NLTK,other,JJ
05_basic_reproduction_number,NLTK,indicators,NNS
05_basic_reproduction_number,NLTK,.,.
05_basic_reproduction_number,NLTK,A,DT
05_basic_reproduction_number,NLTK,single,JJ
05_basic_reproduction_number,NLTK,estimate,NN
05_basic_reproduction_number,NLTK,can,MD
05_basic_reproduction_number,NLTK,be,VB
05_basic_reproduction_number,NLTK,uncertain,JJ
05_basic_reproduction_number,NLTK,",",","
05_basic_reproduction_number,NLTK,especially,RB
05_basic_reproduction_number,NLTK,when,WRB
05_basic_reproduction_number,NLTK,case,NN
05_basic_reproduction_number,NLTK,counts,NNS
05_basic_reproduction_number,NLTK,are,VBP
05_basic_reproduction_number,NLTK,small,JJ
05_basic_reproduction_number,NLTK,or,CC
05_basic_reproduction_number,NLTK,surveillance,JJ
05_basic_reproduction_number,NLTK,systems,NNS
05_basic_reproduction_number,NLTK,are,VBP
05_basic_reproduction_number,NLTK,changing,VBG
05_basic_reproduction_number,NLTK,.,.
05_basic_reproduction_number,NLTK,The,DT
05_basic_reproduction_number,NLTK,same,JJ
05_basic_reproduction_number,NLTK,reproduction,NN
05_basic_reproduction_number,NLTK,number,NN
05_basic_reproduction_number,NLTK,can,MD
05_basic_reproduction_number,NLTK,also,RB
05_basic_reproduction_number,NLTK,correspond,VB
05_basic_reproduction_number,NLTK,to,TO
05_basic_reproduction_number,NLTK,different,JJ
05_basic_reproduction_number,NLTK,absolute,NN
05_basic_reproduction_number,NLTK,levels,NNS
05_basic_reproduction_number,NLTK,of,IN
05_basic_reproduction_number,NLTK,disease,NN
05_basic_reproduction_number,NLTK,depending,VBG
05_basic_reproduction_number,NLTK,on,IN
05_basic_reproduction_number,NLTK,the,DT
05_basic_reproduction_number,NLTK,size,NN
05_basic_reproduction_number,NLTK,and,CC
05_basic_reproduction_number,NLTK,immunity,NN
05_basic_reproduction_number,NLTK,of,IN
05_basic_reproduction_number,NLTK,the,DT
05_basic_reproduction_number,NLTK,population,NN
05_basic_reproduction_number,NLTK,.,.
05_basic_reproduction_number,spaCy,Reproduction,PROPN
05_basic_reproduction_number,spaCy,Numbers,PROPN
05_basic_reproduction_number,spaCy,and,CCONJ
05_basic_reproduction_number,spaCy,Outbreak,PROPN
05_basic_reproduction_number,spaCy,Growth,PROPN
05_basic_reproduction_number,spaCy,The,DET
05_basic_reproduction_number,spaCy,basic,ADJ
05_basic_reproduction_number,spaCy,reproduction,NOUN
05_basic_reproduction_number,spaCy,number,NOUN
05_basic_reproduction_number,spaCy,",",PUNCT
05_basic_reproduction_number,spaCy,R0,NOUN
05_basic_reproduction_number,spaCy,",",PUNCT
05_basic_reproduction_number,spaCy,describes,VERB
05_basic_reproduction_number,spaCy,the,DET
05_basic_reproduction_number,spaCy,average,ADJ
05_basic_reproduction_number,spaCy,number,NOUN
05_basic_reproduction_number,spaCy,of,ADP
05_basic_reproduction_number,spaCy,secondary,ADJ
05_basic_reproduction_number,spaCy,infections,NOUN
05_basic_reproduction_number,spaCy,generated,VERB
05_basic_reproduction_number,spaCy,by,ADP
05_basic_reproduction_number,spaCy,a,DET
05_basic_reproduction_number,spaCy,typical,ADJ
05_basic_reproduction_number,spaCy,infectious,ADJ
05_basic_reproduction_number,spaCy,individual,NOUN
05_basic_reproduction_number,spaCy,in,ADP
05_basic_reproduction_number,spaCy,a,DET
05_basic_reproduction_number,spaCy,fully,ADV
05_basic_reproduction_number,spaCy,susceptible,ADJ
05_basic_reproduction_number,spaCy,population,NOUN
05_basic_reproduction_number,spaCy,under,ADP
05_basic_reproduction_number,spaCy,specified,ADJ
05_basic_reproduction_number,spaCy,assumptions,NOUN
05_basic_reproduction_number,spaCy,.,PUNCT
05_basic_reproduction_number,spaCy,It,PRON
05_basic_reproduction_number,spaCy,is,AUX
05_basic_reproduction_number,spaCy,a,DET
05_basic_reproduction_number,spaCy,theoretical,ADJ
05_basic_reproduction_number,spaCy,epidemiological,ADJ
05_basic_reproduction_number,spaCy,quantity,NOUN
05_basic_reproduction_number,spaCy,and,CCONJ
05_basic_reproduction_number,spaCy,should,AUX
05_basic_reproduction_number,spaCy,not,PART
05_basic_reproduction_number,spaCy,be,AUX
05_basic_reproduction_number,spaCy,interpreted,VERB
05_basic_reproduction_number,spaCy,as,ADP
05_basic_reproduction_number,spaCy,a,DET
05_basic_reproduction_number,spaCy,fixed,VERB
05_basic_reproduction_number,spaCy,property,NOUN
05_basic_reproduction_number,spaCy,of,ADP
05_basic_reproduction_number,spaCy,a,DET
05_basic_reproduction_number,spaCy,pathogen,NOUN
05_basic_reproduction_number,spaCy,in,ADP
05_basic_reproduction_number,spaCy,every,DET
05_basic_reproduction_number,spaCy,setting,NOUN
05_basic_reproduction_number,spaCy,.,PUNCT
05_basic_reproduction_number,spaCy,The,DET
05_basic_reproduction_number,spaCy,effective,ADJ
05_basic_reproduction_number,spaCy,reproduction,NOUN
05_basic_reproduction_number,spaCy,number,NOUN
05_basic_reproduction_number,spaCy,",",PUNCT
05_basic_reproduction_number,spaCy,often,ADV
05_basic_reproduction_number,spaCy,written,VERB
05_basic_reproduction_number,spaCy,Rt,PROPN
05_basic_reproduction_number,spaCy,or,CCONJ
05_basic_reproduction_number,spaCy,Re,ADJ
05_basic_reproduction_number,spaCy,",",PUNCT
05_basic_reproduction_number,spaCy,reflects,VERB
05_basic_reproduction_number,spaCy,transmission,NOUN
05_basic_reproduction_number,spaCy,under,ADP
05_basic_reproduction_number,spaCy,current,ADJ
05_basic_reproduction_number,spaCy,conditions,NOUN
05_basic_reproduction_number,spaCy,.,PUNCT
05_basic_reproduction_number,spaCy,Vaccination,NOUN
05_basic_reproduction_number,spaCy,",",PUNCT
05_basic_reproduction_number,spaCy,prior,ADJ
05_basic_reproduction_number,spaCy,immunity,NOUN
05_basic_reproduction_number,spaCy,",",PUNCT
05_basic_reproduction_number,spaCy,behavioral,ADJ
05_basic_reproduction_number,spaCy,changes,NOUN
05_basic_reproduction_number,spaCy,",",PUNCT
05_basic_reproduction_number,spaCy,public,ADJ
05_basic_reproduction_number,spaCy,-,PUNCT
05_basic_reproduction_number,spaCy,health,NOUN
05_basic_reproduction_number,spaCy,interventions,NOUN
05_basic_reproduction_number,spaCy,",",PUNCT
05_basic_reproduction_number,spaCy,and,CCONJ
05_basic_reproduction_number,spaCy,population,NOUN
05_basic_reproduction_number,spaCy,structure,NOUN
05_basic_reproduction_number,spaCy,can,AUX
05_basic_reproduction_number,spaCy,all,PRON
05_basic_reproduction_number,spaCy,affect,VERB
05_basic_reproduction_number,spaCy,effective,ADJ
05_basic_reproduction_number,spaCy,transmission,NOUN
05_basic_reproduction_number,spaCy,.,PUNCT
05_basic_reproduction_number,spaCy,When,SCONJ
05_basic_reproduction_number,spaCy,the,DET
05_basic_reproduction_number,spaCy,effective,ADJ
05_basic_reproduction_number,spaCy,reproduction,NOUN
05_basic_reproduction_number,spaCy,number,NOUN
05_basic_reproduction_number,spaCy,is,AUX
05_basic_reproduction_number,spaCy,above,ADP
05_basic_reproduction_number,spaCy,one,NUM
05_basic_reproduction_number,spaCy,",",PUNCT
05_basic_reproduction_number,spaCy,infections,NOUN
05_basic_reproduction_number,spaCy,can,AUX
05_basic_reproduction_number,spaCy,increase,VERB
05_basic_reproduction_number,spaCy,under,ADP
05_basic_reproduction_number,spaCy,the,DET
05_basic_reproduction_number,spaCy,relevant,ADJ
05_basic_reproduction_number,spaCy,conditions,NOUN
05_basic_reproduction_number,spaCy,;,PUNCT
05_basic_reproduction_number,spaCy,when,SCONJ
05_basic_reproduction_number,spaCy,it,PRON
05_basic_reproduction_number,spaCy,remains,VERB
05_basic_reproduction_number,spaCy,below,ADP
05_basic_reproduction_number,spaCy,one,NUM
05_basic_reproduction_number,spaCy,",",PUNCT
05_basic_reproduction_number,spaCy,transmission,NOUN
05_basic_reproduction_number,spaCy,tends,VERB
05_basic_reproduction_number,spaCy,to,PART
05_basic_reproduction_number,spaCy,decline,VERB
05_basic_reproduction_number,spaCy,.,PUNCT
05_basic_reproduction_number,spaCy,Estimating,VERB
05_basic_reproduction_number,spaCy,reproduction,NOUN
05_basic_reproduction_number,spaCy,numbers,NOUN
05_basic_reproduction_number,spaCy,requires,VERB
05_basic_reproduction_number,spaCy,assumptions,NOUN
05_basic_reproduction_number,spaCy,and,CCONJ
05_basic_reproduction_number,spaCy,data,NOUN
05_basic_reproduction_number,spaCy,.,PUNCT
05_basic_reproduction_number,spaCy,Delays,NOUN
05_basic_reproduction_number,spaCy,between,ADP
05_basic_reproduction_number,spaCy,infection,NOUN
05_basic_reproduction_number,spaCy,",",PUNCT
05_basic_reproduction_number,spaCy,symptom,NOUN
05_basic_reproduction_number,spaCy,onset,NOUN
05_basic_reproduction_number,spaCy,",",PUNCT
05_basic_reproduction_number,spaCy,testing,NOUN
05_basic_reproduction_number,spaCy,",",PUNCT
05_basic_reproduction_number,spaCy,reporting,NOUN
05_basic_reproduction_number,spaCy,",",PUNCT
05_basic_reproduction_number,spaCy,and,CCONJ
05_basic_reproduction_number,spaCy,hospitalization,NOUN
05_basic_reproduction_number,spaCy,can,AUX
05_basic_reproduction_number,spaCy,affect,VERB
05_basic_reproduction_number,spaCy,estimates,NOUN
05_basic_reproduction_number,spaCy,.,PUNCT
05_basic_reproduction_number,spaCy,Analysts,NOUN
05_basic_reproduction_number,spaCy,may,AUX
05_basic_reproduction_number,spaCy,therefore,ADV
05_basic_reproduction_number,spaCy,use,VERB
05_basic_reproduction_number,spaCy,statistical,ADJ
05_basic_reproduction_number,spaCy,models,NOUN
05_basic_reproduction_number,spaCy,and,CCONJ
05_basic_reproduction_number,spaCy,nowcasting,VERB
05_basic_reproduction_number,spaCy,methods,NOUN
05_basic_reproduction_number,spaCy,to,PART
05_basic_reproduction_number,spaCy,account,VERB
05_basic_reproduction_number,spaCy,for,ADP
05_basic_reproduction_number,spaCy,reporting,VERB
05_basic_reproduction_number,spaCy,delays,NOUN
05_basic_reproduction_number,spaCy,.,PUNCT
05_basic_reproduction_number,spaCy,Reproduction,NOUN
05_basic_reproduction_number,spaCy,numbers,NOUN
05_basic_reproduction_number,spaCy,should,AUX
05_basic_reproduction_number,spaCy,be,AUX
05_basic_reproduction_number,spaCy,interpreted,VERB
05_basic_reproduction_number,spaCy,together,ADV
05_basic_reproduction_number,spaCy,with,ADP
05_basic_reproduction_number,spaCy,other,ADJ
05_basic_reproduction_number,spaCy,indicators,NOUN
05_basic_reproduction_number,spaCy,.,PUNCT
05_basic_reproduction_number,spaCy,A,DET
05_basic_reproduction_number,spaCy,single,ADJ
05_basic_reproduction_number,spaCy,estimate,NOUN
05_basic_reproduction_number,spaCy,can,AUX
05_basic_reproduction_number,spaCy,be,AUX
05_basic_reproduction_number,spaCy,uncertain,ADJ
05_basic_reproduction_number,spaCy,",",PUNCT
05_basic_reproduction_number,spaCy,especially,ADV
05_basic_reproduction_number,spaCy,when,SCONJ
05_basic_reproduction_number,spaCy,case,NOUN
05_basic_reproduction_number,spaCy,counts,NOUN
05_basic_reproduction_number,spaCy,are,AUX
05_basic_reproduction_number,spaCy,small,ADJ
05_basic_reproduction_number,spaCy,or,CCONJ
05_basic_reproduction_number,spaCy,surveillance,NOUN
05_basic_reproduction_number,spaCy,systems,NOUN
05_basic_reproduction_number,spaCy,are,AUX
05_basic_reproduction_number,spaCy,changing,VERB
05_basic_reproduction_number,spaCy,.,PUNCT
05_basic_reproduction_number,spaCy,The,DET
05_basic_reproduction_number,spaCy,same,ADJ
05_basic_reproduction_number,spaCy,reproduction,NOUN
05_basic_reproduction_number,spaCy,number,NOUN
05_basic_reproduction_number,spaCy,can,AUX
05_basic_reproduction_number,spaCy,also,ADV
05_basic_reproduction_number,spaCy,correspond,VERB
05_basic_reproduction_number,spaCy,to,ADP
05_basic_reproduction_number,spaCy,different,ADJ
05_basic_reproduction_number,spaCy,absolute,ADJ
05_basic_reproduction_number,spaCy,levels,NOUN
05_basic_reproduction_number,spaCy,of,ADP
05_basic_reproduction_number,spaCy,disease,NOUN
05_basic_reproduction_number,spaCy,depending,VERB
05_basic_reproduction_number,spaCy,on,ADP
05_basic_reproduction_number,spaCy,the,DET
05_basic_reproduction_number,spaCy,size,NOUN
05_basic_reproduction_number,spaCy,and,CCONJ
05_basic_reproduction_number,spaCy,immunity,NOUN
05_basic_reproduction_number,spaCy,of,ADP
05_basic_reproduction_number,spaCy,the,DET
05_basic_reproduction_number,spaCy,population,NOUN
05_basic_reproduction_number,spaCy,.,PUNCT
05_basic_reproduction_number,Custom_Rule_Based,Reproduction,NN
05_basic_reproduction_number,Custom_Rule_Based,Numbers,NNS
05_basic_reproduction_number,Custom_Rule_Based,and,CC
05_basic_reproduction_number,Custom_Rule_Based,Outbreak,NN
05_basic_reproduction_number,Custom_Rule_Based,Growth,NNP
05_basic_reproduction_number,Custom_Rule_Based,The,DT
05_basic_reproduction_number,Custom_Rule_Based,basic,JJ
05_basic_reproduction_number,Custom_Rule_Based,reproduction,NN
05_basic_reproduction_number,Custom_Rule_Based,number,NN
05_basic_reproduction_number,Custom_Rule_Based,",",","
05_basic_reproduction_number,Custom_Rule_Based,R0,NNP
05_basic_reproduction_number,Custom_Rule_Based,",",","
05_basic_reproduction_number,Custom_Rule_Based,describes,VBZ
05_basic_reproduction_number,Custom_Rule_Based,the,DT
05_basic_reproduction_number,Custom_Rule_Based,average,JJ
05_basic_reproduction_number,Custom_Rule_Based,number,NN
05_basic_reproduction_number,Custom_Rule_Based,of,IN
05_basic_reproduction_number,Custom_Rule_Based,secondary,JJ
05_basic_reproduction_number,Custom_Rule_Based,infections,NNS
05_basic_reproduction_number,Custom_Rule_Based,generated,VBN
05_basic_reproduction_number,Custom_Rule_Based,by,IN
05_basic_reproduction_number,Custom_Rule_Based,a,DT
05_basic_reproduction_number,Custom_Rule_Based,typical,JJ
05_basic_reproduction_number,Custom_Rule_Based,infectious,JJ
05_basic_reproduction_number,Custom_Rule_Based,individual,NN
05_basic_reproduction_number,Custom_Rule_Based,in,IN
05_basic_reproduction_number,Custom_Rule_Based,a,DT
05_basic_reproduction_number,Custom_Rule_Based,fully,RB
05_basic_reproduction_number,Custom_Rule_Based,susceptible,JJ
05_basic_reproduction_number,Custom_Rule_Based,population,NN
05_basic_reproduction_number,Custom_Rule_Based,under,IN
05_basic_reproduction_number,Custom_Rule_Based,specified,VBN
05_basic_reproduction_number,Custom_Rule_Based,assumptions,NNS
05_basic_reproduction_number,Custom_Rule_Based,.,.
05_basic_reproduction_number,Custom_Rule_Based,It,PRP
05_basic_reproduction_number,Custom_Rule_Based,is,VBZ
05_basic_reproduction_number,Custom_Rule_Based,a,DT
05_basic_reproduction_number,Custom_Rule_Based,theoretical,JJ
05_basic_reproduction_number,Custom_Rule_Based,epidemiological,JJ
05_basic_reproduction_number,Custom_Rule_Based,quantity,NN
05_basic_reproduction_number,Custom_Rule_Based,and,CC
05_basic_reproduction_number,Custom_Rule_Based,should,MD
05_basic_reproduction_number,Custom_Rule_Based,not,RB
05_basic_reproduction_number,Custom_Rule_Based,be,VB
05_basic_reproduction_number,Custom_Rule_Based,interpreted,VBN
05_basic_reproduction_number,Custom_Rule_Based,as,IN
05_basic_reproduction_number,Custom_Rule_Based,a,DT
05_basic_reproduction_number,Custom_Rule_Based,fixed,JJ
05_basic_reproduction_number,Custom_Rule_Based,property,NN
05_basic_reproduction_number,Custom_Rule_Based,of,IN
05_basic_reproduction_number,Custom_Rule_Based,a,DT
05_basic_reproduction_number,Custom_Rule_Based,pathogen,NN
05_basic_reproduction_number,Custom_Rule_Based,in,IN
05_basic_reproduction_number,Custom_Rule_Based,every,DT
05_basic_reproduction_number,Custom_Rule_Based,setting,NN
05_basic_reproduction_number,Custom_Rule_Based,.,.
05_basic_reproduction_number,Custom_Rule_Based,The,DT
05_basic_reproduction_number,Custom_Rule_Based,effective,JJ
05_basic_reproduction_number,Custom_Rule_Based,reproduction,NN
05_basic_reproduction_number,Custom_Rule_Based,number,NN
05_basic_reproduction_number,Custom_Rule_Based,",",","
05_basic_reproduction_number,Custom_Rule_Based,often,RB
05_basic_reproduction_number,Custom_Rule_Based,written,VBN
05_basic_reproduction_number,Custom_Rule_Based,Rt,NNP
05_basic_reproduction_number,Custom_Rule_Based,or,CC
05_basic_reproduction_number,Custom_Rule_Based,Re,NNP
05_basic_reproduction_number,Custom_Rule_Based,",",","
05_basic_reproduction_number,Custom_Rule_Based,reflects,VBZ
05_basic_reproduction_number,Custom_Rule_Based,transmission,NN
05_basic_reproduction_number,Custom_Rule_Based,under,IN
05_basic_reproduction_number,Custom_Rule_Based,current,JJ
05_basic_reproduction_number,Custom_Rule_Based,conditions,NNS
05_basic_reproduction_number,Custom_Rule_Based,.,.
05_basic_reproduction_number,Custom_Rule_Based,Vaccination,NN
05_basic_reproduction_number,Custom_Rule_Based,",",","
05_basic_reproduction_number,Custom_Rule_Based,prior,JJ
05_basic_reproduction_number,Custom_Rule_Based,immunity,NN
05_basic_reproduction_number,Custom_Rule_Based,",",","
05_basic_reproduction_number,Custom_Rule_Based,behavioral,JJ
05_basic_reproduction_number,Custom_Rule_Based,changes,NNS
05_basic_reproduction_number,Custom_Rule_Based,",",","
05_basic_reproduction_number,Custom_Rule_Based,public-health,NN
05_basic_reproduction_number,Custom_Rule_Based,interventions,NNS
05_basic_reproduction_number,Custom_Rule_Based,",",","
05_basic_reproduction_number,Custom_Rule_Based,and,CC
05_basic_reproduction_number,Custom_Rule_Based,population,NN
05_basic_reproduction_number,Custom_Rule_Based,structure,NN
05_basic_reproduction_number,Custom_Rule_Based,can,MD
05_basic_reproduction_number,Custom_Rule_Based,all,DT
05_basic_reproduction_number,Custom_Rule_Based,affect,VB
05_basic_reproduction_number,Custom_Rule_Based,effective,JJ
05_basic_reproduction_number,Custom_Rule_Based,transmission,NN
05_basic_reproduction_number,Custom_Rule_Based,.,.
05_basic_reproduction_number,Custom_Rule_Based,When,WRB
05_basic_reproduction_number,Custom_Rule_Based,the,DT
05_basic_reproduction_number,Custom_Rule_Based,effective,JJ
05_basic_reproduction_number,Custom_Rule_Based,reproduction,NN
05_basic_reproduction_number,Custom_Rule_Based,number,NN
05_basic_reproduction_number,Custom_Rule_Based,is,VBZ
05_basic_reproduction_number,Custom_Rule_Based,above,IN
05_basic_reproduction_number,Custom_Rule_Based,one,CD
05_basic_reproduction_number,Custom_Rule_Based,",",","
05_basic_reproduction_number,Custom_Rule_Based,infections,NNS
05_basic_reproduction_number,Custom_Rule_Based,can,MD
05_basic_reproduction_number,Custom_Rule_Based,increase,VB
05_basic_reproduction_number,Custom_Rule_Based,under,IN
05_basic_reproduction_number,Custom_Rule_Based,the,DT
05_basic_reproduction_number,Custom_Rule_Based,relevant,JJ
05_basic_reproduction_number,Custom_Rule_Based,conditions,NNS
05_basic_reproduction_number,Custom_Rule_Based,;,:
05_basic_reproduction_number,Custom_Rule_Based,when,WRB
05_basic_reproduction_number,Custom_Rule_Based,it,PRP
05_basic_reproduction_number,Custom_Rule_Based,remains,VBZ
05_basic_reproduction_number,Custom_Rule_Based,below,IN
05_basic_reproduction_number,Custom_Rule_Based,one,CD
05_basic_reproduction_number,Custom_Rule_Based,",",","
05_basic_reproduction_number,Custom_Rule_Based,transmission,NN
05_basic_reproduction_number,Custom_Rule_Based,tends,NNS
05_basic_reproduction_number,Custom_Rule_Based,to,TO
05_basic_reproduction_number,Custom_Rule_Based,decline,VB
05_basic_reproduction_number,Custom_Rule_Based,.,.
05_basic_reproduction_number,Custom_Rule_Based,Estimating,VBG
05_basic_reproduction_number,Custom_Rule_Based,reproduction,NN
05_basic_reproduction_number,Custom_Rule_Based,numbers,NNS
05_basic_reproduction_number,Custom_Rule_Based,requires,VBZ
05_basic_reproduction_number,Custom_Rule_Based,assumptions,NNS
05_basic_reproduction_number,Custom_Rule_Based,and,CC
05_basic_reproduction_number,Custom_Rule_Based,data,NNS
05_basic_reproduction_number,Custom_Rule_Based,.,.
05_basic_reproduction_number,Custom_Rule_Based,Delays,NNS
05_basic_reproduction_number,Custom_Rule_Based,between,IN
05_basic_reproduction_number,Custom_Rule_Based,infection,NN
05_basic_reproduction_number,Custom_Rule_Based,",",","
05_basic_reproduction_number,Custom_Rule_Based,symptom,JJ
05_basic_reproduction_number,Custom_Rule_Based,onset,NN
05_basic_reproduction_number,Custom_Rule_Based,",",","
05_basic_reproduction_number,Custom_Rule_Based,testing,VBG
05_basic_reproduction_number,Custom_Rule_Based,",",","
05_basic_reproduction_number,Custom_Rule_Based,reporting,NN
05_basic_reproduction_number,Custom_Rule_Based,",",","
05_basic_reproduction_number,Custom_Rule_Based,and,CC
05_basic_reproduction_number,Custom_Rule_Based,hospitalization,NN
05_basic_reproduction_number,Custom_Rule_Based,can,MD
05_basic_reproduction_number,Custom_Rule_Based,affect,VB
05_basic_reproduction_number,Custom_Rule_Based,estimates,NNS
05_basic_reproduction_number,Custom_Rule_Based,.,.
05_basic_reproduction_number,Custom_Rule_Based,Analysts,NNS
05_basic_reproduction_number,Custom_Rule_Based,may,MD
05_basic_reproduction_number,Custom_Rule_Based,therefore,VB
05_basic_reproduction_number,Custom_Rule_Based,use,NN
05_basic_reproduction_number,Custom_Rule_Based,statistical,JJ
05_basic_reproduction_number,Custom_Rule_Based,models,NNS
05_basic_reproduction_number,Custom_Rule_Based,and,CC
05_basic_reproduction_number,Custom_Rule_Based,nowcasting,VBG
05_basic_reproduction_number,Custom_Rule_Based,methods,NNS
05_basic_reproduction_number,Custom_Rule_Based,to,TO
05_basic_reproduction_number,Custom_Rule_Based,account,VB
05_basic_reproduction_number,Custom_Rule_Based,for,IN
05_basic_reproduction_number,Custom_Rule_Based,reporting,NN
05_basic_reproduction_number,Custom_Rule_Based,delays,NNS
05_basic_reproduction_number,Custom_Rule_Based,.,.
05_basic_reproduction_number,Custom_Rule_Based,Reproduction,NN
05_basic_reproduction_number,Custom_Rule_Based,numbers,NNS
05_basic_reproduction_number,Custom_Rule_Based,should,MD
05_basic_reproduction_number,Custom_Rule_Based,be,VB
05_basic_reproduction_number,Custom_Rule_Based,interpreted,VBN
05_basic_reproduction_number,Custom_Rule_Based,together,RB
05_basic_reproduction_number,Custom_Rule_Based,with,IN
05_basic_reproduction_number,Custom_Rule_Based,other,JJ
05_basic_reproduction_number,Custom_Rule_Based,indicators,NNS
05_basic_reproduction_number,Custom_Rule_Based,.,.
05_basic_reproduction_number,Custom_Rule_Based,A,DT
05_basic_reproduction_number,Custom_Rule_Based,single,JJ
05_basic_reproduction_number,Custom_Rule_Based,estimate,NN
05_basic_reproduction_number,Custom_Rule_Based,can,MD
05_basic_reproduction_number,Custom_Rule_Based,be,VB
05_basic_reproduction_number,Custom_Rule_Based,uncertain,JJ
05_basic_reproduction_number,Custom_Rule_Based,",",","
05_basic_reproduction_number,Custom_Rule_Based,especially,RB
05_basic_reproduction_number,Custom_Rule_Based,when,WRB
05_basic_reproduction_number,Custom_Rule_Based,case,NN
05_basic_reproduction_number,Custom_Rule_Based,counts,NNS
05_basic_reproduction_number,Custom_Rule_Based,are,VBP
05_basic_reproduction_number,Custom_Rule_Based,small,JJ
05_basic_reproduction_number,Custom_Rule_Based,or,CC
05_basic_reproduction_number,Custom_Rule_Based,surveillance,NN
05_basic_reproduction_number,Custom_Rule_Based,systems,NNS
05_basic_reproduction_number,Custom_Rule_Based,are,VBP
05_basic_reproduction_number,Custom_Rule_Based,changing,VBG
05_basic_reproduction_number,Custom_Rule_Based,.,.
05_basic_reproduction_number,Custom_Rule_Based,The,DT
05_basic_reproduction_number,Custom_Rule_Based,same,JJ
05_basic_reproduction_number,Custom_Rule_Based,reproduction,NN
05_basic_reproduction_number,Custom_Rule_Based,number,NN
05_basic_reproduction_number,Custom_Rule_Based,can,MD
05_basic_reproduction_number,Custom_Rule_Based,also,RB
05_basic_reproduction_number,Custom_Rule_Based,correspond,VB
05_basic_reproduction_number,Custom_Rule_Based,to,TO
05_basic_reproduction_number,Custom_Rule_Based,different,JJ
05_basic_reproduction_number,Custom_Rule_Based,absolute,NN
05_basic_reproduction_number,Custom_Rule_Based,levels,NNS
05_basic_reproduction_number,Custom_Rule_Based,of,IN
05_basic_reproduction_number,Custom_Rule_Based,disease,NN
05_basic_reproduction_number,Custom_Rule_Based,depending,VBG
05_basic_reproduction_number,Custom_Rule_Based,on,IN
05_basic_reproduction_number,Custom_Rule_Based,the,DT
05_basic_reproduction_number,Custom_Rule_Based,size,NN
05_basic_reproduction_number,Custom_Rule_Based,and,CC
05_basic_reproduction_number,Custom_Rule_Based,immunity,NN
05_basic_reproduction_number,Custom_Rule_Based,of,IN
05_basic_reproduction_number,Custom_Rule_Based,the,DT
05_basic_reproduction_number,Custom_Rule_Based,population,NN
05_basic_reproduction_number,Custom_Rule_Based,.,.
06_contact_tracing,NLTK,Contact,NNP
06_contact_tracing,NLTK,Tracing,NNP
06_contact_tracing,NLTK,and,CC
06_contact_tracing,NLTK,Exposure,NNP
06_contact_tracing,NLTK,Management,NNP
06_contact_tracing,NLTK,Contact,NNP
06_contact_tracing,NLTK,tracing,NN
06_contact_tracing,NLTK,is,VBZ
06_contact_tracing,NLTK,a,DT
06_contact_tracing,NLTK,public-health,JJ
06_contact_tracing,NLTK,process,NN
06_contact_tracing,NLTK,used,VBN
06_contact_tracing,NLTK,to,TO
06_contact_tracing,NLTK,identify,VB
06_contact_tracing,NLTK,people,NNS
06_contact_tracing,NLTK,who,WP
06_contact_tracing,NLTK,may,MD
06_contact_tracing,NLTK,have,VB
06_contact_tracing,NLTK,been,VBN
06_contact_tracing,NLTK,exposed,VBN
06_contact_tracing,NLTK,to,TO
06_contact_tracing,NLTK,an,DT
06_contact_tracing,NLTK,infectious,JJ
06_contact_tracing,NLTK,disease,NN
06_contact_tracing,NLTK,and,CC
06_contact_tracing,NLTK,provide,VB
06_contact_tracing,NLTK,them,PRP
06_contact_tracing,NLTK,with,IN
06_contact_tracing,NLTK,relevant,JJ
06_contact_tracing,NLTK,information,NN
06_contact_tracing,NLTK,and,CC
06_contact_tracing,NLTK,support,NN
06_contact_tracing,NLTK,.,.
06_contact_tracing,NLTK,For,IN
06_contact_tracing,NLTK,respiratory,JJ
06_contact_tracing,NLTK,infections,NNS
06_contact_tracing,NLTK,",",","
06_contact_tracing,NLTK,contact,JJ
06_contact_tracing,NLTK,definitions,NNS
06_contact_tracing,NLTK,may,MD
06_contact_tracing,NLTK,consider,VB
06_contact_tracing,NLTK,proximity,NN
06_contact_tracing,NLTK,",",","
06_contact_tracing,NLTK,duration,NN
06_contact_tracing,NLTK,",",","
06_contact_tracing,NLTK,setting,NN
06_contact_tracing,NLTK,",",","
06_contact_tracing,NLTK,and,CC
06_contact_tracing,NLTK,timing,VBG
06_contact_tracing,NLTK,relative,JJ
06_contact_tracing,NLTK,to,TO
06_contact_tracing,NLTK,infectiousness,VB
06_contact_tracing,NLTK,.,.
06_contact_tracing,NLTK,A,DT
06_contact_tracing,NLTK,typical,JJ
06_contact_tracing,NLTK,workflow,NN
06_contact_tracing,NLTK,includes,VBZ
06_contact_tracing,NLTK,identifying,VBG
06_contact_tracing,NLTK,a,DT
06_contact_tracing,NLTK,confirmed,NN
06_contact_tracing,NLTK,or,CC
06_contact_tracing,NLTK,probable,JJ
06_contact_tracing,NLTK,case,NN
06_contact_tracing,NLTK,",",","
06_contact_tracing,NLTK,determining,VBG
06_contact_tracing,NLTK,the,DT
06_contact_tracing,NLTK,period,NN
06_contact_tracing,NLTK,during,IN
06_contact_tracing,NLTK,which,WDT
06_contact_tracing,NLTK,transmission,NN
06_contact_tracing,NLTK,could,MD
06_contact_tracing,NLTK,have,VB
06_contact_tracing,NLTK,occurred,VBN
06_contact_tracing,NLTK,",",","
06_contact_tracing,NLTK,interviewing,VBG
06_contact_tracing,NLTK,the,DT
06_contact_tracing,NLTK,case,NN
06_contact_tracing,NLTK,when,WRB
06_contact_tracing,NLTK,appropriate,NN
06_contact_tracing,NLTK,",",","
06_contact_tracing,NLTK,identifying,VBG
06_contact_tracing,NLTK,contacts,NNS
06_contact_tracing,NLTK,",",","
06_contact_tracing,NLTK,and,CC
06_contact_tracing,NLTK,communicating,VBG
06_contact_tracing,NLTK,recommended,JJ
06_contact_tracing,NLTK,actions,NNS
06_contact_tracing,NLTK,.,.
06_contact_tracing,NLTK,Digital,NNP
06_contact_tracing,NLTK,tools,NNS
06_contact_tracing,NLTK,can,MD
06_contact_tracing,NLTK,assist,VB
06_contact_tracing,NLTK,with,IN
06_contact_tracing,NLTK,notification,NN
06_contact_tracing,NLTK,or,CC
06_contact_tracing,NLTK,data,NN
06_contact_tracing,NLTK,management,NN
06_contact_tracing,NLTK,",",","
06_contact_tracing,NLTK,but,CC
06_contact_tracing,NLTK,they,PRP
06_contact_tracing,NLTK,do,VBP
06_contact_tracing,NLTK,not,RB
06_contact_tracing,NLTK,replace,VB
06_contact_tracing,NLTK,public-health,JJ
06_contact_tracing,NLTK,judgment,NN
06_contact_tracing,NLTK,.,.
06_contact_tracing,NLTK,Contact,NNP
06_contact_tracing,NLTK,tracing,NN
06_contact_tracing,NLTK,is,VBZ
06_contact_tracing,NLTK,most,RBS
06_contact_tracing,NLTK,effective,JJ
06_contact_tracing,NLTK,when,WRB
06_contact_tracing,NLTK,cases,NNS
06_contact_tracing,NLTK,and,CC
06_contact_tracing,NLTK,contacts,NNS
06_contact_tracing,NLTK,can,MD
06_contact_tracing,NLTK,be,VB
06_contact_tracing,NLTK,identified,VBN
06_contact_tracing,NLTK,quickly,RB
06_contact_tracing,NLTK,and,CC
06_contact_tracing,NLTK,when,WRB
06_contact_tracing,NLTK,people,NNS
06_contact_tracing,NLTK,have,VBP
06_contact_tracing,NLTK,access,NN
06_contact_tracing,NLTK,to,TO
06_contact_tracing,NLTK,testing,VBG
06_contact_tracing,NLTK,",",","
06_contact_tracing,NLTK,healthcare,NN
06_contact_tracing,NLTK,",",","
06_contact_tracing,NLTK,isolation,NN
06_contact_tracing,NLTK,resources,NNS
06_contact_tracing,NLTK,",",","
06_contact_tracing,NLTK,and,CC
06_contact_tracing,NLTK,accurate,JJ
06_contact_tracing,NLTK,information,NN
06_contact_tracing,NLTK,.,.
06_contact_tracing,NLTK,Privacy,NN
06_contact_tracing,NLTK,and,CC
06_contact_tracing,NLTK,confidentiality,NN
06_contact_tracing,NLTK,are,VBP
06_contact_tracing,NLTK,important,JJ
06_contact_tracing,NLTK,because,IN
06_contact_tracing,NLTK,contact-tracing,JJ
06_contact_tracing,NLTK,systems,NNS
06_contact_tracing,NLTK,handle,VBP
06_contact_tracing,NLTK,sensitive,JJ
06_contact_tracing,NLTK,health,NN
06_contact_tracing,NLTK,and,CC
06_contact_tracing,NLTK,exposure,NN
06_contact_tracing,NLTK,information,NN
06_contact_tracing,NLTK,.,.
06_contact_tracing,NLTK,The,DT
06_contact_tracing,NLTK,effectiveness,NN
06_contact_tracing,NLTK,of,IN
06_contact_tracing,NLTK,contact,NN
06_contact_tracing,NLTK,tracing,NN
06_contact_tracing,NLTK,can,MD
06_contact_tracing,NLTK,decrease,VB
06_contact_tracing,NLTK,when,WRB
06_contact_tracing,NLTK,community,NN
06_contact_tracing,NLTK,transmission,NN
06_contact_tracing,NLTK,is,VBZ
06_contact_tracing,NLTK,extremely,RB
06_contact_tracing,NLTK,high,JJ
06_contact_tracing,NLTK,",",","
06_contact_tracing,NLTK,when,WRB
06_contact_tracing,NLTK,many,JJ
06_contact_tracing,NLTK,infections,NNS
06_contact_tracing,NLTK,are,VBP
06_contact_tracing,NLTK,asymptomatic,JJ
06_contact_tracing,NLTK,",",","
06_contact_tracing,NLTK,or,CC
06_contact_tracing,NLTK,when,WRB
06_contact_tracing,NLTK,cases,NNS
06_contact_tracing,NLTK,can,MD
06_contact_tracing,NLTK,not,RB
06_contact_tracing,NLTK,be,VB
06_contact_tracing,NLTK,identified,VBN
06_contact_tracing,NLTK,promptly,RB
06_contact_tracing,NLTK,.,.
06_contact_tracing,NLTK,In,IN
06_contact_tracing,NLTK,such,JJ
06_contact_tracing,NLTK,situations,NNS
06_contact_tracing,NLTK,",",","
06_contact_tracing,NLTK,broad,JJ
06_contact_tracing,NLTK,prevention,NN
06_contact_tracing,NLTK,measures,NNS
06_contact_tracing,NLTK,and,CC
06_contact_tracing,NLTK,community,NN
06_contact_tracing,NLTK,surveillance,NN
06_contact_tracing,NLTK,may,MD
06_contact_tracing,NLTK,be,VB
06_contact_tracing,NLTK,more,JJR
06_contact_tracing,NLTK,practical,JJ
06_contact_tracing,NLTK,complements,NNS
06_contact_tracing,NLTK,.,.
06_contact_tracing,spaCy,Contact,PROPN
06_contact_tracing,spaCy,Tracing,PROPN
06_contact_tracing,spaCy,and,CCONJ
06_contact_tracing,spaCy,Exposure,PROPN
06_contact_tracing,spaCy,Management,PROPN
06_contact_tracing,spaCy,Contact,PROPN
06_contact_tracing,spaCy,tracing,NOUN
06_contact_tracing,spaCy,is,AUX
06_contact_tracing,spaCy,a,DET
06_contact_tracing,spaCy,public,ADJ
06_contact_tracing,spaCy,-,PUNCT
06_contact_tracing,spaCy,health,NOUN
06_contact_tracing,spaCy,process,NOUN
06_contact_tracing,spaCy,used,VERB
06_contact_tracing,spaCy,to,PART
06_contact_tracing,spaCy,identify,VERB
06_contact_tracing,spaCy,people,NOUN
06_contact_tracing,spaCy,who,PRON
06_contact_tracing,spaCy,may,AUX
06_contact_tracing,spaCy,have,AUX
06_contact_tracing,spaCy,been,AUX
06_contact_tracing,spaCy,exposed,VERB
06_contact_tracing,spaCy,to,ADP
06_contact_tracing,spaCy,an,DET
06_contact_tracing,spaCy,infectious,ADJ
06_contact_tracing,spaCy,disease,NOUN
06_contact_tracing,spaCy,and,CCONJ
06_contact_tracing,spaCy,provide,VERB
06_contact_tracing,spaCy,them,PRON
06_contact_tracing,spaCy,with,ADP
06_contact_tracing,spaCy,relevant,ADJ
06_contact_tracing,spaCy,information,NOUN
06_contact_tracing,spaCy,and,CCONJ
06_contact_tracing,spaCy,support,NOUN
06_contact_tracing,spaCy,.,PUNCT
06_contact_tracing,spaCy,For,ADP
06_contact_tracing,spaCy,respiratory,ADJ
06_contact_tracing,spaCy,infections,NOUN
06_contact_tracing,spaCy,",",PUNCT
06_contact_tracing,spaCy,contact,NOUN
06_contact_tracing,spaCy,definitions,NOUN
06_contact_tracing,spaCy,may,AUX
06_contact_tracing,spaCy,consider,VERB
06_contact_tracing,spaCy,proximity,NOUN
06_contact_tracing,spaCy,",",PUNCT
06_contact_tracing,spaCy,duration,NOUN
06_contact_tracing,spaCy,",",PUNCT
06_contact_tracing,spaCy,setting,NOUN
06_contact_tracing,spaCy,",",PUNCT
06_contact_tracing,spaCy,and,CCONJ
06_contact_tracing,spaCy,timing,VERB
06_contact_tracing,spaCy,relative,ADJ
06_contact_tracing,spaCy,to,ADP
06_contact_tracing,spaCy,infectiousness,NOUN
06_contact_tracing,spaCy,.,PUNCT
06_contact_tracing,spaCy,A,DET
06_contact_tracing,spaCy,typical,ADJ
06_contact_tracing,spaCy,workflow,NOUN
06_contact_tracing,spaCy,includes,VERB
06_contact_tracing,spaCy,identifying,VERB
06_contact_tracing,spaCy,a,DET
06_contact_tracing,spaCy,confirmed,ADJ
06_contact_tracing,spaCy,or,CCONJ
06_contact_tracing,spaCy,probable,ADJ
06_contact_tracing,spaCy,case,NOUN
06_contact_tracing,spaCy,",",PUNCT
06_contact_tracing,spaCy,determining,VERB
06_contact_tracing,spaCy,the,DET
06_contact_tracing,spaCy,period,NOUN
06_contact_tracing,spaCy,during,ADP
06_contact_tracing,spaCy,which,PRON
06_contact_tracing,spaCy,transmission,NOUN
06_contact_tracing,spaCy,could,AUX
06_contact_tracing,spaCy,have,AUX
06_contact_tracing,spaCy,occurred,VERB
06_contact_tracing,spaCy,",",PUNCT
06_contact_tracing,spaCy,interviewing,VERB
06_contact_tracing,spaCy,the,DET
06_contact_tracing,spaCy,case,NOUN
06_contact_tracing,spaCy,when,SCONJ
06_contact_tracing,spaCy,appropriate,ADJ
06_contact_tracing,spaCy,",",PUNCT
06_contact_tracing,spaCy,identifying,VERB
06_contact_tracing,spaCy,contacts,NOUN
06_contact_tracing,spaCy,",",PUNCT
06_contact_tracing,spaCy,and,CCONJ
06_contact_tracing,spaCy,communicating,VERB
06_contact_tracing,spaCy,recommended,VERB
06_contact_tracing,spaCy,actions,NOUN
06_contact_tracing,spaCy,.,PUNCT
06_contact_tracing,spaCy,Digital,PROPN
06_contact_tracing,spaCy,tools,NOUN
06_contact_tracing,spaCy,can,AUX
06_contact_tracing,spaCy,assist,VERB
06_contact_tracing,spaCy,with,ADP
06_contact_tracing,spaCy,notification,NOUN
06_contact_tracing,spaCy,or,CCONJ
06_contact_tracing,spaCy,data,NOUN
06_contact_tracing,spaCy,management,NOUN
06_contact_tracing,spaCy,",",PUNCT
06_contact_tracing,spaCy,but,CCONJ
06_contact_tracing,spaCy,they,PRON
06_contact_tracing,spaCy,do,AUX
06_contact_tracing,spaCy,not,PART
06_contact_tracing,spaCy,replace,VERB
06_contact_tracing,spaCy,public,ADJ
06_contact_tracing,spaCy,-,PUNCT
06_contact_tracing,spaCy,health,NOUN
06_contact_tracing,spaCy,judgment,NOUN
06_contact_tracing,spaCy,.,PUNCT
06_contact_tracing,spaCy,Contact,NOUN
06_contact_tracing,spaCy,tracing,NOUN
06_contact_tracing,spaCy,is,AUX
06_contact_tracing,spaCy,most,ADV
06_contact_tracing,spaCy,effective,ADJ
06_contact_tracing,spaCy,when,SCONJ
06_contact_tracing,spaCy,cases,NOUN
06_contact_tracing,spaCy,and,CCONJ
06_contact_tracing,spaCy,contacts,NOUN
06_contact_tracing,spaCy,can,AUX
06_contact_tracing,spaCy,be,AUX
06_contact_tracing,spaCy,identified,VERB
06_contact_tracing,spaCy,quickly,ADV
06_contact_tracing,spaCy,and,CCONJ
06_contact_tracing,spaCy,when,SCONJ
06_contact_tracing,spaCy,people,NOUN
06_contact_tracing,spaCy,have,VERB
06_contact_tracing,spaCy,access,NOUN
06_contact_tracing,spaCy,to,ADP
06_contact_tracing,spaCy,testing,NOUN
06_contact_tracing,spaCy,",",PUNCT
06_contact_tracing,spaCy,healthcare,NOUN
06_contact_tracing,spaCy,",",PUNCT
06_contact_tracing,spaCy,isolation,NOUN
06_contact_tracing,spaCy,resources,NOUN
06_contact_tracing,spaCy,",",PUNCT
06_contact_tracing,spaCy,and,CCONJ
06_contact_tracing,spaCy,accurate,ADJ
06_contact_tracing,spaCy,information,NOUN
06_contact_tracing,spaCy,.,PUNCT
06_contact_tracing,spaCy,Privacy,NOUN
06_contact_tracing,spaCy,and,CCONJ
06_contact_tracing,spaCy,confidentiality,NOUN
06_contact_tracing,spaCy,are,AUX
06_contact_tracing,spaCy,important,ADJ
06_contact_tracing,spaCy,because,SCONJ
06_contact_tracing,spaCy,contact,NOUN
06_contact_tracing,spaCy,-,PUNCT
06_contact_tracing,spaCy,tracing,VERB
06_contact_tracing,spaCy,systems,NOUN
06_contact_tracing,spaCy,handle,VERB
06_contact_tracing,spaCy,sensitive,ADJ
06_contact_tracing,spaCy,health,NOUN
06_contact_tracing,spaCy,and,CCONJ
06_contact_tracing,spaCy,exposure,NOUN
06_contact_tracing,spaCy,information,NOUN
06_contact_tracing,spaCy,.,PUNCT
06_contact_tracing,spaCy,The,DET
06_contact_tracing,spaCy,effectiveness,NOUN
06_contact_tracing,spaCy,of,ADP
06_contact_tracing,spaCy,contact,NOUN
06_contact_tracing,spaCy,tracing,NOUN
06_contact_tracing,spaCy,can,AUX
06_contact_tracing,spaCy,decrease,VERB
06_contact_tracing,spaCy,when,SCONJ
06_contact_tracing,spaCy,community,NOUN
06_contact_tracing,spaCy,transmission,NOUN
06_contact_tracing,spaCy,is,AUX
06_contact_tracing,spaCy,extremely,ADV
06_contact_tracing,spaCy,high,ADJ
06_contact_tracing,spaCy,",",PUNCT
06_contact_tracing,spaCy,when,SCONJ
06_contact_tracing,spaCy,many,ADJ
06_contact_tracing,spaCy,infections,NOUN
06_contact_tracing,spaCy,are,AUX
06_contact_tracing,spaCy,asymptomatic,ADJ
06_contact_tracing,spaCy,",",PUNCT
06_contact_tracing,spaCy,or,CCONJ
06_contact_tracing,spaCy,when,SCONJ
06_contact_tracing,spaCy,cases,NOUN
06_contact_tracing,spaCy,can,AUX
06_contact_tracing,spaCy,not,PART
06_contact_tracing,spaCy,be,AUX
06_contact_tracing,spaCy,identified,VERB
06_contact_tracing,spaCy,promptly,ADV
06_contact_tracing,spaCy,.,PUNCT
06_contact_tracing,spaCy,In,ADP
06_contact_tracing,spaCy,such,ADJ
06_contact_tracing,spaCy,situations,NOUN
06_contact_tracing,spaCy,",",PUNCT
06_contact_tracing,spaCy,broad,ADJ
06_contact_tracing,spaCy,prevention,NOUN
06_contact_tracing,spaCy,measures,NOUN
06_contact_tracing,spaCy,and,CCONJ
06_contact_tracing,spaCy,community,NOUN
06_contact_tracing,spaCy,surveillance,NOUN
06_contact_tracing,spaCy,may,AUX
06_contact_tracing,spaCy,be,AUX
06_contact_tracing,spaCy,more,ADV
06_contact_tracing,spaCy,practical,ADJ
06_contact_tracing,spaCy,complements,NOUN
06_contact_tracing,spaCy,.,PUNCT
06_contact_tracing,Custom_Rule_Based,Contact,NNP
06_contact_tracing,Custom_Rule_Based,Tracing,NNP
06_contact_tracing,Custom_Rule_Based,and,CC
06_contact_tracing,Custom_Rule_Based,Exposure,NNP
06_contact_tracing,Custom_Rule_Based,Management,NNP
06_contact_tracing,Custom_Rule_Based,Contact,NNP
06_contact_tracing,Custom_Rule_Based,tracing,NN
06_contact_tracing,Custom_Rule_Based,is,VBZ
06_contact_tracing,Custom_Rule_Based,a,DT
06_contact_tracing,Custom_Rule_Based,public-health,JJ
06_contact_tracing,Custom_Rule_Based,process,NN
06_contact_tracing,Custom_Rule_Based,used,VBN
06_contact_tracing,Custom_Rule_Based,to,TO
06_contact_tracing,Custom_Rule_Based,identify,VB
06_contact_tracing,Custom_Rule_Based,people,NNS
06_contact_tracing,Custom_Rule_Based,who,WP
06_contact_tracing,Custom_Rule_Based,may,MD
06_contact_tracing,Custom_Rule_Based,have,VB
06_contact_tracing,Custom_Rule_Based,been,VBN
06_contact_tracing,Custom_Rule_Based,exposed,VBN
06_contact_tracing,Custom_Rule_Based,to,TO
06_contact_tracing,Custom_Rule_Based,an,DT
06_contact_tracing,Custom_Rule_Based,infectious,JJ
06_contact_tracing,Custom_Rule_Based,disease,NN
06_contact_tracing,Custom_Rule_Based,and,CC
06_contact_tracing,Custom_Rule_Based,provide,VB
06_contact_tracing,Custom_Rule_Based,them,PRP
06_contact_tracing,Custom_Rule_Based,with,IN
06_contact_tracing,Custom_Rule_Based,relevant,JJ
06_contact_tracing,Custom_Rule_Based,information,NN
06_contact_tracing,Custom_Rule_Based,and,CC
06_contact_tracing,Custom_Rule_Based,support,NN
06_contact_tracing,Custom_Rule_Based,.,.
06_contact_tracing,Custom_Rule_Based,For,IN
06_contact_tracing,Custom_Rule_Based,respiratory,JJ
06_contact_tracing,Custom_Rule_Based,infections,NNS
06_contact_tracing,Custom_Rule_Based,",",","
06_contact_tracing,Custom_Rule_Based,contact,JJ
06_contact_tracing,Custom_Rule_Based,definitions,NNS
06_contact_tracing,Custom_Rule_Based,may,MD
06_contact_tracing,Custom_Rule_Based,consider,VB
06_contact_tracing,Custom_Rule_Based,proximity,NN
06_contact_tracing,Custom_Rule_Based,",",","
06_contact_tracing,Custom_Rule_Based,duration,NN
06_contact_tracing,Custom_Rule_Based,",",","
06_contact_tracing,Custom_Rule_Based,setting,NN
06_contact_tracing,Custom_Rule_Based,",",","
06_contact_tracing,Custom_Rule_Based,and,CC
06_contact_tracing,Custom_Rule_Based,timing,VBG
06_contact_tracing,Custom_Rule_Based,relative,JJ
06_contact_tracing,Custom_Rule_Based,to,TO
06_contact_tracing,Custom_Rule_Based,infectiousness,VB
06_contact_tracing,Custom_Rule_Based,.,.
06_contact_tracing,Custom_Rule_Based,A,DT
06_contact_tracing,Custom_Rule_Based,typical,JJ
06_contact_tracing,Custom_Rule_Based,workflow,NN
06_contact_tracing,Custom_Rule_Based,includes,VBZ
06_contact_tracing,Custom_Rule_Based,identifying,VBG
06_contact_tracing,Custom_Rule_Based,a,DT
06_contact_tracing,Custom_Rule_Based,confirmed,NN
06_contact_tracing,Custom_Rule_Based,or,CC
06_contact_tracing,Custom_Rule_Based,probable,JJ
06_contact_tracing,Custom_Rule_Based,case,NN
06_contact_tracing,Custom_Rule_Based,",",","
06_contact_tracing,Custom_Rule_Based,determining,VBG
06_contact_tracing,Custom_Rule_Based,the,DT
06_contact_tracing,Custom_Rule_Based,period,NN
06_contact_tracing,Custom_Rule_Based,during,IN
06_contact_tracing,Custom_Rule_Based,which,WDT
06_contact_tracing,Custom_Rule_Based,transmission,NN
06_contact_tracing,Custom_Rule_Based,could,MD
06_contact_tracing,Custom_Rule_Based,have,VB
06_contact_tracing,Custom_Rule_Based,occurred,VBN
06_contact_tracing,Custom_Rule_Based,",",","
06_contact_tracing,Custom_Rule_Based,interviewing,VBG
06_contact_tracing,Custom_Rule_Based,the,DT
06_contact_tracing,Custom_Rule_Based,case,NN
06_contact_tracing,Custom_Rule_Based,when,WRB
06_contact_tracing,Custom_Rule_Based,appropriate,NN
06_contact_tracing,Custom_Rule_Based,",",","
06_contact_tracing,Custom_Rule_Based,identifying,VBG
06_contact_tracing,Custom_Rule_Based,contacts,NNS
06_contact_tracing,Custom_Rule_Based,",",","
06_contact_tracing,Custom_Rule_Based,and,CC
06_contact_tracing,Custom_Rule_Based,communicating,VBG
06_contact_tracing,Custom_Rule_Based,recommended,JJ
06_contact_tracing,Custom_Rule_Based,actions,NNS
06_contact_tracing,Custom_Rule_Based,.,.
06_contact_tracing,Custom_Rule_Based,Digital,NNP
06_contact_tracing,Custom_Rule_Based,tools,NNS
06_contact_tracing,Custom_Rule_Based,can,MD
06_contact_tracing,Custom_Rule_Based,assist,VB
06_contact_tracing,Custom_Rule_Based,with,IN
06_contact_tracing,Custom_Rule_Based,notification,NN
06_contact_tracing,Custom_Rule_Based,or,CC
06_contact_tracing,Custom_Rule_Based,data,NN
06_contact_tracing,Custom_Rule_Based,management,NN
06_contact_tracing,Custom_Rule_Based,",",","
06_contact_tracing,Custom_Rule_Based,but,CC
06_contact_tracing,Custom_Rule_Based,they,PRP
06_contact_tracing,Custom_Rule_Based,do,VBP
06_contact_tracing,Custom_Rule_Based,not,RB
06_contact_tracing,Custom_Rule_Based,replace,VB
06_contact_tracing,Custom_Rule_Based,public-health,JJ
06_contact_tracing,Custom_Rule_Based,judgment,NN
06_contact_tracing,Custom_Rule_Based,.,.
06_contact_tracing,Custom_Rule_Based,Contact,NNP
06_contact_tracing,Custom_Rule_Based,tracing,NN
06_contact_tracing,Custom_Rule_Based,is,VBZ
06_contact_tracing,Custom_Rule_Based,most,RBS
06_contact_tracing,Custom_Rule_Based,effective,JJ
06_contact_tracing,Custom_Rule_Based,when,WRB
06_contact_tracing,Custom_Rule_Based,cases,NNS
06_contact_tracing,Custom_Rule_Based,and,CC
06_contact_tracing,Custom_Rule_Based,contacts,NNS
06_contact_tracing,Custom_Rule_Based,can,MD
06_contact_tracing,Custom_Rule_Based,be,VB
06_contact_tracing,Custom_Rule_Based,identified,VBN
06_contact_tracing,Custom_Rule_Based,quickly,RB
06_contact_tracing,Custom_Rule_Based,and,CC
06_contact_tracing,Custom_Rule_Based,when,WRB
06_contact_tracing,Custom_Rule_Based,people,NNS
06_contact_tracing,Custom_Rule_Based,have,VBP
06_contact_tracing,Custom_Rule_Based,access,NN
06_contact_tracing,Custom_Rule_Based,to,TO
06_contact_tracing,Custom_Rule_Based,testing,VBG
06_contact_tracing,Custom_Rule_Based,",",","
06_contact_tracing,Custom_Rule_Based,healthcare,NN
06_contact_tracing,Custom_Rule_Based,",",","
06_contact_tracing,Custom_Rule_Based,isolation,NN
06_contact_tracing,Custom_Rule_Based,resources,NNS
06_contact_tracing,Custom_Rule_Based,",",","
06_contact_tracing,Custom_Rule_Based,and,CC
06_contact_tracing,Custom_Rule_Based,accurate,JJ
06_contact_tracing,Custom_Rule_Based,information,NN
06_contact_tracing,Custom_Rule_Based,.,.
06_contact_tracing,Custom_Rule_Based,Privacy,NN
06_contact_tracing,Custom_Rule_Based,and,CC
06_contact_tracing,Custom_Rule_Based,confidentiality,NN
06_contact_tracing,Custom_Rule_Based,are,VBP
06_contact_tracing,Custom_Rule_Based,important,JJ
06_contact_tracing,Custom_Rule_Based,because,IN
06_contact_tracing,Custom_Rule_Based,contact-tracing,JJ
06_contact_tracing,Custom_Rule_Based,systems,NNS
06_contact_tracing,Custom_Rule_Based,handle,VBP
06_contact_tracing,Custom_Rule_Based,sensitive,JJ
06_contact_tracing,Custom_Rule_Based,health,NN
06_contact_tracing,Custom_Rule_Based,and,CC
06_contact_tracing,Custom_Rule_Based,exposure,NN
06_contact_tracing,Custom_Rule_Based,information,NN
06_contact_tracing,Custom_Rule_Based,.,.
06_contact_tracing,Custom_Rule_Based,The,DT
06_contact_tracing,Custom_Rule_Based,effectiveness,NN
06_contact_tracing,Custom_Rule_Based,of,IN
06_contact_tracing,Custom_Rule_Based,contact,NN
06_contact_tracing,Custom_Rule_Based,tracing,NN
06_contact_tracing,Custom_Rule_Based,can,MD
06_contact_tracing,Custom_Rule_Based,decrease,VB
06_contact_tracing,Custom_Rule_Based,when,WRB
06_contact_tracing,Custom_Rule_Based,community,NN
06_contact_tracing,Custom_Rule_Based,transmission,NN
06_contact_tracing,Custom_Rule_Based,is,VBZ
06_contact_tracing,Custom_Rule_Based,extremely,RB
06_contact_tracing,Custom_Rule_Based,high,JJ
06_contact_tracing,Custom_Rule_Based,",",","
06_contact_tracing,Custom_Rule_Based,when,WRB
06_contact_tracing,Custom_Rule_Based,many,JJ
06_contact_tracing,Custom_Rule_Based,infections,NNS
06_contact_tracing,Custom_Rule_Based,are,VBP
06_contact_tracing,Custom_Rule_Based,asymptomatic,JJ
06_contact_tracing,Custom_Rule_Based,",",","
06_contact_tracing,Custom_Rule_Based,or,CC
06_contact_tracing,Custom_Rule_Based,when,WRB
06_contact_tracing,Custom_Rule_Based,cases,NNS
06_contact_tracing,Custom_Rule_Based,can,MD
06_contact_tracing,Custom_Rule_Based,not,RB
06_contact_tracing,Custom_Rule_Based,be,VB
06_contact_tracing,Custom_Rule_Based,identified,VBN
06_contact_tracing,Custom_Rule_Based,promptly,RB
06_contact_tracing,Custom_Rule_Based,.,.
06_contact_tracing,Custom_Rule_Based,In,IN
06_contact_tracing,Custom_Rule_Based,such,JJ
06_contact_tracing,Custom_Rule_Based,situations,NNS
06_contact_tracing,Custom_Rule_Based,",",","
06_contact_tracing,Custom_Rule_Based,broad,JJ
06_contact_tracing,Custom_Rule_Based,prevention,NN
06_contact_tracing,Custom_Rule_Based,measures,NNS
06_contact_tracing,Custom_Rule_Based,and,CC
06_contact_tracing,Custom_Rule_Based,community,NN
06_contact_tracing,Custom_Rule_Based,surveillance,NN
06_contact_tracing,Custom_Rule_Based,may,MD
06_contact_tracing,Custom_Rule_Based,be,VB
06_contact_tracing,Custom_Rule_Based,more,JJR
06_contact_tracing,Custom_Rule_Based,practical,JJ
06_contact_tracing,Custom_Rule_Based,complements,NNS
06_contact_tracing,Custom_Rule_Based,.,.
07_wastewater_surveillance,NLTK,Wastewater,NNP
07_wastewater_surveillance,NLTK,Surveillance,NNP
07_wastewater_surveillance,NLTK,for,IN
07_wastewater_surveillance,NLTK,Respiratory,NNP
07_wastewater_surveillance,NLTK,Viruses,NNP
07_wastewater_surveillance,NLTK,Wastewater,NNP
07_wastewater_surveillance,NLTK,surveillance,NN
07_wastewater_surveillance,NLTK,analyzes,VBZ
07_wastewater_surveillance,NLTK,biological,JJ
07_wastewater_surveillance,NLTK,material,NN
07_wastewater_surveillance,NLTK,in,IN
07_wastewater_surveillance,NLTK,sewage,NN
07_wastewater_surveillance,NLTK,to,TO
07_wastewater_surveillance,NLTK,estimate,VB
07_wastewater_surveillance,NLTK,the,DT
07_wastewater_surveillance,NLTK,presence,NN
07_wastewater_surveillance,NLTK,or,CC
07_wastewater_surveillance,NLTK,trends,NNS
07_wastewater_surveillance,NLTK,of,IN
07_wastewater_surveillance,NLTK,infectious,JJ
07_wastewater_surveillance,NLTK,agents,NNS
07_wastewater_surveillance,NLTK,within,IN
07_wastewater_surveillance,NLTK,a,DT
07_wastewater_surveillance,NLTK,community,NN
07_wastewater_surveillance,NLTK,.,.
07_wastewater_surveillance,NLTK,Because,IN
07_wastewater_surveillance,NLTK,infected,JJ
07_wastewater_surveillance,NLTK,individuals,NNS
07_wastewater_surveillance,NLTK,can,MD
07_wastewater_surveillance,NLTK,shed,VB
07_wastewater_surveillance,NLTK,viral,JJ
07_wastewater_surveillance,NLTK,genetic,JJ
07_wastewater_surveillance,NLTK,material,NN
07_wastewater_surveillance,NLTK,into,IN
07_wastewater_surveillance,NLTK,wastewater,NN
07_wastewater_surveillance,NLTK,",",","
07_wastewater_surveillance,NLTK,wastewater,NN
07_wastewater_surveillance,NLTK,measurements,NNS
07_wastewater_surveillance,NLTK,can,MD
07_wastewater_surveillance,NLTK,provide,VB
07_wastewater_surveillance,NLTK,population-level,JJ
07_wastewater_surveillance,NLTK,information,NN
07_wastewater_surveillance,NLTK,that,WDT
07_wastewater_surveillance,NLTK,does,VBZ
07_wastewater_surveillance,NLTK,not,RB
07_wastewater_surveillance,NLTK,depend,VB
07_wastewater_surveillance,NLTK,on,IN
07_wastewater_surveillance,NLTK,every,DT
07_wastewater_surveillance,NLTK,infected,JJ
07_wastewater_surveillance,NLTK,person,NN
07_wastewater_surveillance,NLTK,seeking,VBG
07_wastewater_surveillance,NLTK,a,DT
07_wastewater_surveillance,NLTK,clinical,JJ
07_wastewater_surveillance,NLTK,test,NN
07_wastewater_surveillance,NLTK,.,.
07_wastewater_surveillance,NLTK,Wastewater,JJR
07_wastewater_surveillance,NLTK,surveillance,NN
07_wastewater_surveillance,NLTK,can,MD
07_wastewater_surveillance,NLTK,be,VB
07_wastewater_surveillance,NLTK,especially,RB
07_wastewater_surveillance,NLTK,useful,JJ
07_wastewater_surveillance,NLTK,when,WRB
07_wastewater_surveillance,NLTK,individual,JJ
07_wastewater_surveillance,NLTK,testing,NN
07_wastewater_surveillance,NLTK,declines,NNS
07_wastewater_surveillance,NLTK,.,.
07_wastewater_surveillance,NLTK,Trends,NNS
07_wastewater_surveillance,NLTK,may,MD
07_wastewater_surveillance,NLTK,provide,VB
07_wastewater_surveillance,NLTK,an,DT
07_wastewater_surveillance,NLTK,early,JJ
07_wastewater_surveillance,NLTK,signal,NN
07_wastewater_surveillance,NLTK,of,IN
07_wastewater_surveillance,NLTK,changing,VBG
07_wastewater_surveillance,NLTK,transmission,NN
07_wastewater_surveillance,NLTK,",",","
07_wastewater_surveillance,NLTK,although,IN
07_wastewater_surveillance,NLTK,the,DT
07_wastewater_surveillance,NLTK,relationship,NN
07_wastewater_surveillance,NLTK,between,IN
07_wastewater_surveillance,NLTK,wastewater,NN
07_wastewater_surveillance,NLTK,concentration,NN
07_wastewater_surveillance,NLTK,and,CC
07_wastewater_surveillance,NLTK,the,DT
07_wastewater_surveillance,NLTK,exact,JJ
07_wastewater_surveillance,NLTK,number,NN
07_wastewater_surveillance,NLTK,of,IN
07_wastewater_surveillance,NLTK,infections,NNS
07_wastewater_surveillance,NLTK,is,VBZ
07_wastewater_surveillance,NLTK,not,RB
07_wastewater_surveillance,NLTK,straightforward,JJ
07_wastewater_surveillance,NLTK,.,.
07_wastewater_surveillance,NLTK,Interpretation,NN
07_wastewater_surveillance,NLTK,requires,VBZ
07_wastewater_surveillance,NLTK,attention,NN
07_wastewater_surveillance,NLTK,to,TO
07_wastewater_surveillance,NLTK,sampling,VBG
07_wastewater_surveillance,NLTK,location,NN
07_wastewater_surveillance,NLTK,",",","
07_wastewater_surveillance,NLTK,population,NN
07_wastewater_surveillance,NLTK,served,VBN
07_wastewater_surveillance,NLTK,by,IN
07_wastewater_surveillance,NLTK,the,DT
07_wastewater_surveillance,NLTK,treatment,NN
07_wastewater_surveillance,NLTK,system,NN
07_wastewater_surveillance,NLTK,",",","
07_wastewater_surveillance,NLTK,rainfall,NN
07_wastewater_surveillance,NLTK,and,CC
07_wastewater_surveillance,NLTK,dilution,NN
07_wastewater_surveillance,NLTK,",",","
07_wastewater_surveillance,NLTK,laboratory,NN
07_wastewater_surveillance,NLTK,methods,NNS
07_wastewater_surveillance,NLTK,",",","
07_wastewater_surveillance,NLTK,sampling,VBG
07_wastewater_surveillance,NLTK,frequency,NN
07_wastewater_surveillance,NLTK,",",","
07_wastewater_surveillance,NLTK,and,CC
07_wastewater_surveillance,NLTK,changes,NNS
07_wastewater_surveillance,NLTK,in,IN
07_wastewater_surveillance,NLTK,shedding,VBG
07_wastewater_surveillance,NLTK,patterns,NNS
07_wastewater_surveillance,NLTK,.,.
07_wastewater_surveillance,NLTK,Wastewater,NNP
07_wastewater_surveillance,NLTK,data,NNS
07_wastewater_surveillance,NLTK,are,VBP
07_wastewater_surveillance,NLTK,most,RBS
07_wastewater_surveillance,NLTK,useful,JJ
07_wastewater_surveillance,NLTK,when,WRB
07_wastewater_surveillance,NLTK,combined,VBN
07_wastewater_surveillance,NLTK,with,IN
07_wastewater_surveillance,NLTK,clinical,JJ
07_wastewater_surveillance,NLTK,surveillance,NN
07_wastewater_surveillance,NLTK,",",","
07_wastewater_surveillance,NLTK,hospital,NN
07_wastewater_surveillance,NLTK,data,NNS
07_wastewater_surveillance,NLTK,",",","
07_wastewater_surveillance,NLTK,and,CC
07_wastewater_surveillance,NLTK,other,JJ
07_wastewater_surveillance,NLTK,epidemiological,JJ
07_wastewater_surveillance,NLTK,indicators,NNS
07_wastewater_surveillance,NLTK,.,.
07_wastewater_surveillance,NLTK,Wastewater,NNP
07_wastewater_surveillance,NLTK,surveillance,NN
07_wastewater_surveillance,NLTK,generally,RB
07_wastewater_surveillance,NLTK,does,VBZ
07_wastewater_surveillance,NLTK,not,RB
07_wastewater_surveillance,NLTK,identify,VB
07_wastewater_surveillance,NLTK,individual,JJ
07_wastewater_surveillance,NLTK,infected,JJ
07_wastewater_surveillance,NLTK,people,NNS
07_wastewater_surveillance,NLTK,.,.
07_wastewater_surveillance,NLTK,Its,PRP$
07_wastewater_surveillance,NLTK,population-level,JJ
07_wastewater_surveillance,NLTK,nature,NN
07_wastewater_surveillance,NLTK,can,MD
07_wastewater_surveillance,NLTK,therefore,VB
07_wastewater_surveillance,NLTK,complement,JJ
07_wastewater_surveillance,NLTK,other,JJ
07_wastewater_surveillance,NLTK,surveillance,NN
07_wastewater_surveillance,NLTK,systems,NNS
07_wastewater_surveillance,NLTK,while,IN
07_wastewater_surveillance,NLTK,reducing,VBG
07_wastewater_surveillance,NLTK,dependence,NN
07_wastewater_surveillance,NLTK,on,IN
07_wastewater_surveillance,NLTK,individual,JJ
07_wastewater_surveillance,NLTK,testing,NN
07_wastewater_surveillance,NLTK,.,.
07_wastewater_surveillance,NLTK,It,PRP
07_wastewater_surveillance,NLTK,is,VBZ
07_wastewater_surveillance,NLTK,a,DT
07_wastewater_surveillance,NLTK,monitoring,JJ
07_wastewater_surveillance,NLTK,tool,NN
07_wastewater_surveillance,NLTK,rather,RB
07_wastewater_surveillance,NLTK,than,IN
07_wastewater_surveillance,NLTK,a,DT
07_wastewater_surveillance,NLTK,direct,JJ
07_wastewater_surveillance,NLTK,diagnostic,JJ
07_wastewater_surveillance,NLTK,test,NN
07_wastewater_surveillance,NLTK,for,IN
07_wastewater_surveillance,NLTK,an,DT
07_wastewater_surveillance,NLTK,individual,NN
07_wastewater_surveillance,NLTK,.,.
07_wastewater_surveillance,spaCy,Wastewater,PROPN
07_wastewater_surveillance,spaCy,Surveillance,PROPN
07_wastewater_surveillance,spaCy,for,ADP
07_wastewater_surveillance,spaCy,Respiratory,PROPN
07_wastewater_surveillance,spaCy,Viruses,NOUN
07_wastewater_surveillance,spaCy,Wastewater,PROPN
07_wastewater_surveillance,spaCy,surveillance,NOUN
07_wastewater_surveillance,spaCy,analyzes,VERB
07_wastewater_surveillance,spaCy,biological,ADJ
07_wastewater_surveillance,spaCy,material,NOUN
07_wastewater_surveillance,spaCy,in,ADP
07_wastewater_surveillance,spaCy,sewage,NOUN
07_wastewater_surveillance,spaCy,to,PART
07_wastewater_surveillance,spaCy,estimate,VERB
07_wastewater_surveillance,spaCy,the,DET
07_wastewater_surveillance,spaCy,presence,NOUN
07_wastewater_surveillance,spaCy,or,CCONJ
07_wastewater_surveillance,spaCy,trends,NOUN
07_wastewater_surveillance,spaCy,of,ADP
07_wastewater_surveillance,spaCy,infectious,ADJ
07_wastewater_surveillance,spaCy,agents,NOUN
07_wastewater_surveillance,spaCy,within,ADP
07_wastewater_surveillance,spaCy,a,DET
07_wastewater_surveillance,spaCy,community,NOUN
07_wastewater_surveillance,spaCy,.,PUNCT
07_wastewater_surveillance,spaCy,Because,SCONJ
07_wastewater_surveillance,spaCy,infected,ADJ
07_wastewater_surveillance,spaCy,individuals,NOUN
07_wastewater_surveillance,spaCy,can,AUX
07_wastewater_surveillance,spaCy,shed,VERB
07_wastewater_surveillance,spaCy,viral,ADJ
07_wastewater_surveillance,spaCy,genetic,ADJ
07_wastewater_surveillance,spaCy,material,NOUN
07_wastewater_surveillance,spaCy,into,ADP
07_wastewater_surveillance,spaCy,wastewater,PROPN
07_wastewater_surveillance,spaCy,",",PUNCT
07_wastewater_surveillance,spaCy,wastewater,NOUN
07_wastewater_surveillance,spaCy,measurements,NOUN
07_wastewater_surveillance,spaCy,can,AUX
07_wastewater_surveillance,spaCy,provide,VERB
07_wastewater_surveillance,spaCy,population,NOUN
07_wastewater_surveillance,spaCy,-,PUNCT
07_wastewater_surveillance,spaCy,level,NOUN
07_wastewater_surveillance,spaCy,information,NOUN
07_wastewater_surveillance,spaCy,that,PRON
07_wastewater_surveillance,spaCy,does,AUX
07_wastewater_surveillance,spaCy,not,PART
07_wastewater_surveillance,spaCy,depend,VERB
07_wastewater_surveillance,spaCy,on,ADP
07_wastewater_surveillance,spaCy,every,DET
07_wastewater_surveillance,spaCy,infected,ADJ
07_wastewater_surveillance,spaCy,person,NOUN
07_wastewater_surveillance,spaCy,seeking,VERB
07_wastewater_surveillance,spaCy,a,DET
07_wastewater_surveillance,spaCy,clinical,ADJ
07_wastewater_surveillance,spaCy,test,NOUN
07_wastewater_surveillance,spaCy,.,PUNCT
07_wastewater_surveillance,spaCy,Wastewater,PROPN
07_wastewater_surveillance,spaCy,surveillance,NOUN
07_wastewater_surveillance,spaCy,can,AUX
07_wastewater_surveillance,spaCy,be,AUX
07_wastewater_surveillance,spaCy,especially,ADV
07_wastewater_surveillance,spaCy,useful,ADJ
07_wastewater_surveillance,spaCy,when,SCONJ
07_wastewater_surveillance,spaCy,individual,ADJ
07_wastewater_surveillance,spaCy,testing,NOUN
07_wastewater_surveillance,spaCy,declines,VERB
07_wastewater_surveillance,spaCy,.,PUNCT
07_wastewater_surveillance,spaCy,Trends,NOUN
07_wastewater_surveillance,spaCy,may,AUX
07_wastewater_surveillance,spaCy,provide,VERB
07_wastewater_surveillance,spaCy,an,DET
07_wastewater_surveillance,spaCy,early,ADJ
07_wastewater_surveillance,spaCy,signal,NOUN
07_wastewater_surveillance,spaCy,of,ADP
07_wastewater_surveillance,spaCy,changing,VERB
07_wastewater_surveillance,spaCy,transmission,NOUN
07_wastewater_surveillance,spaCy,",",PUNCT
07_wastewater_surveillance,spaCy,although,SCONJ
07_wastewater_surveillance,spaCy,the,DET
07_wastewater_surveillance,spaCy,relationship,NOUN
07_wastewater_surveillance,spaCy,between,ADP
07_wastewater_surveillance,spaCy,wastewater,NOUN
07_wastewater_surveillance,spaCy,concentration,NOUN
07_wastewater_surveillance,spaCy,and,CCONJ
07_wastewater_surveillance,spaCy,the,DET
07_wastewater_surveillance,spaCy,exact,ADJ
07_wastewater_surveillance,spaCy,number,NOUN
07_wastewater_surveillance,spaCy,of,ADP
07_wastewater_surveillance,spaCy,infections,NOUN
07_wastewater_surveillance,spaCy,is,AUX
07_wastewater_surveillance,spaCy,not,PART
07_wastewater_surveillance,spaCy,straightforward,ADJ
07_wastewater_surveillance,spaCy,.,PUNCT
07_wastewater_surveillance,spaCy,Interpretation,PROPN
07_wastewater_surveillance,spaCy,requires,VERB
07_wastewater_surveillance,spaCy,attention,NOUN
07_wastewater_surveillance,spaCy,to,ADP
07_wastewater_surveillance,spaCy,sampling,VERB
07_wastewater_surveillance,spaCy,location,NOUN
07_wastewater_surveillance,spaCy,",",PUNCT
07_wastewater_surveillance,spaCy,population,NOUN
07_wastewater_surveillance,spaCy,served,VERB
07_wastewater_surveillance,spaCy,by,ADP
07_wastewater_surveillance,spaCy,the,DET
07_wastewater_surveillance,spaCy,treatment,NOUN
07_wastewater_surveillance,spaCy,system,NOUN
07_wastewater_surveillance,spaCy,",",PUNCT
07_wastewater_surveillance,spaCy,rainfall,NOUN
07_wastewater_surveillance,spaCy,and,CCONJ
07_wastewater_surveillance,spaCy,dilution,NOUN
07_wastewater_surveillance,spaCy,",",PUNCT
07_wastewater_surveillance,spaCy,laboratory,NOUN
07_wastewater_surveillance,spaCy,methods,NOUN
07_wastewater_surveillance,spaCy,",",PUNCT
07_wastewater_surveillance,spaCy,sampling,VERB
07_wastewater_surveillance,spaCy,frequency,NOUN
07_wastewater_surveillance,spaCy,",",PUNCT
07_wastewater_surveillance,spaCy,and,CCONJ
07_wastewater_surveillance,spaCy,changes,NOUN
07_wastewater_surveillance,spaCy,in,ADP
07_wastewater_surveillance,spaCy,shedding,VERB
07_wastewater_surveillance,spaCy,patterns,NOUN
07_wastewater_surveillance,spaCy,.,PUNCT
07_wastewater_surveillance,spaCy,Wastewater,NOUN
07_wastewater_surveillance,spaCy,data,NOUN
07_wastewater_surveillance,spaCy,are,AUX
07_wastewater_surveillance,spaCy,most,ADV
07_wastewater_surveillance,spaCy,useful,ADJ
07_wastewater_surveillance,spaCy,when,SCONJ
07_wastewater_surveillance,spaCy,combined,VERB
07_wastewater_surveillance,spaCy,with,ADP
07_wastewater_surveillance,spaCy,clinical,ADJ
07_wastewater_surveillance,spaCy,surveillance,NOUN
07_wastewater_surveillance,spaCy,",",PUNCT
07_wastewater_surveillance,spaCy,hospital,NOUN
07_wastewater_surveillance,spaCy,data,NOUN
07_wastewater_surveillance,spaCy,",",PUNCT
07_wastewater_surveillance,spaCy,and,CCONJ
07_wastewater_surveillance,spaCy,other,ADJ
07_wastewater_surveillance,spaCy,epidemiological,ADJ
07_wastewater_surveillance,spaCy,indicators,NOUN
07_wastewater_surveillance,spaCy,.,PUNCT
07_wastewater_surveillance,spaCy,Wastewater,PROPN
07_wastewater_surveillance,spaCy,surveillance,NOUN
07_wastewater_surveillance,spaCy,generally,ADV
07_wastewater_surveillance,spaCy,does,AUX
07_wastewater_surveillance,spaCy,not,PART
07_wastewater_surveillance,spaCy,identify,VERB
07_wastewater_surveillance,spaCy,individual,ADJ
07_wastewater_surveillance,spaCy,infected,ADJ
07_wastewater_surveillance,spaCy,people,NOUN
07_wastewater_surveillance,spaCy,.,PUNCT
07_wastewater_surveillance,spaCy,Its,PRON
07_wastewater_surveillance,spaCy,population,NOUN
07_wastewater_surveillance,spaCy,-,PUNCT
07_wastewater_surveillance,spaCy,level,NOUN
07_wastewater_surveillance,spaCy,nature,NOUN
07_wastewater_surveillance,spaCy,can,AUX
07_wastewater_surveillance,spaCy,therefore,ADV
07_wastewater_surveillance,spaCy,complement,VERB
07_wastewater_surveillance,spaCy,other,ADJ
07_wastewater_surveillance,spaCy,surveillance,NOUN
07_wastewater_surveillance,spaCy,systems,NOUN
07_wastewater_surveillance,spaCy,while,SCONJ
07_wastewater_surveillance,spaCy,reducing,VERB
07_wastewater_surveillance,spaCy,dependence,NOUN
07_wastewater_surveillance,spaCy,on,ADP
07_wastewater_surveillance,spaCy,individual,ADJ
07_wastewater_surveillance,spaCy,testing,NOUN
07_wastewater_surveillance,spaCy,.,PUNCT
07_wastewater_surveillance,spaCy,It,PRON
07_wastewater_surveillance,spaCy,is,AUX
07_wastewater_surveillance,spaCy,a,DET
07_wastewater_surveillance,spaCy,monitoring,NOUN
07_wastewater_surveillance,spaCy,tool,NOUN
07_wastewater_surveillance,spaCy,rather,ADV
07_wastewater_surveillance,spaCy,than,ADP
07_wastewater_surveillance,spaCy,a,DET
07_wastewater_surveillance,spaCy,direct,ADJ
07_wastewater_surveillance,spaCy,diagnostic,ADJ
07_wastewater_surveillance,spaCy,test,NOUN
07_wastewater_surveillance,spaCy,for,ADP
07_wastewater_surveillance,spaCy,an,DET
07_wastewater_surveillance,spaCy,individual,NOUN
07_wastewater_surveillance,spaCy,.,PUNCT
07_wastewater_surveillance,Custom_Rule_Based,Wastewater,NNP
07_wastewater_surveillance,Custom_Rule_Based,Surveillance,NN
07_wastewater_surveillance,Custom_Rule_Based,for,IN
07_wastewater_surveillance,Custom_Rule_Based,Respiratory,NNP
07_wastewater_surveillance,Custom_Rule_Based,Viruses,NNP
07_wastewater_surveillance,Custom_Rule_Based,Wastewater,NNP
07_wastewater_surveillance,Custom_Rule_Based,surveillance,NN
07_wastewater_surveillance,Custom_Rule_Based,analyzes,VBZ
07_wastewater_surveillance,Custom_Rule_Based,biological,JJ
07_wastewater_surveillance,Custom_Rule_Based,material,NN
07_wastewater_surveillance,Custom_Rule_Based,in,IN
07_wastewater_surveillance,Custom_Rule_Based,sewage,NN
07_wastewater_surveillance,Custom_Rule_Based,to,TO
07_wastewater_surveillance,Custom_Rule_Based,estimate,VB
07_wastewater_surveillance,Custom_Rule_Based,the,DT
07_wastewater_surveillance,Custom_Rule_Based,presence,NN
07_wastewater_surveillance,Custom_Rule_Based,or,CC
07_wastewater_surveillance,Custom_Rule_Based,trends,NNS
07_wastewater_surveillance,Custom_Rule_Based,of,IN
07_wastewater_surveillance,Custom_Rule_Based,infectious,JJ
07_wastewater_surveillance,Custom_Rule_Based,agents,NNS
07_wastewater_surveillance,Custom_Rule_Based,within,IN
07_wastewater_surveillance,Custom_Rule_Based,a,DT
07_wastewater_surveillance,Custom_Rule_Based,community,NN
07_wastewater_surveillance,Custom_Rule_Based,.,.
07_wastewater_surveillance,Custom_Rule_Based,Because,IN
07_wastewater_surveillance,Custom_Rule_Based,infected,JJ
07_wastewater_surveillance,Custom_Rule_Based,individuals,NNS
07_wastewater_surveillance,Custom_Rule_Based,can,MD
07_wastewater_surveillance,Custom_Rule_Based,shed,VB
07_wastewater_surveillance,Custom_Rule_Based,viral,JJ
07_wastewater_surveillance,Custom_Rule_Based,genetic,JJ
07_wastewater_surveillance,Custom_Rule_Based,material,NN
07_wastewater_surveillance,Custom_Rule_Based,into,IN
07_wastewater_surveillance,Custom_Rule_Based,wastewater,NN
07_wastewater_surveillance,Custom_Rule_Based,",",","
07_wastewater_surveillance,Custom_Rule_Based,wastewater,NN
07_wastewater_surveillance,Custom_Rule_Based,measurements,NNS
07_wastewater_surveillance,Custom_Rule_Based,can,MD
07_wastewater_surveillance,Custom_Rule_Based,provide,VB
07_wastewater_surveillance,Custom_Rule_Based,population-level,JJ
07_wastewater_surveillance,Custom_Rule_Based,information,NN
07_wastewater_surveillance,Custom_Rule_Based,that,WDT
07_wastewater_surveillance,Custom_Rule_Based,does,VBZ
07_wastewater_surveillance,Custom_Rule_Based,not,RB
07_wastewater_surveillance,Custom_Rule_Based,depend,VB
07_wastewater_surveillance,Custom_Rule_Based,on,IN
07_wastewater_surveillance,Custom_Rule_Based,every,DT
07_wastewater_surveillance,Custom_Rule_Based,infected,JJ
07_wastewater_surveillance,Custom_Rule_Based,person,NN
07_wastewater_surveillance,Custom_Rule_Based,seeking,VBG
07_wastewater_surveillance,Custom_Rule_Based,a,DT
07_wastewater_surveillance,Custom_Rule_Based,clinical,JJ
07_wastewater_surveillance,Custom_Rule_Based,test,NN
07_wastewater_surveillance,Custom_Rule_Based,.,.
07_wastewater_surveillance,Custom_Rule_Based,Wastewater,JJR
07_wastewater_surveillance,Custom_Rule_Based,surveillance,NN
07_wastewater_surveillance,Custom_Rule_Based,can,MD
07_wastewater_surveillance,Custom_Rule_Based,be,VB
07_wastewater_surveillance,Custom_Rule_Based,especially,RB
07_wastewater_surveillance,Custom_Rule_Based,useful,JJ
07_wastewater_surveillance,Custom_Rule_Based,when,WRB
07_wastewater_surveillance,Custom_Rule_Based,individual,JJ
07_wastewater_surveillance,Custom_Rule_Based,testing,NN
07_wastewater_surveillance,Custom_Rule_Based,declines,NNS
07_wastewater_surveillance,Custom_Rule_Based,.,.
07_wastewater_surveillance,Custom_Rule_Based,Trends,NNS
07_wastewater_surveillance,Custom_Rule_Based,may,MD
07_wastewater_surveillance,Custom_Rule_Based,provide,VB
07_wastewater_surveillance,Custom_Rule_Based,an,DT
07_wastewater_surveillance,Custom_Rule_Based,early,JJ
07_wastewater_surveillance,Custom_Rule_Based,signal,NN
07_wastewater_surveillance,Custom_Rule_Based,of,IN
07_wastewater_surveillance,Custom_Rule_Based,changing,VBG
07_wastewater_surveillance,Custom_Rule_Based,transmission,NN
07_wastewater_surveillance,Custom_Rule_Based,",",","
07_wastewater_surveillance,Custom_Rule_Based,although,IN
07_wastewater_surveillance,Custom_Rule_Based,the,DT
07_wastewater_surveillance,Custom_Rule_Based,relationship,NN
07_wastewater_surveillance,Custom_Rule_Based,between,IN
07_wastewater_surveillance,Custom_Rule_Based,wastewater,NN
07_wastewater_surveillance,Custom_Rule_Based,concentration,NN
07_wastewater_surveillance,Custom_Rule_Based,and,CC
07_wastewater_surveillance,Custom_Rule_Based,the,DT
07_wastewater_surveillance,Custom_Rule_Based,exact,JJ
07_wastewater_surveillance,Custom_Rule_Based,number,NN
07_wastewater_surveillance,Custom_Rule_Based,of,IN
07_wastewater_surveillance,Custom_Rule_Based,infections,NNS
07_wastewater_surveillance,Custom_Rule_Based,is,VBZ
07_wastewater_surveillance,Custom_Rule_Based,not,RB
07_wastewater_surveillance,Custom_Rule_Based,straightforward,JJ
07_wastewater_surveillance,Custom_Rule_Based,.,.
07_wastewater_surveillance,Custom_Rule_Based,Interpretation,NN
07_wastewater_surveillance,Custom_Rule_Based,requires,VBZ
07_wastewater_surveillance,Custom_Rule_Based,attention,NN
07_wastewater_surveillance,Custom_Rule_Based,to,TO
07_wastewater_surveillance,Custom_Rule_Based,sampling,VBG
07_wastewater_surveillance,Custom_Rule_Based,location,NN
07_wastewater_surveillance,Custom_Rule_Based,",",","
07_wastewater_surveillance,Custom_Rule_Based,population,NN
07_wastewater_surveillance,Custom_Rule_Based,served,VBN
07_wastewater_surveillance,Custom_Rule_Based,by,IN
07_wastewater_surveillance,Custom_Rule_Based,the,DT
07_wastewater_surveillance,Custom_Rule_Based,treatment,NN
07_wastewater_surveillance,Custom_Rule_Based,system,NN
07_wastewater_surveillance,Custom_Rule_Based,",",","
07_wastewater_surveillance,Custom_Rule_Based,rainfall,NN
07_wastewater_surveillance,Custom_Rule_Based,and,CC
07_wastewater_surveillance,Custom_Rule_Based,dilution,NN
07_wastewater_surveillance,Custom_Rule_Based,",",","
07_wastewater_surveillance,Custom_Rule_Based,laboratory,NN
07_wastewater_surveillance,Custom_Rule_Based,methods,NNS
07_wastewater_surveillance,Custom_Rule_Based,",",","
07_wastewater_surveillance,Custom_Rule_Based,sampling,VBG
07_wastewater_surveillance,Custom_Rule_Based,frequency,NN
07_wastewater_surveillance,Custom_Rule_Based,",",","
07_wastewater_surveillance,Custom_Rule_Based,and,CC
07_wastewater_surveillance,Custom_Rule_Based,changes,NNS
07_wastewater_surveillance,Custom_Rule_Based,in,IN
07_wastewater_surveillance,Custom_Rule_Based,shedding,VBG
07_wastewater_surveillance,Custom_Rule_Based,patterns,NNS
07_wastewater_surveillance,Custom_Rule_Based,.,.
07_wastewater_surveillance,Custom_Rule_Based,Wastewater,NNP
07_wastewater_surveillance,Custom_Rule_Based,data,NNS
07_wastewater_surveillance,Custom_Rule_Based,are,VBP
07_wastewater_surveillance,Custom_Rule_Based,most,RBS
07_wastewater_surveillance,Custom_Rule_Based,useful,JJ
07_wastewater_surveillance,Custom_Rule_Based,when,WRB
07_wastewater_surveillance,Custom_Rule_Based,combined,VBN
07_wastewater_surveillance,Custom_Rule_Based,with,IN
07_wastewater_surveillance,Custom_Rule_Based,clinical,JJ
07_wastewater_surveillance,Custom_Rule_Based,surveillance,NN
07_wastewater_surveillance,Custom_Rule_Based,",",","
07_wastewater_surveillance,Custom_Rule_Based,hospital,NN
07_wastewater_surveillance,Custom_Rule_Based,data,NNS
07_wastewater_surveillance,Custom_Rule_Based,",",","
07_wastewater_surveillance,Custom_Rule_Based,and,CC
07_wastewater_surveillance,Custom_Rule_Based,other,JJ
07_wastewater_surveillance,Custom_Rule_Based,epidemiological,JJ
07_wastewater_surveillance,Custom_Rule_Based,indicators,NNS
07_wastewater_surveillance,Custom_Rule_Based,.,.
07_wastewater_surveillance,Custom_Rule_Based,Wastewater,NNP
07_wastewater_surveillance,Custom_Rule_Based,surveillance,NN
07_wastewater_surveillance,Custom_Rule_Based,generally,RB
07_wastewater_surveillance,Custom_Rule_Based,does,VBZ
07_wastewater_surveillance,Custom_Rule_Based,not,RB
07_wastewater_surveillance,Custom_Rule_Based,identify,VB
07_wastewater_surveillance,Custom_Rule_Based,individual,JJ
07_wastewater_surveillance,Custom_Rule_Based,infected,JJ
07_wastewater_surveillance,Custom_Rule_Based,people,NNS
07_wastewater_surveillance,Custom_Rule_Based,.,.
07_wastewater_surveillance,Custom_Rule_Based,Its,PRP$
07_wastewater_surveillance,Custom_Rule_Based,population-level,JJ
07_wastewater_surveillance,Custom_Rule_Based,nature,NN
07_wastewater_surveillance,Custom_Rule_Based,can,MD
07_wastewater_surveillance,Custom_Rule_Based,therefore,VB
07_wastewater_surveillance,Custom_Rule_Based,complement,JJ
07_wastewater_surveillance,Custom_Rule_Based,other,JJ
07_wastewater_surveillance,Custom_Rule_Based,surveillance,NN
07_wastewater_surveillance,Custom_Rule_Based,systems,NNS
07_wastewater_surveillance,Custom_Rule_Based,while,IN
07_wastewater_surveillance,Custom_Rule_Based,reducing,VBG
07_wastewater_surveillance,Custom_Rule_Based,dependence,NN
07_wastewater_surveillance,Custom_Rule_Based,on,IN
07_wastewater_surveillance,Custom_Rule_Based,individual,JJ
07_wastewater_surveillance,Custom_Rule_Based,testing,NN
07_wastewater_surveillance,Custom_Rule_Based,.,.
07_wastewater_surveillance,Custom_Rule_Based,It,PRP
07_wastewater_surveillance,Custom_Rule_Based,is,VBZ
07_wastewater_surveillance,Custom_Rule_Based,a,DT
07_wastewater_surveillance,Custom_Rule_Based,monitoring,JJ
07_wastewater_surveillance,Custom_Rule_Based,tool,NN
07_wastewater_surveillance,Custom_Rule_Based,rather,RB
07_wastewater_surveillance,Custom_Rule_Based,than,IN
07_wastewater_surveillance,Custom_Rule_Based,a,DT
07_wastewater_surveillance,Custom_Rule_Based,direct,JJ
07_wastewater_surveillance,Custom_Rule_Based,diagnostic,JJ
07_wastewater_surveillance,Custom_Rule_Based,test,NN
07_wastewater_surveillance,Custom_Rule_Based,for,IN
07_wastewater_surveillance,Custom_Rule_Based,an,DT
07_wastewater_surveillance,Custom_Rule_Based,individual,NN
07_wastewater_surveillance,Custom_Rule_Based,.,.
08_variant_surveillance,NLTK,SARS-CoV-2,JJ
08_variant_surveillance,NLTK,Variant,NNP
08_variant_surveillance,NLTK,Surveillance,NNP
08_variant_surveillance,NLTK,Variant,NNP
08_variant_surveillance,NLTK,surveillance,NN
08_variant_surveillance,NLTK,monitors,NNS
08_variant_surveillance,NLTK,genetic,JJ
08_variant_surveillance,NLTK,changes,NNS
08_variant_surveillance,NLTK,in,IN
08_variant_surveillance,NLTK,SARS-CoV-2,NNP
08_variant_surveillance,NLTK,and,CC
08_variant_surveillance,NLTK,assesses,VBZ
08_variant_surveillance,NLTK,whether,IN
08_variant_surveillance,NLTK,emerging,VBG
08_variant_surveillance,NLTK,lineages,NNS
08_variant_surveillance,NLTK,have,VBP
08_variant_surveillance,NLTK,characteristics,NNS
08_variant_surveillance,NLTK,relevant,JJ
08_variant_surveillance,NLTK,to,TO
08_variant_surveillance,NLTK,public,JJ
08_variant_surveillance,NLTK,health,NN
08_variant_surveillance,NLTK,.,.
08_variant_surveillance,NLTK,Sequencing,VBG
08_variant_surveillance,NLTK,can,MD
08_variant_surveillance,NLTK,identify,VB
08_variant_surveillance,NLTK,viral,JJ
08_variant_surveillance,NLTK,lineages,NNS
08_variant_surveillance,NLTK,from,IN
08_variant_surveillance,NLTK,selected,VBN
08_variant_surveillance,NLTK,clinical,JJ
08_variant_surveillance,NLTK,specimens,NNS
08_variant_surveillance,NLTK,",",","
08_variant_surveillance,NLTK,while,IN
08_variant_surveillance,NLTK,genomic,JJ
08_variant_surveillance,NLTK,databases,NNS
08_variant_surveillance,NLTK,allow,VBP
08_variant_surveillance,NLTK,laboratories,NNS
08_variant_surveillance,NLTK,and,CC
08_variant_surveillance,NLTK,researchers,NNS
08_variant_surveillance,NLTK,to,TO
08_variant_surveillance,NLTK,compare,VB
08_variant_surveillance,NLTK,sequences,NNS
08_variant_surveillance,NLTK,over,IN
08_variant_surveillance,NLTK,time,NN
08_variant_surveillance,NLTK,and,CC
08_variant_surveillance,NLTK,across,IN
08_variant_surveillance,NLTK,locations,NNS
08_variant_surveillance,NLTK,.,.
08_variant_surveillance,NLTK,A,DT
08_variant_surveillance,NLTK,newly,RB
08_variant_surveillance,NLTK,detected,VBN
08_variant_surveillance,NLTK,mutation,NN
08_variant_surveillance,NLTK,does,VBZ
08_variant_surveillance,NLTK,not,RB
08_variant_surveillance,NLTK,automatically,RB
08_variant_surveillance,NLTK,mean,VB
08_variant_surveillance,NLTK,that,IN
08_variant_surveillance,NLTK,a,DT
08_variant_surveillance,NLTK,variant,NN
08_variant_surveillance,NLTK,is,VBZ
08_variant_surveillance,NLTK,more,RBR
08_variant_surveillance,NLTK,transmissible,JJ
08_variant_surveillance,NLTK,or,CC
08_variant_surveillance,NLTK,more,RBR
08_variant_surveillance,NLTK,severe,JJ
08_variant_surveillance,NLTK,.,.
08_variant_surveillance,NLTK,Researchers,NNS
08_variant_surveillance,NLTK,evaluate,VBP
08_variant_surveillance,NLTK,changes,NNS
08_variant_surveillance,NLTK,using,VBG
08_variant_surveillance,NLTK,laboratory,NN
08_variant_surveillance,NLTK,studies,NNS
08_variant_surveillance,NLTK,",",","
08_variant_surveillance,NLTK,epidemiological,JJ
08_variant_surveillance,NLTK,data,NNS
08_variant_surveillance,NLTK,",",","
08_variant_surveillance,NLTK,clinical,JJ
08_variant_surveillance,NLTK,outcomes,NNS
08_variant_surveillance,NLTK,",",","
08_variant_surveillance,NLTK,and,CC
08_variant_surveillance,NLTK,population-level,JJ
08_variant_surveillance,NLTK,observations,NNS
08_variant_surveillance,NLTK,.,.
08_variant_surveillance,NLTK,Multiple,JJ
08_variant_surveillance,NLTK,mutations,NNS
08_variant_surveillance,NLTK,can,MD
08_variant_surveillance,NLTK,occur,VB
08_variant_surveillance,NLTK,together,RB
08_variant_surveillance,NLTK,",",","
08_variant_surveillance,NLTK,and,CC
08_variant_surveillance,NLTK,the,DT
08_variant_surveillance,NLTK,biological,JJ
08_variant_surveillance,NLTK,effect,NN
08_variant_surveillance,NLTK,of,IN
08_variant_surveillance,NLTK,a,DT
08_variant_surveillance,NLTK,mutation,NN
08_variant_surveillance,NLTK,depends,VBZ
08_variant_surveillance,NLTK,on,IN
08_variant_surveillance,NLTK,its,PRP$
08_variant_surveillance,NLTK,location,NN
08_variant_surveillance,NLTK,and,CC
08_variant_surveillance,NLTK,context,NN
08_variant_surveillance,NLTK,.,.
08_variant_surveillance,NLTK,Variant,JJ
08_variant_surveillance,NLTK,surveillance,NN
08_variant_surveillance,NLTK,helps,VBZ
08_variant_surveillance,NLTK,public-health,NN
08_variant_surveillance,NLTK,agencies,NNS
08_variant_surveillance,NLTK,detect,VBP
08_variant_surveillance,NLTK,changes,NNS
08_variant_surveillance,NLTK,that,WDT
08_variant_surveillance,NLTK,may,MD
08_variant_surveillance,NLTK,affect,VB
08_variant_surveillance,NLTK,diagnostics,NNS
08_variant_surveillance,NLTK,",",","
08_variant_surveillance,NLTK,therapeutics,NNS
08_variant_surveillance,NLTK,",",","
08_variant_surveillance,NLTK,vaccines,NNS
08_variant_surveillance,NLTK,",",","
08_variant_surveillance,NLTK,or,CC
08_variant_surveillance,NLTK,transmission,NN
08_variant_surveillance,NLTK,patterns,NNS
08_variant_surveillance,NLTK,.,.
08_variant_surveillance,NLTK,However,RB
08_variant_surveillance,NLTK,",",","
08_variant_surveillance,NLTK,sequencing,VBG
08_variant_surveillance,NLTK,samples,NNS
08_variant_surveillance,NLTK,are,VBP
08_variant_surveillance,NLTK,not,RB
08_variant_surveillance,NLTK,always,RB
08_variant_surveillance,NLTK,representative,VB
08_variant_surveillance,NLTK,of,IN
08_variant_surveillance,NLTK,all,DT
08_variant_surveillance,NLTK,infections,NNS
08_variant_surveillance,NLTK,.,.
08_variant_surveillance,NLTK,Differences,NNS
08_variant_surveillance,NLTK,in,IN
08_variant_surveillance,NLTK,sampling,VBG
08_variant_surveillance,NLTK,and,CC
08_variant_surveillance,NLTK,sequencing,VBG
08_variant_surveillance,NLTK,capacity,NN
08_variant_surveillance,NLTK,can,MD
08_variant_surveillance,NLTK,influence,VB
08_variant_surveillance,NLTK,which,WDT
08_variant_surveillance,NLTK,variants,NNS
08_variant_surveillance,NLTK,are,VBP
08_variant_surveillance,NLTK,observed,VBN
08_variant_surveillance,NLTK,.,.
08_variant_surveillance,NLTK,Genomic,NNP
08_variant_surveillance,NLTK,surveillance,NN
08_variant_surveillance,NLTK,works,VBZ
08_variant_surveillance,NLTK,best,RBS
08_variant_surveillance,NLTK,when,WRB
08_variant_surveillance,NLTK,linked,VBN
08_variant_surveillance,NLTK,with,IN
08_variant_surveillance,NLTK,epidemiological,JJ
08_variant_surveillance,NLTK,and,CC
08_variant_surveillance,NLTK,clinical,JJ
08_variant_surveillance,NLTK,information,NN
08_variant_surveillance,NLTK,.,.
08_variant_surveillance,NLTK,Sequence,NNP
08_variant_surveillance,NLTK,data,NNS
08_variant_surveillance,NLTK,can,MD
08_variant_surveillance,NLTK,identify,VB
08_variant_surveillance,NLTK,what,WP
08_variant_surveillance,NLTK,is,VBZ
08_variant_surveillance,NLTK,circulating,VBG
08_variant_surveillance,NLTK,",",","
08_variant_surveillance,NLTK,while,IN
08_variant_surveillance,NLTK,other,JJ
08_variant_surveillance,NLTK,datasets,NNS
08_variant_surveillance,NLTK,help,VBP
08_variant_surveillance,NLTK,determine,VB
08_variant_surveillance,NLTK,the,DT
08_variant_surveillance,NLTK,practical,JJ
08_variant_surveillance,NLTK,public-health,NN
08_variant_surveillance,NLTK,significance,NN
08_variant_surveillance,NLTK,of,IN
08_variant_surveillance,NLTK,those,DT
08_variant_surveillance,NLTK,lineages,NNS
08_variant_surveillance,NLTK,.,.
08_variant_surveillance,spaCy,SARS,PROPN
08_variant_surveillance,spaCy,-,PUNCT
08_variant_surveillance,spaCy,CoV-2,PROPN
08_variant_surveillance,spaCy,Variant,PROPN
08_variant_surveillance,spaCy,Surveillance,NOUN
08_variant_surveillance,spaCy,Variant,ADJ
08_variant_surveillance,spaCy,surveillance,NOUN
08_variant_surveillance,spaCy,monitors,VERB
08_variant_surveillance,spaCy,genetic,ADJ
08_variant_surveillance,spaCy,changes,NOUN
08_variant_surveillance,spaCy,in,ADP
08_variant_surveillance,spaCy,SARS,PROPN
08_variant_surveillance,spaCy,-,PUNCT
08_variant_surveillance,spaCy,CoV-2,PROPN
08_variant_surveillance,spaCy,and,CCONJ
08_variant_surveillance,spaCy,assesses,VERB
08_variant_surveillance,spaCy,whether,SCONJ
08_variant_surveillance,spaCy,emerging,VERB
08_variant_surveillance,spaCy,lineages,NOUN
08_variant_surveillance,spaCy,have,VERB
08_variant_surveillance,spaCy,characteristics,NOUN
08_variant_surveillance,spaCy,relevant,ADJ
08_variant_surveillance,spaCy,to,ADP
08_variant_surveillance,spaCy,public,ADJ
08_variant_surveillance,spaCy,health,NOUN
08_variant_surveillance,spaCy,.,PUNCT
08_variant_surveillance,spaCy,Sequencing,NOUN
08_variant_surveillance,spaCy,can,AUX
08_variant_surveillance,spaCy,identify,VERB
08_variant_surveillance,spaCy,viral,ADJ
08_variant_surveillance,spaCy,lineages,NOUN
08_variant_surveillance,spaCy,from,ADP
08_variant_surveillance,spaCy,selected,VERB
08_variant_surveillance,spaCy,clinical,ADJ
08_variant_surveillance,spaCy,specimens,NOUN
08_variant_surveillance,spaCy,",",PUNCT
08_variant_surveillance,spaCy,while,SCONJ
08_variant_surveillance,spaCy,genomic,ADJ
08_variant_surveillance,spaCy,databases,NOUN
08_variant_surveillance,spaCy,allow,VERB
08_variant_surveillance,spaCy,laboratories,NOUN
08_variant_surveillance,spaCy,and,CCONJ
08_variant_surveillance,spaCy,researchers,NOUN
08_variant_surveillance,spaCy,to,PART
08_variant_surveillance,spaCy,compare,VERB
08_variant_surveillance,spaCy,sequences,NOUN
08_variant_surveillance,spaCy,over,ADP
08_variant_surveillance,spaCy,time,NOUN
08_variant_surveillance,spaCy,and,CCONJ
08_variant_surveillance,spaCy,across,ADP
08_variant_surveillance,spaCy,locations,NOUN
08_variant_surveillance,spaCy,.,PUNCT
08_variant_surveillance,spaCy,A,DET
08_variant_surveillance,spaCy,newly,ADV
08_variant_surveillance,spaCy,detected,VERB
08_variant_surveillance,spaCy,mutation,NOUN
08_variant_surveillance,spaCy,does,AUX
08_variant_surveillance,spaCy,not,PART
08_variant_surveillance,spaCy,automatically,ADV
08_variant_surveillance,spaCy,mean,VERB
08_variant_surveillance,spaCy,that,SCONJ
08_variant_surveillance,spaCy,a,DET
08_variant_surveillance,spaCy,variant,NOUN
08_variant_surveillance,spaCy,is,AUX
08_variant_surveillance,spaCy,more,ADV
08_variant_surveillance,spaCy,transmissible,ADJ
08_variant_surveillance,spaCy,or,CCONJ
08_variant_surveillance,spaCy,more,ADV
08_variant_surveillance,spaCy,severe,ADJ
08_variant_surveillance,spaCy,.,PUNCT
08_variant_surveillance,spaCy,Researchers,NOUN
08_variant_surveillance,spaCy,evaluate,VERB
08_variant_surveillance,spaCy,changes,NOUN
08_variant_surveillance,spaCy,using,VERB
08_variant_surveillance,spaCy,laboratory,NOUN
08_variant_surveillance,spaCy,studies,NOUN
08_variant_surveillance,spaCy,",",PUNCT
08_variant_surveillance,spaCy,epidemiological,ADJ
08_variant_surveillance,spaCy,data,NOUN
08_variant_surveillance,spaCy,",",PUNCT
08_variant_surveillance,spaCy,clinical,ADJ
08_variant_surveillance,spaCy,outcomes,NOUN
08_variant_surveillance,spaCy,",",PUNCT
08_variant_surveillance,spaCy,and,CCONJ
08_variant_surveillance,spaCy,population,NOUN
08_variant_surveillance,spaCy,-,PUNCT
08_variant_surveillance,spaCy,level,NOUN
08_variant_surveillance,spaCy,observations,NOUN
08_variant_surveillance,spaCy,.,PUNCT
08_variant_surveillance,spaCy,Multiple,ADJ
08_variant_surveillance,spaCy,mutations,NOUN
08_variant_surveillance,spaCy,can,AUX
08_variant_surveillance,spaCy,occur,VERB
08_variant_surveillance,spaCy,together,ADV
08_variant_surveillance,spaCy,",",PUNCT
08_variant_surveillance,spaCy,and,CCONJ
08_variant_surveillance,spaCy,the,DET
08_variant_surveillance,spaCy,biological,ADJ
08_variant_surveillance,spaCy,effect,NOUN
08_variant_surveillance,spaCy,of,ADP
08_variant_surveillance,spaCy,a,DET
08_variant_surveillance,spaCy,mutation,NOUN
08_variant_surveillance,spaCy,depends,VERB
08_variant_surveillance,spaCy,on,ADP
08_variant_surveillance,spaCy,its,PRON
08_variant_surveillance,spaCy,location,NOUN
08_variant_surveillance,spaCy,and,CCONJ
08_variant_surveillance,spaCy,context,NOUN
08_variant_surveillance,spaCy,.,PUNCT
08_variant_surveillance,spaCy,Variant,ADJ
08_variant_surveillance,spaCy,surveillance,NOUN
08_variant_surveillance,spaCy,helps,VERB
08_variant_surveillance,spaCy,public,ADJ
08_variant_surveillance,spaCy,-,PUNCT
08_variant_surveillance,spaCy,health,NOUN
08_variant_surveillance,spaCy,agencies,NOUN
08_variant_surveillance,spaCy,detect,VERB
08_variant_surveillance,spaCy,changes,NOUN
08_variant_surveillance,spaCy,that,PRON
08_variant_surveillance,spaCy,may,AUX
08_variant_surveillance,spaCy,affect,VERB
08_variant_surveillance,spaCy,diagnostics,NOUN
08_variant_surveillance,spaCy,",",PUNCT
08_variant_surveillance,spaCy,therapeutics,NOUN
08_variant_surveillance,spaCy,",",PUNCT
08_variant_surveillance,spaCy,vaccines,NOUN
08_variant_surveillance,spaCy,",",PUNCT
08_variant_surveillance,spaCy,or,CCONJ
08_variant_surveillance,spaCy,transmission,NOUN
08_variant_surveillance,spaCy,patterns,NOUN
08_variant_surveillance,spaCy,.,PUNCT
08_variant_surveillance,spaCy,However,ADV
08_variant_surveillance,spaCy,",",PUNCT
08_variant_surveillance,spaCy,sequencing,VERB
08_variant_surveillance,spaCy,samples,NOUN
08_variant_surveillance,spaCy,are,AUX
08_variant_surveillance,spaCy,not,PART
08_variant_surveillance,spaCy,always,ADV
08_variant_surveillance,spaCy,representative,ADJ
08_variant_surveillance,spaCy,of,ADP
08_variant_surveillance,spaCy,all,DET
08_variant_surveillance,spaCy,infections,NOUN
08_variant_surveillance,spaCy,.,PUNCT
08_variant_surveillance,spaCy,Differences,NOUN
08_variant_surveillance,spaCy,in,ADP
08_variant_surveillance,spaCy,sampling,VERB
08_variant_surveillance,spaCy,and,CCONJ
08_variant_surveillance,spaCy,sequencing,VERB
08_variant_surveillance,spaCy,capacity,NOUN
08_variant_surveillance,spaCy,can,AUX
08_variant_surveillance,spaCy,influence,VERB
08_variant_surveillance,spaCy,which,DET
08_variant_surveillance,spaCy,variants,NOUN
08_variant_surveillance,spaCy,are,AUX
08_variant_surveillance,spaCy,observed,VERB
08_variant_surveillance,spaCy,.,PUNCT
08_variant_surveillance,spaCy,Genomic,ADJ
08_variant_surveillance,spaCy,surveillance,NOUN
08_variant_surveillance,spaCy,works,VERB
08_variant_surveillance,spaCy,best,ADV
08_variant_surveillance,spaCy,when,SCONJ
08_variant_surveillance,spaCy,linked,VERB
08_variant_surveillance,spaCy,with,ADP
08_variant_surveillance,spaCy,epidemiological,ADJ
08_variant_surveillance,spaCy,and,CCONJ
08_variant_surveillance,spaCy,clinical,ADJ
08_variant_surveillance,spaCy,information,NOUN
08_variant_surveillance,spaCy,.,PUNCT
08_variant_surveillance,spaCy,Sequence,NOUN
08_variant_surveillance,spaCy,data,NOUN
08_variant_surveillance,spaCy,can,AUX
08_variant_surveillance,spaCy,identify,VERB
08_variant_surveillance,spaCy,what,PRON
08_variant_surveillance,spaCy,is,AUX
08_variant_surveillance,spaCy,circulating,VERB
08_variant_surveillance,spaCy,",",PUNCT
08_variant_surveillance,spaCy,while,SCONJ
08_variant_surveillance,spaCy,other,ADJ
08_variant_surveillance,spaCy,datasets,NOUN
08_variant_surveillance,spaCy,help,VERB
08_variant_surveillance,spaCy,determine,VERB
08_variant_surveillance,spaCy,the,DET
08_variant_surveillance,spaCy,practical,ADJ
08_variant_surveillance,spaCy,public,ADJ
08_variant_surveillance,spaCy,-,PUNCT
08_variant_surveillance,spaCy,health,NOUN
08_variant_surveillance,spaCy,significance,NOUN
08_variant_surveillance,spaCy,of,ADP
08_variant_surveillance,spaCy,those,DET
08_variant_surveillance,spaCy,lineages,NOUN
08_variant_surveillance,spaCy,.,PUNCT
08_variant_surveillance,Custom_Rule_Based,SARS-CoV-2,NN
08_variant_surveillance,Custom_Rule_Based,Variant,NNP
08_variant_surveillance,Custom_Rule_Based,Surveillance,NN
08_variant_surveillance,Custom_Rule_Based,Variant,NNP
08_variant_surveillance,Custom_Rule_Based,surveillance,NN
08_variant_surveillance,Custom_Rule_Based,monitors,NNS
08_variant_surveillance,Custom_Rule_Based,genetic,JJ
08_variant_surveillance,Custom_Rule_Based,changes,NNS
08_variant_surveillance,Custom_Rule_Based,in,IN
08_variant_surveillance,Custom_Rule_Based,SARS-CoV-2,NN
08_variant_surveillance,Custom_Rule_Based,and,CC
08_variant_surveillance,Custom_Rule_Based,assesses,VBZ
08_variant_surveillance,Custom_Rule_Based,whether,IN
08_variant_surveillance,Custom_Rule_Based,emerging,VBG
08_variant_surveillance,Custom_Rule_Based,lineages,NNS
08_variant_surveillance,Custom_Rule_Based,have,VBP
08_variant_surveillance,Custom_Rule_Based,characteristics,NNS
08_variant_surveillance,Custom_Rule_Based,relevant,JJ
08_variant_surveillance,Custom_Rule_Based,to,TO
08_variant_surveillance,Custom_Rule_Based,public,JJ
08_variant_surveillance,Custom_Rule_Based,health,NN
08_variant_surveillance,Custom_Rule_Based,.,.
08_variant_surveillance,Custom_Rule_Based,Sequencing,VBG
08_variant_surveillance,Custom_Rule_Based,can,MD
08_variant_surveillance,Custom_Rule_Based,identify,VB
08_variant_surveillance,Custom_Rule_Based,viral,JJ
08_variant_surveillance,Custom_Rule_Based,lineages,NNS
08_variant_surveillance,Custom_Rule_Based,from,IN
08_variant_surveillance,Custom_Rule_Based,selected,VBN
08_variant_surveillance,Custom_Rule_Based,clinical,JJ
08_variant_surveillance,Custom_Rule_Based,specimens,NNS
08_variant_surveillance,Custom_Rule_Based,",",","
08_variant_surveillance,Custom_Rule_Based,while,IN
08_variant_surveillance,Custom_Rule_Based,genomic,JJ
08_variant_surveillance,Custom_Rule_Based,databases,NNS
08_variant_surveillance,Custom_Rule_Based,allow,VBP
08_variant_surveillance,Custom_Rule_Based,laboratories,NNS
08_variant_surveillance,Custom_Rule_Based,and,CC
08_variant_surveillance,Custom_Rule_Based,researchers,NNS
08_variant_surveillance,Custom_Rule_Based,to,TO
08_variant_surveillance,Custom_Rule_Based,compare,VB
08_variant_surveillance,Custom_Rule_Based,sequences,NNS
08_variant_surveillance,Custom_Rule_Based,over,IN
08_variant_surveillance,Custom_Rule_Based,time,NN
08_variant_surveillance,Custom_Rule_Based,and,CC
08_variant_surveillance,Custom_Rule_Based,across,IN
08_variant_surveillance,Custom_Rule_Based,locations,NNS
08_variant_surveillance,Custom_Rule_Based,.,.
08_variant_surveillance,Custom_Rule_Based,A,DT
08_variant_surveillance,Custom_Rule_Based,newly,RB
08_variant_surveillance,Custom_Rule_Based,detected,VBN
08_variant_surveillance,Custom_Rule_Based,mutation,NN
08_variant_surveillance,Custom_Rule_Based,does,VBZ
08_variant_surveillance,Custom_Rule_Based,not,RB
08_variant_surveillance,Custom_Rule_Based,automatically,RB
08_variant_surveillance,Custom_Rule_Based,mean,VB
08_variant_surveillance,Custom_Rule_Based,that,IN
08_variant_surveillance,Custom_Rule_Based,a,DT
08_variant_surveillance,Custom_Rule_Based,variant,NN
08_variant_surveillance,Custom_Rule_Based,is,VBZ
08_variant_surveillance,Custom_Rule_Based,more,RBR
08_variant_surveillance,Custom_Rule_Based,transmissible,JJ
08_variant_surveillance,Custom_Rule_Based,or,CC
08_variant_surveillance,Custom_Rule_Based,more,RBR
08_variant_surveillance,Custom_Rule_Based,severe,JJ
08_variant_surveillance,Custom_Rule_Based,.,.
08_variant_surveillance,Custom_Rule_Based,Researchers,NNS
08_variant_surveillance,Custom_Rule_Based,evaluate,VBP
08_variant_surveillance,Custom_Rule_Based,changes,NNS
08_variant_surveillance,Custom_Rule_Based,using,VBG
08_variant_surveillance,Custom_Rule_Based,laboratory,NN
08_variant_surveillance,Custom_Rule_Based,studies,NNS
08_variant_surveillance,Custom_Rule_Based,",",","
08_variant_surveillance,Custom_Rule_Based,epidemiological,JJ
08_variant_surveillance,Custom_Rule_Based,data,NNS
08_variant_surveillance,Custom_Rule_Based,",",","
08_variant_surveillance,Custom_Rule_Based,clinical,JJ
08_variant_surveillance,Custom_Rule_Based,outcomes,NNS
08_variant_surveillance,Custom_Rule_Based,",",","
08_variant_surveillance,Custom_Rule_Based,and,CC
08_variant_surveillance,Custom_Rule_Based,population-level,JJ
08_variant_surveillance,Custom_Rule_Based,observations,NNS
08_variant_surveillance,Custom_Rule_Based,.,.
08_variant_surveillance,Custom_Rule_Based,Multiple,JJ
08_variant_surveillance,Custom_Rule_Based,mutations,NNS
08_variant_surveillance,Custom_Rule_Based,can,MD
08_variant_surveillance,Custom_Rule_Based,occur,VB
08_variant_surveillance,Custom_Rule_Based,together,RB
08_variant_surveillance,Custom_Rule_Based,",",","
08_variant_surveillance,Custom_Rule_Based,and,CC
08_variant_surveillance,Custom_Rule_Based,the,DT
08_variant_surveillance,Custom_Rule_Based,biological,JJ
08_variant_surveillance,Custom_Rule_Based,effect,NN
08_variant_surveillance,Custom_Rule_Based,of,IN
08_variant_surveillance,Custom_Rule_Based,a,DT
08_variant_surveillance,Custom_Rule_Based,mutation,NN
08_variant_surveillance,Custom_Rule_Based,depends,VBZ
08_variant_surveillance,Custom_Rule_Based,on,IN
08_variant_surveillance,Custom_Rule_Based,its,PRP$
08_variant_surveillance,Custom_Rule_Based,location,NN
08_variant_surveillance,Custom_Rule_Based,and,CC
08_variant_surveillance,Custom_Rule_Based,context,NN
08_variant_surveillance,Custom_Rule_Based,.,.
08_variant_surveillance,Custom_Rule_Based,Variant,JJ
08_variant_surveillance,Custom_Rule_Based,surveillance,NN
08_variant_surveillance,Custom_Rule_Based,helps,VBZ
08_variant_surveillance,Custom_Rule_Based,public-health,NN
08_variant_surveillance,Custom_Rule_Based,agencies,NNS
08_variant_surveillance,Custom_Rule_Based,detect,VBP
08_variant_surveillance,Custom_Rule_Based,changes,NNS
08_variant_surveillance,Custom_Rule_Based,that,WDT
08_variant_surveillance,Custom_Rule_Based,may,MD
08_variant_surveillance,Custom_Rule_Based,affect,VB
08_variant_surveillance,Custom_Rule_Based,diagnostics,NNS
08_variant_surveillance,Custom_Rule_Based,",",","
08_variant_surveillance,Custom_Rule_Based,therapeutics,NNS
08_variant_surveillance,Custom_Rule_Based,",",","
08_variant_surveillance,Custom_Rule_Based,vaccines,NNS
08_variant_surveillance,Custom_Rule_Based,",",","
08_variant_surveillance,Custom_Rule_Based,or,CC
08_variant_surveillance,Custom_Rule_Based,transmission,NN
08_variant_surveillance,Custom_Rule_Based,patterns,NNS
08_variant_surveillance,Custom_Rule_Based,.,.
08_variant_surveillance,Custom_Rule_Based,However,RB
08_variant_surveillance,Custom_Rule_Based,",",","
08_variant_surveillance,Custom_Rule_Based,sequencing,VBG
08_variant_surveillance,Custom_Rule_Based,samples,NNS
08_variant_surveillance,Custom_Rule_Based,are,VBP
08_variant_surveillance,Custom_Rule_Based,not,RB
08_variant_surveillance,Custom_Rule_Based,always,RB
08_variant_surveillance,Custom_Rule_Based,representative,VB
08_variant_surveillance,Custom_Rule_Based,of,IN
08_variant_surveillance,Custom_Rule_Based,all,DT
08_variant_surveillance,Custom_Rule_Based,infections,NNS
08_variant_surveillance,Custom_Rule_Based,.,.
08_variant_surveillance,Custom_Rule_Based,Differences,NNS
08_variant_surveillance,Custom_Rule_Based,in,IN
08_variant_surveillance,Custom_Rule_Based,sampling,VBG
08_variant_surveillance,Custom_Rule_Based,and,CC
08_variant_surveillance,Custom_Rule_Based,sequencing,VBG
08_variant_surveillance,Custom_Rule_Based,capacity,NN
08_variant_surveillance,Custom_Rule_Based,can,MD
08_variant_surveillance,Custom_Rule_Based,influence,VB
08_variant_surveillance,Custom_Rule_Based,which,WDT
08_variant_surveillance,Custom_Rule_Based,variants,NNS
08_variant_surveillance,Custom_Rule_Based,are,VBP
08_variant_surveillance,Custom_Rule_Based,observed,VBN
08_variant_surveillance,Custom_Rule_Based,.,.
08_variant_surveillance,Custom_Rule_Based,Genomic,NNP
08_variant_surveillance,Custom_Rule_Based,surveillance,NN
08_variant_surveillance,Custom_Rule_Based,works,VBZ
08_variant_surveillance,Custom_Rule_Based,best,RBS
08_variant_surveillance,Custom_Rule_Based,when,WRB
08_variant_surveillance,Custom_Rule_Based,linked,VBN
08_variant_surveillance,Custom_Rule_Based,with,IN
08_variant_surveillance,Custom_Rule_Based,epidemiological,JJ
08_variant_surveillance,Custom_Rule_Based,and,CC
08_variant_surveillance,Custom_Rule_Based,clinical,JJ
08_variant_surveillance,Custom_Rule_Based,information,NN
08_variant_surveillance,Custom_Rule_Based,.,.
08_variant_surveillance,Custom_Rule_Based,Sequence,NNP
08_variant_surveillance,Custom_Rule_Based,data,NNS
08_variant_surveillance,Custom_Rule_Based,can,MD
08_variant_surveillance,Custom_Rule_Based,identify,VB
08_variant_surveillance,Custom_Rule_Based,what,WP
08_variant_surveillance,Custom_Rule_Based,is,VBZ
08_variant_surveillance,Custom_Rule_Based,circulating,VBG
08_variant_surveillance,Custom_Rule_Based,",",","
08_variant_surveillance,Custom_Rule_Based,while,IN
08_variant_surveillance,Custom_Rule_Based,other,JJ
08_variant_surveillance,Custom_Rule_Based,datasets,NNS
08_variant_surveillance,Custom_Rule_Based,help,VBP
08_variant_surveillance,Custom_Rule_Based,determine,VB
08_variant_surveillance,Custom_Rule_Based,the,DT
08_variant_surveillance,Custom_Rule_Based,practical,JJ
08_variant_surveillance,Custom_Rule_Based,public-health,NN
08_variant_surveillance,Custom_Rule_Based,significance,NN
08_variant_surveillance,Custom_Rule_Based,of,IN
08_variant_surveillance,Custom_Rule_Based,those,DT
08_variant_surveillance,Custom_Rule_Based,lineages,NNS
08_variant_surveillance,Custom_Rule_Based,.,.
09_outbreak_investigation,NLTK,Infectious,JJ
09_outbreak_investigation,NLTK,Disease,NNP
09_outbreak_investigation,NLTK,Outbreak,NNP
09_outbreak_investigation,NLTK,Investigation,NNP
09_outbreak_investigation,NLTK,An,DT
09_outbreak_investigation,NLTK,outbreak,JJ
09_outbreak_investigation,NLTK,investigation,NN
09_outbreak_investigation,NLTK,seeks,VBZ
09_outbreak_investigation,NLTK,to,TO
09_outbreak_investigation,NLTK,determine,VB
09_outbreak_investigation,NLTK,whether,IN
09_outbreak_investigation,NLTK,an,DT
09_outbreak_investigation,NLTK,unusual,JJ
09_outbreak_investigation,NLTK,increase,NN
09_outbreak_investigation,NLTK,in,IN
09_outbreak_investigation,NLTK,disease,NN
09_outbreak_investigation,NLTK,has,VBZ
09_outbreak_investigation,NLTK,occurred,VBN
09_outbreak_investigation,NLTK,",",","
09_outbreak_investigation,NLTK,characterize,VB
09_outbreak_investigation,NLTK,affected,JJ
09_outbreak_investigation,NLTK,people,NNS
09_outbreak_investigation,NLTK,and,CC
09_outbreak_investigation,NLTK,settings,NNS
09_outbreak_investigation,NLTK,",",","
09_outbreak_investigation,NLTK,identify,VB
09_outbreak_investigation,NLTK,likely,JJ
09_outbreak_investigation,NLTK,sources,NNS
09_outbreak_investigation,NLTK,or,CC
09_outbreak_investigation,NLTK,transmission,NN
09_outbreak_investigation,NLTK,routes,NNS
09_outbreak_investigation,NLTK,",",","
09_outbreak_investigation,NLTK,and,CC
09_outbreak_investigation,NLTK,guide,VB
09_outbreak_investigation,NLTK,control,NN
09_outbreak_investigation,NLTK,measures,NNS
09_outbreak_investigation,NLTK,.,.
09_outbreak_investigation,NLTK,The,DT
09_outbreak_investigation,NLTK,investigation,NN
09_outbreak_investigation,NLTK,begins,VBZ
09_outbreak_investigation,NLTK,with,IN
09_outbreak_investigation,NLTK,a,DT
09_outbreak_investigation,NLTK,clear,JJ
09_outbreak_investigation,NLTK,case,NN
09_outbreak_investigation,NLTK,definition,NN
09_outbreak_investigation,NLTK,and,CC
09_outbreak_investigation,NLTK,confirmation,NN
09_outbreak_investigation,NLTK,that,IN
09_outbreak_investigation,NLTK,the,DT
09_outbreak_investigation,NLTK,observed,JJ
09_outbreak_investigation,NLTK,increase,NN
09_outbreak_investigation,NLTK,is,VBZ
09_outbreak_investigation,NLTK,greater,JJR
09_outbreak_investigation,NLTK,than,IN
09_outbreak_investigation,NLTK,expected,VBN
09_outbreak_investigation,NLTK,.,.
09_outbreak_investigation,NLTK,Investigators,NNS
09_outbreak_investigation,NLTK,construct,VBP
09_outbreak_investigation,NLTK,descriptive,JJ
09_outbreak_investigation,NLTK,summaries,NNS
09_outbreak_investigation,NLTK,by,IN
09_outbreak_investigation,NLTK,time,NN
09_outbreak_investigation,NLTK,",",","
09_outbreak_investigation,NLTK,place,NN
09_outbreak_investigation,NLTK,",",","
09_outbreak_investigation,NLTK,and,CC
09_outbreak_investigation,NLTK,person,NN
09_outbreak_investigation,NLTK,.,.
09_outbreak_investigation,NLTK,An,DT
09_outbreak_investigation,NLTK,epidemic,JJ
09_outbreak_investigation,NLTK,curve,NN
09_outbreak_investigation,NLTK,can,MD
09_outbreak_investigation,NLTK,show,VB
09_outbreak_investigation,NLTK,the,DT
09_outbreak_investigation,NLTK,timing,NN
09_outbreak_investigation,NLTK,of,IN
09_outbreak_investigation,NLTK,illness,JJ
09_outbreak_investigation,NLTK,onset,NN
09_outbreak_investigation,NLTK,and,CC
09_outbreak_investigation,NLTK,may,MD
09_outbreak_investigation,NLTK,provide,VB
09_outbreak_investigation,NLTK,clues,NNS
09_outbreak_investigation,NLTK,about,IN
09_outbreak_investigation,NLTK,the,DT
09_outbreak_investigation,NLTK,type,NN
09_outbreak_investigation,NLTK,of,IN
09_outbreak_investigation,NLTK,exposure,NN
09_outbreak_investigation,NLTK,.,.
09_outbreak_investigation,NLTK,Mapping,VBG
09_outbreak_investigation,NLTK,cases,NNS
09_outbreak_investigation,NLTK,can,MD
09_outbreak_investigation,NLTK,identify,VB
09_outbreak_investigation,NLTK,geographic,JJ
09_outbreak_investigation,NLTK,clustering,NN
09_outbreak_investigation,NLTK,",",","
09_outbreak_investigation,NLTK,while,IN
09_outbreak_investigation,NLTK,demographic,JJ
09_outbreak_investigation,NLTK,analysis,NN
09_outbreak_investigation,NLTK,can,MD
09_outbreak_investigation,NLTK,reveal,VB
09_outbreak_investigation,NLTK,differences,NNS
09_outbreak_investigation,NLTK,by,IN
09_outbreak_investigation,NLTK,age,NN
09_outbreak_investigation,NLTK,",",","
09_outbreak_investigation,NLTK,occupation,NN
09_outbreak_investigation,NLTK,",",","
09_outbreak_investigation,NLTK,or,CC
09_outbreak_investigation,NLTK,other,JJ
09_outbreak_investigation,NLTK,characteristics,NNS
09_outbreak_investigation,NLTK,.,.
09_outbreak_investigation,NLTK,Analytical,NNP
09_outbreak_investigation,NLTK,epidemiology,NN
09_outbreak_investigation,NLTK,may,MD
09_outbreak_investigation,NLTK,compare,VB
09_outbreak_investigation,NLTK,exposures,NNS
09_outbreak_investigation,NLTK,among,IN
09_outbreak_investigation,NLTK,cases,NNS
09_outbreak_investigation,NLTK,and,CC
09_outbreak_investigation,NLTK,controls,NNS
09_outbreak_investigation,NLTK,or,CC
09_outbreak_investigation,NLTK,among,IN
09_outbreak_investigation,NLTK,exposed,VBN
09_outbreak_investigation,NLTK,and,CC
09_outbreak_investigation,NLTK,unexposed,JJ
09_outbreak_investigation,NLTK,groups,NNS
09_outbreak_investigation,NLTK,.,.
09_outbreak_investigation,NLTK,Investigators,NNS
09_outbreak_investigation,NLTK,must,MD
09_outbreak_investigation,NLTK,consider,VB
09_outbreak_investigation,NLTK,recall,NN
09_outbreak_investigation,NLTK,bias,NN
09_outbreak_investigation,NLTK,",",","
09_outbreak_investigation,NLTK,selection,NN
09_outbreak_investigation,NLTK,bias,NN
09_outbreak_investigation,NLTK,",",","
09_outbreak_investigation,NLTK,confounding,NN
09_outbreak_investigation,NLTK,",",","
09_outbreak_investigation,NLTK,and,CC
09_outbreak_investigation,NLTK,incomplete,JJ
09_outbreak_investigation,NLTK,reporting,NN
09_outbreak_investigation,NLTK,.,.
09_outbreak_investigation,NLTK,Laboratory,NNP
09_outbreak_investigation,NLTK,testing,VBG
09_outbreak_investigation,NLTK,and,CC
09_outbreak_investigation,NLTK,genomic,JJ
09_outbreak_investigation,NLTK,sequencing,NN
09_outbreak_investigation,NLTK,can,MD
09_outbreak_investigation,NLTK,provide,VB
09_outbreak_investigation,NLTK,additional,JJ
09_outbreak_investigation,NLTK,evidence,NN
09_outbreak_investigation,NLTK,.,.
09_outbreak_investigation,NLTK,Control,NNP
09_outbreak_investigation,NLTK,measures,VBZ
09_outbreak_investigation,NLTK,should,MD
09_outbreak_investigation,NLTK,not,RB
09_outbreak_investigation,NLTK,necessarily,RB
09_outbreak_investigation,NLTK,wait,VB
09_outbreak_investigation,NLTK,until,IN
09_outbreak_investigation,NLTK,every,DT
09_outbreak_investigation,NLTK,scientific,JJ
09_outbreak_investigation,NLTK,question,NN
09_outbreak_investigation,NLTK,is,VBZ
09_outbreak_investigation,NLTK,resolved,VBN
09_outbreak_investigation,NLTK,.,.
09_outbreak_investigation,NLTK,Depending,VBG
09_outbreak_investigation,NLTK,on,IN
09_outbreak_investigation,NLTK,the,DT
09_outbreak_investigation,NLTK,pathogen,NN
09_outbreak_investigation,NLTK,and,CC
09_outbreak_investigation,NLTK,circumstances,NNS
09_outbreak_investigation,NLTK,",",","
09_outbreak_investigation,NLTK,measures,NNS
09_outbreak_investigation,NLTK,can,MD
09_outbreak_investigation,NLTK,include,VB
09_outbreak_investigation,NLTK,isolation,NN
09_outbreak_investigation,NLTK,",",","
09_outbreak_investigation,NLTK,vaccination,NN
09_outbreak_investigation,NLTK,",",","
09_outbreak_investigation,NLTK,environmental,JJ
09_outbreak_investigation,NLTK,controls,NNS
09_outbreak_investigation,NLTK,",",","
09_outbreak_investigation,NLTK,communication,NN
09_outbreak_investigation,NLTK,",",","
09_outbreak_investigation,NLTK,testing,VBG
09_outbreak_investigation,NLTK,",",","
09_outbreak_investigation,NLTK,and,CC
09_outbreak_investigation,NLTK,targeted,VBD
09_outbreak_investigation,NLTK,restrictions,NNS
09_outbreak_investigation,NLTK,.,.
09_outbreak_investigation,NLTK,Investigators,NNS
09_outbreak_investigation,NLTK,continue,VBP
09_outbreak_investigation,NLTK,evaluating,VBG
09_outbreak_investigation,NLTK,the,DT
09_outbreak_investigation,NLTK,outbreak,NN
09_outbreak_investigation,NLTK,as,IN
09_outbreak_investigation,NLTK,new,JJ
09_outbreak_investigation,NLTK,evidence,NN
09_outbreak_investigation,NLTK,becomes,VBZ
09_outbreak_investigation,NLTK,available,JJ
09_outbreak_investigation,NLTK,.,.
09_outbreak_investigation,spaCy,Infectious,PROPN
09_outbreak_investigation,spaCy,Disease,PROPN
09_outbreak_investigation,spaCy,Outbreak,PROPN
09_outbreak_investigation,spaCy,Investigation,PROPN
09_outbreak_investigation,spaCy,An,DET
09_outbreak_investigation,spaCy,outbreak,NOUN
09_outbreak_investigation,spaCy,investigation,NOUN
09_outbreak_investigation,spaCy,seeks,VERB
09_outbreak_investigation,spaCy,to,PART
09_outbreak_investigation,spaCy,determine,VERB
09_outbreak_investigation,spaCy,whether,SCONJ
09_outbreak_investigation,spaCy,an,DET
09_outbreak_investigation,spaCy,unusual,ADJ
09_outbreak_investigation,spaCy,increase,NOUN
09_outbreak_investigation,spaCy,in,ADP
09_outbreak_investigation,spaCy,disease,NOUN
09_outbreak_investigation,spaCy,has,AUX
09_outbreak_investigation,spaCy,occurred,VERB
09_outbreak_investigation,spaCy,",",PUNCT
09_outbreak_investigation,spaCy,characterize,VERB
09_outbreak_investigation,spaCy,affected,ADJ
09_outbreak_investigation,spaCy,people,NOUN
09_outbreak_investigation,spaCy,and,CCONJ
09_outbreak_investigation,spaCy,settings,NOUN
09_outbreak_investigation,spaCy,",",PUNCT
09_outbreak_investigation,spaCy,identify,VERB
09_outbreak_investigation,spaCy,likely,ADJ
09_outbreak_investigation,spaCy,sources,NOUN
09_outbreak_investigation,spaCy,or,CCONJ
09_outbreak_investigation,spaCy,transmission,NOUN
09_outbreak_investigation,spaCy,routes,NOUN
09_outbreak_investigation,spaCy,",",PUNCT
09_outbreak_investigation,spaCy,and,CCONJ
09_outbreak_investigation,spaCy,guide,VERB
09_outbreak_investigation,spaCy,control,NOUN
09_outbreak_investigation,spaCy,measures,NOUN
09_outbreak_investigation,spaCy,.,PUNCT
09_outbreak_investigation,spaCy,The,DET
09_outbreak_investigation,spaCy,investigation,NOUN
09_outbreak_investigation,spaCy,begins,VERB
09_outbreak_investigation,spaCy,with,ADP
09_outbreak_investigation,spaCy,a,DET
09_outbreak_investigation,spaCy,clear,ADJ
09_outbreak_investigation,spaCy,case,NOUN
09_outbreak_investigation,spaCy,definition,NOUN
09_outbreak_investigation,spaCy,and,CCONJ
09_outbreak_investigation,spaCy,confirmation,NOUN
09_outbreak_investigation,spaCy,that,SCONJ
09_outbreak_investigation,spaCy,the,DET
09_outbreak_investigation,spaCy,observed,ADJ
09_outbreak_investigation,spaCy,increase,NOUN
09_outbreak_investigation,spaCy,is,AUX
09_outbreak_investigation,spaCy,greater,ADJ
09_outbreak_investigation,spaCy,than,SCONJ
09_outbreak_investigation,spaCy,expected,VERB
09_outbreak_investigation,spaCy,.,PUNCT
09_outbreak_investigation,spaCy,Investigators,NOUN
09_outbreak_investigation,spaCy,construct,VERB
09_outbreak_investigation,spaCy,descriptive,ADJ
09_outbreak_investigation,spaCy,summaries,NOUN
09_outbreak_investigation,spaCy,by,ADP
09_outbreak_investigation,spaCy,time,NOUN
09_outbreak_investigation,spaCy,",",PUNCT
09_outbreak_investigation,spaCy,place,NOUN
09_outbreak_investigation,spaCy,",",PUNCT
09_outbreak_investigation,spaCy,and,CCONJ
09_outbreak_investigation,spaCy,person,NOUN
09_outbreak_investigation,spaCy,.,PUNCT
09_outbreak_investigation,spaCy,An,DET
09_outbreak_investigation,spaCy,epidemic,NOUN
09_outbreak_investigation,spaCy,curve,NOUN
09_outbreak_investigation,spaCy,can,AUX
09_outbreak_investigation,spaCy,show,VERB
09_outbreak_investigation,spaCy,the,DET
09_outbreak_investigation,spaCy,timing,NOUN
09_outbreak_investigation,spaCy,of,ADP
09_outbreak_investigation,spaCy,illness,NOUN
09_outbreak_investigation,spaCy,onset,NOUN
09_outbreak_investigation,spaCy,and,CCONJ
09_outbreak_investigation,spaCy,may,AUX
09_outbreak_investigation,spaCy,provide,VERB
09_outbreak_investigation,spaCy,clues,NOUN
09_outbreak_investigation,spaCy,about,ADP
09_outbreak_investigation,spaCy,the,DET
09_outbreak_investigation,spaCy,type,NOUN
09_outbreak_investigation,spaCy,of,ADP
09_outbreak_investigation,spaCy,exposure,NOUN
09_outbreak_investigation,spaCy,.,PUNCT
09_outbreak_investigation,spaCy,Mapping,NOUN
09_outbreak_investigation,spaCy,cases,NOUN
09_outbreak_investigation,spaCy,can,AUX
09_outbreak_investigation,spaCy,identify,VERB
09_outbreak_investigation,spaCy,geographic,ADJ
09_outbreak_investigation,spaCy,clustering,NOUN
09_outbreak_investigation,spaCy,",",PUNCT
09_outbreak_investigation,spaCy,while,SCONJ
09_outbreak_investigation,spaCy,demographic,ADJ
09_outbreak_investigation,spaCy,analysis,NOUN
09_outbreak_investigation,spaCy,can,AUX
09_outbreak_investigation,spaCy,reveal,VERB
09_outbreak_investigation,spaCy,differences,NOUN
09_outbreak_investigation,spaCy,by,ADP
09_outbreak_investigation,spaCy,age,NOUN
09_outbreak_investigation,spaCy,",",PUNCT
09_outbreak_investigation,spaCy,occupation,NOUN
09_outbreak_investigation,spaCy,",",PUNCT
09_outbreak_investigation,spaCy,or,CCONJ
09_outbreak_investigation,spaCy,other,ADJ
09_outbreak_investigation,spaCy,characteristics,NOUN
09_outbreak_investigation,spaCy,.,PUNCT
09_outbreak_investigation,spaCy,Analytical,ADJ
09_outbreak_investigation,spaCy,epidemiology,NOUN
09_outbreak_investigation,spaCy,may,AUX
09_outbreak_investigation,spaCy,compare,VERB
09_outbreak_investigation,spaCy,exposures,NOUN
09_outbreak_investigation,spaCy,among,ADP
09_outbreak_investigation,spaCy,cases,NOUN
09_outbreak_investigation,spaCy,and,CCONJ
09_outbreak_investigation,spaCy,controls,NOUN
09_outbreak_investigation,spaCy,or,CCONJ
09_outbreak_investigation,spaCy,among,ADP
09_outbreak_investigation,spaCy,exposed,VERB
09_outbreak_investigation,spaCy,and,CCONJ
09_outbreak_investigation,spaCy,unexposed,ADJ
09_outbreak_investigation,spaCy,groups,NOUN
09_outbreak_investigation,spaCy,.,PUNCT
09_outbreak_investigation,spaCy,Investigators,NOUN
09_outbreak_investigation,spaCy,must,AUX
09_outbreak_investigation,spaCy,consider,VERB
09_outbreak_investigation,spaCy,recall,NOUN
09_outbreak_investigation,spaCy,bias,NOUN
09_outbreak_investigation,spaCy,",",PUNCT
09_outbreak_investigation,spaCy,selection,NOUN
09_outbreak_investigation,spaCy,bias,NOUN
09_outbreak_investigation,spaCy,",",PUNCT
09_outbreak_investigation,spaCy,confounding,VERB
09_outbreak_investigation,spaCy,",",PUNCT
09_outbreak_investigation,spaCy,and,CCONJ
09_outbreak_investigation,spaCy,incomplete,ADJ
09_outbreak_investigation,spaCy,reporting,NOUN
09_outbreak_investigation,spaCy,.,PUNCT
09_outbreak_investigation,spaCy,Laboratory,NOUN
09_outbreak_investigation,spaCy,testing,NOUN
09_outbreak_investigation,spaCy,and,CCONJ
09_outbreak_investigation,spaCy,genomic,ADJ
09_outbreak_investigation,spaCy,sequencing,NOUN
09_outbreak_investigation,spaCy,can,AUX
09_outbreak_investigation,spaCy,provide,VERB
09_outbreak_investigation,spaCy,additional,ADJ
09_outbreak_investigation,spaCy,evidence,NOUN
09_outbreak_investigation,spaCy,.,PUNCT
09_outbreak_investigation,spaCy,Control,NOUN
09_outbreak_investigation,spaCy,measures,NOUN
09_outbreak_investigation,spaCy,should,AUX
09_outbreak_investigation,spaCy,not,PART
09_outbreak_investigation,spaCy,necessarily,ADV
09_outbreak_investigation,spaCy,wait,VERB
09_outbreak_investigation,spaCy,until,SCONJ
09_outbreak_investigation,spaCy,every,DET
09_outbreak_investigation,spaCy,scientific,ADJ
09_outbreak_investigation,spaCy,question,NOUN
09_outbreak_investigation,spaCy,is,AUX
09_outbreak_investigation,spaCy,resolved,VERB
09_outbreak_investigation,spaCy,.,PUNCT
09_outbreak_investigation,spaCy,Depending,VERB
09_outbreak_investigation,spaCy,on,ADP
09_outbreak_investigation,spaCy,the,DET
09_outbreak_investigation,spaCy,pathogen,NOUN
09_outbreak_investigation,spaCy,and,CCONJ
09_outbreak_investigation,spaCy,circumstances,NOUN
09_outbreak_investigation,spaCy,",",PUNCT
09_outbreak_investigation,spaCy,measures,NOUN
09_outbreak_investigation,spaCy,can,AUX
09_outbreak_investigation,spaCy,include,VERB
09_outbreak_investigation,spaCy,isolation,NOUN
09_outbreak_investigation,spaCy,",",PUNCT
09_outbreak_investigation,spaCy,vaccination,NOUN
09_outbreak_investigation,spaCy,",",PUNCT
09_outbreak_investigation,spaCy,environmental,ADJ
09_outbreak_investigation,spaCy,controls,NOUN
09_outbreak_investigation,spaCy,",",PUNCT
09_outbreak_investigation,spaCy,communication,NOUN
09_outbreak_investigation,spaCy,",",PUNCT
09_outbreak_investigation,spaCy,testing,NOUN
09_outbreak_investigation,spaCy,",",PUNCT
09_outbreak_investigation,spaCy,and,CCONJ
09_outbreak_investigation,spaCy,targeted,VERB
09_outbreak_investigation,spaCy,restrictions,NOUN
09_outbreak_investigation,spaCy,.,PUNCT
09_outbreak_investigation,spaCy,Investigators,NOUN
09_outbreak_investigation,spaCy,continue,VERB
09_outbreak_investigation,spaCy,evaluating,VERB
09_outbreak_investigation,spaCy,the,DET
09_outbreak_investigation,spaCy,outbreak,NOUN
09_outbreak_investigation,spaCy,as,SCONJ
09_outbreak_investigation,spaCy,new,ADJ
09_outbreak_investigation,spaCy,evidence,NOUN
09_outbreak_investigation,spaCy,becomes,VERB
09_outbreak_investigation,spaCy,available,ADJ
09_outbreak_investigation,spaCy,.,PUNCT
09_outbreak_investigation,Custom_Rule_Based,Infectious,JJ
09_outbreak_investigation,Custom_Rule_Based,Disease,NNP
09_outbreak_investigation,Custom_Rule_Based,Outbreak,NN
09_outbreak_investigation,Custom_Rule_Based,Investigation,NNP
09_outbreak_investigation,Custom_Rule_Based,An,DT
09_outbreak_investigation,Custom_Rule_Based,outbreak,NN
09_outbreak_investigation,Custom_Rule_Based,investigation,NN
09_outbreak_investigation,Custom_Rule_Based,seeks,VBZ
09_outbreak_investigation,Custom_Rule_Based,to,TO
09_outbreak_investigation,Custom_Rule_Based,determine,VB
09_outbreak_investigation,Custom_Rule_Based,whether,IN
09_outbreak_investigation,Custom_Rule_Based,an,DT
09_outbreak_investigation,Custom_Rule_Based,unusual,JJ
09_outbreak_investigation,Custom_Rule_Based,increase,NN
09_outbreak_investigation,Custom_Rule_Based,in,IN
09_outbreak_investigation,Custom_Rule_Based,disease,NN
09_outbreak_investigation,Custom_Rule_Based,has,VBZ
09_outbreak_investigation,Custom_Rule_Based,occurred,VBN
09_outbreak_investigation,Custom_Rule_Based,",",","
09_outbreak_investigation,Custom_Rule_Based,characterize,VB
09_outbreak_investigation,Custom_Rule_Based,affected,JJ
09_outbreak_investigation,Custom_Rule_Based,people,NNS
09_outbreak_investigation,Custom_Rule_Based,and,CC
09_outbreak_investigation,Custom_Rule_Based,settings,NNS
09_outbreak_investigation,Custom_Rule_Based,",",","
09_outbreak_investigation,Custom_Rule_Based,identify,VB
09_outbreak_investigation,Custom_Rule_Based,likely,JJ
09_outbreak_investigation,Custom_Rule_Based,sources,NNS
09_outbreak_investigation,Custom_Rule_Based,or,CC
09_outbreak_investigation,Custom_Rule_Based,transmission,NN
09_outbreak_investigation,Custom_Rule_Based,routes,NNS
09_outbreak_investigation,Custom_Rule_Based,",",","
09_outbreak_investigation,Custom_Rule_Based,and,CC
09_outbreak_investigation,Custom_Rule_Based,guide,VB
09_outbreak_investigation,Custom_Rule_Based,control,NN
09_outbreak_investigation,Custom_Rule_Based,measures,NNS
09_outbreak_investigation,Custom_Rule_Based,.,.
09_outbreak_investigation,Custom_Rule_Based,The,DT
09_outbreak_investigation,Custom_Rule_Based,investigation,NN
09_outbreak_investigation,Custom_Rule_Based,begins,VBZ
09_outbreak_investigation,Custom_Rule_Based,with,IN
09_outbreak_investigation,Custom_Rule_Based,a,DT
09_outbreak_investigation,Custom_Rule_Based,clear,JJ
09_outbreak_investigation,Custom_Rule_Based,case,NN
09_outbreak_investigation,Custom_Rule_Based,definition,NN
09_outbreak_investigation,Custom_Rule_Based,and,CC
09_outbreak_investigation,Custom_Rule_Based,confirmation,NN
09_outbreak_investigation,Custom_Rule_Based,that,IN
09_outbreak_investigation,Custom_Rule_Based,the,DT
09_outbreak_investigation,Custom_Rule_Based,observed,JJ
09_outbreak_investigation,Custom_Rule_Based,increase,NN
09_outbreak_investigation,Custom_Rule_Based,is,VBZ
09_outbreak_investigation,Custom_Rule_Based,greater,JJR
09_outbreak_investigation,Custom_Rule_Based,than,IN
09_outbreak_investigation,Custom_Rule_Based,expected,VBN
09_outbreak_investigation,Custom_Rule_Based,.,.
09_outbreak_investigation,Custom_Rule_Based,Investigators,NNS
09_outbreak_investigation,Custom_Rule_Based,construct,VBP
09_outbreak_investigation,Custom_Rule_Based,descriptive,JJ
09_outbreak_investigation,Custom_Rule_Based,summaries,NNS
09_outbreak_investigation,Custom_Rule_Based,by,IN
09_outbreak_investigation,Custom_Rule_Based,time,NN
09_outbreak_investigation,Custom_Rule_Based,",",","
09_outbreak_investigation,Custom_Rule_Based,place,NN
09_outbreak_investigation,Custom_Rule_Based,",",","
09_outbreak_investigation,Custom_Rule_Based,and,CC
09_outbreak_investigation,Custom_Rule_Based,person,NN
09_outbreak_investigation,Custom_Rule_Based,.,.
09_outbreak_investigation,Custom_Rule_Based,An,DT
09_outbreak_investigation,Custom_Rule_Based,epidemic,JJ
09_outbreak_investigation,Custom_Rule_Based,curve,NN
09_outbreak_investigation,Custom_Rule_Based,can,MD
09_outbreak_investigation,Custom_Rule_Based,show,VB
09_outbreak_investigation,Custom_Rule_Based,the,DT
09_outbreak_investigation,Custom_Rule_Based,timing,NN
09_outbreak_investigation,Custom_Rule_Based,of,IN
09_outbreak_investigation,Custom_Rule_Based,illness,JJ
09_outbreak_investigation,Custom_Rule_Based,onset,NN
09_outbreak_investigation,Custom_Rule_Based,and,CC
09_outbreak_investigation,Custom_Rule_Based,may,MD
09_outbreak_investigation,Custom_Rule_Based,provide,VB
09_outbreak_investigation,Custom_Rule_Based,clues,NNS
09_outbreak_investigation,Custom_Rule_Based,about,IN
09_outbreak_investigation,Custom_Rule_Based,the,DT
09_outbreak_investigation,Custom_Rule_Based,type,NN
09_outbreak_investigation,Custom_Rule_Based,of,IN
09_outbreak_investigation,Custom_Rule_Based,exposure,NN
09_outbreak_investigation,Custom_Rule_Based,.,.
09_outbreak_investigation,Custom_Rule_Based,Mapping,VBG
09_outbreak_investigation,Custom_Rule_Based,cases,NNS
09_outbreak_investigation,Custom_Rule_Based,can,MD
09_outbreak_investigation,Custom_Rule_Based,identify,VB
09_outbreak_investigation,Custom_Rule_Based,geographic,JJ
09_outbreak_investigation,Custom_Rule_Based,clustering,NN
09_outbreak_investigation,Custom_Rule_Based,",",","
09_outbreak_investigation,Custom_Rule_Based,while,IN
09_outbreak_investigation,Custom_Rule_Based,demographic,JJ
09_outbreak_investigation,Custom_Rule_Based,analysis,NN
09_outbreak_investigation,Custom_Rule_Based,can,MD
09_outbreak_investigation,Custom_Rule_Based,reveal,VB
09_outbreak_investigation,Custom_Rule_Based,differences,NNS
09_outbreak_investigation,Custom_Rule_Based,by,IN
09_outbreak_investigation,Custom_Rule_Based,age,NN
09_outbreak_investigation,Custom_Rule_Based,",",","
09_outbreak_investigation,Custom_Rule_Based,occupation,NN
09_outbreak_investigation,Custom_Rule_Based,",",","
09_outbreak_investigation,Custom_Rule_Based,or,CC
09_outbreak_investigation,Custom_Rule_Based,other,JJ
09_outbreak_investigation,Custom_Rule_Based,characteristics,NNS
09_outbreak_investigation,Custom_Rule_Based,.,.
09_outbreak_investigation,Custom_Rule_Based,Analytical,NNP
09_outbreak_investigation,Custom_Rule_Based,epidemiology,NN
09_outbreak_investigation,Custom_Rule_Based,may,MD
09_outbreak_investigation,Custom_Rule_Based,compare,VB
09_outbreak_investigation,Custom_Rule_Based,exposures,NNS
09_outbreak_investigation,Custom_Rule_Based,among,IN
09_outbreak_investigation,Custom_Rule_Based,cases,NNS
09_outbreak_investigation,Custom_Rule_Based,and,CC
09_outbreak_investigation,Custom_Rule_Based,controls,NNS
09_outbreak_investigation,Custom_Rule_Based,or,CC
09_outbreak_investigation,Custom_Rule_Based,among,IN
09_outbreak_investigation,Custom_Rule_Based,exposed,VBN
09_outbreak_investigation,Custom_Rule_Based,and,CC
09_outbreak_investigation,Custom_Rule_Based,unexposed,JJ
09_outbreak_investigation,Custom_Rule_Based,groups,NNS
09_outbreak_investigation,Custom_Rule_Based,.,.
09_outbreak_investigation,Custom_Rule_Based,Investigators,NNS
09_outbreak_investigation,Custom_Rule_Based,must,MD
09_outbreak_investigation,Custom_Rule_Based,consider,VB
09_outbreak_investigation,Custom_Rule_Based,recall,NN
09_outbreak_investigation,Custom_Rule_Based,bias,NN
09_outbreak_investigation,Custom_Rule_Based,",",","
09_outbreak_investigation,Custom_Rule_Based,selection,NN
09_outbreak_investigation,Custom_Rule_Based,bias,NN
09_outbreak_investigation,Custom_Rule_Based,",",","
09_outbreak_investigation,Custom_Rule_Based,confounding,NN
09_outbreak_investigation,Custom_Rule_Based,",",","
09_outbreak_investigation,Custom_Rule_Based,and,CC
09_outbreak_investigation,Custom_Rule_Based,incomplete,JJ
09_outbreak_investigation,Custom_Rule_Based,reporting,NN
09_outbreak_investigation,Custom_Rule_Based,.,.
09_outbreak_investigation,Custom_Rule_Based,Laboratory,NNP
09_outbreak_investigation,Custom_Rule_Based,testing,VBG
09_outbreak_investigation,Custom_Rule_Based,and,CC
09_outbreak_investigation,Custom_Rule_Based,genomic,JJ
09_outbreak_investigation,Custom_Rule_Based,sequencing,NN
09_outbreak_investigation,Custom_Rule_Based,can,MD
09_outbreak_investigation,Custom_Rule_Based,provide,VB
09_outbreak_investigation,Custom_Rule_Based,additional,JJ
09_outbreak_investigation,Custom_Rule_Based,evidence,NN
09_outbreak_investigation,Custom_Rule_Based,.,.
09_outbreak_investigation,Custom_Rule_Based,Control,NNP
09_outbreak_investigation,Custom_Rule_Based,measures,VBZ
09_outbreak_investigation,Custom_Rule_Based,should,MD
09_outbreak_investigation,Custom_Rule_Based,not,RB
09_outbreak_investigation,Custom_Rule_Based,necessarily,RB
09_outbreak_investigation,Custom_Rule_Based,wait,VB
09_outbreak_investigation,Custom_Rule_Based,until,IN
09_outbreak_investigation,Custom_Rule_Based,every,DT
09_outbreak_investigation,Custom_Rule_Based,scientific,JJ
09_outbreak_investigation,Custom_Rule_Based,question,NN
09_outbreak_investigation,Custom_Rule_Based,is,VBZ
09_outbreak_investigation,Custom_Rule_Based,resolved,VBN
09_outbreak_investigation,Custom_Rule_Based,.,.
09_outbreak_investigation,Custom_Rule_Based,Depending,VBG
09_outbreak_investigation,Custom_Rule_Based,on,IN
09_outbreak_investigation,Custom_Rule_Based,the,DT
09_outbreak_investigation,Custom_Rule_Based,pathogen,NN
09_outbreak_investigation,Custom_Rule_Based,and,CC
09_outbreak_investigation,Custom_Rule_Based,circumstances,NNS
09_outbreak_investigation,Custom_Rule_Based,",",","
09_outbreak_investigation,Custom_Rule_Based,measures,NNS
09_outbreak_investigation,Custom_Rule_Based,can,MD
09_outbreak_investigation,Custom_Rule_Based,include,VB
09_outbreak_investigation,Custom_Rule_Based,isolation,NN
09_outbreak_investigation,Custom_Rule_Based,",",","
09_outbreak_investigation,Custom_Rule_Based,vaccination,NN
09_outbreak_investigation,Custom_Rule_Based,",",","
09_outbreak_investigation,Custom_Rule_Based,environmental,JJ
09_outbreak_investigation,Custom_Rule_Based,controls,NNS
09_outbreak_investigation,Custom_Rule_Based,",",","
09_outbreak_investigation,Custom_Rule_Based,communication,NN
09_outbreak_investigation,Custom_Rule_Based,",",","
09_outbreak_investigation,Custom_Rule_Based,testing,VBG
09_outbreak_investigation,Custom_Rule_Based,",",","
09_outbreak_investigation,Custom_Rule_Based,and,CC
09_outbreak_investigation,Custom_Rule_Based,targeted,VBD
09_outbreak_investigation,Custom_Rule_Based,restrictions,NNS
09_outbreak_investigation,Custom_Rule_Based,.,.
09_outbreak_investigation,Custom_Rule_Based,Investigators,NNS
09_outbreak_investigation,Custom_Rule_Based,continue,VBP
09_outbreak_investigation,Custom_Rule_Based,evaluating,VBG
09_outbreak_investigation,Custom_Rule_Based,the,DT
09_outbreak_investigation,Custom_Rule_Based,outbreak,NN
09_outbreak_investigation,Custom_Rule_Based,as,IN
09_outbreak_investigation,Custom_Rule_Based,new,JJ
09_outbreak_investigation,Custom_Rule_Based,evidence,NN
09_outbreak_investigation,Custom_Rule_Based,becomes,VBZ
09_outbreak_investigation,Custom_Rule_Based,available,JJ
09_outbreak_investigation,Custom_Rule_Based,.,.
10_public_health_surveillance,NLTK,Public,NNP
10_public_health_surveillance,NLTK,Health,NNP
10_public_health_surveillance,NLTK,Surveillance,NNP
10_public_health_surveillance,NLTK,Systems,NNP
10_public_health_surveillance,NLTK,Public,NNP
10_public_health_surveillance,NLTK,health,NN
10_public_health_surveillance,NLTK,surveillance,NN
10_public_health_surveillance,NLTK,is,VBZ
10_public_health_surveillance,NLTK,the,DT
10_public_health_surveillance,NLTK,continuous,JJ
10_public_health_surveillance,NLTK,and,CC
10_public_health_surveillance,NLTK,systematic,JJ
10_public_health_surveillance,NLTK,collection,NN
10_public_health_surveillance,NLTK,",",","
10_public_health_surveillance,NLTK,analysis,NN
10_public_health_surveillance,NLTK,",",","
10_public_health_surveillance,NLTK,interpretation,NN
10_public_health_surveillance,NLTK,",",","
10_public_health_surveillance,NLTK,and,CC
10_public_health_surveillance,NLTK,dissemination,NN
10_public_health_surveillance,NLTK,of,IN
10_public_health_surveillance,NLTK,health,NN
10_public_health_surveillance,NLTK,information,NN
10_public_health_surveillance,NLTK,for,IN
10_public_health_surveillance,NLTK,action,NN
10_public_health_surveillance,NLTK,.,.
10_public_health_surveillance,NLTK,Surveillance,NN
10_public_health_surveillance,NLTK,systems,NNS
10_public_health_surveillance,NLTK,can,MD
10_public_health_surveillance,NLTK,monitor,VB
10_public_health_surveillance,NLTK,infectious,JJ
10_public_health_surveillance,NLTK,diseases,NNS
10_public_health_surveillance,NLTK,through,IN
10_public_health_surveillance,NLTK,case,NN
10_public_health_surveillance,NLTK,reports,NNS
10_public_health_surveillance,NLTK,",",","
10_public_health_surveillance,NLTK,laboratory,NN
10_public_health_surveillance,NLTK,results,NNS
10_public_health_surveillance,NLTK,",",","
10_public_health_surveillance,NLTK,hospital,NN
10_public_health_surveillance,NLTK,records,NNS
10_public_health_surveillance,NLTK,",",","
10_public_health_surveillance,NLTK,mortality,NN
10_public_health_surveillance,NLTK,data,NNS
10_public_health_surveillance,NLTK,",",","
10_public_health_surveillance,NLTK,syndromic,JJ
10_public_health_surveillance,NLTK,indicators,NNS
10_public_health_surveillance,NLTK,",",","
10_public_health_surveillance,NLTK,sentinel,NN
10_public_health_surveillance,NLTK,sites,NNS
10_public_health_surveillance,NLTK,",",","
10_public_health_surveillance,NLTK,and,CC
10_public_health_surveillance,NLTK,community-level,JJ
10_public_health_surveillance,NLTK,measurements,NNS
10_public_health_surveillance,NLTK,.,.
10_public_health_surveillance,NLTK,A,DT
10_public_health_surveillance,NLTK,surveillance,NN
10_public_health_surveillance,NLTK,system,NN
10_public_health_surveillance,NLTK,begins,VBZ
10_public_health_surveillance,NLTK,with,IN
10_public_health_surveillance,NLTK,a,DT
10_public_health_surveillance,NLTK,defined,JJ
10_public_health_surveillance,NLTK,objective,NN
10_public_health_surveillance,NLTK,.,.
10_public_health_surveillance,NLTK,The,DT
10_public_health_surveillance,NLTK,case,NN
10_public_health_surveillance,NLTK,definition,NN
10_public_health_surveillance,NLTK,determines,NNS
10_public_health_surveillance,NLTK,which,WDT
10_public_health_surveillance,NLTK,events,NNS
10_public_health_surveillance,NLTK,are,VBP
10_public_health_surveillance,NLTK,counted,VBN
10_public_health_surveillance,NLTK,",",","
10_public_health_surveillance,NLTK,while,IN
10_public_health_surveillance,NLTK,reporting,VBG
10_public_health_surveillance,NLTK,rules,NNS
10_public_health_surveillance,NLTK,specify,VB
10_public_health_surveillance,NLTK,how,WRB
10_public_health_surveillance,NLTK,and,CC
10_public_health_surveillance,NLTK,when,WRB
10_public_health_surveillance,NLTK,information,NN
10_public_health_surveillance,NLTK,is,VBZ
10_public_health_surveillance,NLTK,submitted,VBN
10_public_health_surveillance,NLTK,.,.
10_public_health_surveillance,NLTK,Data,NNP
10_public_health_surveillance,NLTK,quality,NN
10_public_health_surveillance,NLTK,depends,VBZ
10_public_health_surveillance,NLTK,on,IN
10_public_health_surveillance,NLTK,completeness,NN
10_public_health_surveillance,NLTK,",",","
10_public_health_surveillance,NLTK,timeliness,NN
10_public_health_surveillance,NLTK,",",","
10_public_health_surveillance,NLTK,consistency,NN
10_public_health_surveillance,NLTK,",",","
10_public_health_surveillance,NLTK,and,CC
10_public_health_surveillance,NLTK,representativeness,NN
10_public_health_surveillance,NLTK,.,.
10_public_health_surveillance,NLTK,Passive,JJ
10_public_health_surveillance,NLTK,surveillance,NN
10_public_health_surveillance,NLTK,relies,NNS
10_public_health_surveillance,NLTK,on,IN
10_public_health_surveillance,NLTK,routine,JJ
10_public_health_surveillance,NLTK,reporting,NN
10_public_health_surveillance,NLTK,and,CC
10_public_health_surveillance,NLTK,can,MD
10_public_health_surveillance,NLTK,be,VB
10_public_health_surveillance,NLTK,relatively,RB
10_public_health_surveillance,NLTK,efficient,JJ
10_public_health_surveillance,NLTK,but,CC
10_public_health_surveillance,NLTK,may,MD
10_public_health_surveillance,NLTK,miss,VB
10_public_health_surveillance,NLTK,cases,NNS
10_public_health_surveillance,NLTK,.,.
10_public_health_surveillance,NLTK,Active,JJ
10_public_health_surveillance,NLTK,surveillance,NN
10_public_health_surveillance,NLTK,involves,VBZ
10_public_health_surveillance,NLTK,more,RBR
10_public_health_surveillance,NLTK,direct,JJ
10_public_health_surveillance,NLTK,efforts,NNS
10_public_health_surveillance,NLTK,to,TO
10_public_health_surveillance,NLTK,identify,VB
10_public_health_surveillance,NLTK,cases,NNS
10_public_health_surveillance,NLTK,and,CC
10_public_health_surveillance,NLTK,can,MD
10_public_health_surveillance,NLTK,improve,VB
10_public_health_surveillance,NLTK,completeness,NN
10_public_health_surveillance,NLTK,at,IN
10_public_health_surveillance,NLTK,greater,JJR
10_public_health_surveillance,NLTK,cost,NN
10_public_health_surveillance,NLTK,.,.
10_public_health_surveillance,NLTK,Sentinel,NNP
10_public_health_surveillance,NLTK,surveillance,NN
10_public_health_surveillance,NLTK,collects,NNS
10_public_health_surveillance,NLTK,detailed,VBN
10_public_health_surveillance,NLTK,information,NN
10_public_health_surveillance,NLTK,from,IN
10_public_health_surveillance,NLTK,selected,VBN
10_public_health_surveillance,NLTK,sites,NNS
10_public_health_surveillance,NLTK,and,CC
10_public_health_surveillance,NLTK,may,MD
10_public_health_surveillance,NLTK,be,VB
10_public_health_surveillance,NLTK,useful,JJ
10_public_health_surveillance,NLTK,for,IN
10_public_health_surveillance,NLTK,monitoring,VBG
10_public_health_surveillance,NLTK,trends,NNS
10_public_health_surveillance,NLTK,.,.
10_public_health_surveillance,NLTK,Surveillance,NNP
10_public_health_surveillance,NLTK,data,NN
10_public_health_surveillance,NLTK,should,MD
10_public_health_surveillance,NLTK,be,VB
10_public_health_surveillance,NLTK,interpreted,VBN
10_public_health_surveillance,NLTK,carefully,RB
10_public_health_surveillance,NLTK,.,.
10_public_health_surveillance,NLTK,Changes,NNS
10_public_health_surveillance,NLTK,in,IN
10_public_health_surveillance,NLTK,reporting,VBG
10_public_health_surveillance,NLTK,systems,NNS
10_public_health_surveillance,NLTK,",",","
10_public_health_surveillance,NLTK,testing,VBG
10_public_health_surveillance,NLTK,practices,NNS
10_public_health_surveillance,NLTK,",",","
10_public_health_surveillance,NLTK,healthcare,JJ
10_public_health_surveillance,NLTK,access,NN
10_public_health_surveillance,NLTK,",",","
10_public_health_surveillance,NLTK,or,CC
10_public_health_surveillance,NLTK,case,NN
10_public_health_surveillance,NLTK,definitions,NNS
10_public_health_surveillance,NLTK,can,MD
10_public_health_surveillance,NLTK,create,VB
10_public_health_surveillance,NLTK,apparent,JJ
10_public_health_surveillance,NLTK,changes,NNS
10_public_health_surveillance,NLTK,that,WDT
10_public_health_surveillance,NLTK,are,VBP
10_public_health_surveillance,NLTK,not,RB
10_public_health_surveillance,NLTK,purely,RB
10_public_health_surveillance,NLTK,epidemiological,JJ
10_public_health_surveillance,NLTK,.,.
10_public_health_surveillance,NLTK,Public-health,NNP
10_public_health_surveillance,NLTK,decision-making,NN
10_public_health_surveillance,NLTK,therefore,NN
10_public_health_surveillance,NLTK,benefits,NNS
10_public_health_surveillance,NLTK,from,IN
10_public_health_surveillance,NLTK,triangulating,VBG
10_public_health_surveillance,NLTK,multiple,JJ
10_public_health_surveillance,NLTK,data,NNS
10_public_health_surveillance,NLTK,sources,NNS
10_public_health_surveillance,NLTK,.,.
10_public_health_surveillance,spaCy,Public,PROPN
10_public_health_surveillance,spaCy,Health,PROPN
10_public_health_surveillance,spaCy,Surveillance,PROPN
10_public_health_surveillance,spaCy,Systems,PROPN
10_public_health_surveillance,spaCy,Public,ADJ
10_public_health_surveillance,spaCy,health,NOUN
10_public_health_surveillance,spaCy,surveillance,NOUN
10_public_health_surveillance,spaCy,is,AUX
10_public_health_surveillance,spaCy,the,DET
10_public_health_surveillance,spaCy,continuous,ADJ
10_public_health_surveillance,spaCy,and,CCONJ
10_public_health_surveillance,spaCy,systematic,ADJ
10_public_health_surveillance,spaCy,collection,NOUN
10_public_health_surveillance,spaCy,",",PUNCT
10_public_health_surveillance,spaCy,analysis,NOUN
10_public_health_surveillance,spaCy,",",PUNCT
10_public_health_surveillance,spaCy,interpretation,NOUN
10_public_health_surveillance,spaCy,",",PUNCT
10_public_health_surveillance,spaCy,and,CCONJ
10_public_health_surveillance,spaCy,dissemination,NOUN
10_public_health_surveillance,spaCy,of,ADP
10_public_health_surveillance,spaCy,health,NOUN
10_public_health_surveillance,spaCy,information,NOUN
10_public_health_surveillance,spaCy,for,ADP
10_public_health_surveillance,spaCy,action,NOUN
10_public_health_surveillance,spaCy,.,PUNCT
10_public_health_surveillance,spaCy,Surveillance,NOUN
10_public_health_surveillance,spaCy,systems,NOUN
10_public_health_surveillance,spaCy,can,AUX
10_public_health_surveillance,spaCy,monitor,VERB
10_public_health_surveillance,spaCy,infectious,ADJ
10_public_health_surveillance,spaCy,diseases,NOUN
10_public_health_surveillance,spaCy,through,ADP
10_public_health_surveillance,spaCy,case,NOUN
10_public_health_surveillance,spaCy,reports,NOUN
10_public_health_surveillance,spaCy,",",PUNCT
10_public_health_surveillance,spaCy,laboratory,NOUN
10_public_health_surveillance,spaCy,results,NOUN
10_public_health_surveillance,spaCy,",",PUNCT
10_public_health_surveillance,spaCy,hospital,NOUN
10_public_health_surveillance,spaCy,records,NOUN
10_public_health_surveillance,spaCy,",",PUNCT
10_public_health_surveillance,spaCy,mortality,NOUN
10_public_health_surveillance,spaCy,data,NOUN
10_public_health_surveillance,spaCy,",",PUNCT
10_public_health_surveillance,spaCy,syndromic,ADJ
10_public_health_surveillance,spaCy,indicators,NOUN
10_public_health_surveillance,spaCy,",",PUNCT
10_public_health_surveillance,spaCy,sentinel,NOUN
10_public_health_surveillance,spaCy,sites,NOUN
10_public_health_surveillance,spaCy,",",PUNCT
10_public_health_surveillance,spaCy,and,CCONJ
10_public_health_surveillance,spaCy,community,NOUN
10_public_health_surveillance,spaCy,-,PUNCT
10_public_health_surveillance,spaCy,level,NOUN
10_public_health_surveillance,spaCy,measurements,NOUN
10_public_health_surveillance,spaCy,.,PUNCT
10_public_health_surveillance,spaCy,A,DET
10_public_health_surveillance,spaCy,surveillance,NOUN
10_public_health_surveillance,spaCy,system,NOUN
10_public_health_surveillance,spaCy,begins,VERB
10_public_health_surveillance,spaCy,with,ADP
10_public_health_surveillance,spaCy,a,DET
10_public_health_surveillance,spaCy,defined,VERB
10_public_health_surveillance,spaCy,objective,NOUN
10_public_health_surveillance,spaCy,.,PUNCT
10_public_health_surveillance,spaCy,The,DET
10_public_health_surveillance,spaCy,case,NOUN
10_public_health_surveillance,spaCy,definition,NOUN
10_public_health_surveillance,spaCy,determines,VERB
10_public_health_surveillance,spaCy,which,PRON
10_public_health_surveillance,spaCy,events,NOUN
10_public_health_surveillance,spaCy,are,AUX
10_public_health_surveillance,spaCy,counted,VERB
10_public_health_surveillance,spaCy,",",PUNCT
10_public_health_surveillance,spaCy,while,SCONJ
10_public_health_surveillance,spaCy,reporting,VERB
10_public_health_surveillance,spaCy,rules,NOUN
10_public_health_surveillance,spaCy,specify,VERB
10_public_health_surveillance,spaCy,how,SCONJ
10_public_health_surveillance,spaCy,and,CCONJ
10_public_health_surveillance,spaCy,when,SCONJ
10_public_health_surveillance,spaCy,information,NOUN
10_public_health_surveillance,spaCy,is,AUX
10_public_health_surveillance,spaCy,submitted,VERB
10_public_health_surveillance,spaCy,.,PUNCT
10_public_health_surveillance,spaCy,Data,NOUN
10_public_health_surveillance,spaCy,quality,NOUN
10_public_health_surveillance,spaCy,depends,VERB
10_public_health_surveillance,spaCy,on,ADP
10_public_health_surveillance,spaCy,completeness,NOUN
10_public_health_surveillance,spaCy,",",PUNCT
10_public_health_surveillance,spaCy,timeliness,NOUN
10_public_health_surveillance,spaCy,",",PUNCT
10_public_health_surveillance,spaCy,consistency,NOUN
10_public_health_surveillance,spaCy,",",PUNCT
10_public_health_surveillance,spaCy,and,CCONJ
10_public_health_surveillance,spaCy,representativeness,VERB
10_public_health_surveillance,spaCy,.,PUNCT
10_public_health_surveillance,spaCy,Passive,ADJ
10_public_health_surveillance,spaCy,surveillance,NOUN
10_public_health_surveillance,spaCy,relies,VERB
10_public_health_surveillance,spaCy,on,ADP
10_public_health_surveillance,spaCy,routine,ADJ
10_public_health_surveillance,spaCy,reporting,NOUN
10_public_health_surveillance,spaCy,and,CCONJ
10_public_health_surveillance,spaCy,can,AUX
10_public_health_surveillance,spaCy,be,AUX
10_public_health_surveillance,spaCy,relatively,ADV
10_public_health_surveillance,spaCy,efficient,ADJ
10_public_health_surveillance,spaCy,but,CCONJ
10_public_health_surveillance,spaCy,may,AUX
10_public_health_surveillance,spaCy,miss,VERB
10_public_health_surveillance,spaCy,cases,NOUN
10_public_health_surveillance,spaCy,.,PUNCT
10_public_health_surveillance,spaCy,Active,ADJ
10_public_health_surveillance,spaCy,surveillance,NOUN
10_public_health_surveillance,spaCy,involves,VERB
10_public_health_surveillance,spaCy,more,ADV
10_public_health_surveillance,spaCy,direct,ADJ
10_public_health_surveillance,spaCy,efforts,NOUN
10_public_health_surveillance,spaCy,to,PART
10_public_health_surveillance,spaCy,identify,VERB
10_public_health_surveillance,spaCy,cases,NOUN
10_public_health_surveillance,spaCy,and,CCONJ
10_public_health_surveillance,spaCy,can,AUX
10_public_health_surveillance,spaCy,improve,VERB
10_public_health_surveillance,spaCy,completeness,NOUN
10_public_health_surveillance,spaCy,at,ADP
10_public_health_surveillance,spaCy,greater,ADJ
10_public_health_surveillance,spaCy,cost,NOUN
10_public_health_surveillance,spaCy,.,PUNCT
10_public_health_surveillance,spaCy,Sentinel,PROPN
10_public_health_surveillance,spaCy,surveillance,NOUN
10_public_health_surveillance,spaCy,collects,VERB
10_public_health_surveillance,spaCy,detailed,ADJ
10_public_health_surveillance,spaCy,information,NOUN
10_public_health_surveillance,spaCy,from,ADP
10_public_health_surveillance,spaCy,selected,VERB
10_public_health_surveillance,spaCy,sites,NOUN
10_public_health_surveillance,spaCy,and,CCONJ
10_public_health_surveillance,spaCy,may,AUX
10_public_health_surveillance,spaCy,be,AUX
10_public_health_surveillance,spaCy,useful,ADJ
10_public_health_surveillance,spaCy,for,ADP
10_public_health_surveillance,spaCy,monitoring,VERB
10_public_health_surveillance,spaCy,trends,NOUN
10_public_health_surveillance,spaCy,.,PUNCT
10_public_health_surveillance,spaCy,Surveillance,NOUN
10_public_health_surveillance,spaCy,data,NOUN
10_public_health_surveillance,spaCy,should,AUX
10_public_health_surveillance,spaCy,be,AUX
10_public_health_surveillance,spaCy,interpreted,VERB
10_public_health_surveillance,spaCy,carefully,ADV
10_public_health_surveillance,spaCy,.,PUNCT
10_public_health_surveillance,spaCy,Changes,NOUN
10_public_health_surveillance,spaCy,in,ADP
10_public_health_surveillance,spaCy,reporting,NOUN
10_public_health_surveillance,spaCy,systems,NOUN
10_public_health_surveillance,spaCy,",",PUNCT
10_public_health_surveillance,spaCy,testing,NOUN
10_public_health_surveillance,spaCy,practices,NOUN
10_public_health_surveillance,spaCy,",",PUNCT
10_public_health_surveillance,spaCy,healthcare,NOUN
10_public_health_surveillance,spaCy,access,NOUN
10_public_health_surveillance,spaCy,",",PUNCT
10_public_health_surveillance,spaCy,or,CCONJ
10_public_health_surveillance,spaCy,case,NOUN
10_public_health_surveillance,spaCy,definitions,NOUN
10_public_health_surveillance,spaCy,can,AUX
10_public_health_surveillance,spaCy,create,VERB
10_public_health_surveillance,spaCy,apparent,ADJ
10_public_health_surveillance,spaCy,changes,NOUN
10_public_health_surveillance,spaCy,that,PRON
10_public_health_surveillance,spaCy,are,AUX
10_public_health_surveillance,spaCy,not,PART
10_public_health_surveillance,spaCy,purely,ADV
10_public_health_surveillance,spaCy,epidemiological,ADJ
10_public_health_surveillance,spaCy,.,PUNCT
10_public_health_surveillance,spaCy,Public,ADJ
10_public_health_surveillance,spaCy,-,PUNCT
10_public_health_surveillance,spaCy,health,NOUN
10_public_health_surveillance,spaCy,decision,NOUN
10_public_health_surveillance,spaCy,-,PUNCT
10_public_health_surveillance,spaCy,making,VERB
10_public_health_surveillance,spaCy,therefore,ADV
10_public_health_surveillance,spaCy,benefits,NOUN
10_public_health_surveillance,spaCy,from,ADP
10_public_health_surveillance,spaCy,triangulating,VERB
10_public_health_surveillance,spaCy,multiple,ADJ
10_public_health_surveillance,spaCy,data,NOUN
10_public_health_surveillance,spaCy,sources,NOUN
10_public_health_surveillance,spaCy,.,PUNCT
10_public_health_surveillance,Custom_Rule_Based,Public,NNP
10_public_health_surveillance,Custom_Rule_Based,Health,NNP
10_public_health_surveillance,Custom_Rule_Based,Surveillance,NN
10_public_health_surveillance,Custom_Rule_Based,Systems,NNP
10_public_health_surveillance,Custom_Rule_Based,Public,NNP
10_public_health_surveillance,Custom_Rule_Based,health,NN
10_public_health_surveillance,Custom_Rule_Based,surveillance,NN
10_public_health_surveillance,Custom_Rule_Based,is,VBZ
10_public_health_surveillance,Custom_Rule_Based,the,DT
10_public_health_surveillance,Custom_Rule_Based,continuous,JJ
10_public_health_surveillance,Custom_Rule_Based,and,CC
10_public_health_surveillance,Custom_Rule_Based,systematic,JJ
10_public_health_surveillance,Custom_Rule_Based,collection,NN
10_public_health_surveillance,Custom_Rule_Based,",",","
10_public_health_surveillance,Custom_Rule_Based,analysis,NN
10_public_health_surveillance,Custom_Rule_Based,",",","
10_public_health_surveillance,Custom_Rule_Based,interpretation,NN
10_public_health_surveillance,Custom_Rule_Based,",",","
10_public_health_surveillance,Custom_Rule_Based,and,CC
10_public_health_surveillance,Custom_Rule_Based,dissemination,NN
10_public_health_surveillance,Custom_Rule_Based,of,IN
10_public_health_surveillance,Custom_Rule_Based,health,NN
10_public_health_surveillance,Custom_Rule_Based,information,NN
10_public_health_surveillance,Custom_Rule_Based,for,IN
10_public_health_surveillance,Custom_Rule_Based,action,NN
10_public_health_surveillance,Custom_Rule_Based,.,.
10_public_health_surveillance,Custom_Rule_Based,Surveillance,NN
10_public_health_surveillance,Custom_Rule_Based,systems,NNS
10_public_health_surveillance,Custom_Rule_Based,can,MD
10_public_health_surveillance,Custom_Rule_Based,monitor,VB
10_public_health_surveillance,Custom_Rule_Based,infectious,JJ
10_public_health_surveillance,Custom_Rule_Based,diseases,NNS
10_public_health_surveillance,Custom_Rule_Based,through,IN
10_public_health_surveillance,Custom_Rule_Based,case,NN
10_public_health_surveillance,Custom_Rule_Based,reports,NNS
10_public_health_surveillance,Custom_Rule_Based,",",","
10_public_health_surveillance,Custom_Rule_Based,laboratory,NN
10_public_health_surveillance,Custom_Rule_Based,results,NNS
10_public_health_surveillance,Custom_Rule_Based,",",","
10_public_health_surveillance,Custom_Rule_Based,hospital,NN
10_public_health_surveillance,Custom_Rule_Based,records,NNS
10_public_health_surveillance,Custom_Rule_Based,",",","
10_public_health_surveillance,Custom_Rule_Based,mortality,NN
10_public_health_surveillance,Custom_Rule_Based,data,NNS
10_public_health_surveillance,Custom_Rule_Based,",",","
10_public_health_surveillance,Custom_Rule_Based,syndromic,JJ
10_public_health_surveillance,Custom_Rule_Based,indicators,NNS
10_public_health_surveillance,Custom_Rule_Based,",",","
10_public_health_surveillance,Custom_Rule_Based,sentinel,NN
10_public_health_surveillance,Custom_Rule_Based,sites,NNS
10_public_health_surveillance,Custom_Rule_Based,",",","
10_public_health_surveillance,Custom_Rule_Based,and,CC
10_public_health_surveillance,Custom_Rule_Based,community-level,JJ
10_public_health_surveillance,Custom_Rule_Based,measurements,NNS
10_public_health_surveillance,Custom_Rule_Based,.,.
10_public_health_surveillance,Custom_Rule_Based,A,DT
10_public_health_surveillance,Custom_Rule_Based,surveillance,NN
10_public_health_surveillance,Custom_Rule_Based,system,NN
10_public_health_surveillance,Custom_Rule_Based,begins,VBZ
10_public_health_surveillance,Custom_Rule_Based,with,IN
10_public_health_surveillance,Custom_Rule_Based,a,DT
10_public_health_surveillance,Custom_Rule_Based,defined,JJ
10_public_health_surveillance,Custom_Rule_Based,objective,NN
10_public_health_surveillance,Custom_Rule_Based,.,.
10_public_health_surveillance,Custom_Rule_Based,The,DT
10_public_health_surveillance,Custom_Rule_Based,case,NN
10_public_health_surveillance,Custom_Rule_Based,definition,NN
10_public_health_surveillance,Custom_Rule_Based,determines,NNS
10_public_health_surveillance,Custom_Rule_Based,which,WDT
10_public_health_surveillance,Custom_Rule_Based,events,NNS
10_public_health_surveillance,Custom_Rule_Based,are,VBP
10_public_health_surveillance,Custom_Rule_Based,counted,VBN
10_public_health_surveillance,Custom_Rule_Based,",",","
10_public_health_surveillance,Custom_Rule_Based,while,IN
10_public_health_surveillance,Custom_Rule_Based,reporting,VBG
10_public_health_surveillance,Custom_Rule_Based,rules,NNS
10_public_health_surveillance,Custom_Rule_Based,specify,VB
10_public_health_surveillance,Custom_Rule_Based,how,WRB
10_public_health_surveillance,Custom_Rule_Based,and,CC
10_public_health_surveillance,Custom_Rule_Based,when,WRB
10_public_health_surveillance,Custom_Rule_Based,information,NN
10_public_health_surveillance,Custom_Rule_Based,is,VBZ
10_public_health_surveillance,Custom_Rule_Based,submitted,VBN
10_public_health_surveillance,Custom_Rule_Based,.,.
10_public_health_surveillance,Custom_Rule_Based,Data,NNP
10_public_health_surveillance,Custom_Rule_Based,quality,NN
10_public_health_surveillance,Custom_Rule_Based,depends,VBZ
10_public_health_surveillance,Custom_Rule_Based,on,IN
10_public_health_surveillance,Custom_Rule_Based,completeness,NN
10_public_health_surveillance,Custom_Rule_Based,",",","
10_public_health_surveillance,Custom_Rule_Based,timeliness,NN
10_public_health_surveillance,Custom_Rule_Based,",",","
10_public_health_surveillance,Custom_Rule_Based,consistency,NN
10_public_health_surveillance,Custom_Rule_Based,",",","
10_public_health_surveillance,Custom_Rule_Based,and,CC
10_public_health_surveillance,Custom_Rule_Based,representativeness,NN
10_public_health_surveillance,Custom_Rule_Based,.,.
10_public_health_surveillance,Custom_Rule_Based,Passive,JJ
10_public_health_surveillance,Custom_Rule_Based,surveillance,NN
10_public_health_surveillance,Custom_Rule_Based,relies,NNS
10_public_health_surveillance,Custom_Rule_Based,on,IN
10_public_health_surveillance,Custom_Rule_Based,routine,JJ
10_public_health_surveillance,Custom_Rule_Based,reporting,NN
10_public_health_surveillance,Custom_Rule_Based,and,CC
10_public_health_surveillance,Custom_Rule_Based,can,MD
10_public_health_surveillance,Custom_Rule_Based,be,VB
10_public_health_surveillance,Custom_Rule_Based,relatively,RB
10_public_health_surveillance,Custom_Rule_Based,efficient,JJ
10_public_health_surveillance,Custom_Rule_Based,but,CC
10_public_health_surveillance,Custom_Rule_Based,may,MD
10_public_health_surveillance,Custom_Rule_Based,miss,VB
10_public_health_surveillance,Custom_Rule_Based,cases,NNS
10_public_health_surveillance,Custom_Rule_Based,.,.
10_public_health_surveillance,Custom_Rule_Based,Active,JJ
10_public_health_surveillance,Custom_Rule_Based,surveillance,NN
10_public_health_surveillance,Custom_Rule_Based,involves,VBZ
10_public_health_surveillance,Custom_Rule_Based,more,RBR
10_public_health_surveillance,Custom_Rule_Based,direct,JJ
10_public_health_surveillance,Custom_Rule_Based,efforts,NNS
10_public_health_surveillance,Custom_Rule_Based,to,TO
10_public_health_surveillance,Custom_Rule_Based,identify,VB
10_public_health_surveillance,Custom_Rule_Based,cases,NNS
10_public_health_surveillance,Custom_Rule_Based,and,CC
10_public_health_surveillance,Custom_Rule_Based,can,MD
10_public_health_surveillance,Custom_Rule_Based,improve,VB
10_public_health_surveillance,Custom_Rule_Based,completeness,NN
10_public_health_surveillance,Custom_Rule_Based,at,IN
10_public_health_surveillance,Custom_Rule_Based,greater,JJR
10_public_health_surveillance,Custom_Rule_Based,cost,NN
10_public_health_surveillance,Custom_Rule_Based,.,.
10_public_health_surveillance,Custom_Rule_Based,Sentinel,NNP
10_public_health_surveillance,Custom_Rule_Based,surveillance,NN
10_public_health_surveillance,Custom_Rule_Based,collects,NNS
10_public_health_surveillance,Custom_Rule_Based,detailed,VBN
10_public_health_surveillance,Custom_Rule_Based,information,NN
10_public_health_surveillance,Custom_Rule_Based,from,IN
10_public_health_surveillance,Custom_Rule_Based,selected,VBN
10_public_health_surveillance,Custom_Rule_Based,sites,NNS
10_public_health_surveillance,Custom_Rule_Based,and,CC
10_public_health_surveillance,Custom_Rule_Based,may,MD
10_public_health_surveillance,Custom_Rule_Based,be,VB
10_public_health_surveillance,Custom_Rule_Based,useful,JJ
10_public_health_surveillance,Custom_Rule_Based,for,IN
10_public_health_surveillance,Custom_Rule_Based,monitoring,VBG
10_public_health_surveillance,Custom_Rule_Based,trends,NNS
10_public_health_surveillance,Custom_Rule_Based,.,.
10_public_health_surveillance,Custom_Rule_Based,Surveillance,NN
10_public_health_surveillance,Custom_Rule_Based,data,NN
10_public_health_surveillance,Custom_Rule_Based,should,MD
10_public_health_surveillance,Custom_Rule_Based,be,VB
10_public_health_surveillance,Custom_Rule_Based,interpreted,VBN
10_public_health_surveillance,Custom_Rule_Based,carefully,RB
10_public_health_surveillance,Custom_Rule_Based,.,.
10_public_health_surveillance,Custom_Rule_Based,Changes,NNS
10_public_health_surveillance,Custom_Rule_Based,in,IN
10_public_health_surveillance,Custom_Rule_Based,reporting,VBG
10_public_health_surveillance,Custom_Rule_Based,systems,NNS
10_public_health_surveillance,Custom_Rule_Based,",",","
10_public_health_surveillance,Custom_Rule_Based,testing,VBG
10_public_health_surveillance,Custom_Rule_Based,practices,NNS
10_public_health_surveillance,Custom_Rule_Based,",",","
10_public_health_surveillance,Custom_Rule_Based,healthcare,JJ
10_public_health_surveillance,Custom_Rule_Based,access,NN
10_public_health_surveillance,Custom_Rule_Based,",",","
10_public_health_surveillance,Custom_Rule_Based,or,CC
10_public_health_surveillance,Custom_Rule_Based,case,NN
10_public_health_surveillance,Custom_Rule_Based,definitions,NNS
10_public_health_surveillance,Custom_Rule_Based,can,MD
10_public_health_surveillance,Custom_Rule_Based,create,VB
10_public_health_surveillance,Custom_Rule_Based,apparent,JJ
10_public_health_surveillance,Custom_Rule_Based,changes,NNS
10_public_health_surveillance,Custom_Rule_Based,that,WDT
10_public_health_surveillance,Custom_Rule_Based,are,VBP
10_public_health_surveillance,Custom_Rule_Based,not,RB
10_public_health_surveillance,Custom_Rule_Based,purely,RB
10_public_health_surveillance,Custom_Rule_Based,epidemiological,JJ
10_public_health_surveillance,Custom_Rule_Based,.,.
10_public_health_surveillance,Custom_Rule_Based,Public-health,NNP
10_public_health_surveillance,Custom_Rule_Based,decision-making,NN
10_public_health_surveillance,Custom_Rule_Based,therefore,NN
10_public_health_surveillance,Custom_Rule_Based,benefits,NNS
10_public_health_surveillance,Custom_Rule_Based,from,IN
10_public_health_surveillance,Custom_Rule_Based,triangulating,VBG
10_public_health_surveillance,Custom_Rule_Based,multiple,JJ
10_public_health_surveillance,Custom_Rule_Based,data,NNS
10_public_health_surveillance,Custom_Rule_Based,sources,NNS
10_public_health_surveillance,Custom_Rule_Based,.,.
11_infection_prevention_healthcare,NLTK,Infection,NNP
11_infection_prevention_healthcare,NLTK,Prevention,NNP
11_infection_prevention_healthcare,NLTK,in,IN
11_infection_prevention_healthcare,NLTK,Healthcare,NNP
11_infection_prevention_healthcare,NLTK,Settings,NNP
11_infection_prevention_healthcare,NLTK,Healthcare,NNP
11_infection_prevention_healthcare,NLTK,facilities,NNS
11_infection_prevention_healthcare,NLTK,require,VBP
11_infection_prevention_healthcare,NLTK,layered,JJ
11_infection_prevention_healthcare,NLTK,infection-prevention,NN
11_infection_prevention_healthcare,NLTK,measures,NNS
11_infection_prevention_healthcare,NLTK,because,IN
11_infection_prevention_healthcare,NLTK,patients,NNS
11_infection_prevention_healthcare,NLTK,and,CC
11_infection_prevention_healthcare,NLTK,healthcare,JJ
11_infection_prevention_healthcare,NLTK,workers,NNS
11_infection_prevention_healthcare,NLTK,may,MD
11_infection_prevention_healthcare,NLTK,encounter,RB
11_infection_prevention_healthcare,NLTK,infectious,JJ
11_infection_prevention_healthcare,NLTK,individuals,NNS
11_infection_prevention_healthcare,NLTK,in,IN
11_infection_prevention_healthcare,NLTK,close-contact,JJ
11_infection_prevention_healthcare,NLTK,environments,NNS
11_infection_prevention_healthcare,NLTK,.,.
11_infection_prevention_healthcare,NLTK,Core,NNP
11_infection_prevention_healthcare,NLTK,practices,NNS
11_infection_prevention_healthcare,NLTK,include,VBP
11_infection_prevention_healthcare,NLTK,hand,NN
11_infection_prevention_healthcare,NLTK,hygiene,NN
11_infection_prevention_healthcare,NLTK,",",","
11_infection_prevention_healthcare,NLTK,appropriate,JJ
11_infection_prevention_healthcare,NLTK,use,NN
11_infection_prevention_healthcare,NLTK,of,IN
11_infection_prevention_healthcare,NLTK,personal,JJ
11_infection_prevention_healthcare,NLTK,protective,JJ
11_infection_prevention_healthcare,NLTK,equipment,NN
11_infection_prevention_healthcare,NLTK,",",","
11_infection_prevention_healthcare,NLTK,environmental,JJ
11_infection_prevention_healthcare,NLTK,cleaning,NN
11_infection_prevention_healthcare,NLTK,",",","
11_infection_prevention_healthcare,NLTK,respiratory,NN
11_infection_prevention_healthcare,NLTK,hygiene,NN
11_infection_prevention_healthcare,NLTK,",",","
11_infection_prevention_healthcare,NLTK,and,CC
11_infection_prevention_healthcare,NLTK,safe,JJ
11_infection_prevention_healthcare,NLTK,patient,NN
11_infection_prevention_healthcare,NLTK,placement,NN
11_infection_prevention_healthcare,NLTK,.,.
11_infection_prevention_healthcare,NLTK,Administrative,JJ
11_infection_prevention_healthcare,NLTK,measures,NNS
11_infection_prevention_healthcare,NLTK,can,MD
11_infection_prevention_healthcare,NLTK,include,VB
11_infection_prevention_healthcare,NLTK,screening,VBG
11_infection_prevention_healthcare,NLTK,or,CC
11_infection_prevention_healthcare,NLTK,triage,NN
11_infection_prevention_healthcare,NLTK,procedures,NNS
11_infection_prevention_healthcare,NLTK,",",","
11_infection_prevention_healthcare,NLTK,staff,NN
11_infection_prevention_healthcare,NLTK,training,NN
11_infection_prevention_healthcare,NLTK,",",","
11_infection_prevention_healthcare,NLTK,vaccination,NN
11_infection_prevention_healthcare,NLTK,programs,NNS
11_infection_prevention_healthcare,NLTK,",",","
11_infection_prevention_healthcare,NLTK,and,CC
11_infection_prevention_healthcare,NLTK,policies,NNS
11_infection_prevention_healthcare,NLTK,for,IN
11_infection_prevention_healthcare,NLTK,managing,VBG
11_infection_prevention_healthcare,NLTK,symptomatic,JJ
11_infection_prevention_healthcare,NLTK,healthcare,NN
11_infection_prevention_healthcare,NLTK,workers,NNS
11_infection_prevention_healthcare,NLTK,.,.
11_infection_prevention_healthcare,NLTK,Engineering,NNP
11_infection_prevention_healthcare,NLTK,controls,VBZ
11_infection_prevention_healthcare,NLTK,include,VBP
11_infection_prevention_healthcare,NLTK,ventilation,NN
11_infection_prevention_healthcare,NLTK,",",","
11_infection_prevention_healthcare,NLTK,physical,JJ
11_infection_prevention_healthcare,NLTK,separation,NN
11_infection_prevention_healthcare,NLTK,",",","
11_infection_prevention_healthcare,NLTK,and,CC
11_infection_prevention_healthcare,NLTK,room,NN
11_infection_prevention_healthcare,NLTK,design,NN
11_infection_prevention_healthcare,NLTK,.,.
11_infection_prevention_healthcare,NLTK,Personal,NNP
11_infection_prevention_healthcare,NLTK,protective,JJ
11_infection_prevention_healthcare,NLTK,equipment,NN
11_infection_prevention_healthcare,NLTK,is,VBZ
11_infection_prevention_healthcare,NLTK,selected,VBN
11_infection_prevention_healthcare,NLTK,according,VBG
11_infection_prevention_healthcare,NLTK,to,TO
11_infection_prevention_healthcare,NLTK,the,DT
11_infection_prevention_healthcare,NLTK,anticipated,JJ
11_infection_prevention_healthcare,NLTK,exposure,NN
11_infection_prevention_healthcare,NLTK,and,CC
11_infection_prevention_healthcare,NLTK,task,NN
11_infection_prevention_healthcare,NLTK,.,.
11_infection_prevention_healthcare,NLTK,Infection,NNP
11_infection_prevention_healthcare,NLTK,prevention,NN
11_infection_prevention_healthcare,NLTK,programs,NNS
11_infection_prevention_healthcare,NLTK,also,RB
11_infection_prevention_healthcare,NLTK,depend,VBP
11_infection_prevention_healthcare,NLTK,on,IN
11_infection_prevention_healthcare,NLTK,monitoring,NN
11_infection_prevention_healthcare,NLTK,.,.
11_infection_prevention_healthcare,NLTK,Facilities,NNS
11_infection_prevention_healthcare,NLTK,can,MD
11_infection_prevention_healthcare,NLTK,track,VB
11_infection_prevention_healthcare,NLTK,healthcare-associated,JJ
11_infection_prevention_healthcare,NLTK,infections,NNS
11_infection_prevention_healthcare,NLTK,",",","
11_infection_prevention_healthcare,NLTK,respiratory,JJ
11_infection_prevention_healthcare,NLTK,illness,NN
11_infection_prevention_healthcare,NLTK,among,IN
11_infection_prevention_healthcare,NLTK,staff,NN
11_infection_prevention_healthcare,NLTK,",",","
11_infection_prevention_healthcare,NLTK,compliance,NN
11_infection_prevention_healthcare,NLTK,with,IN
11_infection_prevention_healthcare,NLTK,selected,VBN
11_infection_prevention_healthcare,NLTK,practices,NNS
11_infection_prevention_healthcare,NLTK,",",","
11_infection_prevention_healthcare,NLTK,and,CC
11_infection_prevention_healthcare,NLTK,environmental,JJ
11_infection_prevention_healthcare,NLTK,indicators,NNS
11_infection_prevention_healthcare,NLTK,.,.
11_infection_prevention_healthcare,NLTK,Training,NN
11_infection_prevention_healthcare,NLTK,should,MD
11_infection_prevention_healthcare,NLTK,be,VB
11_infection_prevention_healthcare,NLTK,repeated,VBN
11_infection_prevention_healthcare,NLTK,and,CC
11_infection_prevention_healthcare,NLTK,adapted,VBN
11_infection_prevention_healthcare,NLTK,when,WRB
11_infection_prevention_healthcare,NLTK,evidence,NN
11_infection_prevention_healthcare,NLTK,or,CC
11_infection_prevention_healthcare,NLTK,recommendations,NNS
11_infection_prevention_healthcare,NLTK,change,VBP
11_infection_prevention_healthcare,NLTK,.,.
11_infection_prevention_healthcare,NLTK,No,DT
11_infection_prevention_healthcare,NLTK,single,JJ
11_infection_prevention_healthcare,NLTK,control,NN
11_infection_prevention_healthcare,NLTK,is,VBZ
11_infection_prevention_healthcare,NLTK,sufficient,JJ
11_infection_prevention_healthcare,NLTK,in,IN
11_infection_prevention_healthcare,NLTK,every,DT
11_infection_prevention_healthcare,NLTK,situation,NN
11_infection_prevention_healthcare,NLTK,.,.
11_infection_prevention_healthcare,NLTK,Layered,VBN
11_infection_prevention_healthcare,NLTK,prevention,NN
11_infection_prevention_healthcare,NLTK,reduces,NNS
11_infection_prevention_healthcare,NLTK,reliance,NN
11_infection_prevention_healthcare,NLTK,on,IN
11_infection_prevention_healthcare,NLTK,one,CD
11_infection_prevention_healthcare,NLTK,barrier,NN
11_infection_prevention_healthcare,NLTK,and,CC
11_infection_prevention_healthcare,NLTK,can,MD
11_infection_prevention_healthcare,NLTK,be,VB
11_infection_prevention_healthcare,NLTK,adapted,VBN
11_infection_prevention_healthcare,NLTK,according,VBG
11_infection_prevention_healthcare,NLTK,to,TO
11_infection_prevention_healthcare,NLTK,the,DT
11_infection_prevention_healthcare,NLTK,pathogen,NN
11_infection_prevention_healthcare,NLTK,",",","
11_infection_prevention_healthcare,NLTK,transmission,NN
11_infection_prevention_healthcare,NLTK,route,NN
11_infection_prevention_healthcare,NLTK,",",","
11_infection_prevention_healthcare,NLTK,patient,JJ
11_infection_prevention_healthcare,NLTK,population,NN
11_infection_prevention_healthcare,NLTK,",",","
11_infection_prevention_healthcare,NLTK,and,CC
11_infection_prevention_healthcare,NLTK,local,JJ
11_infection_prevention_healthcare,NLTK,outbreak,NN
11_infection_prevention_healthcare,NLTK,conditions,NNS
11_infection_prevention_healthcare,NLTK,.,.
11_infection_prevention_healthcare,spaCy,Infection,PROPN
11_infection_prevention_healthcare,spaCy,Prevention,PROPN
11_infection_prevention_healthcare,spaCy,in,ADP
11_infection_prevention_healthcare,spaCy,Healthcare,PROPN
11_infection_prevention_healthcare,spaCy,Settings,PROPN
11_infection_prevention_healthcare,spaCy,Healthcare,PROPN
11_infection_prevention_healthcare,spaCy,facilities,NOUN
11_infection_prevention_healthcare,spaCy,require,VERB
11_infection_prevention_healthcare,spaCy,layered,ADJ
11_infection_prevention_healthcare,spaCy,infection,NOUN
11_infection_prevention_healthcare,spaCy,-,PUNCT
11_infection_prevention_healthcare,spaCy,prevention,NOUN
11_infection_prevention_healthcare,spaCy,measures,NOUN
11_infection_prevention_healthcare,spaCy,because,SCONJ
11_infection_prevention_healthcare,spaCy,patients,NOUN
11_infection_prevention_healthcare,spaCy,and,CCONJ
11_infection_prevention_healthcare,spaCy,healthcare,NOUN
11_infection_prevention_healthcare,spaCy,workers,NOUN
11_infection_prevention_healthcare,spaCy,may,AUX
11_infection_prevention_healthcare,spaCy,encounter,VERB
11_infection_prevention_healthcare,spaCy,infectious,ADJ
11_infection_prevention_healthcare,spaCy,individuals,NOUN
11_infection_prevention_healthcare,spaCy,in,ADP
11_infection_prevention_healthcare,spaCy,close,ADJ
11_infection_prevention_healthcare,spaCy,-,PUNCT
11_infection_prevention_healthcare,spaCy,contact,NOUN
11_infection_prevention_healthcare,spaCy,environments,NOUN
11_infection_prevention_healthcare,spaCy,.,PUNCT
11_infection_prevention_healthcare,spaCy,Core,ADJ
11_infection_prevention_healthcare,spaCy,practices,NOUN
11_infection_prevention_healthcare,spaCy,include,VERB
11_infection_prevention_healthcare,spaCy,hand,NOUN
11_infection_prevention_healthcare,spaCy,hygiene,NOUN
11_infection_prevention_healthcare,spaCy,",",PUNCT
11_infection_prevention_healthcare,spaCy,appropriate,ADJ
11_infection_prevention_healthcare,spaCy,use,NOUN
11_infection_prevention_healthcare,spaCy,of,ADP
11_infection_prevention_healthcare,spaCy,personal,ADJ
11_infection_prevention_healthcare,spaCy,protective,ADJ
11_infection_prevention_healthcare,spaCy,equipment,NOUN
11_infection_prevention_healthcare,spaCy,",",PUNCT
11_infection_prevention_healthcare,spaCy,environmental,ADJ
11_infection_prevention_healthcare,spaCy,cleaning,NOUN
11_infection_prevention_healthcare,spaCy,",",PUNCT
11_infection_prevention_healthcare,spaCy,respiratory,ADJ
11_infection_prevention_healthcare,spaCy,hygiene,NOUN
11_infection_prevention_healthcare,spaCy,",",PUNCT
11_infection_prevention_healthcare,spaCy,and,CCONJ
11_infection_prevention_healthcare,spaCy,safe,ADJ
11_infection_prevention_healthcare,spaCy,patient,ADJ
11_infection_prevention_healthcare,spaCy,placement,NOUN
11_infection_prevention_healthcare,spaCy,.,PUNCT
11_infection_prevention_healthcare,spaCy,Administrative,ADJ
11_infection_prevention_healthcare,spaCy,measures,NOUN
11_infection_prevention_healthcare,spaCy,can,AUX
11_infection_prevention_healthcare,spaCy,include,VERB
11_infection_prevention_healthcare,spaCy,screening,NOUN
11_infection_prevention_healthcare,spaCy,or,CCONJ
11_infection_prevention_healthcare,spaCy,triage,NOUN
11_infection_prevention_healthcare,spaCy,procedures,NOUN
11_infection_prevention_healthcare,spaCy,",",PUNCT
11_infection_prevention_healthcare,spaCy,staff,NOUN
11_infection_prevention_healthcare,spaCy,training,NOUN
11_infection_prevention_healthcare,spaCy,",",PUNCT
11_infection_prevention_healthcare,spaCy,vaccination,NOUN
11_infection_prevention_healthcare,spaCy,programs,NOUN
11_infection_prevention_healthcare,spaCy,",",PUNCT
11_infection_prevention_healthcare,spaCy,and,CCONJ
11_infection_prevention_healthcare,spaCy,policies,NOUN
11_infection_prevention_healthcare,spaCy,for,ADP
11_infection_prevention_healthcare,spaCy,managing,VERB
11_infection_prevention_healthcare,spaCy,symptomatic,ADJ
11_infection_prevention_healthcare,spaCy,healthcare,NOUN
11_infection_prevention_healthcare,spaCy,workers,NOUN
11_infection_prevention_healthcare,spaCy,.,PUNCT
11_infection_prevention_healthcare,spaCy,Engineering,NOUN
11_infection_prevention_healthcare,spaCy,controls,NOUN
11_infection_prevention_healthcare,spaCy,include,VERB
11_infection_prevention_healthcare,spaCy,ventilation,NOUN
11_infection_prevention_healthcare,spaCy,",",PUNCT
11_infection_prevention_healthcare,spaCy,physical,ADJ
11_infection_prevention_healthcare,spaCy,separation,NOUN
11_infection_prevention_healthcare,spaCy,",",PUNCT
11_infection_prevention_healthcare,spaCy,and,CCONJ
11_infection_prevention_healthcare,spaCy,room,NOUN
11_infection_prevention_healthcare,spaCy,design,NOUN
11_infection_prevention_healthcare,spaCy,.,PUNCT
11_infection_prevention_healthcare,spaCy,Personal,ADJ
11_infection_prevention_healthcare,spaCy,protective,ADJ
11_infection_prevention_healthcare,spaCy,equipment,NOUN
11_infection_prevention_healthcare,spaCy,is,AUX
11_infection_prevention_healthcare,spaCy,selected,VERB
11_infection_prevention_healthcare,spaCy,according,VERB
11_infection_prevention_healthcare,spaCy,to,ADP
11_infection_prevention_healthcare,spaCy,the,DET
11_infection_prevention_healthcare,spaCy,anticipated,ADJ
11_infection_prevention_healthcare,spaCy,exposure,NOUN
11_infection_prevention_healthcare,spaCy,and,CCONJ
11_infection_prevention_healthcare,spaCy,task,NOUN
11_infection_prevention_healthcare,spaCy,.,PUNCT
11_infection_prevention_healthcare,spaCy,Infection,NOUN
11_infection_prevention_healthcare,spaCy,prevention,NOUN
11_infection_prevention_healthcare,spaCy,programs,NOUN
11_infection_prevention_healthcare,spaCy,also,ADV
11_infection_prevention_healthcare,spaCy,depend,VERB
11_infection_prevention_healthcare,spaCy,on,ADP
11_infection_prevention_healthcare,spaCy,monitoring,NOUN
11_infection_prevention_healthcare,spaCy,.,PUNCT
11_infection_prevention_healthcare,spaCy,Facilities,NOUN
11_infection_prevention_healthcare,spaCy,can,AUX
11_infection_prevention_healthcare,spaCy,track,VERB
11_infection_prevention_healthcare,spaCy,healthcare,NOUN
11_infection_prevention_healthcare,spaCy,-,PUNCT
11_infection_prevention_healthcare,spaCy,associated,VERB
11_infection_prevention_healthcare,spaCy,infections,NOUN
11_infection_prevention_healthcare,spaCy,",",PUNCT
11_infection_prevention_healthcare,spaCy,respiratory,ADJ
11_infection_prevention_healthcare,spaCy,illness,NOUN
11_infection_prevention_healthcare,spaCy,among,ADP
11_infection_prevention_healthcare,spaCy,staff,NOUN
11_infection_prevention_healthcare,spaCy,",",PUNCT
11_infection_prevention_healthcare,spaCy,compliance,NOUN
11_infection_prevention_healthcare,spaCy,with,ADP
11_infection_prevention_healthcare,spaCy,selected,VERB
11_infection_prevention_healthcare,spaCy,practices,NOUN
11_infection_prevention_healthcare,spaCy,",",PUNCT
11_infection_prevention_healthcare,spaCy,and,CCONJ
11_infection_prevention_healthcare,spaCy,environmental,ADJ
11_infection_prevention_healthcare,spaCy,indicators,NOUN
11_infection_prevention_healthcare,spaCy,.,PUNCT
11_infection_prevention_healthcare,spaCy,Training,NOUN
11_infection_prevention_healthcare,spaCy,should,AUX
11_infection_prevention_healthcare,spaCy,be,AUX
11_infection_prevention_healthcare,spaCy,repeated,VERB
11_infection_prevention_healthcare,spaCy,and,CCONJ
11_infection_prevention_healthcare,spaCy,adapted,VERB
11_infection_prevention_healthcare,spaCy,when,SCONJ
11_infection_prevention_healthcare,spaCy,evidence,NOUN
11_infection_prevention_healthcare,spaCy,or,CCONJ
11_infection_prevention_healthcare,spaCy,recommendations,NOUN
11_infection_prevention_healthcare,spaCy,change,VERB
11_infection_prevention_healthcare,spaCy,.,PUNCT
11_infection_prevention_healthcare,spaCy,No,DET
11_infection_prevention_healthcare,spaCy,single,ADJ
11_infection_prevention_healthcare,spaCy,control,NOUN
11_infection_prevention_healthcare,spaCy,is,AUX
11_infection_prevention_healthcare,spaCy,sufficient,ADJ
11_infection_prevention_healthcare,spaCy,in,ADP
11_infection_prevention_healthcare,spaCy,every,DET
11_infection_prevention_healthcare,spaCy,situation,NOUN
11_infection_prevention_healthcare,spaCy,.,PUNCT
11_infection_prevention_healthcare,spaCy,Layered,ADJ
11_infection_prevention_healthcare,spaCy,prevention,NOUN
11_infection_prevention_healthcare,spaCy,reduces,VERB
11_infection_prevention_healthcare,spaCy,reliance,NOUN
11_infection_prevention_healthcare,spaCy,on,ADP
11_infection_prevention_healthcare,spaCy,one,NUM
11_infection_prevention_healthcare,spaCy,barrier,NOUN
11_infection_prevention_healthcare,spaCy,and,CCONJ
11_infection_prevention_healthcare,spaCy,can,AUX
11_infection_prevention_healthcare,spaCy,be,AUX
11_infection_prevention_healthcare,spaCy,adapted,VERB
11_infection_prevention_healthcare,spaCy,according,VERB
11_infection_prevention_healthcare,spaCy,to,ADP
11_infection_prevention_healthcare,spaCy,the,DET
11_infection_prevention_healthcare,spaCy,pathogen,NOUN
11_infection_prevention_healthcare,spaCy,",",PUNCT
11_infection_prevention_healthcare,spaCy,transmission,NOUN
11_infection_prevention_healthcare,spaCy,route,NOUN
11_infection_prevention_healthcare,spaCy,",",PUNCT
11_infection_prevention_healthcare,spaCy,patient,ADJ
11_infection_prevention_healthcare,spaCy,population,NOUN
11_infection_prevention_healthcare,spaCy,",",PUNCT
11_infection_prevention_healthcare,spaCy,and,CCONJ
11_infection_prevention_healthcare,spaCy,local,ADJ
11_infection_prevention_healthcare,spaCy,outbreak,NOUN
11_infection_prevention_healthcare,spaCy,conditions,NOUN
11_infection_prevention_healthcare,spaCy,.,PUNCT
11_infection_prevention_healthcare,Custom_Rule_Based,Infection,NN
11_infection_prevention_healthcare,Custom_Rule_Based,Prevention,NNP
11_infection_prevention_healthcare,Custom_Rule_Based,in,IN
11_infection_prevention_healthcare,Custom_Rule_Based,Healthcare,NNP
11_infection_prevention_healthcare,Custom_Rule_Based,Settings,NNP
11_infection_prevention_healthcare,Custom_Rule_Based,Healthcare,NNP
11_infection_prevention_healthcare,Custom_Rule_Based,facilities,NNS
11_infection_prevention_healthcare,Custom_Rule_Based,require,VBP
11_infection_prevention_healthcare,Custom_Rule_Based,layered,JJ
11_infection_prevention_healthcare,Custom_Rule_Based,infection-prevention,NN
11_infection_prevention_healthcare,Custom_Rule_Based,measures,NNS
11_infection_prevention_healthcare,Custom_Rule_Based,because,IN
11_infection_prevention_healthcare,Custom_Rule_Based,patients,NNS
11_infection_prevention_healthcare,Custom_Rule_Based,and,CC
11_infection_prevention_healthcare,Custom_Rule_Based,healthcare,JJ
11_infection_prevention_healthcare,Custom_Rule_Based,workers,NNS
11_infection_prevention_healthcare,Custom_Rule_Based,may,MD
11_infection_prevention_healthcare,Custom_Rule_Based,encounter,RB
11_infection_prevention_healthcare,Custom_Rule_Based,infectious,JJ
11_infection_prevention_healthcare,Custom_Rule_Based,individuals,NNS
11_infection_prevention_healthcare,Custom_Rule_Based,in,IN
11_infection_prevention_healthcare,Custom_Rule_Based,close-contact,JJ
11_infection_prevention_healthcare,Custom_Rule_Based,environments,NNS
11_infection_prevention_healthcare,Custom_Rule_Based,.,.
11_infection_prevention_healthcare,Custom_Rule_Based,Core,NNP
11_infection_prevention_healthcare,Custom_Rule_Based,practices,NNS
11_infection_prevention_healthcare,Custom_Rule_Based,include,VBP
11_infection_prevention_healthcare,Custom_Rule_Based,hand,NN
11_infection_prevention_healthcare,Custom_Rule_Based,hygiene,NN
11_infection_prevention_healthcare,Custom_Rule_Based,",",","
11_infection_prevention_healthcare,Custom_Rule_Based,appropriate,JJ
11_infection_prevention_healthcare,Custom_Rule_Based,use,NN
11_infection_prevention_healthcare,Custom_Rule_Based,of,IN
11_infection_prevention_healthcare,Custom_Rule_Based,personal,JJ
11_infection_prevention_healthcare,Custom_Rule_Based,protective,JJ
11_infection_prevention_healthcare,Custom_Rule_Based,equipment,NN
11_infection_prevention_healthcare,Custom_Rule_Based,",",","
11_infection_prevention_healthcare,Custom_Rule_Based,environmental,JJ
11_infection_prevention_healthcare,Custom_Rule_Based,cleaning,NN
11_infection_prevention_healthcare,Custom_Rule_Based,",",","
11_infection_prevention_healthcare,Custom_Rule_Based,respiratory,NN
11_infection_prevention_healthcare,Custom_Rule_Based,hygiene,NN
11_infection_prevention_healthcare,Custom_Rule_Based,",",","
11_infection_prevention_healthcare,Custom_Rule_Based,and,CC
11_infection_prevention_healthcare,Custom_Rule_Based,safe,JJ
11_infection_prevention_healthcare,Custom_Rule_Based,patient,NN
11_infection_prevention_healthcare,Custom_Rule_Based,placement,NN
11_infection_prevention_healthcare,Custom_Rule_Based,.,.
11_infection_prevention_healthcare,Custom_Rule_Based,Administrative,JJ
11_infection_prevention_healthcare,Custom_Rule_Based,measures,NNS
11_infection_prevention_healthcare,Custom_Rule_Based,can,MD
11_infection_prevention_healthcare,Custom_Rule_Based,include,VB
11_infection_prevention_healthcare,Custom_Rule_Based,screening,VBG
11_infection_prevention_healthcare,Custom_Rule_Based,or,CC
11_infection_prevention_healthcare,Custom_Rule_Based,triage,NN
11_infection_prevention_healthcare,Custom_Rule_Based,procedures,NNS
11_infection_prevention_healthcare,Custom_Rule_Based,",",","
11_infection_prevention_healthcare,Custom_Rule_Based,staff,NN
11_infection_prevention_healthcare,Custom_Rule_Based,training,NN
11_infection_prevention_healthcare,Custom_Rule_Based,",",","
11_infection_prevention_healthcare,Custom_Rule_Based,vaccination,NN
11_infection_prevention_healthcare,Custom_Rule_Based,programs,NNS
11_infection_prevention_healthcare,Custom_Rule_Based,",",","
11_infection_prevention_healthcare,Custom_Rule_Based,and,CC
11_infection_prevention_healthcare,Custom_Rule_Based,policies,NNS
11_infection_prevention_healthcare,Custom_Rule_Based,for,IN
11_infection_prevention_healthcare,Custom_Rule_Based,managing,VBG
11_infection_prevention_healthcare,Custom_Rule_Based,symptomatic,JJ
11_infection_prevention_healthcare,Custom_Rule_Based,healthcare,NN
11_infection_prevention_healthcare,Custom_Rule_Based,workers,NNS
11_infection_prevention_healthcare,Custom_Rule_Based,.,.
11_infection_prevention_healthcare,Custom_Rule_Based,Engineering,NNP
11_infection_prevention_healthcare,Custom_Rule_Based,controls,VBZ
11_infection_prevention_healthcare,Custom_Rule_Based,include,VBP
11_infection_prevention_healthcare,Custom_Rule_Based,ventilation,NN
11_infection_prevention_healthcare,Custom_Rule_Based,",",","
11_infection_prevention_healthcare,Custom_Rule_Based,physical,JJ
11_infection_prevention_healthcare,Custom_Rule_Based,separation,NN
11_infection_prevention_healthcare,Custom_Rule_Based,",",","
11_infection_prevention_healthcare,Custom_Rule_Based,and,CC
11_infection_prevention_healthcare,Custom_Rule_Based,room,NN
11_infection_prevention_healthcare,Custom_Rule_Based,design,NN
11_infection_prevention_healthcare,Custom_Rule_Based,.,.
11_infection_prevention_healthcare,Custom_Rule_Based,Personal,NNP
11_infection_prevention_healthcare,Custom_Rule_Based,protective,JJ
11_infection_prevention_healthcare,Custom_Rule_Based,equipment,NN
11_infection_prevention_healthcare,Custom_Rule_Based,is,VBZ
11_infection_prevention_healthcare,Custom_Rule_Based,selected,VBN
11_infection_prevention_healthcare,Custom_Rule_Based,according,VBG
11_infection_prevention_healthcare,Custom_Rule_Based,to,TO
11_infection_prevention_healthcare,Custom_Rule_Based,the,DT
11_infection_prevention_healthcare,Custom_Rule_Based,anticipated,JJ
11_infection_prevention_healthcare,Custom_Rule_Based,exposure,NN
11_infection_prevention_healthcare,Custom_Rule_Based,and,CC
11_infection_prevention_healthcare,Custom_Rule_Based,task,NN
11_infection_prevention_healthcare,Custom_Rule_Based,.,.
11_infection_prevention_healthcare,Custom_Rule_Based,Infection,NN
11_infection_prevention_healthcare,Custom_Rule_Based,prevention,NN
11_infection_prevention_healthcare,Custom_Rule_Based,programs,NNS
11_infection_prevention_healthcare,Custom_Rule_Based,also,RB
11_infection_prevention_healthcare,Custom_Rule_Based,depend,VBP
11_infection_prevention_healthcare,Custom_Rule_Based,on,IN
11_infection_prevention_healthcare,Custom_Rule_Based,monitoring,NN
11_infection_prevention_healthcare,Custom_Rule_Based,.,.
11_infection_prevention_healthcare,Custom_Rule_Based,Facilities,NNS
11_infection_prevention_healthcare,Custom_Rule_Based,can,MD
11_infection_prevention_healthcare,Custom_Rule_Based,track,VB
11_infection_prevention_healthcare,Custom_Rule_Based,healthcare-associated,JJ
11_infection_prevention_healthcare,Custom_Rule_Based,infections,NNS
11_infection_prevention_healthcare,Custom_Rule_Based,",",","
11_infection_prevention_healthcare,Custom_Rule_Based,respiratory,JJ
11_infection_prevention_healthcare,Custom_Rule_Based,illness,NN
11_infection_prevention_healthcare,Custom_Rule_Based,among,IN
11_infection_prevention_healthcare,Custom_Rule_Based,staff,NN
11_infection_prevention_healthcare,Custom_Rule_Based,",",","
11_infection_prevention_healthcare,Custom_Rule_Based,compliance,NN
11_infection_prevention_healthcare,Custom_Rule_Based,with,IN
11_infection_prevention_healthcare,Custom_Rule_Based,selected,VBN
11_infection_prevention_healthcare,Custom_Rule_Based,practices,NNS
11_infection_prevention_healthcare,Custom_Rule_Based,",",","
11_infection_prevention_healthcare,Custom_Rule_Based,and,CC
11_infection_prevention_healthcare,Custom_Rule_Based,environmental,JJ
11_infection_prevention_healthcare,Custom_Rule_Based,indicators,NNS
11_infection_prevention_healthcare,Custom_Rule_Based,.,.
11_infection_prevention_healthcare,Custom_Rule_Based,Training,NN
11_infection_prevention_healthcare,Custom_Rule_Based,should,MD
11_infection_prevention_healthcare,Custom_Rule_Based,be,VB
11_infection_prevention_healthcare,Custom_Rule_Based,repeated,VBN
11_infection_prevention_healthcare,Custom_Rule_Based,and,CC
11_infection_prevention_healthcare,Custom_Rule_Based,adapted,VBN
11_infection_prevention_healthcare,Custom_Rule_Based,when,WRB
11_infection_prevention_healthcare,Custom_Rule_Based,evidence,NN
11_infection_prevention_healthcare,Custom_Rule_Based,or,CC
11_infection_prevention_healthcare,Custom_Rule_Based,recommendations,NNS
11_infection_prevention_healthcare,Custom_Rule_Based,change,VBP
11_infection_prevention_healthcare,Custom_Rule_Based,.,.
11_infection_prevention_healthcare,Custom_Rule_Based,No,DT
11_infection_prevention_healthcare,Custom_Rule_Based,single,JJ
11_infection_prevention_healthcare,Custom_Rule_Based,control,NN
11_infection_prevention_healthcare,Custom_Rule_Based,is,VBZ
11_infection_prevention_healthcare,Custom_Rule_Based,sufficient,JJ
11_infection_prevention_healthcare,Custom_Rule_Based,in,IN
11_infection_prevention_healthcare,Custom_Rule_Based,every,DT
11_infection_prevention_healthcare,Custom_Rule_Based,situation,NN
11_infection_prevention_healthcare,Custom_Rule_Based,.,.
11_infection_prevention_healthcare,Custom_Rule_Based,Layered,VBN
11_infection_prevention_healthcare,Custom_Rule_Based,prevention,NN
11_infection_prevention_healthcare,Custom_Rule_Based,reduces,NNS
11_infection_prevention_healthcare,Custom_Rule_Based,reliance,NN
11_infection_prevention_healthcare,Custom_Rule_Based,on,IN
11_infection_prevention_healthcare,Custom_Rule_Based,one,CD
11_infection_prevention_healthcare,Custom_Rule_Based,barrier,NN
11_infection_prevention_healthcare,Custom_Rule_Based,and,CC
11_infection_prevention_healthcare,Custom_Rule_Based,can,MD
11_infection_prevention_healthcare,Custom_Rule_Based,be,VB
11_infection_prevention_healthcare,Custom_Rule_Based,adapted,VBN
11_infection_prevention_healthcare,Custom_Rule_Based,according,VBG
11_infection_prevention_healthcare,Custom_Rule_Based,to,TO
11_infection_prevention_healthcare,Custom_Rule_Based,the,DT
11_infection_prevention_healthcare,Custom_Rule_Based,pathogen,NN
11_infection_prevention_healthcare,Custom_Rule_Based,",",","
11_infection_prevention_healthcare,Custom_Rule_Based,transmission,NN
11_infection_prevention_healthcare,Custom_Rule_Based,route,NN
11_infection_prevention_healthcare,Custom_Rule_Based,",",","
11_infection_prevention_healthcare,Custom_Rule_Based,patient,JJ
11_infection_prevention_healthcare,Custom_Rule_Based,population,NN
11_infection_prevention_healthcare,Custom_Rule_Based,",",","
11_infection_prevention_healthcare,Custom_Rule_Based,and,CC
11_infection_prevention_healthcare,Custom_Rule_Based,local,JJ
11_infection_prevention_healthcare,Custom_Rule_Based,outbreak,NN
11_infection_prevention_healthcare,Custom_Rule_Based,conditions,NNS
11_infection_prevention_healthcare,Custom_Rule_Based,.,.
12_vaccine_safety_monitoring,NLTK,Vaccine,NNP
12_vaccine_safety_monitoring,NLTK,Safety,NNP
12_vaccine_safety_monitoring,NLTK,and,CC
12_vaccine_safety_monitoring,NLTK,Adverse,NNP
12_vaccine_safety_monitoring,NLTK,Event,NNP
12_vaccine_safety_monitoring,NLTK,Monitoring,NNP
12_vaccine_safety_monitoring,NLTK,Vaccine,NNP
12_vaccine_safety_monitoring,NLTK,safety,NN
12_vaccine_safety_monitoring,NLTK,monitoring,NN
12_vaccine_safety_monitoring,NLTK,continues,VBZ
12_vaccine_safety_monitoring,NLTK,after,IN
12_vaccine_safety_monitoring,NLTK,vaccines,NNS
12_vaccine_safety_monitoring,NLTK,are,VBP
12_vaccine_safety_monitoring,NLTK,authorized,VBN
12_vaccine_safety_monitoring,NLTK,or,CC
12_vaccine_safety_monitoring,NLTK,licensed,VBN
12_vaccine_safety_monitoring,NLTK,because,IN
12_vaccine_safety_monitoring,NLTK,very,RB
12_vaccine_safety_monitoring,NLTK,rare,JJ
12_vaccine_safety_monitoring,NLTK,adverse,JJ
12_vaccine_safety_monitoring,NLTK,events,NNS
12_vaccine_safety_monitoring,NLTK,may,MD
12_vaccine_safety_monitoring,NLTK,only,RB
12_vaccine_safety_monitoring,NLTK,become,VB
12_vaccine_safety_monitoring,NLTK,detectable,JJ
12_vaccine_safety_monitoring,NLTK,when,WRB
12_vaccine_safety_monitoring,NLTK,millions,NNS
12_vaccine_safety_monitoring,NLTK,of,IN
12_vaccine_safety_monitoring,NLTK,doses,NNS
12_vaccine_safety_monitoring,NLTK,are,VBP
12_vaccine_safety_monitoring,NLTK,administered,VBN
12_vaccine_safety_monitoring,NLTK,.,.
12_vaccine_safety_monitoring,NLTK,Surveillance,NNP
12_vaccine_safety_monitoring,NLTK,systems,NNS
12_vaccine_safety_monitoring,NLTK,collect,JJ
12_vaccine_safety_monitoring,NLTK,reports,NNS
12_vaccine_safety_monitoring,NLTK,of,IN
12_vaccine_safety_monitoring,NLTK,health,NN
12_vaccine_safety_monitoring,NLTK,events,NNS
12_vaccine_safety_monitoring,NLTK,that,WDT
12_vaccine_safety_monitoring,NLTK,occur,VBP
12_vaccine_safety_monitoring,NLTK,after,IN
12_vaccine_safety_monitoring,NLTK,vaccination,NN
12_vaccine_safety_monitoring,NLTK,and,CC
12_vaccine_safety_monitoring,NLTK,investigate,NN
12_vaccine_safety_monitoring,NLTK,signals,NNS
12_vaccine_safety_monitoring,NLTK,that,WDT
12_vaccine_safety_monitoring,NLTK,may,MD
12_vaccine_safety_monitoring,NLTK,indicate,VB
12_vaccine_safety_monitoring,NLTK,a,DT
12_vaccine_safety_monitoring,NLTK,potential,JJ
12_vaccine_safety_monitoring,NLTK,association,NN
12_vaccine_safety_monitoring,NLTK,.,.
12_vaccine_safety_monitoring,NLTK,An,DT
12_vaccine_safety_monitoring,NLTK,adverse,JJ
12_vaccine_safety_monitoring,NLTK,event,NN
12_vaccine_safety_monitoring,NLTK,following,VBG
12_vaccine_safety_monitoring,NLTK,immunization,NN
12_vaccine_safety_monitoring,NLTK,is,VBZ
12_vaccine_safety_monitoring,NLTK,not,RB
12_vaccine_safety_monitoring,NLTK,automatically,RB
12_vaccine_safety_monitoring,NLTK,caused,VBN
12_vaccine_safety_monitoring,NLTK,by,IN
12_vaccine_safety_monitoring,NLTK,the,DT
12_vaccine_safety_monitoring,NLTK,vaccine,NN
12_vaccine_safety_monitoring,NLTK,.,.
12_vaccine_safety_monitoring,NLTK,The,DT
12_vaccine_safety_monitoring,NLTK,event,NN
12_vaccine_safety_monitoring,NLTK,may,MD
12_vaccine_safety_monitoring,NLTK,be,VB
12_vaccine_safety_monitoring,NLTK,coincidental,JJ
12_vaccine_safety_monitoring,NLTK,",",","
12_vaccine_safety_monitoring,NLTK,associated,VBN
12_vaccine_safety_monitoring,NLTK,with,IN
12_vaccine_safety_monitoring,NLTK,another,DT
12_vaccine_safety_monitoring,NLTK,medical,JJ
12_vaccine_safety_monitoring,NLTK,condition,NN
12_vaccine_safety_monitoring,NLTK,",",","
12_vaccine_safety_monitoring,NLTK,or,CC
12_vaccine_safety_monitoring,NLTK,potentially,RB
12_vaccine_safety_monitoring,NLTK,related,VBN
12_vaccine_safety_monitoring,NLTK,to,TO
12_vaccine_safety_monitoring,NLTK,vaccination,NN
12_vaccine_safety_monitoring,NLTK,.,.
12_vaccine_safety_monitoring,NLTK,Safety,NNP
12_vaccine_safety_monitoring,NLTK,assessment,NN
12_vaccine_safety_monitoring,NLTK,therefore,NN
12_vaccine_safety_monitoring,NLTK,considers,NNS
12_vaccine_safety_monitoring,NLTK,background,VBP
12_vaccine_safety_monitoring,NLTK,rates,NNS
12_vaccine_safety_monitoring,NLTK,",",","
12_vaccine_safety_monitoring,NLTK,timing,NN
12_vaccine_safety_monitoring,NLTK,",",","
12_vaccine_safety_monitoring,NLTK,biological,JJ
12_vaccine_safety_monitoring,NLTK,plausibility,NN
12_vaccine_safety_monitoring,NLTK,",",","
12_vaccine_safety_monitoring,NLTK,comparison,NN
12_vaccine_safety_monitoring,NLTK,groups,NNS
12_vaccine_safety_monitoring,NLTK,",",","
12_vaccine_safety_monitoring,NLTK,and,CC
12_vaccine_safety_monitoring,NLTK,other,JJ
12_vaccine_safety_monitoring,NLTK,evidence,NN
12_vaccine_safety_monitoring,NLTK,.,.
12_vaccine_safety_monitoring,NLTK,Passive,JJ
12_vaccine_safety_monitoring,NLTK,reporting,NN
12_vaccine_safety_monitoring,NLTK,systems,NNS
12_vaccine_safety_monitoring,NLTK,are,VBP
12_vaccine_safety_monitoring,NLTK,valuable,JJ
12_vaccine_safety_monitoring,NLTK,for,IN
12_vaccine_safety_monitoring,NLTK,signal,JJ
12_vaccine_safety_monitoring,NLTK,detection,NN
12_vaccine_safety_monitoring,NLTK,but,CC
12_vaccine_safety_monitoring,NLTK,can,MD
12_vaccine_safety_monitoring,NLTK,be,VB
12_vaccine_safety_monitoring,NLTK,affected,VBN
12_vaccine_safety_monitoring,NLTK,by,IN
12_vaccine_safety_monitoring,NLTK,underreporting,VBG
12_vaccine_safety_monitoring,NLTK,",",","
12_vaccine_safety_monitoring,NLTK,stimulated,VBD
12_vaccine_safety_monitoring,NLTK,reporting,NN
12_vaccine_safety_monitoring,NLTK,",",","
12_vaccine_safety_monitoring,NLTK,and,CC
12_vaccine_safety_monitoring,NLTK,incomplete,JJ
12_vaccine_safety_monitoring,NLTK,clinical,JJ
12_vaccine_safety_monitoring,NLTK,information,NN
12_vaccine_safety_monitoring,NLTK,.,.
12_vaccine_safety_monitoring,NLTK,Active,JJ
12_vaccine_safety_monitoring,NLTK,surveillance,NN
12_vaccine_safety_monitoring,NLTK,and,CC
12_vaccine_safety_monitoring,NLTK,epidemiological,JJ
12_vaccine_safety_monitoring,NLTK,studies,NNS
12_vaccine_safety_monitoring,NLTK,can,MD
12_vaccine_safety_monitoring,NLTK,provide,VB
12_vaccine_safety_monitoring,NLTK,stronger,JJR
12_vaccine_safety_monitoring,NLTK,estimates,NNS
12_vaccine_safety_monitoring,NLTK,of,IN
12_vaccine_safety_monitoring,NLTK,incidence,NN
12_vaccine_safety_monitoring,NLTK,and,CC
12_vaccine_safety_monitoring,NLTK,relative,JJ
12_vaccine_safety_monitoring,NLTK,risk,NN
12_vaccine_safety_monitoring,NLTK,.,.
12_vaccine_safety_monitoring,NLTK,Clear,JJ
12_vaccine_safety_monitoring,NLTK,communication,NN
12_vaccine_safety_monitoring,NLTK,should,MD
12_vaccine_safety_monitoring,NLTK,distinguish,VB
12_vaccine_safety_monitoring,NLTK,a,DT
12_vaccine_safety_monitoring,NLTK,reported,JJ
12_vaccine_safety_monitoring,NLTK,event,NN
12_vaccine_safety_monitoring,NLTK,from,IN
12_vaccine_safety_monitoring,NLTK,a,DT
12_vaccine_safety_monitoring,NLTK,confirmed,VBN
12_vaccine_safety_monitoring,NLTK,causal,NN
12_vaccine_safety_monitoring,NLTK,relationship,NN
12_vaccine_safety_monitoring,NLTK,.,.
12_vaccine_safety_monitoring,NLTK,Vaccine,NNP
12_vaccine_safety_monitoring,NLTK,safety,NN
12_vaccine_safety_monitoring,NLTK,decisions,NNS
12_vaccine_safety_monitoring,NLTK,are,VBP
12_vaccine_safety_monitoring,NLTK,based,VBN
12_vaccine_safety_monitoring,NLTK,on,IN
12_vaccine_safety_monitoring,NLTK,accumulated,JJ
12_vaccine_safety_monitoring,NLTK,evidence,NN
12_vaccine_safety_monitoring,NLTK,rather,RB
12_vaccine_safety_monitoring,NLTK,than,IN
12_vaccine_safety_monitoring,NLTK,a,DT
12_vaccine_safety_monitoring,NLTK,single,JJ
12_vaccine_safety_monitoring,NLTK,report,NN
12_vaccine_safety_monitoring,NLTK,.,.
12_vaccine_safety_monitoring,NLTK,Monitoring,VBG
12_vaccine_safety_monitoring,NLTK,can,MD
12_vaccine_safety_monitoring,NLTK,lead,VB
12_vaccine_safety_monitoring,NLTK,to,TO
12_vaccine_safety_monitoring,NLTK,updated,JJ
12_vaccine_safety_monitoring,NLTK,warnings,NNS
12_vaccine_safety_monitoring,NLTK,",",","
12_vaccine_safety_monitoring,NLTK,recommendations,NNS
12_vaccine_safety_monitoring,NLTK,",",","
12_vaccine_safety_monitoring,NLTK,or,CC
12_vaccine_safety_monitoring,NLTK,continued,VBN
12_vaccine_safety_monitoring,NLTK,use,NN
12_vaccine_safety_monitoring,NLTK,when,WRB
12_vaccine_safety_monitoring,NLTK,evidence,NN
12_vaccine_safety_monitoring,NLTK,supports,VBZ
12_vaccine_safety_monitoring,NLTK,a,DT
12_vaccine_safety_monitoring,NLTK,favorable,JJ
12_vaccine_safety_monitoring,NLTK,benefit-risk,JJ
12_vaccine_safety_monitoring,NLTK,profile,NN
12_vaccine_safety_monitoring,NLTK,.,.
12_vaccine_safety_monitoring,spaCy,Vaccine,PROPN
12_vaccine_safety_monitoring,spaCy,Safety,PROPN
12_vaccine_safety_monitoring,spaCy,and,CCONJ
12_vaccine_safety_monitoring,spaCy,Adverse,PROPN
12_vaccine_safety_monitoring,spaCy,Event,PROPN
12_vaccine_safety_monitoring,spaCy,Monitoring,PROPN
12_vaccine_safety_monitoring,spaCy,Vaccine,PROPN
12_vaccine_safety_monitoring,spaCy,safety,NOUN
12_vaccine_safety_monitoring,spaCy,monitoring,NOUN
12_vaccine_safety_monitoring,spaCy,continues,VERB
12_vaccine_safety_monitoring,spaCy,after,SCONJ
12_vaccine_safety_monitoring,spaCy,vaccines,NOUN
12_vaccine_safety_monitoring,spaCy,are,AUX
12_vaccine_safety_monitoring,spaCy,authorized,VERB
12_vaccine_safety_monitoring,spaCy,or,CCONJ
12_vaccine_safety_monitoring,spaCy,licensed,VERB
12_vaccine_safety_monitoring,spaCy,because,SCONJ
12_vaccine_safety_monitoring,spaCy,very,ADV
12_vaccine_safety_monitoring,spaCy,rare,ADJ
12_vaccine_safety_monitoring,spaCy,adverse,ADJ
12_vaccine_safety_monitoring,spaCy,events,NOUN
12_vaccine_safety_monitoring,spaCy,may,AUX
12_vaccine_safety_monitoring,spaCy,only,ADV
12_vaccine_safety_monitoring,spaCy,become,VERB
12_vaccine_safety_monitoring,spaCy,detectable,ADJ
12_vaccine_safety_monitoring,spaCy,when,SCONJ
12_vaccine_safety_monitoring,spaCy,millions,NOUN
12_vaccine_safety_monitoring,spaCy,of,ADP
12_vaccine_safety_monitoring,spaCy,doses,NOUN
12_vaccine_safety_monitoring,spaCy,are,AUX
12_vaccine_safety_monitoring,spaCy,administered,VERB
12_vaccine_safety_monitoring,spaCy,.,PUNCT
12_vaccine_safety_monitoring,spaCy,Surveillance,NOUN
12_vaccine_safety_monitoring,spaCy,systems,NOUN
12_vaccine_safety_monitoring,spaCy,collect,VERB
12_vaccine_safety_monitoring,spaCy,reports,NOUN
12_vaccine_safety_monitoring,spaCy,of,ADP
12_vaccine_safety_monitoring,spaCy,health,NOUN
12_vaccine_safety_monitoring,spaCy,events,NOUN
12_vaccine_safety_monitoring,spaCy,that,PRON
12_vaccine_safety_monitoring,spaCy,occur,VERB
12_vaccine_safety_monitoring,spaCy,after,ADP
12_vaccine_safety_monitoring,spaCy,vaccination,NOUN
12_vaccine_safety_monitoring,spaCy,and,CCONJ
12_vaccine_safety_monitoring,spaCy,investigate,VERB
12_vaccine_safety_monitoring,spaCy,signals,NOUN
12_vaccine_safety_monitoring,spaCy,that,PRON
12_vaccine_safety_monitoring,spaCy,may,AUX
12_vaccine_safety_monitoring,spaCy,indicate,VERB
12_vaccine_safety_monitoring,spaCy,a,DET
12_vaccine_safety_monitoring,spaCy,potential,ADJ
12_vaccine_safety_monitoring,spaCy,association,NOUN
12_vaccine_safety_monitoring,spaCy,.,PUNCT
12_vaccine_safety_monitoring,spaCy,An,DET
12_vaccine_safety_monitoring,spaCy,adverse,ADJ
12_vaccine_safety_monitoring,spaCy,event,NOUN
12_vaccine_safety_monitoring,spaCy,following,VERB
12_vaccine_safety_monitoring,spaCy,immunization,NOUN
12_vaccine_safety_monitoring,spaCy,is,AUX
12_vaccine_safety_monitoring,spaCy,not,PART
12_vaccine_safety_monitoring,spaCy,automatically,ADV
12_vaccine_safety_monitoring,spaCy,caused,VERB
12_vaccine_safety_monitoring,spaCy,by,ADP
12_vaccine_safety_monitoring,spaCy,the,DET
12_vaccine_safety_monitoring,spaCy,vaccine,NOUN
12_vaccine_safety_monitoring,spaCy,.,PUNCT
12_vaccine_safety_monitoring,spaCy,The,DET
12_vaccine_safety_monitoring,spaCy,event,NOUN
12_vaccine_safety_monitoring,spaCy,may,AUX
12_vaccine_safety_monitoring,spaCy,be,AUX
12_vaccine_safety_monitoring,spaCy,coincidental,ADJ
12_vaccine_safety_monitoring,spaCy,",",PUNCT
12_vaccine_safety_monitoring,spaCy,associated,VERB
12_vaccine_safety_monitoring,spaCy,with,ADP
12_vaccine_safety_monitoring,spaCy,another,DET
12_vaccine_safety_monitoring,spaCy,medical,ADJ
12_vaccine_safety_monitoring,spaCy,condition,NOUN
12_vaccine_safety_monitoring,spaCy,",",PUNCT
12_vaccine_safety_monitoring,spaCy,or,CCONJ
12_vaccine_safety_monitoring,spaCy,potentially,ADV
12_vaccine_safety_monitoring,spaCy,related,VERB
12_vaccine_safety_monitoring,spaCy,to,ADP
12_vaccine_safety_monitoring,spaCy,vaccination,NOUN
12_vaccine_safety_monitoring,spaCy,.,PUNCT
12_vaccine_safety_monitoring,spaCy,Safety,NOUN
12_vaccine_safety_monitoring,spaCy,assessment,NOUN
12_vaccine_safety_monitoring,spaCy,therefore,ADV
12_vaccine_safety_monitoring,spaCy,considers,VERB
12_vaccine_safety_monitoring,spaCy,background,NOUN
12_vaccine_safety_monitoring,spaCy,rates,NOUN
12_vaccine_safety_monitoring,spaCy,",",PUNCT
12_vaccine_safety_monitoring,spaCy,timing,NOUN
12_vaccine_safety_monitoring,spaCy,",",PUNCT
12_vaccine_safety_monitoring,spaCy,biological,ADJ
12_vaccine_safety_monitoring,spaCy,plausibility,NOUN
12_vaccine_safety_monitoring,spaCy,",",PUNCT
12_vaccine_safety_monitoring,spaCy,comparison,NOUN
12_vaccine_safety_monitoring,spaCy,groups,NOUN
12_vaccine_safety_monitoring,spaCy,",",PUNCT
12_vaccine_safety_monitoring,spaCy,and,CCONJ
12_vaccine_safety_monitoring,spaCy,other,ADJ
12_vaccine_safety_monitoring,spaCy,evidence,NOUN
12_vaccine_safety_monitoring,spaCy,.,PUNCT
12_vaccine_safety_monitoring,spaCy,Passive,PROPN
12_vaccine_safety_monitoring,spaCy,reporting,NOUN
12_vaccine_safety_monitoring,spaCy,systems,NOUN
12_vaccine_safety_monitoring,spaCy,are,AUX
12_vaccine_safety_monitoring,spaCy,valuable,ADJ
12_vaccine_safety_monitoring,spaCy,for,ADP
12_vaccine_safety_monitoring,spaCy,signal,NOUN
12_vaccine_safety_monitoring,spaCy,detection,NOUN
12_vaccine_safety_monitoring,spaCy,but,CCONJ
12_vaccine_safety_monitoring,spaCy,can,AUX
12_vaccine_safety_monitoring,spaCy,be,AUX
12_vaccine_safety_monitoring,spaCy,affected,VERB
12_vaccine_safety_monitoring,spaCy,by,ADP
12_vaccine_safety_monitoring,spaCy,underreporting,VERB
12_vaccine_safety_monitoring,spaCy,",",PUNCT
12_vaccine_safety_monitoring,spaCy,stimulated,ADJ
12_vaccine_safety_monitoring,spaCy,reporting,NOUN
12_vaccine_safety_monitoring,spaCy,",",PUNCT
12_vaccine_safety_monitoring,spaCy,and,CCONJ
12_vaccine_safety_monitoring,spaCy,incomplete,ADJ
12_vaccine_safety_monitoring,spaCy,clinical,ADJ
12_vaccine_safety_monitoring,spaCy,information,NOUN
12_vaccine_safety_monitoring,spaCy,.,PUNCT
12_vaccine_safety_monitoring,spaCy,Active,ADJ
12_vaccine_safety_monitoring,spaCy,surveillance,NOUN
12_vaccine_safety_monitoring,spaCy,and,CCONJ
12_vaccine_safety_monitoring,spaCy,epidemiological,ADJ
12_vaccine_safety_monitoring,spaCy,studies,NOUN
12_vaccine_safety_monitoring,spaCy,can,AUX
12_vaccine_safety_monitoring,spaCy,provide,VERB
12_vaccine_safety_monitoring,spaCy,stronger,ADJ
12_vaccine_safety_monitoring,spaCy,estimates,NOUN
12_vaccine_safety_monitoring,spaCy,of,ADP
12_vaccine_safety_monitoring,spaCy,incidence,NOUN
12_vaccine_safety_monitoring,spaCy,and,CCONJ
12_vaccine_safety_monitoring,spaCy,relative,ADJ
12_vaccine_safety_monitoring,spaCy,risk,NOUN
12_vaccine_safety_monitoring,spaCy,.,PUNCT
12_vaccine_safety_monitoring,spaCy,Clear,ADJ
12_vaccine_safety_monitoring,spaCy,communication,NOUN
12_vaccine_safety_monitoring,spaCy,should,AUX
12_vaccine_safety_monitoring,spaCy,distinguish,VERB
12_vaccine_safety_monitoring,spaCy,a,DET
12_vaccine_safety_monitoring,spaCy,reported,VERB
12_vaccine_safety_monitoring,spaCy,event,NOUN
12_vaccine_safety_monitoring,spaCy,from,ADP
12_vaccine_safety_monitoring,spaCy,a,DET
12_vaccine_safety_monitoring,spaCy,confirmed,VERB
12_vaccine_safety_monitoring,spaCy,causal,NOUN
12_vaccine_safety_monitoring,spaCy,relationship,NOUN
12_vaccine_safety_monitoring,spaCy,.,PUNCT
12_vaccine_safety_monitoring,spaCy,Vaccine,NOUN
12_vaccine_safety_monitoring,spaCy,safety,NOUN
12_vaccine_safety_monitoring,spaCy,decisions,NOUN
12_vaccine_safety_monitoring,spaCy,are,AUX
12_vaccine_safety_monitoring,spaCy,based,VERB
12_vaccine_safety_monitoring,spaCy,on,ADP
12_vaccine_safety_monitoring,spaCy,accumulated,VERB
12_vaccine_safety_monitoring,spaCy,evidence,NOUN
12_vaccine_safety_monitoring,spaCy,rather,ADV
12_vaccine_safety_monitoring,spaCy,than,ADP
12_vaccine_safety_monitoring,spaCy,a,DET
12_vaccine_safety_monitoring,spaCy,single,ADJ
12_vaccine_safety_monitoring,spaCy,report,NOUN
12_vaccine_safety_monitoring,spaCy,.,PUNCT
12_vaccine_safety_monitoring,spaCy,Monitoring,NOUN
12_vaccine_safety_monitoring,spaCy,can,AUX
12_vaccine_safety_monitoring,spaCy,lead,VERB
12_vaccine_safety_monitoring,spaCy,to,ADP
12_vaccine_safety_monitoring,spaCy,updated,VERB
12_vaccine_safety_monitoring,spaCy,warnings,NOUN
12_vaccine_safety_monitoring,spaCy,",",PUNCT
12_vaccine_safety_monitoring,spaCy,recommendations,NOUN
12_vaccine_safety_monitoring,spaCy,",",PUNCT
12_vaccine_safety_monitoring,spaCy,or,CCONJ
12_vaccine_safety_monitoring,spaCy,continued,VERB
12_vaccine_safety_monitoring,spaCy,use,NOUN
12_vaccine_safety_monitoring,spaCy,when,SCONJ
12_vaccine_safety_monitoring,spaCy,evidence,NOUN
12_vaccine_safety_monitoring,spaCy,supports,VERB
12_vaccine_safety_monitoring,spaCy,a,DET
12_vaccine_safety_monitoring,spaCy,favorable,ADJ
12_vaccine_safety_monitoring,spaCy,benefit,NOUN
12_vaccine_safety_monitoring,spaCy,-,PUNCT
12_vaccine_safety_monitoring,spaCy,risk,NOUN
12_vaccine_safety_monitoring,spaCy,profile,NOUN
12_vaccine_safety_monitoring,spaCy,.,PUNCT
12_vaccine_safety_monitoring,Custom_Rule_Based,Vaccine,NN
12_vaccine_safety_monitoring,Custom_Rule_Based,Safety,NNP
12_vaccine_safety_monitoring,Custom_Rule_Based,and,CC
12_vaccine_safety_monitoring,Custom_Rule_Based,Adverse,NNP
12_vaccine_safety_monitoring,Custom_Rule_Based,Event,NNP
12_vaccine_safety_monitoring,Custom_Rule_Based,Monitoring,NNP
12_vaccine_safety_monitoring,Custom_Rule_Based,Vaccine,NN
12_vaccine_safety_monitoring,Custom_Rule_Based,safety,NN
12_vaccine_safety_monitoring,Custom_Rule_Based,monitoring,NN
12_vaccine_safety_monitoring,Custom_Rule_Based,continues,VBZ
12_vaccine_safety_monitoring,Custom_Rule_Based,after,IN
12_vaccine_safety_monitoring,Custom_Rule_Based,vaccines,NNS
12_vaccine_safety_monitoring,Custom_Rule_Based,are,VBP
12_vaccine_safety_monitoring,Custom_Rule_Based,authorized,VBN
12_vaccine_safety_monitoring,Custom_Rule_Based,or,CC
12_vaccine_safety_monitoring,Custom_Rule_Based,licensed,VBN
12_vaccine_safety_monitoring,Custom_Rule_Based,because,IN
12_vaccine_safety_monitoring,Custom_Rule_Based,very,RB
12_vaccine_safety_monitoring,Custom_Rule_Based,rare,JJ
12_vaccine_safety_monitoring,Custom_Rule_Based,adverse,JJ
12_vaccine_safety_monitoring,Custom_Rule_Based,events,NNS
12_vaccine_safety_monitoring,Custom_Rule_Based,may,MD
12_vaccine_safety_monitoring,Custom_Rule_Based,only,RB
12_vaccine_safety_monitoring,Custom_Rule_Based,become,VB
12_vaccine_safety_monitoring,Custom_Rule_Based,detectable,JJ
12_vaccine_safety_monitoring,Custom_Rule_Based,when,WRB
12_vaccine_safety_monitoring,Custom_Rule_Based,millions,NNS
12_vaccine_safety_monitoring,Custom_Rule_Based,of,IN
12_vaccine_safety_monitoring,Custom_Rule_Based,doses,NNS
12_vaccine_safety_monitoring,Custom_Rule_Based,are,VBP
12_vaccine_safety_monitoring,Custom_Rule_Based,administered,VBN
12_vaccine_safety_monitoring,Custom_Rule_Based,.,.
12_vaccine_safety_monitoring,Custom_Rule_Based,Surveillance,NN
12_vaccine_safety_monitoring,Custom_Rule_Based,systems,NNS
12_vaccine_safety_monitoring,Custom_Rule_Based,collect,JJ
12_vaccine_safety_monitoring,Custom_Rule_Based,reports,NNS
12_vaccine_safety_monitoring,Custom_Rule_Based,of,IN
12_vaccine_safety_monitoring,Custom_Rule_Based,health,NN
12_vaccine_safety_monitoring,Custom_Rule_Based,events,NNS
12_vaccine_safety_monitoring,Custom_Rule_Based,that,WDT
12_vaccine_safety_monitoring,Custom_Rule_Based,occur,VBP
12_vaccine_safety_monitoring,Custom_Rule_Based,after,IN
12_vaccine_safety_monitoring,Custom_Rule_Based,vaccination,NN
12_vaccine_safety_monitoring,Custom_Rule_Based,and,CC
12_vaccine_safety_monitoring,Custom_Rule_Based,investigate,NN
12_vaccine_safety_monitoring,Custom_Rule_Based,signals,NNS
12_vaccine_safety_monitoring,Custom_Rule_Based,that,WDT
12_vaccine_safety_monitoring,Custom_Rule_Based,may,MD
12_vaccine_safety_monitoring,Custom_Rule_Based,indicate,VB
12_vaccine_safety_monitoring,Custom_Rule_Based,a,DT
12_vaccine_safety_monitoring,Custom_Rule_Based,potential,JJ
12_vaccine_safety_monitoring,Custom_Rule_Based,association,NN
12_vaccine_safety_monitoring,Custom_Rule_Based,.,.
12_vaccine_safety_monitoring,Custom_Rule_Based,An,DT
12_vaccine_safety_monitoring,Custom_Rule_Based,adverse,JJ
12_vaccine_safety_monitoring,Custom_Rule_Based,event,NN
12_vaccine_safety_monitoring,Custom_Rule_Based,following,VBG
12_vaccine_safety_monitoring,Custom_Rule_Based,immunization,NN
12_vaccine_safety_monitoring,Custom_Rule_Based,is,VBZ
12_vaccine_safety_monitoring,Custom_Rule_Based,not,RB
12_vaccine_safety_monitoring,Custom_Rule_Based,automatically,RB
12_vaccine_safety_monitoring,Custom_Rule_Based,caused,VBN
12_vaccine_safety_monitoring,Custom_Rule_Based,by,IN
12_vaccine_safety_monitoring,Custom_Rule_Based,the,DT
12_vaccine_safety_monitoring,Custom_Rule_Based,vaccine,NN
12_vaccine_safety_monitoring,Custom_Rule_Based,.,.
12_vaccine_safety_monitoring,Custom_Rule_Based,The,DT
12_vaccine_safety_monitoring,Custom_Rule_Based,event,NN
12_vaccine_safety_monitoring,Custom_Rule_Based,may,MD
12_vaccine_safety_monitoring,Custom_Rule_Based,be,VB
12_vaccine_safety_monitoring,Custom_Rule_Based,coincidental,JJ
12_vaccine_safety_monitoring,Custom_Rule_Based,",",","
12_vaccine_safety_monitoring,Custom_Rule_Based,associated,VBN
12_vaccine_safety_monitoring,Custom_Rule_Based,with,IN
12_vaccine_safety_monitoring,Custom_Rule_Based,another,DT
12_vaccine_safety_monitoring,Custom_Rule_Based,medical,JJ
12_vaccine_safety_monitoring,Custom_Rule_Based,condition,NN
12_vaccine_safety_monitoring,Custom_Rule_Based,",",","
12_vaccine_safety_monitoring,Custom_Rule_Based,or,CC
12_vaccine_safety_monitoring,Custom_Rule_Based,potentially,RB
12_vaccine_safety_monitoring,Custom_Rule_Based,related,VBN
12_vaccine_safety_monitoring,Custom_Rule_Based,to,TO
12_vaccine_safety_monitoring,Custom_Rule_Based,vaccination,NN
12_vaccine_safety_monitoring,Custom_Rule_Based,.,.
12_vaccine_safety_monitoring,Custom_Rule_Based,Safety,NNP
12_vaccine_safety_monitoring,Custom_Rule_Based,assessment,NN
12_vaccine_safety_monitoring,Custom_Rule_Based,therefore,NN
12_vaccine_safety_monitoring,Custom_Rule_Based,considers,NNS
12_vaccine_safety_monitoring,Custom_Rule_Based,background,VBP
12_vaccine_safety_monitoring,Custom_Rule_Based,rates,NNS
12_vaccine_safety_monitoring,Custom_Rule_Based,",",","
12_vaccine_safety_monitoring,Custom_Rule_Based,timing,NN
12_vaccine_safety_monitoring,Custom_Rule_Based,",",","
12_vaccine_safety_monitoring,Custom_Rule_Based,biological,JJ
12_vaccine_safety_monitoring,Custom_Rule_Based,plausibility,NN
12_vaccine_safety_monitoring,Custom_Rule_Based,",",","
12_vaccine_safety_monitoring,Custom_Rule_Based,comparison,NN
12_vaccine_safety_monitoring,Custom_Rule_Based,groups,NNS
12_vaccine_safety_monitoring,Custom_Rule_Based,",",","
12_vaccine_safety_monitoring,Custom_Rule_Based,and,CC
12_vaccine_safety_monitoring,Custom_Rule_Based,other,JJ
12_vaccine_safety_monitoring,Custom_Rule_Based,evidence,NN
12_vaccine_safety_monitoring,Custom_Rule_Based,.,.
12_vaccine_safety_monitoring,Custom_Rule_Based,Passive,JJ
12_vaccine_safety_monitoring,Custom_Rule_Based,reporting,NN
12_vaccine_safety_monitoring,Custom_Rule_Based,systems,NNS
12_vaccine_safety_monitoring,Custom_Rule_Based,are,VBP
12_vaccine_safety_monitoring,Custom_Rule_Based,valuable,JJ
12_vaccine_safety_monitoring,Custom_Rule_Based,for,IN
12_vaccine_safety_monitoring,Custom_Rule_Based,signal,JJ
12_vaccine_safety_monitoring,Custom_Rule_Based,detection,NN
12_vaccine_safety_monitoring,Custom_Rule_Based,but,CC
12_vaccine_safety_monitoring,Custom_Rule_Based,can,MD
12_vaccine_safety_monitoring,Custom_Rule_Based,be,VB
12_vaccine_safety_monitoring,Custom_Rule_Based,affected,VBN
12_vaccine_safety_monitoring,Custom_Rule_Based,by,IN
12_vaccine_safety_monitoring,Custom_Rule_Based,underreporting,VBG
12_vaccine_safety_monitoring,Custom_Rule_Based,",",","
12_vaccine_safety_monitoring,Custom_Rule_Based,stimulated,VBD
12_vaccine_safety_monitoring,Custom_Rule_Based,reporting,NN
12_vaccine_safety_monitoring,Custom_Rule_Based,",",","
12_vaccine_safety_monitoring,Custom_Rule_Based,and,CC
12_vaccine_safety_monitoring,Custom_Rule_Based,incomplete,JJ
12_vaccine_safety_monitoring,Custom_Rule_Based,clinical,JJ
12_vaccine_safety_monitoring,Custom_Rule_Based,information,NN
12_vaccine_safety_monitoring,Custom_Rule_Based,.,.
12_vaccine_safety_monitoring,Custom_Rule_Based,Active,JJ
12_vaccine_safety_monitoring,Custom_Rule_Based,surveillance,NN
12_vaccine_safety_monitoring,Custom_Rule_Based,and,CC
12_vaccine_safety_monitoring,Custom_Rule_Based,epidemiological,JJ
12_vaccine_safety_monitoring,Custom_Rule_Based,studies,NNS
12_vaccine_safety_monitoring,Custom_Rule_Based,can,MD
12_vaccine_safety_monitoring,Custom_Rule_Based,provide,VB
12_vaccine_safety_monitoring,Custom_Rule_Based,stronger,JJR
12_vaccine_safety_monitoring,Custom_Rule_Based,estimates,NNS
12_vaccine_safety_monitoring,Custom_Rule_Based,of,IN
12_vaccine_safety_monitoring,Custom_Rule_Based,incidence,NN
12_vaccine_safety_monitoring,Custom_Rule_Based,and,CC
12_vaccine_safety_monitoring,Custom_Rule_Based,relative,JJ
12_vaccine_safety_monitoring,Custom_Rule_Based,risk,NN
12_vaccine_safety_monitoring,Custom_Rule_Based,.,.
12_vaccine_safety_monitoring,Custom_Rule_Based,Clear,JJ
12_vaccine_safety_monitoring,Custom_Rule_Based,communication,NN
12_vaccine_safety_monitoring,Custom_Rule_Based,should,MD
12_vaccine_safety_monitoring,Custom_Rule_Based,distinguish,VB
12_vaccine_safety_monitoring,Custom_Rule_Based,a,DT
12_vaccine_safety_monitoring,Custom_Rule_Based,reported,JJ
12_vaccine_safety_monitoring,Custom_Rule_Based,event,NN
12_vaccine_safety_monitoring,Custom_Rule_Based,from,IN
12_vaccine_safety_monitoring,Custom_Rule_Based,a,DT
12_vaccine_safety_monitoring,Custom_Rule_Based,confirmed,VBN
12_vaccine_safety_monitoring,Custom_Rule_Based,causal,NN
12_vaccine_safety_monitoring,Custom_Rule_Based,relationship,NN
12_vaccine_safety_monitoring,Custom_Rule_Based,.,.
12_vaccine_safety_monitoring,Custom_Rule_Based,Vaccine,NN
12_vaccine_safety_monitoring,Custom_Rule_Based,safety,NN
12_vaccine_safety_monitoring,Custom_Rule_Based,decisions,NNS
12_vaccine_safety_monitoring,Custom_Rule_Based,are,VBP
12_vaccine_safety_monitoring,Custom_Rule_Based,based,VBN
12_vaccine_safety_monitoring,Custom_Rule_Based,on,IN
12_vaccine_safety_monitoring,Custom_Rule_Based,accumulated,JJ
12_vaccine_safety_monitoring,Custom_Rule_Based,evidence,NN
12_vaccine_safety_monitoring,Custom_Rule_Based,rather,RB
12_vaccine_safety_monitoring,Custom_Rule_Based,than,IN
12_vaccine_safety_monitoring,Custom_Rule_Based,a,DT
12_vaccine_safety_monitoring,Custom_Rule_Based,single,JJ
12_vaccine_safety_monitoring,Custom_Rule_Based,report,NN
12_vaccine_safety_monitoring,Custom_Rule_Based,.,.
12_vaccine_safety_monitoring,Custom_Rule_Based,Monitoring,VBG
12_vaccine_safety_monitoring,Custom_Rule_Based,can,MD
12_vaccine_safety_monitoring,Custom_Rule_Based,lead,VB
12_vaccine_safety_monitoring,Custom_Rule_Based,to,TO
12_vaccine_safety_monitoring,Custom_Rule_Based,updated,JJ
12_vaccine_safety_monitoring,Custom_Rule_Based,warnings,NNS
12_vaccine_safety_monitoring,Custom_Rule_Based,",",","
12_vaccine_safety_monitoring,Custom_Rule_Based,recommendations,NNS
12_vaccine_safety_monitoring,Custom_Rule_Based,",",","
12_vaccine_safety_monitoring,Custom_Rule_Based,or,CC
12_vaccine_safety_monitoring,Custom_Rule_Based,continued,VBN
12_vaccine_safety_monitoring,Custom_Rule_Based,use,NN
12_vaccine_safety_monitoring,Custom_Rule_Based,when,WRB
12_vaccine_safety_monitoring,Custom_Rule_Based,evidence,NN
12_vaccine_safety_monitoring,Custom_Rule_Based,supports,VBZ
12_vaccine_safety_monitoring,Custom_Rule_Based,a,DT
12_vaccine_safety_monitoring,Custom_Rule_Based,favorable,JJ
12_vaccine_safety_monitoring,Custom_Rule_Based,benefit-risk,JJ
12_vaccine_safety_monitoring,Custom_Rule_Based,profile,NN
12_vaccine_safety_monitoring,Custom_Rule_Based,.,.
13_risk_communication,NLTK,Risk,NN
13_risk_communication,NLTK,Communication,NNP
13_risk_communication,NLTK,During,IN
13_risk_communication,NLTK,Infectious,NNP
13_risk_communication,NLTK,Disease,NNP
13_risk_communication,NLTK,Events,NNP
13_risk_communication,NLTK,Risk,NNP
13_risk_communication,NLTK,communication,NN
13_risk_communication,NLTK,provides,VBZ
13_risk_communication,NLTK,people,NNS
13_risk_communication,NLTK,with,IN
13_risk_communication,NLTK,information,NN
13_risk_communication,NLTK,needed,VBN
13_risk_communication,NLTK,to,TO
13_risk_communication,NLTK,understand,VB
13_risk_communication,NLTK,a,DT
13_risk_communication,NLTK,public-health,NN
13_risk_communication,NLTK,threat,NN
13_risk_communication,NLTK,and,CC
13_risk_communication,NLTK,make,VB
13_risk_communication,NLTK,informed,JJ
13_risk_communication,NLTK,decisions,NNS
13_risk_communication,NLTK,.,.
13_risk_communication,NLTK,Effective,JJ
13_risk_communication,NLTK,communication,NN
13_risk_communication,NLTK,should,MD
13_risk_communication,NLTK,explain,VB
13_risk_communication,NLTK,what,WP
13_risk_communication,NLTK,is,VBZ
13_risk_communication,NLTK,known,VBN
13_risk_communication,NLTK,",",","
13_risk_communication,NLTK,what,WP
13_risk_communication,NLTK,is,VBZ
13_risk_communication,NLTK,uncertain,JJ
13_risk_communication,NLTK,",",","
13_risk_communication,NLTK,what,WP
13_risk_communication,NLTK,actions,NNS
13_risk_communication,NLTK,are,VBP
13_risk_communication,NLTK,recommended,VBN
13_risk_communication,NLTK,",",","
13_risk_communication,NLTK,and,CC
13_risk_communication,NLTK,why,WRB
13_risk_communication,NLTK,recommendations,NNS
13_risk_communication,NLTK,may,MD
13_risk_communication,NLTK,change,VB
13_risk_communication,NLTK,.,.
13_risk_communication,NLTK,Numbers,NNS
13_risk_communication,NLTK,should,MD
13_risk_communication,NLTK,be,VB
13_risk_communication,NLTK,presented,VBN
13_risk_communication,NLTK,with,IN
13_risk_communication,NLTK,context,NN
13_risk_communication,NLTK,.,.
13_risk_communication,NLTK,For,IN
13_risk_communication,NLTK,example,NN
13_risk_communication,NLTK,",",","
13_risk_communication,NLTK,a,DT
13_risk_communication,NLTK,percentage,NN
13_risk_communication,NLTK,without,IN
13_risk_communication,NLTK,a,DT
13_risk_communication,NLTK,denominator,NN
13_risk_communication,NLTK,",",","
13_risk_communication,NLTK,comparison,NN
13_risk_communication,NLTK,group,NN
13_risk_communication,NLTK,",",","
13_risk_communication,NLTK,time,NN
13_risk_communication,NLTK,period,NN
13_risk_communication,NLTK,",",","
13_risk_communication,NLTK,or,CC
13_risk_communication,NLTK,outcome,NN
13_risk_communication,NLTK,can,MD
13_risk_communication,NLTK,be,VB
13_risk_communication,NLTK,misleading,VBG
13_risk_communication,NLTK,.,.
13_risk_communication,NLTK,Communicators,NNS
13_risk_communication,NLTK,should,MD
13_risk_communication,NLTK,distinguish,VB
13_risk_communication,NLTK,absolute,NN
13_risk_communication,NLTK,risk,NN
13_risk_communication,NLTK,from,IN
13_risk_communication,NLTK,relative,JJ
13_risk_communication,NLTK,risk,NN
13_risk_communication,NLTK,and,CC
13_risk_communication,NLTK,avoid,VB
13_risk_communication,NLTK,implying,VBG
13_risk_communication,NLTK,certainty,NN
13_risk_communication,NLTK,when,WRB
13_risk_communication,NLTK,evidence,NN
13_risk_communication,NLTK,remains,VBZ
13_risk_communication,NLTK,limited,JJ
13_risk_communication,NLTK,.,.
13_risk_communication,NLTK,Trust,NNP
13_risk_communication,NLTK,can,MD
13_risk_communication,NLTK,be,VB
13_risk_communication,NLTK,supported,VBN
13_risk_communication,NLTK,by,IN
13_risk_communication,NLTK,acknowledging,VBG
13_risk_communication,NLTK,uncertainty,NN
13_risk_communication,NLTK,rather,RB
13_risk_communication,NLTK,than,IN
13_risk_communication,NLTK,hiding,VBG
13_risk_communication,NLTK,it,PRP
13_risk_communication,NLTK,.,.
13_risk_communication,NLTK,During,IN
13_risk_communication,NLTK,a,DT
13_risk_communication,NLTK,rapidly,RB
13_risk_communication,NLTK,changing,VBG
13_risk_communication,NLTK,outbreak,NN
13_risk_communication,NLTK,",",","
13_risk_communication,NLTK,evidence,NN
13_risk_communication,NLTK,can,MD
13_risk_communication,NLTK,evolve,VB
13_risk_communication,NLTK,as,IN
13_risk_communication,NLTK,new,JJ
13_risk_communication,NLTK,studies,NNS
13_risk_communication,NLTK,become,VBP
13_risk_communication,NLTK,available,JJ
13_risk_communication,NLTK,.,.
13_risk_communication,NLTK,Explaining,VBG
13_risk_communication,NLTK,the,DT
13_risk_communication,NLTK,reason,NN
13_risk_communication,NLTK,for,IN
13_risk_communication,NLTK,an,DT
13_risk_communication,NLTK,updated,JJ
13_risk_communication,NLTK,recommendation,NN
13_risk_communication,NLTK,can,MD
13_risk_communication,NLTK,help,VB
13_risk_communication,NLTK,people,NNS
13_risk_communication,NLTK,understand,VBP
13_risk_communication,NLTK,that,IN
13_risk_communication,NLTK,changing,VBG
13_risk_communication,NLTK,guidance,NN
13_risk_communication,NLTK,does,VBZ
13_risk_communication,NLTK,not,RB
13_risk_communication,NLTK,necessarily,RB
13_risk_communication,NLTK,mean,VB
13_risk_communication,NLTK,that,IN
13_risk_communication,NLTK,earlier,JJR
13_risk_communication,NLTK,information,NN
13_risk_communication,NLTK,was,VBD
13_risk_communication,NLTK,intentionally,RB
13_risk_communication,NLTK,misleading,JJ
13_risk_communication,NLTK,.,.
13_risk_communication,NLTK,Communication,NN
13_risk_communication,NLTK,should,MD
13_risk_communication,NLTK,also,RB
13_risk_communication,NLTK,consider,VB
13_risk_communication,NLTK,language,NN
13_risk_communication,NLTK,",",","
13_risk_communication,NLTK,accessibility,NN
13_risk_communication,NLTK,",",","
13_risk_communication,NLTK,cultural,JJ
13_risk_communication,NLTK,context,NN
13_risk_communication,NLTK,",",","
13_risk_communication,NLTK,and,CC
13_risk_communication,NLTK,misinformation,NN
13_risk_communication,NLTK,.,.
13_risk_communication,NLTK,Public-health,NN
13_risk_communication,NLTK,messages,NNS
13_risk_communication,NLTK,are,VBP
13_risk_communication,NLTK,more,RBR
13_risk_communication,NLTK,useful,JJ
13_risk_communication,NLTK,when,WRB
13_risk_communication,NLTK,they,PRP
13_risk_communication,NLTK,provide,VBP
13_risk_communication,NLTK,practical,JJ
13_risk_communication,NLTK,actions,NNS
13_risk_communication,NLTK,and,CC
13_risk_communication,NLTK,identify,VB
13_risk_communication,NLTK,reliable,JJ
13_risk_communication,NLTK,sources,NNS
13_risk_communication,NLTK,for,IN
13_risk_communication,NLTK,additional,JJ
13_risk_communication,NLTK,information,NN
13_risk_communication,NLTK,.,.
13_risk_communication,spaCy,Risk,NOUN
13_risk_communication,spaCy,Communication,PROPN
13_risk_communication,spaCy,During,ADP
13_risk_communication,spaCy,Infectious,ADJ
13_risk_communication,spaCy,Disease,PROPN
13_risk_communication,spaCy,Events,NOUN
13_risk_communication,spaCy,Risk,NOUN
13_risk_communication,spaCy,communication,NOUN
13_risk_communication,spaCy,provides,VERB
13_risk_communication,spaCy,people,NOUN
13_risk_communication,spaCy,with,ADP
13_risk_communication,spaCy,information,NOUN
13_risk_communication,spaCy,needed,VERB
13_risk_communication,spaCy,to,PART
13_risk_communication,spaCy,understand,VERB
13_risk_communication,spaCy,a,DET
13_risk_communication,spaCy,public,ADJ
13_risk_communication,spaCy,-,PUNCT
13_risk_communication,spaCy,health,NOUN
13_risk_communication,spaCy,threat,NOUN
13_risk_communication,spaCy,and,CCONJ
13_risk_communication,spaCy,make,VERB
13_risk_communication,spaCy,informed,ADJ
13_risk_communication,spaCy,decisions,NOUN
13_risk_communication,spaCy,.,PUNCT
13_risk_communication,spaCy,Effective,ADJ
13_risk_communication,spaCy,communication,NOUN
13_risk_communication,spaCy,should,AUX
13_risk_communication,spaCy,explain,VERB
13_risk_communication,spaCy,what,PRON
13_risk_communication,spaCy,is,AUX
13_risk_communication,spaCy,known,VERB
13_risk_communication,spaCy,",",PUNCT
13_risk_communication,spaCy,what,PRON
13_risk_communication,spaCy,is,AUX
13_risk_communication,spaCy,uncertain,ADJ
13_risk_communication,spaCy,",",PUNCT
13_risk_communication,spaCy,what,DET
13_risk_communication,spaCy,actions,NOUN
13_risk_communication,spaCy,are,AUX
13_risk_communication,spaCy,recommended,VERB
13_risk_communication,spaCy,",",PUNCT
13_risk_communication,spaCy,and,CCONJ
13_risk_communication,spaCy,why,SCONJ
13_risk_communication,spaCy,recommendations,NOUN
13_risk_communication,spaCy,may,AUX
13_risk_communication,spaCy,change,VERB
13_risk_communication,spaCy,.,PUNCT
13_risk_communication,spaCy,Numbers,NOUN
13_risk_communication,spaCy,should,AUX
13_risk_communication,spaCy,be,AUX
13_risk_communication,spaCy,presented,VERB
13_risk_communication,spaCy,with,ADP
13_risk_communication,spaCy,context,NOUN
13_risk_communication,spaCy,.,PUNCT
13_risk_communication,spaCy,For,ADP
13_risk_communication,spaCy,example,NOUN
13_risk_communication,spaCy,",",PUNCT
13_risk_communication,spaCy,a,DET
13_risk_communication,spaCy,percentage,NOUN
13_risk_communication,spaCy,without,ADP
13_risk_communication,spaCy,a,DET
13_risk_communication,spaCy,denominator,NOUN
13_risk_communication,spaCy,",",PUNCT
13_risk_communication,spaCy,comparison,NOUN
13_risk_communication,spaCy,group,NOUN
13_risk_communication,spaCy,",",PUNCT
13_risk_communication,spaCy,time,NOUN
13_risk_communication,spaCy,period,NOUN
13_risk_communication,spaCy,",",PUNCT
13_risk_communication,spaCy,or,CCONJ
13_risk_communication,spaCy,outcome,NOUN
13_risk_communication,spaCy,can,AUX
13_risk_communication,spaCy,be,AUX
13_risk_communication,spaCy,misleading,ADJ
13_risk_communication,spaCy,.,PUNCT
13_risk_communication,spaCy,Communicators,NOUN
13_risk_communication,spaCy,should,AUX
13_risk_communication,spaCy,distinguish,VERB
13_risk_communication,spaCy,absolute,ADJ
13_risk_communication,spaCy,risk,NOUN
13_risk_communication,spaCy,from,ADP
13_risk_communication,spaCy,relative,ADJ
13_risk_communication,spaCy,risk,NOUN
13_risk_communication,spaCy,and,CCONJ
13_risk_communication,spaCy,avoid,VERB
13_risk_communication,spaCy,implying,VERB
13_risk_communication,spaCy,certainty,NOUN
13_risk_communication,spaCy,when,SCONJ
13_risk_communication,spaCy,evidence,NOUN
13_risk_communication,spaCy,remains,VERB
13_risk_communication,spaCy,limited,ADJ
13_risk_communication,spaCy,.,PUNCT
13_risk_communication,spaCy,Trust,PROPN
13_risk_communication,spaCy,can,AUX
13_risk_communication,spaCy,be,AUX
13_risk_communication,spaCy,supported,VERB
13_risk_communication,spaCy,by,ADP
13_risk_communication,spaCy,acknowledging,VERB
13_risk_communication,spaCy,uncertainty,NOUN
13_risk_communication,spaCy,rather,ADV
13_risk_communication,spaCy,than,ADP
13_risk_communication,spaCy,hiding,VERB
13_risk_communication,spaCy,it,PRON
13_risk_communication,spaCy,.,PUNCT
13_risk_communication,spaCy,During,ADP
13_risk_communication,spaCy,a,DET
13_risk_communication,spaCy,rapidly,ADV
13_risk_communication,spaCy,changing,VERB
13_risk_communication,spaCy,outbreak,NOUN
13_risk_communication,spaCy,",",PUNCT
13_risk_communication,spaCy,evidence,NOUN
13_risk_communication,spaCy,can,AUX
13_risk_communication,spaCy,evolve,VERB
13_risk_communication,spaCy,as,SCONJ
13_risk_communication,spaCy,new,ADJ
13_risk_communication,spaCy,studies,NOUN
13_risk_communication,spaCy,become,VERB
13_risk_communication,spaCy,available,ADJ
13_risk_communication,spaCy,.,PUNCT
13_risk_communication,spaCy,Explaining,VERB
13_risk_communication,spaCy,the,DET
13_risk_communication,spaCy,reason,NOUN
13_risk_communication,spaCy,for,ADP
13_risk_communication,spaCy,an,DET
13_risk_communication,spaCy,updated,VERB
13_risk_communication,spaCy,recommendation,NOUN
13_risk_communication,spaCy,can,AUX
13_risk_communication,spaCy,help,VERB
13_risk_communication,spaCy,people,NOUN
13_risk_communication,spaCy,understand,VERB
13_risk_communication,spaCy,that,SCONJ
13_risk_communication,spaCy,changing,VERB
13_risk_communication,spaCy,guidance,NOUN
13_risk_communication,spaCy,does,AUX
13_risk_communication,spaCy,not,PART
13_risk_communication,spaCy,necessarily,ADV
13_risk_communication,spaCy,mean,VERB
13_risk_communication,spaCy,that,SCONJ
13_risk_communication,spaCy,earlier,ADJ
13_risk_communication,spaCy,information,NOUN
13_risk_communication,spaCy,was,AUX
13_risk_communication,spaCy,intentionally,ADV
13_risk_communication,spaCy,misleading,ADJ
13_risk_communication,spaCy,.,PUNCT
13_risk_communication,spaCy,Communication,PROPN
13_risk_communication,spaCy,should,AUX
13_risk_communication,spaCy,also,ADV
13_risk_communication,spaCy,consider,VERB
13_risk_communication,spaCy,language,NOUN
13_risk_communication,spaCy,",",PUNCT
13_risk_communication,spaCy,accessibility,NOUN
13_risk_communication,spaCy,",",PUNCT
13_risk_communication,spaCy,cultural,ADJ
13_risk_communication,spaCy,context,NOUN
13_risk_communication,spaCy,",",PUNCT
13_risk_communication,spaCy,and,CCONJ
13_risk_communication,spaCy,misinformation,NOUN
13_risk_communication,spaCy,.,PUNCT
13_risk_communication,spaCy,Public,ADJ
13_risk_communication,spaCy,-,PUNCT
13_risk_communication,spaCy,health,NOUN
13_risk_communication,spaCy,messages,NOUN
13_risk_communication,spaCy,are,AUX
13_risk_communication,spaCy,more,ADV
13_risk_communication,spaCy,useful,ADJ
13_risk_communication,spaCy,when,SCONJ
13_risk_communication,spaCy,they,PRON
13_risk_communication,spaCy,provide,VERB
13_risk_communication,spaCy,practical,ADJ
13_risk_communication,spaCy,actions,NOUN
13_risk_communication,spaCy,and,CCONJ
13_risk_communication,spaCy,identify,VERB
13_risk_communication,spaCy,reliable,ADJ
13_risk_communication,spaCy,sources,NOUN
13_risk_communication,spaCy,for,ADP
13_risk_communication,spaCy,additional,ADJ
13_risk_communication,spaCy,information,NOUN
13_risk_communication,spaCy,.,PUNCT
13_risk_communication,Custom_Rule_Based,Risk,NN
13_risk_communication,Custom_Rule_Based,Communication,NNP
13_risk_communication,Custom_Rule_Based,During,IN
13_risk_communication,Custom_Rule_Based,Infectious,NNP
13_risk_communication,Custom_Rule_Based,Disease,NNP
13_risk_communication,Custom_Rule_Based,Events,NNP
13_risk_communication,Custom_Rule_Based,Risk,NNP
13_risk_communication,Custom_Rule_Based,communication,NN
13_risk_communication,Custom_Rule_Based,provides,VBZ
13_risk_communication,Custom_Rule_Based,people,NNS
13_risk_communication,Custom_Rule_Based,with,IN
13_risk_communication,Custom_Rule_Based,information,NN
13_risk_communication,Custom_Rule_Based,needed,VBN
13_risk_communication,Custom_Rule_Based,to,TO
13_risk_communication,Custom_Rule_Based,understand,VB
13_risk_communication,Custom_Rule_Based,a,DT
13_risk_communication,Custom_Rule_Based,public-health,NN
13_risk_communication,Custom_Rule_Based,threat,NN
13_risk_communication,Custom_Rule_Based,and,CC
13_risk_communication,Custom_Rule_Based,make,VB
13_risk_communication,Custom_Rule_Based,informed,JJ
13_risk_communication,Custom_Rule_Based,decisions,NNS
13_risk_communication,Custom_Rule_Based,.,.
13_risk_communication,Custom_Rule_Based,Effective,JJ
13_risk_communication,Custom_Rule_Based,communication,NN
13_risk_communication,Custom_Rule_Based,should,MD
13_risk_communication,Custom_Rule_Based,explain,VB
13_risk_communication,Custom_Rule_Based,what,WP
13_risk_communication,Custom_Rule_Based,is,VBZ
13_risk_communication,Custom_Rule_Based,known,VBN
13_risk_communication,Custom_Rule_Based,",",","
13_risk_communication,Custom_Rule_Based,what,WP
13_risk_communication,Custom_Rule_Based,is,VBZ
13_risk_communication,Custom_Rule_Based,uncertain,JJ
13_risk_communication,Custom_Rule_Based,",",","
13_risk_communication,Custom_Rule_Based,what,WP
13_risk_communication,Custom_Rule_Based,actions,NNS
13_risk_communication,Custom_Rule_Based,are,VBP
13_risk_communication,Custom_Rule_Based,recommended,VBN
13_risk_communication,Custom_Rule_Based,",",","
13_risk_communication,Custom_Rule_Based,and,CC
13_risk_communication,Custom_Rule_Based,why,WRB
13_risk_communication,Custom_Rule_Based,recommendations,NNS
13_risk_communication,Custom_Rule_Based,may,MD
13_risk_communication,Custom_Rule_Based,change,VB
13_risk_communication,Custom_Rule_Based,.,.
13_risk_communication,Custom_Rule_Based,Numbers,NNS
13_risk_communication,Custom_Rule_Based,should,MD
13_risk_communication,Custom_Rule_Based,be,VB
13_risk_communication,Custom_Rule_Based,presented,VBN
13_risk_communication,Custom_Rule_Based,with,IN
13_risk_communication,Custom_Rule_Based,context,NN
13_risk_communication,Custom_Rule_Based,.,.
13_risk_communication,Custom_Rule_Based,For,IN
13_risk_communication,Custom_Rule_Based,example,NN
13_risk_communication,Custom_Rule_Based,",",","
13_risk_communication,Custom_Rule_Based,a,DT
13_risk_communication,Custom_Rule_Based,percentage,NN
13_risk_communication,Custom_Rule_Based,without,IN
13_risk_communication,Custom_Rule_Based,a,DT
13_risk_communication,Custom_Rule_Based,denominator,NN
13_risk_communication,Custom_Rule_Based,",",","
13_risk_communication,Custom_Rule_Based,comparison,NN
13_risk_communication,Custom_Rule_Based,group,NN
13_risk_communication,Custom_Rule_Based,",",","
13_risk_communication,Custom_Rule_Based,time,NN
13_risk_communication,Custom_Rule_Based,period,NN
13_risk_communication,Custom_Rule_Based,",",","
13_risk_communication,Custom_Rule_Based,or,CC
13_risk_communication,Custom_Rule_Based,outcome,NN
13_risk_communication,Custom_Rule_Based,can,MD
13_risk_communication,Custom_Rule_Based,be,VB
13_risk_communication,Custom_Rule_Based,misleading,VBG
13_risk_communication,Custom_Rule_Based,.,.
13_risk_communication,Custom_Rule_Based,Communicators,NNS
13_risk_communication,Custom_Rule_Based,should,MD
13_risk_communication,Custom_Rule_Based,distinguish,VB
13_risk_communication,Custom_Rule_Based,absolute,NN
13_risk_communication,Custom_Rule_Based,risk,NN
13_risk_communication,Custom_Rule_Based,from,IN
13_risk_communication,Custom_Rule_Based,relative,JJ
13_risk_communication,Custom_Rule_Based,risk,NN
13_risk_communication,Custom_Rule_Based,and,CC
13_risk_communication,Custom_Rule_Based,avoid,VB
13_risk_communication,Custom_Rule_Based,implying,VBG
13_risk_communication,Custom_Rule_Based,certainty,NN
13_risk_communication,Custom_Rule_Based,when,WRB
13_risk_communication,Custom_Rule_Based,evidence,NN
13_risk_communication,Custom_Rule_Based,remains,VBZ
13_risk_communication,Custom_Rule_Based,limited,JJ
13_risk_communication,Custom_Rule_Based,.,.
13_risk_communication,Custom_Rule_Based,Trust,NNP
13_risk_communication,Custom_Rule_Based,can,MD
13_risk_communication,Custom_Rule_Based,be,VB
13_risk_communication,Custom_Rule_Based,supported,VBN
13_risk_communication,Custom_Rule_Based,by,IN
13_risk_communication,Custom_Rule_Based,acknowledging,VBG
13_risk_communication,Custom_Rule_Based,uncertainty,NN
13_risk_communication,Custom_Rule_Based,rather,RB
13_risk_communication,Custom_Rule_Based,than,IN
13_risk_communication,Custom_Rule_Based,hiding,VBG
13_risk_communication,Custom_Rule_Based,it,PRP
13_risk_communication,Custom_Rule_Based,.,.
13_risk_communication,Custom_Rule_Based,During,IN
13_risk_communication,Custom_Rule_Based,a,DT
13_risk_communication,Custom_Rule_Based,rapidly,RB
13_risk_communication,Custom_Rule_Based,changing,VBG
13_risk_communication,Custom_Rule_Based,outbreak,NN
13_risk_communication,Custom_Rule_Based,",",","
13_risk_communication,Custom_Rule_Based,evidence,NN
13_risk_communication,Custom_Rule_Based,can,MD
13_risk_communication,Custom_Rule_Based,evolve,VB
13_risk_communication,Custom_Rule_Based,as,IN
13_risk_communication,Custom_Rule_Based,new,JJ
13_risk_communication,Custom_Rule_Based,studies,NNS
13_risk_communication,Custom_Rule_Based,become,VBP
13_risk_communication,Custom_Rule_Based,available,JJ
13_risk_communication,Custom_Rule_Based,.,.
13_risk_communication,Custom_Rule_Based,Explaining,VBG
13_risk_communication,Custom_Rule_Based,the,DT
13_risk_communication,Custom_Rule_Based,reason,NN
13_risk_communication,Custom_Rule_Based,for,IN
13_risk_communication,Custom_Rule_Based,an,DT
13_risk_communication,Custom_Rule_Based,updated,JJ
13_risk_communication,Custom_Rule_Based,recommendation,NN
13_risk_communication,Custom_Rule_Based,can,MD
13_risk_communication,Custom_Rule_Based,help,VB
13_risk_communication,Custom_Rule_Based,people,NNS
13_risk_communication,Custom_Rule_Based,understand,VBP
13_risk_communication,Custom_Rule_Based,that,IN
13_risk_communication,Custom_Rule_Based,changing,VBG
13_risk_communication,Custom_Rule_Based,guidance,NN
13_risk_communication,Custom_Rule_Based,does,VBZ
13_risk_communication,Custom_Rule_Based,not,RB
13_risk_communication,Custom_Rule_Based,necessarily,RB
13_risk_communication,Custom_Rule_Based,mean,VB
13_risk_communication,Custom_Rule_Based,that,IN
13_risk_communication,Custom_Rule_Based,earlier,JJR
13_risk_communication,Custom_Rule_Based,information,NN
13_risk_communication,Custom_Rule_Based,was,VBD
13_risk_communication,Custom_Rule_Based,intentionally,RB
13_risk_communication,Custom_Rule_Based,misleading,JJ
13_risk_communication,Custom_Rule_Based,.,.
13_risk_communication,Custom_Rule_Based,Communication,NN
13_risk_communication,Custom_Rule_Based,should,MD
13_risk_communication,Custom_Rule_Based,also,RB
13_risk_communication,Custom_Rule_Based,consider,VB
13_risk_communication,Custom_Rule_Based,language,NN
13_risk_communication,Custom_Rule_Based,",",","
13_risk_communication,Custom_Rule_Based,accessibility,NN
13_risk_communication,Custom_Rule_Based,",",","
13_risk_communication,Custom_Rule_Based,cultural,JJ
13_risk_communication,Custom_Rule_Based,context,NN
13_risk_communication,Custom_Rule_Based,",",","
13_risk_communication,Custom_Rule_Based,and,CC
13_risk_communication,Custom_Rule_Based,misinformation,NN
13_risk_communication,Custom_Rule_Based,.,.
13_risk_communication,Custom_Rule_Based,Public-health,NN
13_risk_communication,Custom_Rule_Based,messages,NNS
13_risk_communication,Custom_Rule_Based,are,VBP
13_risk_communication,Custom_Rule_Based,more,RBR
13_risk_communication,Custom_Rule_Based,useful,JJ
13_risk_communication,Custom_Rule_Based,when,WRB
13_risk_communication,Custom_Rule_Based,they,PRP
13_risk_communication,Custom_Rule_Based,provide,VBP
13_risk_communication,Custom_Rule_Based,practical,JJ
13_risk_communication,Custom_Rule_Based,actions,NNS
13_risk_communication,Custom_Rule_Based,and,CC
13_risk_communication,Custom_Rule_Based,identify,VB
13_risk_communication,Custom_Rule_Based,reliable,JJ
13_risk_communication,Custom_Rule_Based,sources,NNS
13_risk_communication,Custom_Rule_Based,for,IN
13_risk_communication,Custom_Rule_Based,additional,JJ
13_risk_communication,Custom_Rule_Based,information,NN
13_risk_communication,Custom_Rule_Based,.,.
14_school_outbreak_prevention,NLTK,Respiratory,JJ
14_school_outbreak_prevention,NLTK,Infection,NNP
14_school_outbreak_prevention,NLTK,Prevention,NNP
14_school_outbreak_prevention,NLTK,in,IN
14_school_outbreak_prevention,NLTK,Schools,NNP
14_school_outbreak_prevention,NLTK,Schools,NNP
14_school_outbreak_prevention,NLTK,are,VBP
14_school_outbreak_prevention,NLTK,environments,NNS
14_school_outbreak_prevention,NLTK,where,WRB
14_school_outbreak_prevention,NLTK,students,NNS
14_school_outbreak_prevention,NLTK,and,CC
14_school_outbreak_prevention,NLTK,staff,NN
14_school_outbreak_prevention,NLTK,interact,NN
14_school_outbreak_prevention,NLTK,frequently,RB
14_school_outbreak_prevention,NLTK,",",","
14_school_outbreak_prevention,NLTK,so,RB
14_school_outbreak_prevention,NLTK,respiratory,JJ
14_school_outbreak_prevention,NLTK,infections,NNS
14_school_outbreak_prevention,NLTK,can,MD
14_school_outbreak_prevention,NLTK,spread,VB
14_school_outbreak_prevention,NLTK,through,IN
14_school_outbreak_prevention,NLTK,close,JJ
14_school_outbreak_prevention,NLTK,contact,NN
14_school_outbreak_prevention,NLTK,and,CC
14_school_outbreak_prevention,NLTK,shared,VBD
14_school_outbreak_prevention,NLTK,indoor,JJ
14_school_outbreak_prevention,NLTK,air,NN
14_school_outbreak_prevention,NLTK,.,.
14_school_outbreak_prevention,NLTK,Prevention,NN
14_school_outbreak_prevention,NLTK,strategies,NNS
14_school_outbreak_prevention,NLTK,should,MD
14_school_outbreak_prevention,NLTK,be,VB
14_school_outbreak_prevention,NLTK,proportionate,VB
14_school_outbreak_prevention,NLTK,to,TO
14_school_outbreak_prevention,NLTK,local,JJ
14_school_outbreak_prevention,NLTK,disease,NN
14_school_outbreak_prevention,NLTK,activity,NN
14_school_outbreak_prevention,NLTK,and,CC
14_school_outbreak_prevention,NLTK,the,DT
14_school_outbreak_prevention,NLTK,needs,NNS
14_school_outbreak_prevention,NLTK,of,IN
14_school_outbreak_prevention,NLTK,the,DT
14_school_outbreak_prevention,NLTK,school,NN
14_school_outbreak_prevention,NLTK,community,NN
14_school_outbreak_prevention,NLTK,.,.
14_school_outbreak_prevention,NLTK,Ventilation,NN
14_school_outbreak_prevention,NLTK,can,MD
14_school_outbreak_prevention,NLTK,reduce,VB
14_school_outbreak_prevention,NLTK,accumulation,NN
14_school_outbreak_prevention,NLTK,of,IN
14_school_outbreak_prevention,NLTK,infectious,JJ
14_school_outbreak_prevention,NLTK,respiratory,NN
14_school_outbreak_prevention,NLTK,particles,NNS
14_school_outbreak_prevention,NLTK,indoors,NNS
14_school_outbreak_prevention,NLTK,.,.
14_school_outbreak_prevention,NLTK,Outdoor,NNP
14_school_outbreak_prevention,NLTK,activities,NNS
14_school_outbreak_prevention,NLTK,can,MD
14_school_outbreak_prevention,NLTK,provide,VB
14_school_outbreak_prevention,NLTK,lower-risk,JJ
14_school_outbreak_prevention,NLTK,alternatives,NNS
14_school_outbreak_prevention,NLTK,when,WRB
14_school_outbreak_prevention,NLTK,practical,JJ
14_school_outbreak_prevention,NLTK,.,.
14_school_outbreak_prevention,NLTK,Encouraging,JJ
14_school_outbreak_prevention,NLTK,people,NNS
14_school_outbreak_prevention,NLTK,with,IN
14_school_outbreak_prevention,NLTK,acute,JJ
14_school_outbreak_prevention,NLTK,respiratory,NN
14_school_outbreak_prevention,NLTK,illness,NN
14_school_outbreak_prevention,NLTK,to,TO
14_school_outbreak_prevention,NLTK,stay,VB
14_school_outbreak_prevention,NLTK,home,NN
14_school_outbreak_prevention,NLTK,can,MD
14_school_outbreak_prevention,NLTK,reduce,VB
14_school_outbreak_prevention,NLTK,opportunities,NNS
14_school_outbreak_prevention,NLTK,for,IN
14_school_outbreak_prevention,NLTK,transmission,NN
14_school_outbreak_prevention,NLTK,.,.
14_school_outbreak_prevention,NLTK,Schools,NNP
14_school_outbreak_prevention,NLTK,can,MD
14_school_outbreak_prevention,NLTK,also,RB
14_school_outbreak_prevention,NLTK,support,VB
14_school_outbreak_prevention,NLTK,routine,JJ
14_school_outbreak_prevention,NLTK,vaccination,NN
14_school_outbreak_prevention,NLTK,according,VBG
14_school_outbreak_prevention,NLTK,to,TO
14_school_outbreak_prevention,NLTK,national,JJ
14_school_outbreak_prevention,NLTK,and,CC
14_school_outbreak_prevention,NLTK,local,JJ
14_school_outbreak_prevention,NLTK,recommendations,NNS
14_school_outbreak_prevention,NLTK,.,.
14_school_outbreak_prevention,NLTK,Clear,JJ
14_school_outbreak_prevention,NLTK,procedures,NNS
14_school_outbreak_prevention,NLTK,for,IN
14_school_outbreak_prevention,NLTK,responding,VBG
14_school_outbreak_prevention,NLTK,to,TO
14_school_outbreak_prevention,NLTK,clusters,NNS
14_school_outbreak_prevention,NLTK,of,IN
14_school_outbreak_prevention,NLTK,illness,NN
14_school_outbreak_prevention,NLTK,help,NN
14_school_outbreak_prevention,NLTK,staff,NN
14_school_outbreak_prevention,NLTK,identify,VB
14_school_outbreak_prevention,NLTK,when,WRB
14_school_outbreak_prevention,NLTK,public-health,NN
14_school_outbreak_prevention,NLTK,consultation,NN
14_school_outbreak_prevention,NLTK,may,MD
14_school_outbreak_prevention,NLTK,be,VB
14_school_outbreak_prevention,NLTK,needed,VBN
14_school_outbreak_prevention,NLTK,.,.
14_school_outbreak_prevention,NLTK,Communication,NN
14_school_outbreak_prevention,NLTK,with,IN
14_school_outbreak_prevention,NLTK,families,NNS
14_school_outbreak_prevention,NLTK,should,MD
14_school_outbreak_prevention,NLTK,explain,VB
14_school_outbreak_prevention,NLTK,symptoms,NNS
14_school_outbreak_prevention,NLTK,",",","
14_school_outbreak_prevention,NLTK,prevention,NN
14_school_outbreak_prevention,NLTK,measures,NNS
14_school_outbreak_prevention,NLTK,",",","
14_school_outbreak_prevention,NLTK,and,CC
14_school_outbreak_prevention,NLTK,when,WRB
14_school_outbreak_prevention,NLTK,students,NNS
14_school_outbreak_prevention,NLTK,should,MD
14_school_outbreak_prevention,NLTK,remain,VB
14_school_outbreak_prevention,NLTK,at,IN
14_school_outbreak_prevention,NLTK,home,NN
14_school_outbreak_prevention,NLTK,.,.
14_school_outbreak_prevention,NLTK,Outbreak,NNP
14_school_outbreak_prevention,NLTK,response,NN
14_school_outbreak_prevention,NLTK,should,MD
14_school_outbreak_prevention,NLTK,consider,VB
14_school_outbreak_prevention,NLTK,educational,JJ
14_school_outbreak_prevention,NLTK,continuity,NN
14_school_outbreak_prevention,NLTK,as,RB
14_school_outbreak_prevention,NLTK,well,RB
14_school_outbreak_prevention,NLTK,as,IN
14_school_outbreak_prevention,NLTK,disease,NN
14_school_outbreak_prevention,NLTK,control,NN
14_school_outbreak_prevention,NLTK,.,.
14_school_outbreak_prevention,NLTK,Measures,NNS
14_school_outbreak_prevention,NLTK,can,MD
14_school_outbreak_prevention,NLTK,be,VB
14_school_outbreak_prevention,NLTK,targeted,VBN
14_school_outbreak_prevention,NLTK,according,VBG
14_school_outbreak_prevention,NLTK,to,TO
14_school_outbreak_prevention,NLTK,evidence,NN
14_school_outbreak_prevention,NLTK,rather,RB
14_school_outbreak_prevention,NLTK,than,IN
14_school_outbreak_prevention,NLTK,relying,VBG
14_school_outbreak_prevention,NLTK,automatically,RB
14_school_outbreak_prevention,NLTK,on,IN
14_school_outbreak_prevention,NLTK,broad,JJ
14_school_outbreak_prevention,NLTK,closures,NNS
14_school_outbreak_prevention,NLTK,.,.
14_school_outbreak_prevention,NLTK,Coordination,NN
14_school_outbreak_prevention,NLTK,among,IN
14_school_outbreak_prevention,NLTK,school,NN
14_school_outbreak_prevention,NLTK,administrators,NNS
14_school_outbreak_prevention,NLTK,",",","
14_school_outbreak_prevention,NLTK,healthcare,NN
14_school_outbreak_prevention,NLTK,professionals,NNS
14_school_outbreak_prevention,NLTK,",",","
14_school_outbreak_prevention,NLTK,families,NNS
14_school_outbreak_prevention,NLTK,",",","
14_school_outbreak_prevention,NLTK,and,CC
14_school_outbreak_prevention,NLTK,public-health,NN
14_school_outbreak_prevention,NLTK,authorities,NNS
14_school_outbreak_prevention,NLTK,is,VBZ
14_school_outbreak_prevention,NLTK,important,JJ
14_school_outbreak_prevention,NLTK,.,.
14_school_outbreak_prevention,spaCy,Respiratory,PROPN
14_school_outbreak_prevention,spaCy,Infection,PROPN
14_school_outbreak_prevention,spaCy,Prevention,PROPN
14_school_outbreak_prevention,spaCy,in,ADP
14_school_outbreak_prevention,spaCy,Schools,PROPN
14_school_outbreak_prevention,spaCy,Schools,PROPN
14_school_outbreak_prevention,spaCy,are,AUX
14_school_outbreak_prevention,spaCy,environments,NOUN
14_school_outbreak_prevention,spaCy,where,SCONJ
14_school_outbreak_prevention,spaCy,students,NOUN
14_school_outbreak_prevention,spaCy,and,CCONJ
14_school_outbreak_prevention,spaCy,staff,NOUN
14_school_outbreak_prevention,spaCy,interact,VERB
14_school_outbreak_prevention,spaCy,frequently,ADV
14_school_outbreak_prevention,spaCy,",",PUNCT
14_school_outbreak_prevention,spaCy,so,ADV
14_school_outbreak_prevention,spaCy,respiratory,ADJ
14_school_outbreak_prevention,spaCy,infections,NOUN
14_school_outbreak_prevention,spaCy,can,AUX
14_school_outbreak_prevention,spaCy,spread,VERB
14_school_outbreak_prevention,spaCy,through,ADP
14_school_outbreak_prevention,spaCy,close,ADJ
14_school_outbreak_prevention,spaCy,contact,NOUN
14_school_outbreak_prevention,spaCy,and,CCONJ
14_school_outbreak_prevention,spaCy,shared,VERB
14_school_outbreak_prevention,spaCy,indoor,ADJ
14_school_outbreak_prevention,spaCy,air,NOUN
14_school_outbreak_prevention,spaCy,.,PUNCT
14_school_outbreak_prevention,spaCy,Prevention,NOUN
14_school_outbreak_prevention,spaCy,strategies,NOUN
14_school_outbreak_prevention,spaCy,should,AUX
14_school_outbreak_prevention,spaCy,be,AUX
14_school_outbreak_prevention,spaCy,proportionate,ADJ
14_school_outbreak_prevention,spaCy,to,ADP
14_school_outbreak_prevention,spaCy,local,ADJ
14_school_outbreak_prevention,spaCy,disease,NOUN
14_school_outbreak_prevention,spaCy,activity,NOUN
14_school_outbreak_prevention,spaCy,and,CCONJ
14_school_outbreak_prevention,spaCy,the,DET
14_school_outbreak_prevention,spaCy,needs,NOUN
14_school_outbreak_prevention,spaCy,of,ADP
14_school_outbreak_prevention,spaCy,the,DET
14_school_outbreak_prevention,spaCy,school,NOUN
14_school_outbreak_prevention,spaCy,community,NOUN
14_school_outbreak_prevention,spaCy,.,PUNCT
14_school_outbreak_prevention,spaCy,Ventilation,PROPN
14_school_outbreak_prevention,spaCy,can,AUX
14_school_outbreak_prevention,spaCy,reduce,VERB
14_school_outbreak_prevention,spaCy,accumulation,NOUN
14_school_outbreak_prevention,spaCy,of,ADP
14_school_outbreak_prevention,spaCy,infectious,ADJ
14_school_outbreak_prevention,spaCy,respiratory,ADJ
14_school_outbreak_prevention,spaCy,particles,NOUN
14_school_outbreak_prevention,spaCy,indoors,NOUN
14_school_outbreak_prevention,spaCy,.,PUNCT
14_school_outbreak_prevention,spaCy,Outdoor,ADJ
14_school_outbreak_prevention,spaCy,activities,NOUN
14_school_outbreak_prevention,spaCy,can,AUX
14_school_outbreak_prevention,spaCy,provide,VERB
14_school_outbreak_prevention,spaCy,lower,ADJ
14_school_outbreak_prevention,spaCy,-,PUNCT
14_school_outbreak_prevention,spaCy,risk,NOUN
14_school_outbreak_prevention,spaCy,alternatives,NOUN
14_school_outbreak_prevention,spaCy,when,SCONJ
14_school_outbreak_prevention,spaCy,practical,ADJ
14_school_outbreak_prevention,spaCy,.,PUNCT
14_school_outbreak_prevention,spaCy,Encouraging,VERB
14_school_outbreak_prevention,spaCy,people,NOUN
14_school_outbreak_prevention,spaCy,with,ADP
14_school_outbreak_prevention,spaCy,acute,ADJ
14_school_outbreak_prevention,spaCy,respiratory,ADJ
14_school_outbreak_prevention,spaCy,illness,NOUN
14_school_outbreak_prevention,spaCy,to,PART
14_school_outbreak_prevention,spaCy,stay,VERB
14_school_outbreak_prevention,spaCy,home,NOUN
14_school_outbreak_prevention,spaCy,can,AUX
14_school_outbreak_prevention,spaCy,reduce,VERB
14_school_outbreak_prevention,spaCy,opportunities,NOUN
14_school_outbreak_prevention,spaCy,for,ADP
14_school_outbreak_prevention,spaCy,transmission,NOUN
14_school_outbreak_prevention,spaCy,.,PUNCT
14_school_outbreak_prevention,spaCy,Schools,NOUN
14_school_outbreak_prevention,spaCy,can,AUX
14_school_outbreak_prevention,spaCy,also,ADV
14_school_outbreak_prevention,spaCy,support,VERB
14_school_outbreak_prevention,spaCy,routine,ADJ
14_school_outbreak_prevention,spaCy,vaccination,NOUN
14_school_outbreak_prevention,spaCy,according,VERB
14_school_outbreak_prevention,spaCy,to,ADP
14_school_outbreak_prevention,spaCy,national,ADJ
14_school_outbreak_prevention,spaCy,and,CCONJ
14_school_outbreak_prevention,spaCy,local,ADJ
14_school_outbreak_prevention,spaCy,recommendations,NOUN
14_school_outbreak_prevention,spaCy,.,PUNCT
14_school_outbreak_prevention,spaCy,Clear,ADJ
14_school_outbreak_prevention,spaCy,procedures,NOUN
14_school_outbreak_prevention,spaCy,for,ADP
14_school_outbreak_prevention,spaCy,responding,VERB
14_school_outbreak_prevention,spaCy,to,ADP
14_school_outbreak_prevention,spaCy,clusters,NOUN
14_school_outbreak_prevention,spaCy,of,ADP
14_school_outbreak_prevention,spaCy,illness,NOUN
14_school_outbreak_prevention,spaCy,help,NOUN
14_school_outbreak_prevention,spaCy,staff,NOUN
14_school_outbreak_prevention,spaCy,identify,VERB
14_school_outbreak_prevention,spaCy,when,SCONJ
14_school_outbreak_prevention,spaCy,public,ADJ
14_school_outbreak_prevention,spaCy,-,PUNCT
14_school_outbreak_prevention,spaCy,health,NOUN
14_school_outbreak_prevention,spaCy,consultation,NOUN
14_school_outbreak_prevention,spaCy,may,AUX
14_school_outbreak_prevention,spaCy,be,AUX
14_school_outbreak_prevention,spaCy,needed,VERB
14_school_outbreak_prevention,spaCy,.,PUNCT
14_school_outbreak_prevention,spaCy,Communication,NOUN
14_school_outbreak_prevention,spaCy,with,ADP
14_school_outbreak_prevention,spaCy,families,NOUN
14_school_outbreak_prevention,spaCy,should,AUX
14_school_outbreak_prevention,spaCy,explain,VERB
14_school_outbreak_prevention,spaCy,symptoms,NOUN
14_school_outbreak_prevention,spaCy,",",PUNCT
14_school_outbreak_prevention,spaCy,prevention,NOUN
14_school_outbreak_prevention,spaCy,measures,NOUN
14_school_outbreak_prevention,spaCy,",",PUNCT
14_school_outbreak_prevention,spaCy,and,CCONJ
14_school_outbreak_prevention,spaCy,when,SCONJ
14_school_outbreak_prevention,spaCy,students,NOUN
14_school_outbreak_prevention,spaCy,should,AUX
14_school_outbreak_prevention,spaCy,remain,VERB
14_school_outbreak_prevention,spaCy,at,ADP
14_school_outbreak_prevention,spaCy,home,NOUN
14_school_outbreak_prevention,spaCy,.,PUNCT
14_school_outbreak_prevention,spaCy,Outbreak,NOUN
14_school_outbreak_prevention,spaCy,response,NOUN
14_school_outbreak_prevention,spaCy,should,AUX
14_school_outbreak_prevention,spaCy,consider,VERB
14_school_outbreak_prevention,spaCy,educational,ADJ
14_school_outbreak_prevention,spaCy,continuity,NOUN
14_school_outbreak_prevention,spaCy,as,ADV
14_school_outbreak_prevention,spaCy,well,ADV
14_school_outbreak_prevention,spaCy,as,ADP
14_school_outbreak_prevention,spaCy,disease,NOUN
14_school_outbreak_prevention,spaCy,control,NOUN
14_school_outbreak_prevention,spaCy,.,PUNCT
14_school_outbreak_prevention,spaCy,Measures,NOUN
14_school_outbreak_prevention,spaCy,can,AUX
14_school_outbreak_prevention,spaCy,be,AUX
14_school_outbreak_prevention,spaCy,targeted,VERB
14_school_outbreak_prevention,spaCy,according,VERB
14_school_outbreak_prevention,spaCy,to,ADP
14_school_outbreak_prevention,spaCy,evidence,NOUN
14_school_outbreak_prevention,spaCy,rather,ADV
14_school_outbreak_prevention,spaCy,than,ADP
14_school_outbreak_prevention,spaCy,relying,VERB
14_school_outbreak_prevention,spaCy,automatically,ADV
14_school_outbreak_prevention,spaCy,on,ADP
14_school_outbreak_prevention,spaCy,broad,ADJ
14_school_outbreak_prevention,spaCy,closures,NOUN
14_school_outbreak_prevention,spaCy,.,PUNCT
14_school_outbreak_prevention,spaCy,Coordination,NOUN
14_school_outbreak_prevention,spaCy,among,ADP
14_school_outbreak_prevention,spaCy,school,NOUN
14_school_outbreak_prevention,spaCy,administrators,NOUN
14_school_outbreak_prevention,spaCy,",",PUNCT
14_school_outbreak_prevention,spaCy,healthcare,NOUN
14_school_outbreak_prevention,spaCy,professionals,NOUN
14_school_outbreak_prevention,spaCy,",",PUNCT
14_school_outbreak_prevention,spaCy,families,NOUN
14_school_outbreak_prevention,spaCy,",",PUNCT
14_school_outbreak_prevention,spaCy,and,CCONJ
14_school_outbreak_prevention,spaCy,public,ADJ
14_school_outbreak_prevention,spaCy,-,PUNCT
14_school_outbreak_prevention,spaCy,health,NOUN
14_school_outbreak_prevention,spaCy,authorities,NOUN
14_school_outbreak_prevention,spaCy,is,AUX
14_school_outbreak_prevention,spaCy,important,ADJ
14_school_outbreak_prevention,spaCy,.,PUNCT
14_school_outbreak_prevention,Custom_Rule_Based,Respiratory,JJ
14_school_outbreak_prevention,Custom_Rule_Based,Infection,NN
14_school_outbreak_prevention,Custom_Rule_Based,Prevention,NNP
14_school_outbreak_prevention,Custom_Rule_Based,in,IN
14_school_outbreak_prevention,Custom_Rule_Based,Schools,NNP
14_school_outbreak_prevention,Custom_Rule_Based,Schools,NNP
14_school_outbreak_prevention,Custom_Rule_Based,are,VBP
14_school_outbreak_prevention,Custom_Rule_Based,environments,NNS
14_school_outbreak_prevention,Custom_Rule_Based,where,WRB
14_school_outbreak_prevention,Custom_Rule_Based,students,NNS
14_school_outbreak_prevention,Custom_Rule_Based,and,CC
14_school_outbreak_prevention,Custom_Rule_Based,staff,NN
14_school_outbreak_prevention,Custom_Rule_Based,interact,NN
14_school_outbreak_prevention,Custom_Rule_Based,frequently,RB
14_school_outbreak_prevention,Custom_Rule_Based,",",","
14_school_outbreak_prevention,Custom_Rule_Based,so,RB
14_school_outbreak_prevention,Custom_Rule_Based,respiratory,JJ
14_school_outbreak_prevention,Custom_Rule_Based,infections,NNS
14_school_outbreak_prevention,Custom_Rule_Based,can,MD
14_school_outbreak_prevention,Custom_Rule_Based,spread,VB
14_school_outbreak_prevention,Custom_Rule_Based,through,IN
14_school_outbreak_prevention,Custom_Rule_Based,close,JJ
14_school_outbreak_prevention,Custom_Rule_Based,contact,NN
14_school_outbreak_prevention,Custom_Rule_Based,and,CC
14_school_outbreak_prevention,Custom_Rule_Based,shared,VBD
14_school_outbreak_prevention,Custom_Rule_Based,indoor,JJ
14_school_outbreak_prevention,Custom_Rule_Based,air,NN
14_school_outbreak_prevention,Custom_Rule_Based,.,.
14_school_outbreak_prevention,Custom_Rule_Based,Prevention,NN
14_school_outbreak_prevention,Custom_Rule_Based,strategies,NNS
14_school_outbreak_prevention,Custom_Rule_Based,should,MD
14_school_outbreak_prevention,Custom_Rule_Based,be,VB
14_school_outbreak_prevention,Custom_Rule_Based,proportionate,VB
14_school_outbreak_prevention,Custom_Rule_Based,to,TO
14_school_outbreak_prevention,Custom_Rule_Based,local,JJ
14_school_outbreak_prevention,Custom_Rule_Based,disease,NN
14_school_outbreak_prevention,Custom_Rule_Based,activity,NN
14_school_outbreak_prevention,Custom_Rule_Based,and,CC
14_school_outbreak_prevention,Custom_Rule_Based,the,DT
14_school_outbreak_prevention,Custom_Rule_Based,needs,NNS
14_school_outbreak_prevention,Custom_Rule_Based,of,IN
14_school_outbreak_prevention,Custom_Rule_Based,the,DT
14_school_outbreak_prevention,Custom_Rule_Based,school,NN
14_school_outbreak_prevention,Custom_Rule_Based,community,NN
14_school_outbreak_prevention,Custom_Rule_Based,.,.
14_school_outbreak_prevention,Custom_Rule_Based,Ventilation,NN
14_school_outbreak_prevention,Custom_Rule_Based,can,MD
14_school_outbreak_prevention,Custom_Rule_Based,reduce,VB
14_school_outbreak_prevention,Custom_Rule_Based,accumulation,NN
14_school_outbreak_prevention,Custom_Rule_Based,of,IN
14_school_outbreak_prevention,Custom_Rule_Based,infectious,JJ
14_school_outbreak_prevention,Custom_Rule_Based,respiratory,NN
14_school_outbreak_prevention,Custom_Rule_Based,particles,NNS
14_school_outbreak_prevention,Custom_Rule_Based,indoors,NNS
14_school_outbreak_prevention,Custom_Rule_Based,.,.
14_school_outbreak_prevention,Custom_Rule_Based,Outdoor,NNP
14_school_outbreak_prevention,Custom_Rule_Based,activities,NNS
14_school_outbreak_prevention,Custom_Rule_Based,can,MD
14_school_outbreak_prevention,Custom_Rule_Based,provide,VB
14_school_outbreak_prevention,Custom_Rule_Based,lower-risk,JJ
14_school_outbreak_prevention,Custom_Rule_Based,alternatives,NNS
14_school_outbreak_prevention,Custom_Rule_Based,when,WRB
14_school_outbreak_prevention,Custom_Rule_Based,practical,JJ
14_school_outbreak_prevention,Custom_Rule_Based,.,.
14_school_outbreak_prevention,Custom_Rule_Based,Encouraging,JJ
14_school_outbreak_prevention,Custom_Rule_Based,people,NNS
14_school_outbreak_prevention,Custom_Rule_Based,with,IN
14_school_outbreak_prevention,Custom_Rule_Based,acute,JJ
14_school_outbreak_prevention,Custom_Rule_Based,respiratory,NN
14_school_outbreak_prevention,Custom_Rule_Based,illness,NN
14_school_outbreak_prevention,Custom_Rule_Based,to,TO
14_school_outbreak_prevention,Custom_Rule_Based,stay,VB
14_school_outbreak_prevention,Custom_Rule_Based,home,NN
14_school_outbreak_prevention,Custom_Rule_Based,can,MD
14_school_outbreak_prevention,Custom_Rule_Based,reduce,VB
14_school_outbreak_prevention,Custom_Rule_Based,opportunities,NNS
14_school_outbreak_prevention,Custom_Rule_Based,for,IN
14_school_outbreak_prevention,Custom_Rule_Based,transmission,NN
14_school_outbreak_prevention,Custom_Rule_Based,.,.
14_school_outbreak_prevention,Custom_Rule_Based,Schools,NNP
14_school_outbreak_prevention,Custom_Rule_Based,can,MD
14_school_outbreak_prevention,Custom_Rule_Based,also,RB
14_school_outbreak_prevention,Custom_Rule_Based,support,VB
14_school_outbreak_prevention,Custom_Rule_Based,routine,JJ
14_school_outbreak_prevention,Custom_Rule_Based,vaccination,NN
14_school_outbreak_prevention,Custom_Rule_Based,according,VBG
14_school_outbreak_prevention,Custom_Rule_Based,to,TO
14_school_outbreak_prevention,Custom_Rule_Based,national,JJ
14_school_outbreak_prevention,Custom_Rule_Based,and,CC
14_school_outbreak_prevention,Custom_Rule_Based,local,JJ
14_school_outbreak_prevention,Custom_Rule_Based,recommendations,NNS
14_school_outbreak_prevention,Custom_Rule_Based,.,.
14_school_outbreak_prevention,Custom_Rule_Based,Clear,JJ
14_school_outbreak_prevention,Custom_Rule_Based,procedures,NNS
14_school_outbreak_prevention,Custom_Rule_Based,for,IN
14_school_outbreak_prevention,Custom_Rule_Based,responding,VBG
14_school_outbreak_prevention,Custom_Rule_Based,to,TO
14_school_outbreak_prevention,Custom_Rule_Based,clusters,NNS
14_school_outbreak_prevention,Custom_Rule_Based,of,IN
14_school_outbreak_prevention,Custom_Rule_Based,illness,NN
14_school_outbreak_prevention,Custom_Rule_Based,help,NN
14_school_outbreak_prevention,Custom_Rule_Based,staff,NN
14_school_outbreak_prevention,Custom_Rule_Based,identify,VB
14_school_outbreak_prevention,Custom_Rule_Based,when,WRB
14_school_outbreak_prevention,Custom_Rule_Based,public-health,NN
14_school_outbreak_prevention,Custom_Rule_Based,consultation,NN
14_school_outbreak_prevention,Custom_Rule_Based,may,MD
14_school_outbreak_prevention,Custom_Rule_Based,be,VB
14_school_outbreak_prevention,Custom_Rule_Based,needed,VBN
14_school_outbreak_prevention,Custom_Rule_Based,.,.
14_school_outbreak_prevention,Custom_Rule_Based,Communication,NN
14_school_outbreak_prevention,Custom_Rule_Based,with,IN
14_school_outbreak_prevention,Custom_Rule_Based,families,NNS
14_school_outbreak_prevention,Custom_Rule_Based,should,MD
14_school_outbreak_prevention,Custom_Rule_Based,explain,VB
14_school_outbreak_prevention,Custom_Rule_Based,symptoms,NNS
14_school_outbreak_prevention,Custom_Rule_Based,",",","
14_school_outbreak_prevention,Custom_Rule_Based,prevention,NN
14_school_outbreak_prevention,Custom_Rule_Based,measures,NNS
14_school_outbreak_prevention,Custom_Rule_Based,",",","
14_school_outbreak_prevention,Custom_Rule_Based,and,CC
14_school_outbreak_prevention,Custom_Rule_Based,when,WRB
14_school_outbreak_prevention,Custom_Rule_Based,students,NNS
14_school_outbreak_prevention,Custom_Rule_Based,should,MD
14_school_outbreak_prevention,Custom_Rule_Based,remain,VB
14_school_outbreak_prevention,Custom_Rule_Based,at,IN
14_school_outbreak_prevention,Custom_Rule_Based,home,NN
14_school_outbreak_prevention,Custom_Rule_Based,.,.
14_school_outbreak_prevention,Custom_Rule_Based,Outbreak,NN
14_school_outbreak_prevention,Custom_Rule_Based,response,NN
14_school_outbreak_prevention,Custom_Rule_Based,should,MD
14_school_outbreak_prevention,Custom_Rule_Based,consider,VB
14_school_outbreak_prevention,Custom_Rule_Based,educational,JJ
14_school_outbreak_prevention,Custom_Rule_Based,continuity,NN
14_school_outbreak_prevention,Custom_Rule_Based,as,RB
14_school_outbreak_prevention,Custom_Rule_Based,well,RB
14_school_outbreak_prevention,Custom_Rule_Based,as,IN
14_school_outbreak_prevention,Custom_Rule_Based,disease,NN
14_school_outbreak_prevention,Custom_Rule_Based,control,NN
14_school_outbreak_prevention,Custom_Rule_Based,.,.
14_school_outbreak_prevention,Custom_Rule_Based,Measures,NNS
14_school_outbreak_prevention,Custom_Rule_Based,can,MD
14_school_outbreak_prevention,Custom_Rule_Based,be,VB
14_school_outbreak_prevention,Custom_Rule_Based,targeted,VBN
14_school_outbreak_prevention,Custom_Rule_Based,according,VBG
14_school_outbreak_prevention,Custom_Rule_Based,to,TO
14_school_outbreak_prevention,Custom_Rule_Based,evidence,NN
14_school_outbreak_prevention,Custom_Rule_Based,rather,RB
14_school_outbreak_prevention,Custom_Rule_Based,than,IN
14_school_outbreak_prevention,Custom_Rule_Based,relying,VBG
14_school_outbreak_prevention,Custom_Rule_Based,automatically,RB
14_school_outbreak_prevention,Custom_Rule_Based,on,IN
14_school_outbreak_prevention,Custom_Rule_Based,broad,JJ
14_school_outbreak_prevention,Custom_Rule_Based,closures,NNS
14_school_outbreak_prevention,Custom_Rule_Based,.,.
14_school_outbreak_prevention,Custom_Rule_Based,Coordination,NN
14_school_outbreak_prevention,Custom_Rule_Based,among,IN
14_school_outbreak_prevention,Custom_Rule_Based,school,NN
14_school_outbreak_prevention,Custom_Rule_Based,administrators,NNS
14_school_outbreak_prevention,Custom_Rule_Based,",",","
14_school_outbreak_prevention,Custom_Rule_Based,healthcare,NN
14_school_outbreak_prevention,Custom_Rule_Based,professionals,NNS
14_school_outbreak_prevention,Custom_Rule_Based,",",","
14_school_outbreak_prevention,Custom_Rule_Based,families,NNS
14_school_outbreak_prevention,Custom_Rule_Based,",",","
14_school_outbreak_prevention,Custom_Rule_Based,and,CC
14_school_outbreak_prevention,Custom_Rule_Based,public-health,NN
14_school_outbreak_prevention,Custom_Rule_Based,authorities,NNS
14_school_outbreak_prevention,Custom_Rule_Based,is,VBZ
14_school_outbreak_prevention,Custom_Rule_Based,important,JJ
14_school_outbreak_prevention,Custom_Rule_Based,.,.
15_vulnerable_populations,NLTK,Protecting,VBG
15_vulnerable_populations,NLTK,Higher-Risk,JJ
15_vulnerable_populations,NLTK,Populations,NNS
15_vulnerable_populations,NLTK,During,IN
15_vulnerable_populations,NLTK,Respiratory,NNP
15_vulnerable_populations,NLTK,Virus,NNP
15_vulnerable_populations,NLTK,Activity,NNP
15_vulnerable_populations,NLTK,Some,DT
15_vulnerable_populations,NLTK,people,NNS
15_vulnerable_populations,NLTK,have,VBP
15_vulnerable_populations,NLTK,a,DT
15_vulnerable_populations,NLTK,higher,JJR
15_vulnerable_populations,NLTK,risk,NN
15_vulnerable_populations,NLTK,of,IN
15_vulnerable_populations,NLTK,severe,JJ
15_vulnerable_populations,NLTK,outcomes,NNS
15_vulnerable_populations,NLTK,from,IN
15_vulnerable_populations,NLTK,respiratory,NN
15_vulnerable_populations,NLTK,infections,NNS
15_vulnerable_populations,NLTK,because,IN
15_vulnerable_populations,NLTK,of,IN
15_vulnerable_populations,NLTK,age,NN
15_vulnerable_populations,NLTK,",",","
15_vulnerable_populations,NLTK,underlying,VBG
15_vulnerable_populations,NLTK,medical,JJ
15_vulnerable_populations,NLTK,conditions,NNS
15_vulnerable_populations,NLTK,",",","
15_vulnerable_populations,NLTK,immune,NN
15_vulnerable_populations,NLTK,status,NN
15_vulnerable_populations,NLTK,",",","
15_vulnerable_populations,NLTK,pregnancy,NN
15_vulnerable_populations,NLTK,",",","
15_vulnerable_populations,NLTK,or,CC
15_vulnerable_populations,NLTK,other,JJ
15_vulnerable_populations,NLTK,factors,NNS
15_vulnerable_populations,NLTK,.,.
15_vulnerable_populations,NLTK,Public-health,NN
15_vulnerable_populations,NLTK,planning,NN
15_vulnerable_populations,NLTK,can,MD
15_vulnerable_populations,NLTK,reduce,VB
15_vulnerable_populations,NLTK,harm,NN
15_vulnerable_populations,NLTK,by,IN
15_vulnerable_populations,NLTK,ensuring,VBG
15_vulnerable_populations,NLTK,that,IN
15_vulnerable_populations,NLTK,higher-risk,JJ
15_vulnerable_populations,NLTK,groups,NNS
15_vulnerable_populations,NLTK,have,VBP
15_vulnerable_populations,NLTK,access,NN
15_vulnerable_populations,NLTK,to,TO
15_vulnerable_populations,NLTK,vaccination,NN
15_vulnerable_populations,NLTK,",",","
15_vulnerable_populations,NLTK,timely,RB
15_vulnerable_populations,NLTK,testing,VBG
15_vulnerable_populations,NLTK,when,WRB
15_vulnerable_populations,NLTK,appropriate,NN
15_vulnerable_populations,NLTK,",",","
15_vulnerable_populations,NLTK,clinical,JJ
15_vulnerable_populations,NLTK,care,NN
15_vulnerable_populations,NLTK,",",","
15_vulnerable_populations,NLTK,and,CC
15_vulnerable_populations,NLTK,clear,JJ
15_vulnerable_populations,NLTK,prevention,NN
15_vulnerable_populations,NLTK,information,NN
15_vulnerable_populations,NLTK,.,.
15_vulnerable_populations,NLTK,Protection,NN
15_vulnerable_populations,NLTK,can,MD
15_vulnerable_populations,NLTK,involve,VB
15_vulnerable_populations,NLTK,individual,JJ
15_vulnerable_populations,NLTK,and,CC
15_vulnerable_populations,NLTK,community,NN
15_vulnerable_populations,NLTK,measures,NNS
15_vulnerable_populations,NLTK,.,.
15_vulnerable_populations,NLTK,Healthcare,NNP
15_vulnerable_populations,NLTK,facilities,NNS
15_vulnerable_populations,NLTK,and,CC
15_vulnerable_populations,NLTK,residential,JJ
15_vulnerable_populations,NLTK,settings,NNS
15_vulnerable_populations,NLTK,may,MD
15_vulnerable_populations,NLTK,use,VB
15_vulnerable_populations,NLTK,additional,JJ
15_vulnerable_populations,NLTK,precautions,NNS
15_vulnerable_populations,NLTK,during,IN
15_vulnerable_populations,NLTK,periods,NNS
15_vulnerable_populations,NLTK,of,IN
15_vulnerable_populations,NLTK,elevated,JJ
15_vulnerable_populations,NLTK,transmission,NN
15_vulnerable_populations,NLTK,.,.
15_vulnerable_populations,NLTK,Family,JJ
15_vulnerable_populations,NLTK,members,NNS
15_vulnerable_populations,NLTK,and,CC
15_vulnerable_populations,NLTK,caregivers,NNS
15_vulnerable_populations,NLTK,can,MD
15_vulnerable_populations,NLTK,reduce,VB
15_vulnerable_populations,NLTK,exposure,NN
15_vulnerable_populations,NLTK,opportunities,NNS
15_vulnerable_populations,NLTK,when,WRB
15_vulnerable_populations,NLTK,respiratory,NN
15_vulnerable_populations,NLTK,viruses,NNS
15_vulnerable_populations,NLTK,are,VBP
15_vulnerable_populations,NLTK,circulating,VBG
15_vulnerable_populations,NLTK,widely,RB
15_vulnerable_populations,NLTK,.,.
15_vulnerable_populations,NLTK,Risk,NN
15_vulnerable_populations,NLTK,is,VBZ
15_vulnerable_populations,NLTK,not,RB
15_vulnerable_populations,NLTK,determined,VBN
15_vulnerable_populations,NLTK,by,IN
15_vulnerable_populations,NLTK,a,DT
15_vulnerable_populations,NLTK,single,JJ
15_vulnerable_populations,NLTK,characteristic,NN
15_vulnerable_populations,NLTK,.,.
15_vulnerable_populations,NLTK,Age,NNP
15_vulnerable_populations,NLTK,",",","
15_vulnerable_populations,NLTK,vaccination,NN
15_vulnerable_populations,NLTK,status,NN
15_vulnerable_populations,NLTK,",",","
15_vulnerable_populations,NLTK,previous,JJ
15_vulnerable_populations,NLTK,immunity,NN
15_vulnerable_populations,NLTK,",",","
15_vulnerable_populations,NLTK,treatment,NN
15_vulnerable_populations,NLTK,access,NN
15_vulnerable_populations,NLTK,",",","
15_vulnerable_populations,NLTK,and,CC
15_vulnerable_populations,NLTK,circulating,VBG
15_vulnerable_populations,NLTK,viral,JJ
15_vulnerable_populations,NLTK,strains,NNS
15_vulnerable_populations,NLTK,can,MD
15_vulnerable_populations,NLTK,interact,VB
15_vulnerable_populations,NLTK,.,.
15_vulnerable_populations,NLTK,Public-health,NNP
15_vulnerable_populations,NLTK,communication,NN
15_vulnerable_populations,NLTK,should,MD
15_vulnerable_populations,NLTK,therefore,VB
15_vulnerable_populations,NLTK,avoid,RP
15_vulnerable_populations,NLTK,assuming,VBG
15_vulnerable_populations,NLTK,that,IN
15_vulnerable_populations,NLTK,all,DT
15_vulnerable_populations,NLTK,members,NNS
15_vulnerable_populations,NLTK,of,IN
15_vulnerable_populations,NLTK,a,DT
15_vulnerable_populations,NLTK,broad,JJ
15_vulnerable_populations,NLTK,category,NN
15_vulnerable_populations,NLTK,have,VBP
15_vulnerable_populations,NLTK,identical,JJ
15_vulnerable_populations,NLTK,risk,NN
15_vulnerable_populations,NLTK,.,.
15_vulnerable_populations,NLTK,Equitable,JJ
15_vulnerable_populations,NLTK,access,NN
15_vulnerable_populations,NLTK,is,VBZ
15_vulnerable_populations,NLTK,an,DT
15_vulnerable_populations,NLTK,important,JJ
15_vulnerable_populations,NLTK,part,NN
15_vulnerable_populations,NLTK,of,IN
15_vulnerable_populations,NLTK,prevention,NN
15_vulnerable_populations,NLTK,.,.
15_vulnerable_populations,NLTK,Barriers,NNS
15_vulnerable_populations,NLTK,such,JJ
15_vulnerable_populations,NLTK,as,IN
15_vulnerable_populations,NLTK,transportation,NN
15_vulnerable_populations,NLTK,",",","
15_vulnerable_populations,NLTK,cost,NN
15_vulnerable_populations,NLTK,",",","
15_vulnerable_populations,NLTK,language,NN
15_vulnerable_populations,NLTK,",",","
15_vulnerable_populations,NLTK,digital,JJ
15_vulnerable_populations,NLTK,access,NN
15_vulnerable_populations,NLTK,",",","
15_vulnerable_populations,NLTK,and,CC
15_vulnerable_populations,NLTK,healthcare,JJ
15_vulnerable_populations,NLTK,availability,NN
15_vulnerable_populations,NLTK,can,MD
15_vulnerable_populations,NLTK,affect,VB
15_vulnerable_populations,NLTK,whether,IN
15_vulnerable_populations,NLTK,people,NNS
15_vulnerable_populations,NLTK,are,VBP
15_vulnerable_populations,NLTK,able,JJ
15_vulnerable_populations,NLTK,to,TO
15_vulnerable_populations,NLTK,use,VB
15_vulnerable_populations,NLTK,recommended,JJ
15_vulnerable_populations,NLTK,services,NNS
15_vulnerable_populations,NLTK,.,.
15_vulnerable_populations,spaCy,Protecting,VERB
15_vulnerable_populations,spaCy,Higher,ADJ
15_vulnerable_populations,spaCy,-,PUNCT
15_vulnerable_populations,spaCy,Risk,NOUN
15_vulnerable_populations,spaCy,Populations,PROPN
15_vulnerable_populations,spaCy,During,ADP
15_vulnerable_populations,spaCy,Respiratory,PROPN
15_vulnerable_populations,spaCy,Virus,PROPN
15_vulnerable_populations,spaCy,Activity,PROPN
15_vulnerable_populations,spaCy,Some,DET
15_vulnerable_populations,spaCy,people,NOUN
15_vulnerable_populations,spaCy,have,VERB
15_vulnerable_populations,spaCy,a,DET
15_vulnerable_populations,spaCy,higher,ADJ
15_vulnerable_populations,spaCy,risk,NOUN
15_vulnerable_populations,spaCy,of,ADP
15_vulnerable_populations,spaCy,severe,ADJ
15_vulnerable_populations,spaCy,outcomes,NOUN
15_vulnerable_populations,spaCy,from,ADP
15_vulnerable_populations,spaCy,respiratory,ADJ
15_vulnerable_populations,spaCy,infections,NOUN
15_vulnerable_populations,spaCy,because,SCONJ
15_vulnerable_populations,spaCy,of,ADP
15_vulnerable_populations,spaCy,age,NOUN
15_vulnerable_populations,spaCy,",",PUNCT
15_vulnerable_populations,spaCy,underlying,VERB
15_vulnerable_populations,spaCy,medical,ADJ
15_vulnerable_populations,spaCy,conditions,NOUN
15_vulnerable_populations,spaCy,",",PUNCT
15_vulnerable_populations,spaCy,immune,ADJ
15_vulnerable_populations,spaCy,status,NOUN
15_vulnerable_populations,spaCy,",",PUNCT
15_vulnerable_populations,spaCy,pregnancy,NOUN
15_vulnerable_populations,spaCy,",",PUNCT
15_vulnerable_populations,spaCy,or,CCONJ
15_vulnerable_populations,spaCy,other,ADJ
15_vulnerable_populations,spaCy,factors,NOUN
15_vulnerable_populations,spaCy,.,PUNCT
15_vulnerable_populations,spaCy,Public,ADJ
15_vulnerable_populations,spaCy,-,PUNCT
15_vulnerable_populations,spaCy,health,NOUN
15_vulnerable_populations,spaCy,planning,NOUN
15_vulnerable_populations,spaCy,can,AUX
15_vulnerable_populations,spaCy,reduce,VERB
15_vulnerable_populations,spaCy,harm,NOUN
15_vulnerable_populations,spaCy,by,ADP
15_vulnerable_populations,spaCy,ensuring,VERB
15_vulnerable_populations,spaCy,that,SCONJ
15_vulnerable_populations,spaCy,higher,ADJ
15_vulnerable_populations,spaCy,-,PUNCT
15_vulnerable_populations,spaCy,risk,NOUN
15_vulnerable_populations,spaCy,groups,NOUN
15_vulnerable_populations,spaCy,have,VERB
15_vulnerable_populations,spaCy,access,NOUN
15_vulnerable_populations,spaCy,to,ADP
15_vulnerable_populations,spaCy,vaccination,NOUN
15_vulnerable_populations,spaCy,",",PUNCT
15_vulnerable_populations,spaCy,timely,ADJ
15_vulnerable_populations,spaCy,testing,NOUN
15_vulnerable_populations,spaCy,when,SCONJ
15_vulnerable_populations,spaCy,appropriate,ADJ
15_vulnerable_populations,spaCy,",",PUNCT
15_vulnerable_populations,spaCy,clinical,ADJ
15_vulnerable_populations,spaCy,care,NOUN
15_vulnerable_populations,spaCy,",",PUNCT
15_vulnerable_populations,spaCy,and,CCONJ
15_vulnerable_populations,spaCy,clear,ADJ
15_vulnerable_populations,spaCy,prevention,NOUN
15_vulnerable_populations,spaCy,information,NOUN
15_vulnerable_populations,spaCy,.,PUNCT
15_vulnerable_populations,spaCy,Protection,NOUN
15_vulnerable_populations,spaCy,can,AUX
15_vulnerable_populations,spaCy,involve,VERB
15_vulnerable_populations,spaCy,individual,ADJ
15_vulnerable_populations,spaCy,and,CCONJ
15_vulnerable_populations,spaCy,community,NOUN
15_vulnerable_populations,spaCy,measures,NOUN
15_vulnerable_populations,spaCy,.,PUNCT
15_vulnerable_populations,spaCy,Healthcare,NOUN
15_vulnerable_populations,spaCy,facilities,NOUN
15_vulnerable_populations,spaCy,and,CCONJ
15_vulnerable_populations,spaCy,residential,ADJ
15_vulnerable_populations,spaCy,settings,NOUN
15_vulnerable_populations,spaCy,may,AUX
15_vulnerable_populations,spaCy,use,VERB
15_vulnerable_populations,spaCy,additional,ADJ
15_vulnerable_populations,spaCy,precautions,NOUN
15_vulnerable_populations,spaCy,during,ADP
15_vulnerable_populations,spaCy,periods,NOUN
15_vulnerable_populations,spaCy,of,ADP
15_vulnerable_populations,spaCy,elevated,ADJ
15_vulnerable_populations,spaCy,transmission,NOUN
15_vulnerable_populations,spaCy,.,PUNCT
15_vulnerable_populations,spaCy,Family,NOUN
15_vulnerable_populations,spaCy,members,NOUN
15_vulnerable_populations,spaCy,and,CCONJ
15_vulnerable_populations,spaCy,caregivers,NOUN
15_vulnerable_populations,spaCy,can,AUX
15_vulnerable_populations,spaCy,reduce,VERB
15_vulnerable_populations,spaCy,exposure,NOUN
15_vulnerable_populations,spaCy,opportunities,NOUN
15_vulnerable_populations,spaCy,when,SCONJ
15_vulnerable_populations,spaCy,respiratory,ADJ
15_vulnerable_populations,spaCy,viruses,NOUN
15_vulnerable_populations,spaCy,are,AUX
15_vulnerable_populations,spaCy,circulating,VERB
15_vulnerable_populations,spaCy,widely,ADV
15_vulnerable_populations,spaCy,.,PUNCT
15_vulnerable_populations,spaCy,Risk,NOUN
15_vulnerable_populations,spaCy,is,AUX
15_vulnerable_populations,spaCy,not,PART
15_vulnerable_populations,spaCy,determined,VERB
15_vulnerable_populations,spaCy,by,ADP
15_vulnerable_populations,spaCy,a,DET
15_vulnerable_populations,spaCy,single,ADJ
15_vulnerable_populations,spaCy,characteristic,NOUN
15_vulnerable_populations,spaCy,.,PUNCT
15_vulnerable_populations,spaCy,Age,PROPN
15_vulnerable_populations,spaCy,",",PUNCT
15_vulnerable_populations,spaCy,vaccination,NOUN
15_vulnerable_populations,spaCy,status,NOUN
15_vulnerable_populations,spaCy,",",PUNCT
15_vulnerable_populations,spaCy,previous,ADJ
15_vulnerable_populations,spaCy,immunity,NOUN
15_vulnerable_populations,spaCy,",",PUNCT
15_vulnerable_populations,spaCy,treatment,NOUN
15_vulnerable_populations,spaCy,access,NOUN
15_vulnerable_populations,spaCy,",",PUNCT
15_vulnerable_populations,spaCy,and,CCONJ
15_vulnerable_populations,spaCy,circulating,VERB
15_vulnerable_populations,spaCy,viral,ADJ
15_vulnerable_populations,spaCy,strains,NOUN
15_vulnerable_populations,spaCy,can,AUX
15_vulnerable_populations,spaCy,interact,VERB
15_vulnerable_populations,spaCy,.,PUNCT
15_vulnerable_populations,spaCy,Public,ADJ
15_vulnerable_populations,spaCy,-,PUNCT
15_vulnerable_populations,spaCy,health,NOUN
15_vulnerable_populations,spaCy,communication,NOUN
15_vulnerable_populations,spaCy,should,AUX
15_vulnerable_populations,spaCy,therefore,ADV
15_vulnerable_populations,spaCy,avoid,VERB
15_vulnerable_populations,spaCy,assuming,VERB
15_vulnerable_populations,spaCy,that,SCONJ
15_vulnerable_populations,spaCy,all,DET
15_vulnerable_populations,spaCy,members,NOUN
15_vulnerable_populations,spaCy,of,ADP
15_vulnerable_populations,spaCy,a,DET
15_vulnerable_populations,spaCy,broad,ADJ
15_vulnerable_populations,spaCy,category,NOUN
15_vulnerable_populations,spaCy,have,VERB
15_vulnerable_populations,spaCy,identical,ADJ
15_vulnerable_populations,spaCy,risk,NOUN
15_vulnerable_populations,spaCy,.,PUNCT
15_vulnerable_populations,spaCy,Equitable,ADJ
15_vulnerable_populations,spaCy,access,NOUN
15_vulnerable_populations,spaCy,is,AUX
15_vulnerable_populations,spaCy,an,DET
15_vulnerable_populations,spaCy,important,ADJ
15_vulnerable_populations,spaCy,part,NOUN
15_vulnerable_populations,spaCy,of,ADP
15_vulnerable_populations,spaCy,prevention,NOUN
15_vulnerable_populations,spaCy,.,PUNCT
15_vulnerable_populations,spaCy,Barriers,NOUN
15_vulnerable_populations,spaCy,such,ADJ
15_vulnerable_populations,spaCy,as,ADP
15_vulnerable_populations,spaCy,transportation,NOUN
15_vulnerable_populations,spaCy,",",PUNCT
15_vulnerable_populations,spaCy,cost,NOUN
15_vulnerable_populations,spaCy,",",PUNCT
15_vulnerable_populations,spaCy,language,NOUN
15_vulnerable_populations,spaCy,",",PUNCT
15_vulnerable_populations,spaCy,digital,ADJ
15_vulnerable_populations,spaCy,access,NOUN
15_vulnerable_populations,spaCy,",",PUNCT
15_vulnerable_populations,spaCy,and,CCONJ
15_vulnerable_populations,spaCy,healthcare,NOUN
15_vulnerable_populations,spaCy,availability,NOUN
15_vulnerable_populations,spaCy,can,AUX
15_vulnerable_populations,spaCy,affect,VERB
15_vulnerable_populations,spaCy,whether,SCONJ
15_vulnerable_populations,spaCy,people,NOUN
15_vulnerable_populations,spaCy,are,AUX
15_vulnerable_populations,spaCy,able,ADJ
15_vulnerable_populations,spaCy,to,PART
15_vulnerable_populations,spaCy,use,VERB
15_vulnerable_populations,spaCy,recommended,VERB
15_vulnerable_populations,spaCy,services,NOUN
15_vulnerable_populations,spaCy,.,PUNCT
15_vulnerable_populations,Custom_Rule_Based,Protecting,VBG
15_vulnerable_populations,Custom_Rule_Based,Higher-Risk,JJ
15_vulnerable_populations,Custom_Rule_Based,Populations,NNS
15_vulnerable_populations,Custom_Rule_Based,During,IN
15_vulnerable_populations,Custom_Rule_Based,Respiratory,NNP
15_vulnerable_populations,Custom_Rule_Based,Virus,NNP
15_vulnerable_populations,Custom_Rule_Based,Activity,NNP
15_vulnerable_populations,Custom_Rule_Based,Some,DT
15_vulnerable_populations,Custom_Rule_Based,people,NNS
15_vulnerable_populations,Custom_Rule_Based,have,VBP
15_vulnerable_populations,Custom_Rule_Based,a,DT
15_vulnerable_populations,Custom_Rule_Based,higher,JJR
15_vulnerable_populations,Custom_Rule_Based,risk,NN
15_vulnerable_populations,Custom_Rule_Based,of,IN
15_vulnerable_populations,Custom_Rule_Based,severe,JJ
15_vulnerable_populations,Custom_Rule_Based,outcomes,NNS
15_vulnerable_populations,Custom_Rule_Based,from,IN
15_vulnerable_populations,Custom_Rule_Based,respiratory,NN
15_vulnerable_populations,Custom_Rule_Based,infections,NNS
15_vulnerable_populations,Custom_Rule_Based,because,IN
15_vulnerable_populations,Custom_Rule_Based,of,IN
15_vulnerable_populations,Custom_Rule_Based,age,NN
15_vulnerable_populations,Custom_Rule_Based,",",","
15_vulnerable_populations,Custom_Rule_Based,underlying,VBG
15_vulnerable_populations,Custom_Rule_Based,medical,JJ
15_vulnerable_populations,Custom_Rule_Based,conditions,NNS
15_vulnerable_populations,Custom_Rule_Based,",",","
15_vulnerable_populations,Custom_Rule_Based,immune,NN
15_vulnerable_populations,Custom_Rule_Based,status,NN
15_vulnerable_populations,Custom_Rule_Based,",",","
15_vulnerable_populations,Custom_Rule_Based,pregnancy,NN
15_vulnerable_populations,Custom_Rule_Based,",",","
15_vulnerable_populations,Custom_Rule_Based,or,CC
15_vulnerable_populations,Custom_Rule_Based,other,JJ
15_vulnerable_populations,Custom_Rule_Based,factors,NNS
15_vulnerable_populations,Custom_Rule_Based,.,.
15_vulnerable_populations,Custom_Rule_Based,Public-health,NN
15_vulnerable_populations,Custom_Rule_Based,planning,NN
15_vulnerable_populations,Custom_Rule_Based,can,MD
15_vulnerable_populations,Custom_Rule_Based,reduce,VB
15_vulnerable_populations,Custom_Rule_Based,harm,NN
15_vulnerable_populations,Custom_Rule_Based,by,IN
15_vulnerable_populations,Custom_Rule_Based,ensuring,VBG
15_vulnerable_populations,Custom_Rule_Based,that,IN
15_vulnerable_populations,Custom_Rule_Based,higher-risk,JJ
15_vulnerable_populations,Custom_Rule_Based,groups,NNS
15_vulnerable_populations,Custom_Rule_Based,have,VBP
15_vulnerable_populations,Custom_Rule_Based,access,NN
15_vulnerable_populations,Custom_Rule_Based,to,TO
15_vulnerable_populations,Custom_Rule_Based,vaccination,NN
15_vulnerable_populations,Custom_Rule_Based,",",","
15_vulnerable_populations,Custom_Rule_Based,timely,RB
15_vulnerable_populations,Custom_Rule_Based,testing,VBG
15_vulnerable_populations,Custom_Rule_Based,when,WRB
15_vulnerable_populations,Custom_Rule_Based,appropriate,NN
15_vulnerable_populations,Custom_Rule_Based,",",","
15_vulnerable_populations,Custom_Rule_Based,clinical,JJ
15_vulnerable_populations,Custom_Rule_Based,care,NN
15_vulnerable_populations,Custom_Rule_Based,",",","
15_vulnerable_populations,Custom_Rule_Based,and,CC
15_vulnerable_populations,Custom_Rule_Based,clear,JJ
15_vulnerable_populations,Custom_Rule_Based,prevention,NN
15_vulnerable_populations,Custom_Rule_Based,information,NN
15_vulnerable_populations,Custom_Rule_Based,.,.
15_vulnerable_populations,Custom_Rule_Based,Protection,NN
15_vulnerable_populations,Custom_Rule_Based,can,MD
15_vulnerable_populations,Custom_Rule_Based,involve,VB
15_vulnerable_populations,Custom_Rule_Based,individual,JJ
15_vulnerable_populations,Custom_Rule_Based,and,CC
15_vulnerable_populations,Custom_Rule_Based,community,NN
15_vulnerable_populations,Custom_Rule_Based,measures,NNS
15_vulnerable_populations,Custom_Rule_Based,.,.
15_vulnerable_populations,Custom_Rule_Based,Healthcare,NNP
15_vulnerable_populations,Custom_Rule_Based,facilities,NNS
15_vulnerable_populations,Custom_Rule_Based,and,CC
15_vulnerable_populations,Custom_Rule_Based,residential,JJ
15_vulnerable_populations,Custom_Rule_Based,settings,NNS
15_vulnerable_populations,Custom_Rule_Based,may,MD
15_vulnerable_populations,Custom_Rule_Based,use,VB
15_vulnerable_populations,Custom_Rule_Based,additional,JJ
15_vulnerable_populations,Custom_Rule_Based,precautions,NNS
15_vulnerable_populations,Custom_Rule_Based,during,IN
15_vulnerable_populations,Custom_Rule_Based,periods,NNS
15_vulnerable_populations,Custom_Rule_Based,of,IN
15_vulnerable_populations,Custom_Rule_Based,elevated,JJ
15_vulnerable_populations,Custom_Rule_Based,transmission,NN
15_vulnerable_populations,Custom_Rule_Based,.,.
15_vulnerable_populations,Custom_Rule_Based,Family,JJ
15_vulnerable_populations,Custom_Rule_Based,members,NNS
15_vulnerable_populations,Custom_Rule_Based,and,CC
15_vulnerable_populations,Custom_Rule_Based,caregivers,NNS
15_vulnerable_populations,Custom_Rule_Based,can,MD
15_vulnerable_populations,Custom_Rule_Based,reduce,VB
15_vulnerable_populations,Custom_Rule_Based,exposure,NN
15_vulnerable_populations,Custom_Rule_Based,opportunities,NNS
15_vulnerable_populations,Custom_Rule_Based,when,WRB
15_vulnerable_populations,Custom_Rule_Based,respiratory,NN
15_vulnerable_populations,Custom_Rule_Based,viruses,NNS
15_vulnerable_populations,Custom_Rule_Based,are,VBP
15_vulnerable_populations,Custom_Rule_Based,circulating,VBG
15_vulnerable_populations,Custom_Rule_Based,widely,RB
15_vulnerable_populations,Custom_Rule_Based,.,.
15_vulnerable_populations,Custom_Rule_Based,Risk,NN
15_vulnerable_populations,Custom_Rule_Based,is,VBZ
15_vulnerable_populations,Custom_Rule_Based,not,RB
15_vulnerable_populations,Custom_Rule_Based,determined,VBN
15_vulnerable_populations,Custom_Rule_Based,by,IN
15_vulnerable_populations,Custom_Rule_Based,a,DT
15_vulnerable_populations,Custom_Rule_Based,single,JJ
15_vulnerable_populations,Custom_Rule_Based,characteristic,NN
15_vulnerable_populations,Custom_Rule_Based,.,.
15_vulnerable_populations,Custom_Rule_Based,Age,NNP
15_vulnerable_populations,Custom_Rule_Based,",",","
15_vulnerable_populations,Custom_Rule_Based,vaccination,NN
15_vulnerable_populations,Custom_Rule_Based,status,NN
15_vulnerable_populations,Custom_Rule_Based,",",","
15_vulnerable_populations,Custom_Rule_Based,previous,JJ
15_vulnerable_populations,Custom_Rule_Based,immunity,NN
15_vulnerable_populations,Custom_Rule_Based,",",","
15_vulnerable_populations,Custom_Rule_Based,treatment,NN
15_vulnerable_populations,Custom_Rule_Based,access,NN
15_vulnerable_populations,Custom_Rule_Based,",",","
15_vulnerable_populations,Custom_Rule_Based,and,CC
15_vulnerable_populations,Custom_Rule_Based,circulating,VBG
15_vulnerable_populations,Custom_Rule_Based,viral,JJ
15_vulnerable_populations,Custom_Rule_Based,strains,NNS
15_vulnerable_populations,Custom_Rule_Based,can,MD
15_vulnerable_populations,Custom_Rule_Based,interact,VB
15_vulnerable_populations,Custom_Rule_Based,.,.
15_vulnerable_populations,Custom_Rule_Based,Public-health,NNP
15_vulnerable_populations,Custom_Rule_Based,communication,NN
15_vulnerable_populations,Custom_Rule_Based,should,MD
15_vulnerable_populations,Custom_Rule_Based,therefore,VB
15_vulnerable_populations,Custom_Rule_Based,avoid,RP
15_vulnerable_populations,Custom_Rule_Based,assuming,VBG
15_vulnerable_populations,Custom_Rule_Based,that,IN
15_vulnerable_populations,Custom_Rule_Based,all,DT
15_vulnerable_populations,Custom_Rule_Based,members,NNS
15_vulnerable_populations,Custom_Rule_Based,of,IN
15_vulnerable_populations,Custom_Rule_Based,a,DT
15_vulnerable_populations,Custom_Rule_Based,broad,JJ
15_vulnerable_populations,Custom_Rule_Based,category,NN
15_vulnerable_populations,Custom_Rule_Based,have,VBP
15_vulnerable_populations,Custom_Rule_Based,identical,JJ
15_vulnerable_populations,Custom_Rule_Based,risk,NN
15_vulnerable_populations,Custom_Rule_Based,.,.
15_vulnerable_populations,Custom_Rule_Based,Equitable,JJ
15_vulnerable_populations,Custom_Rule_Based,access,NN
15_vulnerable_populations,Custom_Rule_Based,is,VBZ
15_vulnerable_populations,Custom_Rule_Based,an,DT
15_vulnerable_populations,Custom_Rule_Based,important,JJ
15_vulnerable_populations,Custom_Rule_Based,part,NN
15_vulnerable_populations,Custom_Rule_Based,of,IN
15_vulnerable_populations,Custom_Rule_Based,prevention,NN
15_vulnerable_populations,Custom_Rule_Based,.,.
15_vulnerable_populations,Custom_Rule_Based,Barriers,NNS
15_vulnerable_populations,Custom_Rule_Based,such,JJ
15_vulnerable_populations,Custom_Rule_Based,as,IN
15_vulnerable_populations,Custom_Rule_Based,transportation,NN
15_vulnerable_populations,Custom_Rule_Based,",",","
15_vulnerable_populations,Custom_Rule_Based,cost,NN
15_vulnerable_populations,Custom_Rule_Based,",",","
15_vulnerable_populations,Custom_Rule_Based,language,NN
15_vulnerable_populations,Custom_Rule_Based,",",","
15_vulnerable_populations,Custom_Rule_Based,digital,JJ
15_vulnerable_populations,Custom_Rule_Based,access,NN
15_vulnerable_populations,Custom_Rule_Based,",",","
15_vulnerable_populations,Custom_Rule_Based,and,CC
15_vulnerable_populations,Custom_Rule_Based,healthcare,JJ
15_vulnerable_populations,Custom_Rule_Based,availability,NN
15_vulnerable_populations,Custom_Rule_Based,can,MD
15_vulnerable_populations,Custom_Rule_Based,affect,VB
15_vulnerable_populations,Custom_Rule_Based,whether,IN
15_vulnerable_populations,Custom_Rule_Based,people,NNS
15_vulnerable_populations,Custom_Rule_Based,are,VBP
15_vulnerable_populations,Custom_Rule_Based,able,JJ
15_vulnerable_populations,Custom_Rule_Based,to,TO
15_vulnerable_populations,Custom_Rule_Based,use,VB
15_vulnerable_populations,Custom_Rule_Based,recommended,JJ
15_vulnerable_populations,Custom_Rule_Based,services,NNS
15_vulnerable_populations,Custom_Rule_Based,.,.
16_antiviral_treatment_and_testing,NLTK,Testing,VBG
16_antiviral_treatment_and_testing,NLTK,and,CC
16_antiviral_treatment_and_testing,NLTK,Antiviral,NNP
16_antiviral_treatment_and_testing,NLTK,Treatment,NNP
16_antiviral_treatment_and_testing,NLTK,in,IN
16_antiviral_treatment_and_testing,NLTK,COVID-19,NNP
16_antiviral_treatment_and_testing,NLTK,Care,NNP
16_antiviral_treatment_and_testing,NLTK,Testing,NNP
16_antiviral_treatment_and_testing,NLTK,can,MD
16_antiviral_treatment_and_testing,NLTK,help,VB
16_antiviral_treatment_and_testing,NLTK,identify,VB
16_antiviral_treatment_and_testing,NLTK,SARS-CoV-2,JJ
16_antiviral_treatment_and_testing,NLTK,infection,NN
16_antiviral_treatment_and_testing,NLTK,and,CC
16_antiviral_treatment_and_testing,NLTK,inform,VB
16_antiviral_treatment_and_testing,NLTK,clinical,JJ
16_antiviral_treatment_and_testing,NLTK,or,CC
16_antiviral_treatment_and_testing,NLTK,public-health,JJ
16_antiviral_treatment_and_testing,NLTK,decisions,NNS
16_antiviral_treatment_and_testing,NLTK,.,.
16_antiviral_treatment_and_testing,NLTK,Different,NN
16_antiviral_treatment_and_testing,NLTK,tests,NNS
16_antiviral_treatment_and_testing,NLTK,have,VBP
16_antiviral_treatment_and_testing,NLTK,different,JJ
16_antiviral_treatment_and_testing,NLTK,characteristics,NNS
16_antiviral_treatment_and_testing,NLTK,.,.
16_antiviral_treatment_and_testing,NLTK,Molecular,JJ
16_antiviral_treatment_and_testing,NLTK,tests,NNS
16_antiviral_treatment_and_testing,NLTK,can,MD
16_antiviral_treatment_and_testing,NLTK,detect,VB
16_antiviral_treatment_and_testing,NLTK,viral,JJ
16_antiviral_treatment_and_testing,NLTK,genetic,JJ
16_antiviral_treatment_and_testing,NLTK,material,NN
16_antiviral_treatment_and_testing,NLTK,",",","
16_antiviral_treatment_and_testing,NLTK,while,IN
16_antiviral_treatment_and_testing,NLTK,antigen,NN
16_antiviral_treatment_and_testing,NLTK,tests,NNS
16_antiviral_treatment_and_testing,NLTK,detect,VBP
16_antiviral_treatment_and_testing,NLTK,viral,JJ
16_antiviral_treatment_and_testing,NLTK,proteins,NNS
16_antiviral_treatment_and_testing,NLTK,and,CC
16_antiviral_treatment_and_testing,NLTK,may,MD
16_antiviral_treatment_and_testing,NLTK,provide,VB
16_antiviral_treatment_and_testing,NLTK,rapid,JJ
16_antiviral_treatment_and_testing,NLTK,results,NNS
16_antiviral_treatment_and_testing,NLTK,.,.
16_antiviral_treatment_and_testing,NLTK,Test,NNP
16_antiviral_treatment_and_testing,NLTK,performance,NN
16_antiviral_treatment_and_testing,NLTK,depends,VBZ
16_antiviral_treatment_and_testing,NLTK,on,IN
16_antiviral_treatment_and_testing,NLTK,timing,NN
16_antiviral_treatment_and_testing,NLTK,",",","
16_antiviral_treatment_and_testing,NLTK,specimen,NNS
16_antiviral_treatment_and_testing,NLTK,collection,NN
16_antiviral_treatment_and_testing,NLTK,",",","
16_antiviral_treatment_and_testing,NLTK,and,CC
16_antiviral_treatment_and_testing,NLTK,the,DT
16_antiviral_treatment_and_testing,NLTK,stage,NN
16_antiviral_treatment_and_testing,NLTK,of,IN
16_antiviral_treatment_and_testing,NLTK,infection,NN
16_antiviral_treatment_and_testing,NLTK,.,.
16_antiviral_treatment_and_testing,NLTK,A,DT
16_antiviral_treatment_and_testing,NLTK,negative,JJ
16_antiviral_treatment_and_testing,NLTK,result,NN
16_antiviral_treatment_and_testing,NLTK,does,VBZ
16_antiviral_treatment_and_testing,NLTK,not,RB
16_antiviral_treatment_and_testing,NLTK,always,RB
16_antiviral_treatment_and_testing,NLTK,exclude,VBP
16_antiviral_treatment_and_testing,NLTK,infection,NN
16_antiviral_treatment_and_testing,NLTK,",",","
16_antiviral_treatment_and_testing,NLTK,particularly,RB
16_antiviral_treatment_and_testing,NLTK,when,WRB
16_antiviral_treatment_and_testing,NLTK,testing,VBG
16_antiviral_treatment_and_testing,NLTK,occurs,RB
16_antiviral_treatment_and_testing,NLTK,early,RB
16_antiviral_treatment_and_testing,NLTK,or,CC
16_antiviral_treatment_and_testing,NLTK,when,WRB
16_antiviral_treatment_and_testing,NLTK,the,DT
16_antiviral_treatment_and_testing,NLTK,test,NN
16_antiviral_treatment_and_testing,NLTK,has,VBZ
16_antiviral_treatment_and_testing,NLTK,lower,JJR
16_antiviral_treatment_and_testing,NLTK,sensitivity,NN
16_antiviral_treatment_and_testing,NLTK,.,.
16_antiviral_treatment_and_testing,NLTK,Interpretation,NN
16_antiviral_treatment_and_testing,NLTK,should,MD
16_antiviral_treatment_and_testing,NLTK,consider,VB
16_antiviral_treatment_and_testing,NLTK,symptoms,NNS
16_antiviral_treatment_and_testing,NLTK,",",","
16_antiviral_treatment_and_testing,NLTK,exposure,NN
16_antiviral_treatment_and_testing,NLTK,history,NN
16_antiviral_treatment_and_testing,NLTK,",",","
16_antiviral_treatment_and_testing,NLTK,timing,NN
16_antiviral_treatment_and_testing,NLTK,",",","
16_antiviral_treatment_and_testing,NLTK,and,CC
16_antiviral_treatment_and_testing,NLTK,the,DT
16_antiviral_treatment_and_testing,NLTK,specific,JJ
16_antiviral_treatment_and_testing,NLTK,test,NN
16_antiviral_treatment_and_testing,NLTK,used,VBN
16_antiviral_treatment_and_testing,NLTK,.,.
16_antiviral_treatment_and_testing,NLTK,Antiviral,JJ
16_antiviral_treatment_and_testing,NLTK,treatment,NN
16_antiviral_treatment_and_testing,NLTK,is,VBZ
16_antiviral_treatment_and_testing,NLTK,intended,VBN
16_antiviral_treatment_and_testing,NLTK,to,TO
16_antiviral_treatment_and_testing,NLTK,reduce,VB
16_antiviral_treatment_and_testing,NLTK,the,DT
16_antiviral_treatment_and_testing,NLTK,risk,NN
16_antiviral_treatment_and_testing,NLTK,of,IN
16_antiviral_treatment_and_testing,NLTK,severe,JJ
16_antiviral_treatment_and_testing,NLTK,disease,NN
16_antiviral_treatment_and_testing,NLTK,in,IN
16_antiviral_treatment_and_testing,NLTK,eligible,JJ
16_antiviral_treatment_and_testing,NLTK,patients,NNS
16_antiviral_treatment_and_testing,NLTK,.,.
16_antiviral_treatment_and_testing,NLTK,Eligibility,NNP
16_antiviral_treatment_and_testing,NLTK,",",","
16_antiviral_treatment_and_testing,NLTK,timing,NN
16_antiviral_treatment_and_testing,NLTK,",",","
16_antiviral_treatment_and_testing,NLTK,contraindications,NNS
16_antiviral_treatment_and_testing,NLTK,",",","
16_antiviral_treatment_and_testing,NLTK,drug,NN
16_antiviral_treatment_and_testing,NLTK,interactions,NNS
16_antiviral_treatment_and_testing,NLTK,",",","
16_antiviral_treatment_and_testing,NLTK,and,CC
16_antiviral_treatment_and_testing,NLTK,treatment,NN
16_antiviral_treatment_and_testing,NLTK,selection,NN
16_antiviral_treatment_and_testing,NLTK,require,VB
16_antiviral_treatment_and_testing,NLTK,clinical,JJ
16_antiviral_treatment_and_testing,NLTK,assessment,NN
16_antiviral_treatment_and_testing,NLTK,.,.
16_antiviral_treatment_and_testing,NLTK,Public-health,NN
16_antiviral_treatment_and_testing,NLTK,information,NN
16_antiviral_treatment_and_testing,NLTK,should,MD
16_antiviral_treatment_and_testing,NLTK,not,RB
16_antiviral_treatment_and_testing,NLTK,replace,VB
16_antiviral_treatment_and_testing,NLTK,individualized,JJ
16_antiviral_treatment_and_testing,NLTK,medical,JJ
16_antiviral_treatment_and_testing,NLTK,advice,NN
16_antiviral_treatment_and_testing,NLTK,.,.
16_antiviral_treatment_and_testing,NLTK,Testing,VBG
16_antiviral_treatment_and_testing,NLTK,and,CC
16_antiviral_treatment_and_testing,NLTK,treatment,NN
16_antiviral_treatment_and_testing,NLTK,programs,NNS
16_antiviral_treatment_and_testing,NLTK,are,VBP
16_antiviral_treatment_and_testing,NLTK,most,RBS
16_antiviral_treatment_and_testing,NLTK,effective,JJ
16_antiviral_treatment_and_testing,NLTK,when,WRB
16_antiviral_treatment_and_testing,NLTK,people,NNS
16_antiviral_treatment_and_testing,NLTK,can,MD
16_antiviral_treatment_and_testing,NLTK,access,NN
16_antiviral_treatment_and_testing,NLTK,testing,VBG
16_antiviral_treatment_and_testing,NLTK,promptly,RB
16_antiviral_treatment_and_testing,NLTK,and,CC
16_antiviral_treatment_and_testing,NLTK,healthcare,JJ
16_antiviral_treatment_and_testing,NLTK,systems,NNS
16_antiviral_treatment_and_testing,NLTK,can,MD
16_antiviral_treatment_and_testing,NLTK,evaluate,VB
16_antiviral_treatment_and_testing,NLTK,eligible,JJ
16_antiviral_treatment_and_testing,NLTK,patients,NNS
16_antiviral_treatment_and_testing,NLTK,without,IN
16_antiviral_treatment_and_testing,NLTK,unnecessary,JJ
16_antiviral_treatment_and_testing,NLTK,delay,NN
16_antiviral_treatment_and_testing,NLTK,.,.
16_antiviral_treatment_and_testing,NLTK,Surveillance,NNP
16_antiviral_treatment_and_testing,NLTK,data,NN
16_antiviral_treatment_and_testing,NLTK,can,MD
16_antiviral_treatment_and_testing,NLTK,also,RB
16_antiviral_treatment_and_testing,NLTK,help,VB
16_antiviral_treatment_and_testing,NLTK,authorities,NNS
16_antiviral_treatment_and_testing,NLTK,understand,VBP
16_antiviral_treatment_and_testing,NLTK,changes,NNS
16_antiviral_treatment_and_testing,NLTK,in,IN
16_antiviral_treatment_and_testing,NLTK,testing,VBG
16_antiviral_treatment_and_testing,NLTK,demand,NN
16_antiviral_treatment_and_testing,NLTK,and,CC
16_antiviral_treatment_and_testing,NLTK,disease,NN
16_antiviral_treatment_and_testing,NLTK,activity,NN
16_antiviral_treatment_and_testing,NLTK,.,.
16_antiviral_treatment_and_testing,spaCy,Testing,NOUN
16_antiviral_treatment_and_testing,spaCy,and,CCONJ
16_antiviral_treatment_and_testing,spaCy,Antiviral,PROPN
16_antiviral_treatment_and_testing,spaCy,Treatment,PROPN
16_antiviral_treatment_and_testing,spaCy,in,ADP
16_antiviral_treatment_and_testing,spaCy,COVID-19,PROPN
16_antiviral_treatment_and_testing,spaCy,Care,PROPN
16_antiviral_treatment_and_testing,spaCy,Testing,NOUN
16_antiviral_treatment_and_testing,spaCy,can,AUX
16_antiviral_treatment_and_testing,spaCy,help,AUX
16_antiviral_treatment_and_testing,spaCy,identify,VERB
16_antiviral_treatment_and_testing,spaCy,SARS,PROPN
16_antiviral_treatment_and_testing,spaCy,-,PUNCT
16_antiviral_treatment_and_testing,spaCy,CoV-2,PROPN
16_antiviral_treatment_and_testing,spaCy,infection,NOUN
16_antiviral_treatment_and_testing,spaCy,and,CCONJ
16_antiviral_treatment_and_testing,spaCy,inform,VERB
16_antiviral_treatment_and_testing,spaCy,clinical,ADJ
16_antiviral_treatment_and_testing,spaCy,or,CCONJ
16_antiviral_treatment_and_testing,spaCy,public,ADJ
16_antiviral_treatment_and_testing,spaCy,-,PUNCT
16_antiviral_treatment_and_testing,spaCy,health,NOUN
16_antiviral_treatment_and_testing,spaCy,decisions,NOUN
16_antiviral_treatment_and_testing,spaCy,.,PUNCT
16_antiviral_treatment_and_testing,spaCy,Different,ADJ
16_antiviral_treatment_and_testing,spaCy,tests,NOUN
16_antiviral_treatment_and_testing,spaCy,have,VERB
16_antiviral_treatment_and_testing,spaCy,different,ADJ
16_antiviral_treatment_and_testing,spaCy,characteristics,NOUN
16_antiviral_treatment_and_testing,spaCy,.,PUNCT
16_antiviral_treatment_and_testing,spaCy,Molecular,ADJ
16_antiviral_treatment_and_testing,spaCy,tests,NOUN
16_antiviral_treatment_and_testing,spaCy,can,AUX
16_antiviral_treatment_and_testing,spaCy,detect,VERB
16_antiviral_treatment_and_testing,spaCy,viral,ADJ
16_antiviral_treatment_and_testing,spaCy,genetic,ADJ
16_antiviral_treatment_and_testing,spaCy,material,NOUN
16_antiviral_treatment_and_testing,spaCy,",",PUNCT
16_antiviral_treatment_and_testing,spaCy,while,SCONJ
16_antiviral_treatment_and_testing,spaCy,antigen,NOUN
16_antiviral_treatment_and_testing,spaCy,tests,NOUN
16_antiviral_treatment_and_testing,spaCy,detect,VERB
16_antiviral_treatment_and_testing,spaCy,viral,ADJ
16_antiviral_treatment_and_testing,spaCy,proteins,NOUN
16_antiviral_treatment_and_testing,spaCy,and,CCONJ
16_antiviral_treatment_and_testing,spaCy,may,AUX
16_antiviral_treatment_and_testing,spaCy,provide,VERB
16_antiviral_treatment_and_testing,spaCy,rapid,ADJ
16_antiviral_treatment_and_testing,spaCy,results,NOUN
16_antiviral_treatment_and_testing,spaCy,.,PUNCT
16_antiviral_treatment_and_testing,spaCy,Test,NOUN
16_antiviral_treatment_and_testing,spaCy,performance,NOUN
16_antiviral_treatment_and_testing,spaCy,depends,VERB
16_antiviral_treatment_and_testing,spaCy,on,ADP
16_antiviral_treatment_and_testing,spaCy,timing,NOUN
16_antiviral_treatment_and_testing,spaCy,",",PUNCT
16_antiviral_treatment_and_testing,spaCy,specimen,NOUN
16_antiviral_treatment_and_testing,spaCy,collection,NOUN
16_antiviral_treatment_and_testing,spaCy,",",PUNCT
16_antiviral_treatment_and_testing,spaCy,and,CCONJ
16_antiviral_treatment_and_testing,spaCy,the,DET
16_antiviral_treatment_and_testing,spaCy,stage,NOUN
16_antiviral_treatment_and_testing,spaCy,of,ADP
16_antiviral_treatment_and_testing,spaCy,infection,NOUN
16_antiviral_treatment_and_testing,spaCy,.,PUNCT
16_antiviral_treatment_and_testing,spaCy,A,DET
16_antiviral_treatment_and_testing,spaCy,negative,ADJ
16_antiviral_treatment_and_testing,spaCy,result,NOUN
16_antiviral_treatment_and_testing,spaCy,does,AUX
16_antiviral_treatment_and_testing,spaCy,not,PART
16_antiviral_treatment_and_testing,spaCy,always,ADV
16_antiviral_treatment_and_testing,spaCy,exclude,VERB
16_antiviral_treatment_and_testing,spaCy,infection,NOUN
16_antiviral_treatment_and_testing,spaCy,",",PUNCT
16_antiviral_treatment_and_testing,spaCy,particularly,ADV
16_antiviral_treatment_and_testing,spaCy,when,SCONJ
16_antiviral_treatment_and_testing,spaCy,testing,NOUN
16_antiviral_treatment_and_testing,spaCy,occurs,VERB
16_antiviral_treatment_and_testing,spaCy,early,ADV
16_antiviral_treatment_and_testing,spaCy,or,CCONJ
16_antiviral_treatment_and_testing,spaCy,when,SCONJ
16_antiviral_treatment_and_testing,spaCy,the,DET
16_antiviral_treatment_and_testing,spaCy,test,NOUN
16_antiviral_treatment_and_testing,spaCy,has,VERB
16_antiviral_treatment_and_testing,spaCy,lower,ADJ
16_antiviral_treatment_and_testing,spaCy,sensitivity,NOUN
16_antiviral_treatment_and_testing,spaCy,.,PUNCT
16_antiviral_treatment_and_testing,spaCy,Interpretation,NOUN
16_antiviral_treatment_and_testing,spaCy,should,AUX
16_antiviral_treatment_and_testing,spaCy,consider,VERB
16_antiviral_treatment_and_testing,spaCy,symptoms,NOUN
16_antiviral_treatment_and_testing,spaCy,",",PUNCT
16_antiviral_treatment_and_testing,spaCy,exposure,NOUN
16_antiviral_treatment_and_testing,spaCy,history,NOUN
16_antiviral_treatment_and_testing,spaCy,",",PUNCT
16_antiviral_treatment_and_testing,spaCy,timing,NOUN
16_antiviral_treatment_and_testing,spaCy,",",PUNCT
16_antiviral_treatment_and_testing,spaCy,and,CCONJ
16_antiviral_treatment_and_testing,spaCy,the,DET
16_antiviral_treatment_and_testing,spaCy,specific,ADJ
16_antiviral_treatment_and_testing,spaCy,test,NOUN
16_antiviral_treatment_and_testing,spaCy,used,VERB
16_antiviral_treatment_and_testing,spaCy,.,PUNCT
16_antiviral_treatment_and_testing,spaCy,Antiviral,ADJ
16_antiviral_treatment_and_testing,spaCy,treatment,NOUN
16_antiviral_treatment_and_testing,spaCy,is,AUX
16_antiviral_treatment_and_testing,spaCy,intended,VERB
16_antiviral_treatment_and_testing,spaCy,to,PART
16_antiviral_treatment_and_testing,spaCy,reduce,VERB
16_antiviral_treatment_and_testing,spaCy,the,DET
16_antiviral_treatment_and_testing,spaCy,risk,NOUN
16_antiviral_treatment_and_testing,spaCy,of,ADP
16_antiviral_treatment_and_testing,spaCy,severe,ADJ
16_antiviral_treatment_and_testing,spaCy,disease,NOUN
16_antiviral_treatment_and_testing,spaCy,in,ADP
16_antiviral_treatment_and_testing,spaCy,eligible,ADJ
16_antiviral_treatment_and_testing,spaCy,patients,NOUN
16_antiviral_treatment_and_testing,spaCy,.,PUNCT
16_antiviral_treatment_and_testing,spaCy,Eligibility,PROPN
16_antiviral_treatment_and_testing,spaCy,",",PUNCT
16_antiviral_treatment_and_testing,spaCy,timing,NOUN
16_antiviral_treatment_and_testing,spaCy,",",PUNCT
16_antiviral_treatment_and_testing,spaCy,contraindications,NOUN
16_antiviral_treatment_and_testing,spaCy,",",PUNCT
16_antiviral_treatment_and_testing,spaCy,drug,NOUN
16_antiviral_treatment_and_testing,spaCy,interactions,NOUN
16_antiviral_treatment_and_testing,spaCy,",",PUNCT
16_antiviral_treatment_and_testing,spaCy,and,CCONJ
16_antiviral_treatment_and_testing,spaCy,treatment,NOUN
16_antiviral_treatment_and_testing,spaCy,selection,NOUN
16_antiviral_treatment_and_testing,spaCy,require,VERB
16_antiviral_treatment_and_testing,spaCy,clinical,ADJ
16_antiviral_treatment_and_testing,spaCy,assessment,NOUN
16_antiviral_treatment_and_testing,spaCy,.,PUNCT
16_antiviral_treatment_and_testing,spaCy,Public,ADJ
16_antiviral_treatment_and_testing,spaCy,-,PUNCT
16_antiviral_treatment_and_testing,spaCy,health,NOUN
16_antiviral_treatment_and_testing,spaCy,information,NOUN
16_antiviral_treatment_and_testing,spaCy,should,AUX
16_antiviral_treatment_and_testing,spaCy,not,PART
16_antiviral_treatment_and_testing,spaCy,replace,VERB
16_antiviral_treatment_and_testing,spaCy,individualized,ADJ
16_antiviral_treatment_and_testing,spaCy,medical,ADJ
16_antiviral_treatment_and_testing,spaCy,advice,NOUN
16_antiviral_treatment_and_testing,spaCy,.,PUNCT
16_antiviral_treatment_and_testing,spaCy,Testing,NOUN
16_antiviral_treatment_and_testing,spaCy,and,CCONJ
16_antiviral_treatment_and_testing,spaCy,treatment,NOUN
16_antiviral_treatment_and_testing,spaCy,programs,NOUN
16_antiviral_treatment_and_testing,spaCy,are,AUX
16_antiviral_treatment_and_testing,spaCy,most,ADV
16_antiviral_treatment_and_testing,spaCy,effective,ADJ
16_antiviral_treatment_and_testing,spaCy,when,SCONJ
16_antiviral_treatment_and_testing,spaCy,people,NOUN
16_antiviral_treatment_and_testing,spaCy,can,AUX
16_antiviral_treatment_and_testing,spaCy,access,VERB
16_antiviral_treatment_and_testing,spaCy,testing,NOUN
16_antiviral_treatment_and_testing,spaCy,promptly,ADV
16_antiviral_treatment_and_testing,spaCy,and,CCONJ
16_antiviral_treatment_and_testing,spaCy,healthcare,NOUN
16_antiviral_treatment_and_testing,spaCy,systems,NOUN
16_antiviral_treatment_and_testing,spaCy,can,AUX
16_antiviral_treatment_and_testing,spaCy,evaluate,VERB
16_antiviral_treatment_and_testing,spaCy,eligible,ADJ
16_antiviral_treatment_and_testing,spaCy,patients,NOUN
16_antiviral_treatment_and_testing,spaCy,without,ADP
16_antiviral_treatment_and_testing,spaCy,unnecessary,ADJ
16_antiviral_treatment_and_testing,spaCy,delay,NOUN
16_antiviral_treatment_and_testing,spaCy,.,PUNCT
16_antiviral_treatment_and_testing,spaCy,Surveillance,NOUN
16_antiviral_treatment_and_testing,spaCy,data,NOUN
16_antiviral_treatment_and_testing,spaCy,can,AUX
16_antiviral_treatment_and_testing,spaCy,also,ADV
16_antiviral_treatment_and_testing,spaCy,help,VERB
16_antiviral_treatment_and_testing,spaCy,authorities,NOUN
16_antiviral_treatment_and_testing,spaCy,understand,VERB
16_antiviral_treatment_and_testing,spaCy,changes,NOUN
16_antiviral_treatment_and_testing,spaCy,in,ADP
16_antiviral_treatment_and_testing,spaCy,testing,VERB
16_antiviral_treatment_and_testing,spaCy,demand,NOUN
16_antiviral_treatment_and_testing,spaCy,and,CCONJ
16_antiviral_treatment_and_testing,spaCy,disease,NOUN
16_antiviral_treatment_and_testing,spaCy,activity,NOUN
16_antiviral_treatment_and_testing,spaCy,.,PUNCT
16_antiviral_treatment_and_testing,Custom_Rule_Based,Testing,VBG
16_antiviral_treatment_and_testing,Custom_Rule_Based,and,CC
16_antiviral_treatment_and_testing,Custom_Rule_Based,Antiviral,NNP
16_antiviral_treatment_and_testing,Custom_Rule_Based,Treatment,NNP
16_antiviral_treatment_and_testing,Custom_Rule_Based,in,IN
16_antiviral_treatment_and_testing,Custom_Rule_Based,COVID-19,NN
16_antiviral_treatment_and_testing,Custom_Rule_Based,Care,NNP
16_antiviral_treatment_and_testing,Custom_Rule_Based,Testing,NNP
16_antiviral_treatment_and_testing,Custom_Rule_Based,can,MD
16_antiviral_treatment_and_testing,Custom_Rule_Based,help,VB
16_antiviral_treatment_and_testing,Custom_Rule_Based,identify,VB
16_antiviral_treatment_and_testing,Custom_Rule_Based,SARS-CoV-2,NN
16_antiviral_treatment_and_testing,Custom_Rule_Based,infection,NN
16_antiviral_treatment_and_testing,Custom_Rule_Based,and,CC
16_antiviral_treatment_and_testing,Custom_Rule_Based,inform,VB
16_antiviral_treatment_and_testing,Custom_Rule_Based,clinical,JJ
16_antiviral_treatment_and_testing,Custom_Rule_Based,or,CC
16_antiviral_treatment_and_testing,Custom_Rule_Based,public-health,JJ
16_antiviral_treatment_and_testing,Custom_Rule_Based,decisions,NNS
16_antiviral_treatment_and_testing,Custom_Rule_Based,.,.
16_antiviral_treatment_and_testing,Custom_Rule_Based,Different,NN
16_antiviral_treatment_and_testing,Custom_Rule_Based,tests,NNS
16_antiviral_treatment_and_testing,Custom_Rule_Based,have,VBP
16_antiviral_treatment_and_testing,Custom_Rule_Based,different,JJ
16_antiviral_treatment_and_testing,Custom_Rule_Based,characteristics,NNS
16_antiviral_treatment_and_testing,Custom_Rule_Based,.,.
16_antiviral_treatment_and_testing,Custom_Rule_Based,Molecular,JJ
16_antiviral_treatment_and_testing,Custom_Rule_Based,tests,NNS
16_antiviral_treatment_and_testing,Custom_Rule_Based,can,MD
16_antiviral_treatment_and_testing,Custom_Rule_Based,detect,VB
16_antiviral_treatment_and_testing,Custom_Rule_Based,viral,JJ
16_antiviral_treatment_and_testing,Custom_Rule_Based,genetic,JJ
16_antiviral_treatment_and_testing,Custom_Rule_Based,material,NN
16_antiviral_treatment_and_testing,Custom_Rule_Based,",",","
16_antiviral_treatment_and_testing,Custom_Rule_Based,while,IN
16_antiviral_treatment_and_testing,Custom_Rule_Based,antigen,NN
16_antiviral_treatment_and_testing,Custom_Rule_Based,tests,NNS
16_antiviral_treatment_and_testing,Custom_Rule_Based,detect,VBP
16_antiviral_treatment_and_testing,Custom_Rule_Based,viral,JJ
16_antiviral_treatment_and_testing,Custom_Rule_Based,proteins,NNS
16_antiviral_treatment_and_testing,Custom_Rule_Based,and,CC
16_antiviral_treatment_and_testing,Custom_Rule_Based,may,MD
16_antiviral_treatment_and_testing,Custom_Rule_Based,provide,VB
16_antiviral_treatment_and_testing,Custom_Rule_Based,rapid,JJ
16_antiviral_treatment_and_testing,Custom_Rule_Based,results,NNS
16_antiviral_treatment_and_testing,Custom_Rule_Based,.,.
16_antiviral_treatment_and_testing,Custom_Rule_Based,Test,NNP
16_antiviral_treatment_and_testing,Custom_Rule_Based,performance,NN
16_antiviral_treatment_and_testing,Custom_Rule_Based,depends,VBZ
16_antiviral_treatment_and_testing,Custom_Rule_Based,on,IN
16_antiviral_treatment_and_testing,Custom_Rule_Based,timing,NN
16_antiviral_treatment_and_testing,Custom_Rule_Based,",",","
16_antiviral_treatment_and_testing,Custom_Rule_Based,specimen,NNS
16_antiviral_treatment_and_testing,Custom_Rule_Based,collection,NN
16_antiviral_treatment_and_testing,Custom_Rule_Based,",",","
16_antiviral_treatment_and_testing,Custom_Rule_Based,and,CC
16_antiviral_treatment_and_testing,Custom_Rule_Based,the,DT
16_antiviral_treatment_and_testing,Custom_Rule_Based,stage,NN
16_antiviral_treatment_and_testing,Custom_Rule_Based,of,IN
16_antiviral_treatment_and_testing,Custom_Rule_Based,infection,NN
16_antiviral_treatment_and_testing,Custom_Rule_Based,.,.
16_antiviral_treatment_and_testing,Custom_Rule_Based,A,DT
16_antiviral_treatment_and_testing,Custom_Rule_Based,negative,JJ
16_antiviral_treatment_and_testing,Custom_Rule_Based,result,NN
16_antiviral_treatment_and_testing,Custom_Rule_Based,does,VBZ
16_antiviral_treatment_and_testing,Custom_Rule_Based,not,RB
16_antiviral_treatment_and_testing,Custom_Rule_Based,always,RB
16_antiviral_treatment_and_testing,Custom_Rule_Based,exclude,VBP
16_antiviral_treatment_and_testing,Custom_Rule_Based,infection,NN
16_antiviral_treatment_and_testing,Custom_Rule_Based,",",","
16_antiviral_treatment_and_testing,Custom_Rule_Based,particularly,RB
16_antiviral_treatment_and_testing,Custom_Rule_Based,when,WRB
16_antiviral_treatment_and_testing,Custom_Rule_Based,testing,VBG
16_antiviral_treatment_and_testing,Custom_Rule_Based,occurs,RB
16_antiviral_treatment_and_testing,Custom_Rule_Based,early,RB
16_antiviral_treatment_and_testing,Custom_Rule_Based,or,CC
16_antiviral_treatment_and_testing,Custom_Rule_Based,when,WRB
16_antiviral_treatment_and_testing,Custom_Rule_Based,the,DT
16_antiviral_treatment_and_testing,Custom_Rule_Based,test,NN
16_antiviral_treatment_and_testing,Custom_Rule_Based,has,VBZ
16_antiviral_treatment_and_testing,Custom_Rule_Based,lower,JJR
16_antiviral_treatment_and_testing,Custom_Rule_Based,sensitivity,NN
16_antiviral_treatment_and_testing,Custom_Rule_Based,.,.
16_antiviral_treatment_and_testing,Custom_Rule_Based,Interpretation,NN
16_antiviral_treatment_and_testing,Custom_Rule_Based,should,MD
16_antiviral_treatment_and_testing,Custom_Rule_Based,consider,VB
16_antiviral_treatment_and_testing,Custom_Rule_Based,symptoms,NNS
16_antiviral_treatment_and_testing,Custom_Rule_Based,",",","
16_antiviral_treatment_and_testing,Custom_Rule_Based,exposure,NN
16_antiviral_treatment_and_testing,Custom_Rule_Based,history,NN
16_antiviral_treatment_and_testing,Custom_Rule_Based,",",","
16_antiviral_treatment_and_testing,Custom_Rule_Based,timing,NN
16_antiviral_treatment_and_testing,Custom_Rule_Based,",",","
16_antiviral_treatment_and_testing,Custom_Rule_Based,and,CC
16_antiviral_treatment_and_testing,Custom_Rule_Based,the,DT
16_antiviral_treatment_and_testing,Custom_Rule_Based,specific,JJ
16_antiviral_treatment_and_testing,Custom_Rule_Based,test,NN
16_antiviral_treatment_and_testing,Custom_Rule_Based,used,VBN
16_antiviral_treatment_and_testing,Custom_Rule_Based,.,.
16_antiviral_treatment_and_testing,Custom_Rule_Based,Antiviral,JJ
16_antiviral_treatment_and_testing,Custom_Rule_Based,treatment,NN
16_antiviral_treatment_and_testing,Custom_Rule_Based,is,VBZ
16_antiviral_treatment_and_testing,Custom_Rule_Based,intended,VBN
16_antiviral_treatment_and_testing,Custom_Rule_Based,to,TO
16_antiviral_treatment_and_testing,Custom_Rule_Based,reduce,VB
16_antiviral_treatment_and_testing,Custom_Rule_Based,the,DT
16_antiviral_treatment_and_testing,Custom_Rule_Based,risk,NN
16_antiviral_treatment_and_testing,Custom_Rule_Based,of,IN
16_antiviral_treatment_and_testing,Custom_Rule_Based,severe,JJ
16_antiviral_treatment_and_testing,Custom_Rule_Based,disease,NN
16_antiviral_treatment_and_testing,Custom_Rule_Based,in,IN
16_antiviral_treatment_and_testing,Custom_Rule_Based,eligible,JJ
16_antiviral_treatment_and_testing,Custom_Rule_Based,patients,NNS
16_antiviral_treatment_and_testing,Custom_Rule_Based,.,.
16_antiviral_treatment_and_testing,Custom_Rule_Based,Eligibility,NNP
16_antiviral_treatment_and_testing,Custom_Rule_Based,",",","
16_antiviral_treatment_and_testing,Custom_Rule_Based,timing,NN
16_antiviral_treatment_and_testing,Custom_Rule_Based,",",","
16_antiviral_treatment_and_testing,Custom_Rule_Based,contraindications,NNS
16_antiviral_treatment_and_testing,Custom_Rule_Based,",",","
16_antiviral_treatment_and_testing,Custom_Rule_Based,drug,NN
16_antiviral_treatment_and_testing,Custom_Rule_Based,interactions,NNS
16_antiviral_treatment_and_testing,Custom_Rule_Based,",",","
16_antiviral_treatment_and_testing,Custom_Rule_Based,and,CC
16_antiviral_treatment_and_testing,Custom_Rule_Based,treatment,NN
16_antiviral_treatment_and_testing,Custom_Rule_Based,selection,NN
16_antiviral_treatment_and_testing,Custom_Rule_Based,require,VB
16_antiviral_treatment_and_testing,Custom_Rule_Based,clinical,JJ
16_antiviral_treatment_and_testing,Custom_Rule_Based,assessment,NN
16_antiviral_treatment_and_testing,Custom_Rule_Based,.,.
16_antiviral_treatment_and_testing,Custom_Rule_Based,Public-health,NN
16_antiviral_treatment_and_testing,Custom_Rule_Based,information,NN
16_antiviral_treatment_and_testing,Custom_Rule_Based,should,MD
16_antiviral_treatment_and_testing,Custom_Rule_Based,not,RB
16_antiviral_treatment_and_testing,Custom_Rule_Based,replace,VB
16_antiviral_treatment_and_testing,Custom_Rule_Based,individualized,JJ
16_antiviral_treatment_and_testing,Custom_Rule_Based,medical,JJ
16_antiviral_treatment_and_testing,Custom_Rule_Based,advice,NN
16_antiviral_treatment_and_testing,Custom_Rule_Based,.,.
16_antiviral_treatment_and_testing,Custom_Rule_Based,Testing,VBG
16_antiviral_treatment_and_testing,Custom_Rule_Based,and,CC
16_antiviral_treatment_and_testing,Custom_Rule_Based,treatment,NN
16_antiviral_treatment_and_testing,Custom_Rule_Based,programs,NNS
16_antiviral_treatment_and_testing,Custom_Rule_Based,are,VBP
16_antiviral_treatment_and_testing,Custom_Rule_Based,most,RBS
16_antiviral_treatment_and_testing,Custom_Rule_Based,effective,JJ
16_antiviral_treatment_and_testing,Custom_Rule_Based,when,WRB
16_antiviral_treatment_and_testing,Custom_Rule_Based,people,NNS
16_antiviral_treatment_and_testing,Custom_Rule_Based,can,MD
16_antiviral_treatment_and_testing,Custom_Rule_Based,access,NN
16_antiviral_treatment_and_testing,Custom_Rule_Based,testing,VBG
16_antiviral_treatment_and_testing,Custom_Rule_Based,promptly,RB
16_antiviral_treatment_and_testing,Custom_Rule_Based,and,CC
16_antiviral_treatment_and_testing,Custom_Rule_Based,healthcare,JJ
16_antiviral_treatment_and_testing,Custom_Rule_Based,systems,NNS
16_antiviral_treatment_and_testing,Custom_Rule_Based,can,MD
16_antiviral_treatment_and_testing,Custom_Rule_Based,evaluate,VB
16_antiviral_treatment_and_testing,Custom_Rule_Based,eligible,JJ
16_antiviral_treatment_and_testing,Custom_Rule_Based,patients,NNS
16_antiviral_treatment_and_testing,Custom_Rule_Based,without,IN
16_antiviral_treatment_and_testing,Custom_Rule_Based,unnecessary,JJ
16_antiviral_treatment_and_testing,Custom_Rule_Based,delay,NN
16_antiviral_treatment_and_testing,Custom_Rule_Based,.,.
16_antiviral_treatment_and_testing,Custom_Rule_Based,Surveillance,NN
16_antiviral_treatment_and_testing,Custom_Rule_Based,data,NN
16_antiviral_treatment_and_testing,Custom_Rule_Based,can,MD
16_antiviral_treatment_and_testing,Custom_Rule_Based,also,RB
16_antiviral_treatment_and_testing,Custom_Rule_Based,help,VB
16_antiviral_treatment_and_testing,Custom_Rule_Based,authorities,NNS
16_antiviral_treatment_and_testing,Custom_Rule_Based,understand,VBP
16_antiviral_treatment_and_testing,Custom_Rule_Based,changes,NNS
16_antiviral_treatment_and_testing,Custom_Rule_Based,in,IN
16_antiviral_treatment_and_testing,Custom_Rule_Based,testing,VBG
16_antiviral_treatment_and_testing,Custom_Rule_Based,demand,NN
16_antiviral_treatment_and_testing,Custom_Rule_Based,and,CC
16_antiviral_treatment_and_testing,Custom_Rule_Based,disease,NN
16_antiviral_treatment_and_testing,Custom_Rule_Based,activity,NN
16_antiviral_treatment_and_testing,Custom_Rule_Based,.,.
17_misinformation_and_health_literacy,NLTK,Health,NNP
17_misinformation_and_health_literacy,NLTK,Literacy,NNP
17_misinformation_and_health_literacy,NLTK,and,CC
17_misinformation_and_health_literacy,NLTK,Infectious,NNP
17_misinformation_and_health_literacy,NLTK,Disease,NNP
17_misinformation_and_health_literacy,NLTK,Misinformation,NNP
17_misinformation_and_health_literacy,NLTK,Health,NNP
17_misinformation_and_health_literacy,NLTK,literacy,NN
17_misinformation_and_health_literacy,NLTK,involves,VBZ
17_misinformation_and_health_literacy,NLTK,the,DT
17_misinformation_and_health_literacy,NLTK,ability,NN
17_misinformation_and_health_literacy,NLTK,to,TO
17_misinformation_and_health_literacy,NLTK,find,VB
17_misinformation_and_health_literacy,NLTK,",",","
17_misinformation_and_health_literacy,NLTK,understand,VB
17_misinformation_and_health_literacy,NLTK,",",","
17_misinformation_and_health_literacy,NLTK,evaluate,VB
17_misinformation_and_health_literacy,NLTK,",",","
17_misinformation_and_health_literacy,NLTK,and,CC
17_misinformation_and_health_literacy,NLTK,use,VB
17_misinformation_and_health_literacy,NLTK,health,NN
17_misinformation_and_health_literacy,NLTK,information,NN
17_misinformation_and_health_literacy,NLTK,.,.
17_misinformation_and_health_literacy,NLTK,During,IN
17_misinformation_and_health_literacy,NLTK,infectious,JJ
17_misinformation_and_health_literacy,NLTK,disease,NN
17_misinformation_and_health_literacy,NLTK,outbreaks,NNS
17_misinformation_and_health_literacy,NLTK,",",","
17_misinformation_and_health_literacy,NLTK,people,NNS
17_misinformation_and_health_literacy,NLTK,may,MD
17_misinformation_and_health_literacy,NLTK,encounter,VB
17_misinformation_and_health_literacy,NLTK,rapidly,RB
17_misinformation_and_health_literacy,NLTK,changing,VBG
17_misinformation_and_health_literacy,NLTK,information,NN
17_misinformation_and_health_literacy,NLTK,through,IN
17_misinformation_and_health_literacy,NLTK,news,NN
17_misinformation_and_health_literacy,NLTK,",",","
17_misinformation_and_health_literacy,NLTK,social,JJ
17_misinformation_and_health_literacy,NLTK,media,NNS
17_misinformation_and_health_literacy,NLTK,",",","
17_misinformation_and_health_literacy,NLTK,messaging,VBG
17_misinformation_and_health_literacy,NLTK,applications,NNS
17_misinformation_and_health_literacy,NLTK,",",","
17_misinformation_and_health_literacy,NLTK,and,CC
17_misinformation_and_health_literacy,NLTK,informal,JJ
17_misinformation_and_health_literacy,NLTK,networks,NNS
17_misinformation_and_health_literacy,NLTK,.,.
17_misinformation_and_health_literacy,NLTK,Misinformation,NN
17_misinformation_and_health_literacy,NLTK,can,MD
17_misinformation_and_health_literacy,NLTK,arise,VB
17_misinformation_and_health_literacy,NLTK,from,IN
17_misinformation_and_health_literacy,NLTK,incorrect,JJ
17_misinformation_and_health_literacy,NLTK,information,NN
17_misinformation_and_health_literacy,NLTK,",",","
17_misinformation_and_health_literacy,NLTK,misunderstanding,NN
17_misinformation_and_health_literacy,NLTK,",",","
17_misinformation_and_health_literacy,NLTK,outdated,VBD
17_misinformation_and_health_literacy,NLTK,evidence,NN
17_misinformation_and_health_literacy,NLTK,",",","
17_misinformation_and_health_literacy,NLTK,or,CC
17_misinformation_and_health_literacy,NLTK,misleading,VBG
17_misinformation_and_health_literacy,NLTK,presentation,NN
17_misinformation_and_health_literacy,NLTK,of,IN
17_misinformation_and_health_literacy,NLTK,accurate,JJ
17_misinformation_and_health_literacy,NLTK,facts,NNS
17_misinformation_and_health_literacy,NLTK,.,.
17_misinformation_and_health_literacy,NLTK,A,DT
17_misinformation_and_health_literacy,NLTK,useful,JJ
17_misinformation_and_health_literacy,NLTK,evaluation,NN
17_misinformation_and_health_literacy,NLTK,process,NN
17_misinformation_and_health_literacy,NLTK,checks,VBZ
17_misinformation_and_health_literacy,NLTK,the,DT
17_misinformation_and_health_literacy,NLTK,source,NN
17_misinformation_and_health_literacy,NLTK,",",","
17_misinformation_and_health_literacy,NLTK,date,NN
17_misinformation_and_health_literacy,NLTK,",",","
17_misinformation_and_health_literacy,NLTK,evidence,NN
17_misinformation_and_health_literacy,NLTK,",",","
17_misinformation_and_health_literacy,NLTK,population,NN
17_misinformation_and_health_literacy,NLTK,studied,VBD
17_misinformation_and_health_literacy,NLTK,",",","
17_misinformation_and_health_literacy,NLTK,and,CC
17_misinformation_and_health_literacy,NLTK,whether,IN
17_misinformation_and_health_literacy,NLTK,the,DT
17_misinformation_and_health_literacy,NLTK,claim,NN
17_misinformation_and_health_literacy,NLTK,matches,VBZ
17_misinformation_and_health_literacy,NLTK,the,DT
17_misinformation_and_health_literacy,NLTK,underlying,JJ
17_misinformation_and_health_literacy,NLTK,data,NNS
17_misinformation_and_health_literacy,NLTK,.,.
17_misinformation_and_health_literacy,NLTK,Health,NNP
17_misinformation_and_health_literacy,NLTK,communication,NN
17_misinformation_and_health_literacy,NLTK,should,MD
17_misinformation_and_health_literacy,NLTK,avoid,VB
17_misinformation_and_health_literacy,NLTK,presenting,VBG
17_misinformation_and_health_literacy,NLTK,preliminary,JJ
17_misinformation_and_health_literacy,NLTK,findings,NNS
17_misinformation_and_health_literacy,NLTK,as,IN
17_misinformation_and_health_literacy,NLTK,settled,JJ
17_misinformation_and_health_literacy,NLTK,conclusions,NNS
17_misinformation_and_health_literacy,NLTK,.,.
17_misinformation_and_health_literacy,NLTK,A,DT
17_misinformation_and_health_literacy,NLTK,single,JJ
17_misinformation_and_health_literacy,NLTK,laboratory,NN
17_misinformation_and_health_literacy,NLTK,experiment,NN
17_misinformation_and_health_literacy,NLTK,or,CC
17_misinformation_and_health_literacy,NLTK,small,JJ
17_misinformation_and_health_literacy,NLTK,observational,JJ
17_misinformation_and_health_literacy,NLTK,study,NN
17_misinformation_and_health_literacy,NLTK,may,MD
17_misinformation_and_health_literacy,NLTK,not,RB
17_misinformation_and_health_literacy,NLTK,answer,VB
17_misinformation_and_health_literacy,NLTK,a,DT
17_misinformation_and_health_literacy,NLTK,population-level,JJ
17_misinformation_and_health_literacy,NLTK,question,NN
17_misinformation_and_health_literacy,NLTK,.,.
17_misinformation_and_health_literacy,NLTK,Stronger,JJR
17_misinformation_and_health_literacy,NLTK,conclusions,NNS
17_misinformation_and_health_literacy,NLTK,generally,RB
17_misinformation_and_health_literacy,NLTK,require,VBP
17_misinformation_and_health_literacy,NLTK,evidence,NN
17_misinformation_and_health_literacy,NLTK,from,IN
17_misinformation_and_health_literacy,NLTK,multiple,JJ
17_misinformation_and_health_literacy,NLTK,complementary,JJ
17_misinformation_and_health_literacy,NLTK,studies,NNS
17_misinformation_and_health_literacy,NLTK,.,.
17_misinformation_and_health_literacy,NLTK,Practical,JJ
17_misinformation_and_health_literacy,NLTK,health,NN
17_misinformation_and_health_literacy,NLTK,literacy,NN
17_misinformation_and_health_literacy,NLTK,strategies,NNS
17_misinformation_and_health_literacy,NLTK,include,VBP
17_misinformation_and_health_literacy,NLTK,checking,VBG
17_misinformation_and_health_literacy,NLTK,information,NN
17_misinformation_and_health_literacy,NLTK,against,IN
17_misinformation_and_health_literacy,NLTK,recognized,VBN
17_misinformation_and_health_literacy,NLTK,public-health,NN
17_misinformation_and_health_literacy,NLTK,or,CC
17_misinformation_and_health_literacy,NLTK,medical,JJ
17_misinformation_and_health_literacy,NLTK,sources,NNS
17_misinformation_and_health_literacy,NLTK,",",","
17_misinformation_and_health_literacy,NLTK,looking,VBG
17_misinformation_and_health_literacy,NLTK,for,IN
17_misinformation_and_health_literacy,NLTK,the,DT
17_misinformation_and_health_literacy,NLTK,original,JJ
17_misinformation_and_health_literacy,NLTK,study,NN
17_misinformation_and_health_literacy,NLTK,when,WRB
17_misinformation_and_health_literacy,NLTK,possible,JJ
17_misinformation_and_health_literacy,NLTK,",",","
17_misinformation_and_health_literacy,NLTK,and,CC
17_misinformation_and_health_literacy,NLTK,distinguishing,VBG
17_misinformation_and_health_literacy,NLTK,a,DT
17_misinformation_and_health_literacy,NLTK,reported,VBN
17_misinformation_and_health_literacy,NLTK,association,NN
17_misinformation_and_health_literacy,NLTK,from,IN
17_misinformation_and_health_literacy,NLTK,proof,NN
17_misinformation_and_health_literacy,NLTK,of,IN
17_misinformation_and_health_literacy,NLTK,causation,NN
17_misinformation_and_health_literacy,NLTK,.,.
17_misinformation_and_health_literacy,NLTK,Clear,JJ
17_misinformation_and_health_literacy,NLTK,explanations,NNS
17_misinformation_and_health_literacy,NLTK,can,MD
17_misinformation_and_health_literacy,NLTK,reduce,VB
17_misinformation_and_health_literacy,NLTK,confusion,NN
17_misinformation_and_health_literacy,NLTK,without,IN
17_misinformation_and_health_literacy,NLTK,assuming,VBG
17_misinformation_and_health_literacy,NLTK,that,IN
17_misinformation_and_health_literacy,NLTK,every,DT
17_misinformation_and_health_literacy,NLTK,person,NN
17_misinformation_and_health_literacy,NLTK,who,WP
17_misinformation_and_health_literacy,NLTK,has,VBZ
17_misinformation_and_health_literacy,NLTK,encountered,VBN
17_misinformation_and_health_literacy,NLTK,inaccurate,JJ
17_misinformation_and_health_literacy,NLTK,information,NN
17_misinformation_and_health_literacy,NLTK,is,VBZ
17_misinformation_and_health_literacy,NLTK,acting,VBG
17_misinformation_and_health_literacy,NLTK,in,IN
17_misinformation_and_health_literacy,NLTK,bad,JJ
17_misinformation_and_health_literacy,NLTK,faith,NN
17_misinformation_and_health_literacy,NLTK,.,.
17_misinformation_and_health_literacy,spaCy,Health,PROPN
17_misinformation_and_health_literacy,spaCy,Literacy,PROPN
17_misinformation_and_health_literacy,spaCy,and,CCONJ
17_misinformation_and_health_literacy,spaCy,Infectious,PROPN
17_misinformation_and_health_literacy,spaCy,Disease,PROPN
17_misinformation_and_health_literacy,spaCy,Misinformation,PROPN
17_misinformation_and_health_literacy,spaCy,Health,PROPN
17_misinformation_and_health_literacy,spaCy,literacy,NOUN
17_misinformation_and_health_literacy,spaCy,involves,VERB
17_misinformation_and_health_literacy,spaCy,the,DET
17_misinformation_and_health_literacy,spaCy,ability,NOUN
17_misinformation_and_health_literacy,spaCy,to,PART
17_misinformation_and_health_literacy,spaCy,find,VERB
17_misinformation_and_health_literacy,spaCy,",",PUNCT
17_misinformation_and_health_literacy,spaCy,understand,VERB
17_misinformation_and_health_literacy,spaCy,",",PUNCT
17_misinformation_and_health_literacy,spaCy,evaluate,NOUN
17_misinformation_and_health_literacy,spaCy,",",PUNCT
17_misinformation_and_health_literacy,spaCy,and,CCONJ
17_misinformation_and_health_literacy,spaCy,use,VERB
17_misinformation_and_health_literacy,spaCy,health,NOUN
17_misinformation_and_health_literacy,spaCy,information,NOUN
17_misinformation_and_health_literacy,spaCy,.,PUNCT
17_misinformation_and_health_literacy,spaCy,During,ADP
17_misinformation_and_health_literacy,spaCy,infectious,ADJ
17_misinformation_and_health_literacy,spaCy,disease,NOUN
17_misinformation_and_health_literacy,spaCy,outbreaks,NOUN
17_misinformation_and_health_literacy,spaCy,",",PUNCT
17_misinformation_and_health_literacy,spaCy,people,NOUN
17_misinformation_and_health_literacy,spaCy,may,AUX
17_misinformation_and_health_literacy,spaCy,encounter,VERB
17_misinformation_and_health_literacy,spaCy,rapidly,ADV
17_misinformation_and_health_literacy,spaCy,changing,VERB
17_misinformation_and_health_literacy,spaCy,information,NOUN
17_misinformation_and_health_literacy,spaCy,through,ADP
17_misinformation_and_health_literacy,spaCy,news,NOUN
17_misinformation_and_health_literacy,spaCy,",",PUNCT
17_misinformation_and_health_literacy,spaCy,social,ADJ
17_misinformation_and_health_literacy,spaCy,media,NOUN
17_misinformation_and_health_literacy,spaCy,",",PUNCT
17_misinformation_and_health_literacy,spaCy,messaging,VERB
17_misinformation_and_health_literacy,spaCy,applications,NOUN
17_misinformation_and_health_literacy,spaCy,",",PUNCT
17_misinformation_and_health_literacy,spaCy,and,CCONJ
17_misinformation_and_health_literacy,spaCy,informal,ADJ
17_misinformation_and_health_literacy,spaCy,networks,NOUN
17_misinformation_and_health_literacy,spaCy,.,PUNCT
17_misinformation_and_health_literacy,spaCy,Misinformation,PROPN
17_misinformation_and_health_literacy,spaCy,can,AUX
17_misinformation_and_health_literacy,spaCy,arise,VERB
17_misinformation_and_health_literacy,spaCy,from,ADP
17_misinformation_and_health_literacy,spaCy,incorrect,ADJ
17_misinformation_and_health_literacy,spaCy,information,NOUN
17_misinformation_and_health_literacy,spaCy,",",PUNCT
17_misinformation_and_health_literacy,spaCy,misunderstanding,NOUN
17_misinformation_and_health_literacy,spaCy,",",PUNCT
17_misinformation_and_health_literacy,spaCy,outdated,ADJ
17_misinformation_and_health_literacy,spaCy,evidence,NOUN
17_misinformation_and_health_literacy,spaCy,",",PUNCT
17_misinformation_and_health_literacy,spaCy,or,CCONJ
17_misinformation_and_health_literacy,spaCy,misleading,VERB
17_misinformation_and_health_literacy,spaCy,presentation,NOUN
17_misinformation_and_health_literacy,spaCy,of,ADP
17_misinformation_and_health_literacy,spaCy,accurate,ADJ
17_misinformation_and_health_literacy,spaCy,facts,NOUN
17_misinformation_and_health_literacy,spaCy,.,PUNCT
17_misinformation_and_health_literacy,spaCy,A,DET
17_misinformation_and_health_literacy,spaCy,useful,ADJ
17_misinformation_and_health_literacy,spaCy,evaluation,NOUN
17_misinformation_and_health_literacy,spaCy,process,NOUN
17_misinformation_and_health_literacy,spaCy,checks,VERB
17_misinformation_and_health_literacy,spaCy,the,DET
17_misinformation_and_health_literacy,spaCy,source,NOUN
17_misinformation_and_health_literacy,spaCy,",",PUNCT
17_misinformation_and_health_literacy,spaCy,date,NOUN
17_misinformation_and_health_literacy,spaCy,",",PUNCT
17_misinformation_and_health_literacy,spaCy,evidence,NOUN
17_misinformation_and_health_literacy,spaCy,",",PUNCT
17_misinformation_and_health_literacy,spaCy,population,NOUN
17_misinformation_and_health_literacy,spaCy,studied,VERB
17_misinformation_and_health_literacy,spaCy,",",PUNCT
17_misinformation_and_health_literacy,spaCy,and,CCONJ
17_misinformation_and_health_literacy,spaCy,whether,SCONJ
17_misinformation_and_health_literacy,spaCy,the,DET
17_misinformation_and_health_literacy,spaCy,claim,NOUN
17_misinformation_and_health_literacy,spaCy,matches,VERB
17_misinformation_and_health_literacy,spaCy,the,DET
17_misinformation_and_health_literacy,spaCy,underlying,VERB
17_misinformation_and_health_literacy,spaCy,data,NOUN
17_misinformation_and_health_literacy,spaCy,.,PUNCT
17_misinformation_and_health_literacy,spaCy,Health,PROPN
17_misinformation_and_health_literacy,spaCy,communication,NOUN
17_misinformation_and_health_literacy,spaCy,should,AUX
17_misinformation_and_health_literacy,spaCy,avoid,VERB
17_misinformation_and_health_literacy,spaCy,presenting,VERB
17_misinformation_and_health_literacy,spaCy,preliminary,ADJ
17_misinformation_and_health_literacy,spaCy,findings,NOUN
17_misinformation_and_health_literacy,spaCy,as,ADP
17_misinformation_and_health_literacy,spaCy,settled,VERB
17_misinformation_and_health_literacy,spaCy,conclusions,NOUN
17_misinformation_and_health_literacy,spaCy,.,PUNCT
17_misinformation_and_health_literacy,spaCy,A,DET
17_misinformation_and_health_literacy,spaCy,single,ADJ
17_misinformation_and_health_literacy,spaCy,laboratory,NOUN
17_misinformation_and_health_literacy,spaCy,experiment,NOUN
17_misinformation_and_health_literacy,spaCy,or,CCONJ
17_misinformation_and_health_literacy,spaCy,small,ADJ
17_misinformation_and_health_literacy,spaCy,observational,ADJ
17_misinformation_and_health_literacy,spaCy,study,NOUN
17_misinformation_and_health_literacy,spaCy,may,AUX
17_misinformation_and_health_literacy,spaCy,not,PART
17_misinformation_and_health_literacy,spaCy,answer,VERB
17_misinformation_and_health_literacy,spaCy,a,DET
17_misinformation_and_health_literacy,spaCy,population,NOUN
17_misinformation_and_health_literacy,spaCy,-,PUNCT
17_misinformation_and_health_literacy,spaCy,level,NOUN
17_misinformation_and_health_literacy,spaCy,question,NOUN
17_misinformation_and_health_literacy,spaCy,.,PUNCT
17_misinformation_and_health_literacy,spaCy,Stronger,ADJ
17_misinformation_and_health_literacy,spaCy,conclusions,NOUN
17_misinformation_and_health_literacy,spaCy,generally,ADV
17_misinformation_and_health_literacy,spaCy,require,VERB
17_misinformation_and_health_literacy,spaCy,evidence,NOUN
17_misinformation_and_health_literacy,spaCy,from,ADP
17_misinformation_and_health_literacy,spaCy,multiple,ADJ
17_misinformation_and_health_literacy,spaCy,complementary,ADJ
17_misinformation_and_health_literacy,spaCy,studies,NOUN
17_misinformation_and_health_literacy,spaCy,.,PUNCT
17_misinformation_and_health_literacy,spaCy,Practical,ADJ
17_misinformation_and_health_literacy,spaCy,health,NOUN
17_misinformation_and_health_literacy,spaCy,literacy,NOUN
17_misinformation_and_health_literacy,spaCy,strategies,NOUN
17_misinformation_and_health_literacy,spaCy,include,VERB
17_misinformation_and_health_literacy,spaCy,checking,VERB
17_misinformation_and_health_literacy,spaCy,information,NOUN
17_misinformation_and_health_literacy,spaCy,against,ADP
17_misinformation_and_health_literacy,spaCy,recognized,VERB
17_misinformation_and_health_literacy,spaCy,public,ADJ
17_misinformation_and_health_literacy,spaCy,-,PUNCT
17_misinformation_and_health_literacy,spaCy,health,NOUN
17_misinformation_and_health_literacy,spaCy,or,CCONJ
17_misinformation_and_health_literacy,spaCy,medical,ADJ
17_misinformation_and_health_literacy,spaCy,sources,NOUN
17_misinformation_and_health_literacy,spaCy,",",PUNCT
17_misinformation_and_health_literacy,spaCy,looking,VERB
17_misinformation_and_health_literacy,spaCy,for,ADP
17_misinformation_and_health_literacy,spaCy,the,DET
17_misinformation_and_health_literacy,spaCy,original,ADJ
17_misinformation_and_health_literacy,spaCy,study,NOUN
17_misinformation_and_health_literacy,spaCy,when,SCONJ
17_misinformation_and_health_literacy,spaCy,possible,ADJ
17_misinformation_and_health_literacy,spaCy,",",PUNCT
17_misinformation_and_health_literacy,spaCy,and,CCONJ
17_misinformation_and_health_literacy,spaCy,distinguishing,VERB
17_misinformation_and_health_literacy,spaCy,a,DET
17_misinformation_and_health_literacy,spaCy,reported,VERB
17_misinformation_and_health_literacy,spaCy,association,NOUN
17_misinformation_and_health_literacy,spaCy,from,ADP
17_misinformation_and_health_literacy,spaCy,proof,NOUN
17_misinformation_and_health_literacy,spaCy,of,ADP
17_misinformation_and_health_literacy,spaCy,causation,NOUN
17_misinformation_and_health_literacy,spaCy,.,PUNCT
17_misinformation_and_health_literacy,spaCy,Clear,ADJ
17_misinformation_and_health_literacy,spaCy,explanations,NOUN
17_misinformation_and_health_literacy,spaCy,can,AUX
17_misinformation_and_health_literacy,spaCy,reduce,VERB
17_misinformation_and_health_literacy,spaCy,confusion,NOUN
17_misinformation_and_health_literacy,spaCy,without,ADP
17_misinformation_and_health_literacy,spaCy,assuming,VERB
17_misinformation_and_health_literacy,spaCy,that,SCONJ
17_misinformation_and_health_literacy,spaCy,every,DET
17_misinformation_and_health_literacy,spaCy,person,NOUN
17_misinformation_and_health_literacy,spaCy,who,PRON
17_misinformation_and_health_literacy,spaCy,has,AUX
17_misinformation_and_health_literacy,spaCy,encountered,VERB
17_misinformation_and_health_literacy,spaCy,inaccurate,ADJ
17_misinformation_and_health_literacy,spaCy,information,NOUN
17_misinformation_and_health_literacy,spaCy,is,AUX
17_misinformation_and_health_literacy,spaCy,acting,VERB
17_misinformation_and_health_literacy,spaCy,in,ADP
17_misinformation_and_health_literacy,spaCy,bad,ADJ
17_misinformation_and_health_literacy,spaCy,faith,NOUN
17_misinformation_and_health_literacy,spaCy,.,PUNCT
17_misinformation_and_health_literacy,Custom_Rule_Based,Health,NNP
17_misinformation_and_health_literacy,Custom_Rule_Based,Literacy,NNP
17_misinformation_and_health_literacy,Custom_Rule_Based,and,CC
17_misinformation_and_health_literacy,Custom_Rule_Based,Infectious,NNP
17_misinformation_and_health_literacy,Custom_Rule_Based,Disease,NNP
17_misinformation_and_health_literacy,Custom_Rule_Based,Misinformation,NNP
17_misinformation_and_health_literacy,Custom_Rule_Based,Health,NNP
17_misinformation_and_health_literacy,Custom_Rule_Based,literacy,NN
17_misinformation_and_health_literacy,Custom_Rule_Based,involves,VBZ
17_misinformation_and_health_literacy,Custom_Rule_Based,the,DT
17_misinformation_and_health_literacy,Custom_Rule_Based,ability,NN
17_misinformation_and_health_literacy,Custom_Rule_Based,to,TO
17_misinformation_and_health_literacy,Custom_Rule_Based,find,VB
17_misinformation_and_health_literacy,Custom_Rule_Based,",",","
17_misinformation_and_health_literacy,Custom_Rule_Based,understand,VB
17_misinformation_and_health_literacy,Custom_Rule_Based,",",","
17_misinformation_and_health_literacy,Custom_Rule_Based,evaluate,VB
17_misinformation_and_health_literacy,Custom_Rule_Based,",",","
17_misinformation_and_health_literacy,Custom_Rule_Based,and,CC
17_misinformation_and_health_literacy,Custom_Rule_Based,use,VB
17_misinformation_and_health_literacy,Custom_Rule_Based,health,NN
17_misinformation_and_health_literacy,Custom_Rule_Based,information,NN
17_misinformation_and_health_literacy,Custom_Rule_Based,.,.
17_misinformation_and_health_literacy,Custom_Rule_Based,During,IN
17_misinformation_and_health_literacy,Custom_Rule_Based,infectious,JJ
17_misinformation_and_health_literacy,Custom_Rule_Based,disease,NN
17_misinformation_and_health_literacy,Custom_Rule_Based,outbreaks,NNS
17_misinformation_and_health_literacy,Custom_Rule_Based,",",","
17_misinformation_and_health_literacy,Custom_Rule_Based,people,NNS
17_misinformation_and_health_literacy,Custom_Rule_Based,may,MD
17_misinformation_and_health_literacy,Custom_Rule_Based,encounter,VB
17_misinformation_and_health_literacy,Custom_Rule_Based,rapidly,RB
17_misinformation_and_health_literacy,Custom_Rule_Based,changing,VBG
17_misinformation_and_health_literacy,Custom_Rule_Based,information,NN
17_misinformation_and_health_literacy,Custom_Rule_Based,through,IN
17_misinformation_and_health_literacy,Custom_Rule_Based,news,NN
17_misinformation_and_health_literacy,Custom_Rule_Based,",",","
17_misinformation_and_health_literacy,Custom_Rule_Based,social,JJ
17_misinformation_and_health_literacy,Custom_Rule_Based,media,NNS
17_misinformation_and_health_literacy,Custom_Rule_Based,",",","
17_misinformation_and_health_literacy,Custom_Rule_Based,messaging,VBG
17_misinformation_and_health_literacy,Custom_Rule_Based,applications,NNS
17_misinformation_and_health_literacy,Custom_Rule_Based,",",","
17_misinformation_and_health_literacy,Custom_Rule_Based,and,CC
17_misinformation_and_health_literacy,Custom_Rule_Based,informal,JJ
17_misinformation_and_health_literacy,Custom_Rule_Based,networks,NNS
17_misinformation_and_health_literacy,Custom_Rule_Based,.,.
17_misinformation_and_health_literacy,Custom_Rule_Based,Misinformation,NN
17_misinformation_and_health_literacy,Custom_Rule_Based,can,MD
17_misinformation_and_health_literacy,Custom_Rule_Based,arise,VB
17_misinformation_and_health_literacy,Custom_Rule_Based,from,IN
17_misinformation_and_health_literacy,Custom_Rule_Based,incorrect,JJ
17_misinformation_and_health_literacy,Custom_Rule_Based,information,NN
17_misinformation_and_health_literacy,Custom_Rule_Based,",",","
17_misinformation_and_health_literacy,Custom_Rule_Based,misunderstanding,NN
17_misinformation_and_health_literacy,Custom_Rule_Based,",",","
17_misinformation_and_health_literacy,Custom_Rule_Based,outdated,VBD
17_misinformation_and_health_literacy,Custom_Rule_Based,evidence,NN
17_misinformation_and_health_literacy,Custom_Rule_Based,",",","
17_misinformation_and_health_literacy,Custom_Rule_Based,or,CC
17_misinformation_and_health_literacy,Custom_Rule_Based,misleading,VBG
17_misinformation_and_health_literacy,Custom_Rule_Based,presentation,NN
17_misinformation_and_health_literacy,Custom_Rule_Based,of,IN
17_misinformation_and_health_literacy,Custom_Rule_Based,accurate,JJ
17_misinformation_and_health_literacy,Custom_Rule_Based,facts,NNS
17_misinformation_and_health_literacy,Custom_Rule_Based,.,.
17_misinformation_and_health_literacy,Custom_Rule_Based,A,DT
17_misinformation_and_health_literacy,Custom_Rule_Based,useful,JJ
17_misinformation_and_health_literacy,Custom_Rule_Based,evaluation,NN
17_misinformation_and_health_literacy,Custom_Rule_Based,process,NN
17_misinformation_and_health_literacy,Custom_Rule_Based,checks,VBZ
17_misinformation_and_health_literacy,Custom_Rule_Based,the,DT
17_misinformation_and_health_literacy,Custom_Rule_Based,source,NN
17_misinformation_and_health_literacy,Custom_Rule_Based,",",","
17_misinformation_and_health_literacy,Custom_Rule_Based,date,NN
17_misinformation_and_health_literacy,Custom_Rule_Based,",",","
17_misinformation_and_health_literacy,Custom_Rule_Based,evidence,NN
17_misinformation_and_health_literacy,Custom_Rule_Based,",",","
17_misinformation_and_health_literacy,Custom_Rule_Based,population,NN
17_misinformation_and_health_literacy,Custom_Rule_Based,studied,VBD
17_misinformation_and_health_literacy,Custom_Rule_Based,",",","
17_misinformation_and_health_literacy,Custom_Rule_Based,and,CC
17_misinformation_and_health_literacy,Custom_Rule_Based,whether,IN
17_misinformation_and_health_literacy,Custom_Rule_Based,the,DT
17_misinformation_and_health_literacy,Custom_Rule_Based,claim,NN
17_misinformation_and_health_literacy,Custom_Rule_Based,matches,VBZ
17_misinformation_and_health_literacy,Custom_Rule_Based,the,DT
17_misinformation_and_health_literacy,Custom_Rule_Based,underlying,JJ
17_misinformation_and_health_literacy,Custom_Rule_Based,data,NNS
17_misinformation_and_health_literacy,Custom_Rule_Based,.,.
17_misinformation_and_health_literacy,Custom_Rule_Based,Health,NNP
17_misinformation_and_health_literacy,Custom_Rule_Based,communication,NN
17_misinformation_and_health_literacy,Custom_Rule_Based,should,MD
17_misinformation_and_health_literacy,Custom_Rule_Based,avoid,VB
17_misinformation_and_health_literacy,Custom_Rule_Based,presenting,VBG
17_misinformation_and_health_literacy,Custom_Rule_Based,preliminary,JJ
17_misinformation_and_health_literacy,Custom_Rule_Based,findings,NNS
17_misinformation_and_health_literacy,Custom_Rule_Based,as,IN
17_misinformation_and_health_literacy,Custom_Rule_Based,settled,JJ
17_misinformation_and_health_literacy,Custom_Rule_Based,conclusions,NNS
17_misinformation_and_health_literacy,Custom_Rule_Based,.,.
17_misinformation_and_health_literacy,Custom_Rule_Based,A,DT
17_misinformation_and_health_literacy,Custom_Rule_Based,single,JJ
17_misinformation_and_health_literacy,Custom_Rule_Based,laboratory,NN
17_misinformation_and_health_literacy,Custom_Rule_Based,experiment,NN
17_misinformation_and_health_literacy,Custom_Rule_Based,or,CC
17_misinformation_and_health_literacy,Custom_Rule_Based,small,JJ
17_misinformation_and_health_literacy,Custom_Rule_Based,observational,JJ
17_misinformation_and_health_literacy,Custom_Rule_Based,study,NN
17_misinformation_and_health_literacy,Custom_Rule_Based,may,MD
17_misinformation_and_health_literacy,Custom_Rule_Based,not,RB
17_misinformation_and_health_literacy,Custom_Rule_Based,answer,VB
17_misinformation_and_health_literacy,Custom_Rule_Based,a,DT
17_misinformation_and_health_literacy,Custom_Rule_Based,population-level,JJ
17_misinformation_and_health_literacy,Custom_Rule_Based,question,NN
17_misinformation_and_health_literacy,Custom_Rule_Based,.,.
17_misinformation_and_health_literacy,Custom_Rule_Based,Stronger,JJR
17_misinformation_and_health_literacy,Custom_Rule_Based,conclusions,NNS
17_misinformation_and_health_literacy,Custom_Rule_Based,generally,RB
17_misinformation_and_health_literacy,Custom_Rule_Based,require,VBP
17_misinformation_and_health_literacy,Custom_Rule_Based,evidence,NN
17_misinformation_and_health_literacy,Custom_Rule_Based,from,IN
17_misinformation_and_health_literacy,Custom_Rule_Based,multiple,JJ
17_misinformation_and_health_literacy,Custom_Rule_Based,complementary,JJ
17_misinformation_and_health_literacy,Custom_Rule_Based,studies,NNS
17_misinformation_and_health_literacy,Custom_Rule_Based,.,.
17_misinformation_and_health_literacy,Custom_Rule_Based,Practical,JJ
17_misinformation_and_health_literacy,Custom_Rule_Based,health,NN
17_misinformation_and_health_literacy,Custom_Rule_Based,literacy,NN
17_misinformation_and_health_literacy,Custom_Rule_Based,strategies,NNS
17_misinformation_and_health_literacy,Custom_Rule_Based,include,VBP
17_misinformation_and_health_literacy,Custom_Rule_Based,checking,VBG
17_misinformation_and_health_literacy,Custom_Rule_Based,information,NN
17_misinformation_and_health_literacy,Custom_Rule_Based,against,IN
17_misinformation_and_health_literacy,Custom_Rule_Based,recognized,VBN
17_misinformation_and_health_literacy,Custom_Rule_Based,public-health,NN
17_misinformation_and_health_literacy,Custom_Rule_Based,or,CC
17_misinformation_and_health_literacy,Custom_Rule_Based,medical,JJ
17_misinformation_and_health_literacy,Custom_Rule_Based,sources,NNS
17_misinformation_and_health_literacy,Custom_Rule_Based,",",","
17_misinformation_and_health_literacy,Custom_Rule_Based,looking,VBG
17_misinformation_and_health_literacy,Custom_Rule_Based,for,IN
17_misinformation_and_health_literacy,Custom_Rule_Based,the,DT
17_misinformation_and_health_literacy,Custom_Rule_Based,original,JJ
17_misinformation_and_health_literacy,Custom_Rule_Based,study,NN
17_misinformation_and_health_literacy,Custom_Rule_Based,when,WRB
17_misinformation_and_health_literacy,Custom_Rule_Based,possible,JJ
17_misinformation_and_health_literacy,Custom_Rule_Based,",",","
17_misinformation_and_health_literacy,Custom_Rule_Based,and,CC
17_misinformation_and_health_literacy,Custom_Rule_Based,distinguishing,VBG
17_misinformation_and_health_literacy,Custom_Rule_Based,a,DT
17_misinformation_and_health_literacy,Custom_Rule_Based,reported,VBN
17_misinformation_and_health_literacy,Custom_Rule_Based,association,NN
17_misinformation_and_health_literacy,Custom_Rule_Based,from,IN
17_misinformation_and_health_literacy,Custom_Rule_Based,proof,NN
17_misinformation_and_health_literacy,Custom_Rule_Based,of,IN
17_misinformation_and_health_literacy,Custom_Rule_Based,causation,NN
17_misinformation_and_health_literacy,Custom_Rule_Based,.,.
17_misinformation_and_health_literacy,Custom_Rule_Based,Clear,JJ
17_misinformation_and_health_literacy,Custom_Rule_Based,explanations,NNS
17_misinformation_and_health_literacy,Custom_Rule_Based,can,MD
17_misinformation_and_health_literacy,Custom_Rule_Based,reduce,VB
17_misinformation_and_health_literacy,Custom_Rule_Based,confusion,NN
17_misinformation_and_health_literacy,Custom_Rule_Based,without,IN
17_misinformation_and_health_literacy,Custom_Rule_Based,assuming,VBG
17_misinformation_and_health_literacy,Custom_Rule_Based,that,IN
17_misinformation_and_health_literacy,Custom_Rule_Based,every,DT
17_misinformation_and_health_literacy,Custom_Rule_Based,person,NN
17_misinformation_and_health_literacy,Custom_Rule_Based,who,WP
17_misinformation_and_health_literacy,Custom_Rule_Based,has,VBZ
17_misinformation_and_health_literacy,Custom_Rule_Based,encountered,VBN
17_misinformation_and_health_literacy,Custom_Rule_Based,inaccurate,JJ
17_misinformation_and_health_literacy,Custom_Rule_Based,information,NN
17_misinformation_and_health_literacy,Custom_Rule_Based,is,VBZ
17_misinformation_and_health_literacy,Custom_Rule_Based,acting,VBG
17_misinformation_and_health_literacy,Custom_Rule_Based,in,IN
17_misinformation_and_health_literacy,Custom_Rule_Based,bad,JJ
17_misinformation_and_health_literacy,Custom_Rule_Based,faith,NN
17_misinformation_and_health_literacy,Custom_Rule_Based,.,.
18_global_outbreak_preparedness,NLTK,Global,JJ
18_global_outbreak_preparedness,NLTK,Outbreak,NNP
18_global_outbreak_preparedness,NLTK,Preparedness,NNP
18_global_outbreak_preparedness,NLTK,and,CC
18_global_outbreak_preparedness,NLTK,Response,NNP
18_global_outbreak_preparedness,NLTK,Outbreak,NNP
18_global_outbreak_preparedness,NLTK,preparedness,NN
18_global_outbreak_preparedness,NLTK,involves,VBZ
18_global_outbreak_preparedness,NLTK,building,VBG
18_global_outbreak_preparedness,NLTK,the,DT
18_global_outbreak_preparedness,NLTK,capacity,NN
18_global_outbreak_preparedness,NLTK,to,TO
18_global_outbreak_preparedness,NLTK,detect,VB
18_global_outbreak_preparedness,NLTK,",",","
18_global_outbreak_preparedness,NLTK,assess,NN
18_global_outbreak_preparedness,NLTK,",",","
18_global_outbreak_preparedness,NLTK,communicate,NN
18_global_outbreak_preparedness,NLTK,about,IN
18_global_outbreak_preparedness,NLTK,",",","
18_global_outbreak_preparedness,NLTK,and,CC
18_global_outbreak_preparedness,NLTK,respond,NN
18_global_outbreak_preparedness,NLTK,to,TO
18_global_outbreak_preparedness,NLTK,infectious,JJ
18_global_outbreak_preparedness,NLTK,disease,NN
18_global_outbreak_preparedness,NLTK,threats,NNS
18_global_outbreak_preparedness,NLTK,before,IN
18_global_outbreak_preparedness,NLTK,they,PRP
18_global_outbreak_preparedness,NLTK,become,VBP
18_global_outbreak_preparedness,NLTK,large,JJ
18_global_outbreak_preparedness,NLTK,emergencies,NNS
18_global_outbreak_preparedness,NLTK,.,.
18_global_outbreak_preparedness,NLTK,Preparedness,NNP
18_global_outbreak_preparedness,NLTK,includes,VBZ
18_global_outbreak_preparedness,NLTK,laboratory,NN
18_global_outbreak_preparedness,NLTK,capacity,NN
18_global_outbreak_preparedness,NLTK,",",","
18_global_outbreak_preparedness,NLTK,surveillance,NN
18_global_outbreak_preparedness,NLTK,systems,NNS
18_global_outbreak_preparedness,NLTK,",",","
18_global_outbreak_preparedness,NLTK,trained,JJ
18_global_outbreak_preparedness,NLTK,personnel,NNS
18_global_outbreak_preparedness,NLTK,",",","
18_global_outbreak_preparedness,NLTK,medical,JJ
18_global_outbreak_preparedness,NLTK,supplies,NNS
18_global_outbreak_preparedness,NLTK,",",","
18_global_outbreak_preparedness,NLTK,vaccination,NN
18_global_outbreak_preparedness,NLTK,infrastructure,NN
18_global_outbreak_preparedness,NLTK,",",","
18_global_outbreak_preparedness,NLTK,data,NNS
18_global_outbreak_preparedness,NLTK,systems,NNS
18_global_outbreak_preparedness,NLTK,",",","
18_global_outbreak_preparedness,NLTK,and,CC
18_global_outbreak_preparedness,NLTK,emergency,NN
18_global_outbreak_preparedness,NLTK,coordination,NN
18_global_outbreak_preparedness,NLTK,mechanisms,NNS
18_global_outbreak_preparedness,NLTK,.,.
18_global_outbreak_preparedness,NLTK,Early,JJ
18_global_outbreak_preparedness,NLTK,detection,NN
18_global_outbreak_preparedness,NLTK,depends,VBZ
18_global_outbreak_preparedness,NLTK,on,IN
18_global_outbreak_preparedness,NLTK,timely,JJ
18_global_outbreak_preparedness,NLTK,information,NN
18_global_outbreak_preparedness,NLTK,.,.
18_global_outbreak_preparedness,NLTK,Countries,NNPS
18_global_outbreak_preparedness,NLTK,and,CC
18_global_outbreak_preparedness,NLTK,institutions,NNS
18_global_outbreak_preparedness,NLTK,may,MD
18_global_outbreak_preparedness,NLTK,use,VB
18_global_outbreak_preparedness,NLTK,laboratory,NN
18_global_outbreak_preparedness,NLTK,networks,NNS
18_global_outbreak_preparedness,NLTK,",",","
18_global_outbreak_preparedness,NLTK,clinical,JJ
18_global_outbreak_preparedness,NLTK,surveillance,NN
18_global_outbreak_preparedness,NLTK,",",","
18_global_outbreak_preparedness,NLTK,event-based,JJ
18_global_outbreak_preparedness,NLTK,reporting,NN
18_global_outbreak_preparedness,NLTK,",",","
18_global_outbreak_preparedness,NLTK,genomic,JJ
18_global_outbreak_preparedness,NLTK,sequencing,NN
18_global_outbreak_preparedness,NLTK,",",","
18_global_outbreak_preparedness,NLTK,and,CC
18_global_outbreak_preparedness,NLTK,cross-border,JJ
18_global_outbreak_preparedness,NLTK,information,NN
18_global_outbreak_preparedness,NLTK,sharing,NN
18_global_outbreak_preparedness,NLTK,.,.
18_global_outbreak_preparedness,NLTK,A,DT
18_global_outbreak_preparedness,NLTK,signal,NN
18_global_outbreak_preparedness,NLTK,does,VBZ
18_global_outbreak_preparedness,NLTK,not,RB
18_global_outbreak_preparedness,NLTK,always,RB
18_global_outbreak_preparedness,NLTK,represent,VBP
18_global_outbreak_preparedness,NLTK,a,DT
18_global_outbreak_preparedness,NLTK,major,JJ
18_global_outbreak_preparedness,NLTK,outbreak,NN
18_global_outbreak_preparedness,NLTK,",",","
18_global_outbreak_preparedness,NLTK,but,CC
18_global_outbreak_preparedness,NLTK,rapid,JJ
18_global_outbreak_preparedness,NLTK,assessment,NN
18_global_outbreak_preparedness,NLTK,can,MD
18_global_outbreak_preparedness,NLTK,determine,VB
18_global_outbreak_preparedness,NLTK,whether,IN
18_global_outbreak_preparedness,NLTK,further,JJ
18_global_outbreak_preparedness,NLTK,investigation,NN
18_global_outbreak_preparedness,NLTK,is,VBZ
18_global_outbreak_preparedness,NLTK,required,VBN
18_global_outbreak_preparedness,NLTK,.,.
18_global_outbreak_preparedness,NLTK,Response,NNP
18_global_outbreak_preparedness,NLTK,planning,VBG
18_global_outbreak_preparedness,NLTK,includes,VBZ
18_global_outbreak_preparedness,NLTK,clear,JJ
18_global_outbreak_preparedness,NLTK,roles,NNS
18_global_outbreak_preparedness,NLTK,and,CC
18_global_outbreak_preparedness,NLTK,responsibilities,NNS
18_global_outbreak_preparedness,NLTK,.,.
18_global_outbreak_preparedness,NLTK,Hospitals,NNS
18_global_outbreak_preparedness,NLTK,may,MD
18_global_outbreak_preparedness,NLTK,need,VB
18_global_outbreak_preparedness,NLTK,surge,NN
18_global_outbreak_preparedness,NLTK,plans,NNS
18_global_outbreak_preparedness,NLTK,",",","
18_global_outbreak_preparedness,NLTK,while,IN
18_global_outbreak_preparedness,NLTK,public-health,NN
18_global_outbreak_preparedness,NLTK,agencies,NNS
18_global_outbreak_preparedness,NLTK,may,MD
18_global_outbreak_preparedness,NLTK,require,VB
18_global_outbreak_preparedness,NLTK,mechanisms,NNS
18_global_outbreak_preparedness,NLTK,for,IN
18_global_outbreak_preparedness,NLTK,contact,NN
18_global_outbreak_preparedness,NLTK,tracing,NN
18_global_outbreak_preparedness,NLTK,",",","
18_global_outbreak_preparedness,NLTK,risk,NN
18_global_outbreak_preparedness,NLTK,communication,NN
18_global_outbreak_preparedness,NLTK,",",","
18_global_outbreak_preparedness,NLTK,and,CC
18_global_outbreak_preparedness,NLTK,resource,NN
18_global_outbreak_preparedness,NLTK,allocation,NN
18_global_outbreak_preparedness,NLTK,.,.
18_global_outbreak_preparedness,NLTK,Exercises,NNS
18_global_outbreak_preparedness,NLTK,and,CC
18_global_outbreak_preparedness,NLTK,simulations,NNS
18_global_outbreak_preparedness,NLTK,can,MD
18_global_outbreak_preparedness,NLTK,identify,VB
18_global_outbreak_preparedness,NLTK,weaknesses,NNS
18_global_outbreak_preparedness,NLTK,before,IN
18_global_outbreak_preparedness,NLTK,a,DT
18_global_outbreak_preparedness,NLTK,real,JJ
18_global_outbreak_preparedness,NLTK,emergency,NN
18_global_outbreak_preparedness,NLTK,occurs,VBZ
18_global_outbreak_preparedness,NLTK,.,.
18_global_outbreak_preparedness,NLTK,Preparedness,NNP
18_global_outbreak_preparedness,NLTK,is,VBZ
18_global_outbreak_preparedness,NLTK,an,DT
18_global_outbreak_preparedness,NLTK,ongoing,JJ
18_global_outbreak_preparedness,NLTK,process,NN
18_global_outbreak_preparedness,NLTK,.,.
18_global_outbreak_preparedness,NLTK,After,IN
18_global_outbreak_preparedness,NLTK,an,DT
18_global_outbreak_preparedness,NLTK,outbreak,NN
18_global_outbreak_preparedness,NLTK,",",","
18_global_outbreak_preparedness,NLTK,evaluations,NNS
18_global_outbreak_preparedness,NLTK,can,MD
18_global_outbreak_preparedness,NLTK,identify,VB
18_global_outbreak_preparedness,NLTK,which,WDT
18_global_outbreak_preparedness,NLTK,systems,NNS
18_global_outbreak_preparedness,NLTK,worked,VBD
18_global_outbreak_preparedness,NLTK,",",","
18_global_outbreak_preparedness,NLTK,which,WDT
18_global_outbreak_preparedness,NLTK,failed,VBD
18_global_outbreak_preparedness,NLTK,",",","
18_global_outbreak_preparedness,NLTK,and,CC
18_global_outbreak_preparedness,NLTK,which,WDT
18_global_outbreak_preparedness,NLTK,improvements,NNS
18_global_outbreak_preparedness,NLTK,should,MD
18_global_outbreak_preparedness,NLTK,be,VB
18_global_outbreak_preparedness,NLTK,institutionalized,VBN
18_global_outbreak_preparedness,NLTK,.,.
18_global_outbreak_preparedness,NLTK,Investments,NNS
18_global_outbreak_preparedness,NLTK,in,IN
18_global_outbreak_preparedness,NLTK,routine,JJ
18_global_outbreak_preparedness,NLTK,public-health,NN
18_global_outbreak_preparedness,NLTK,capacity,NN
18_global_outbreak_preparedness,NLTK,can,MD
18_global_outbreak_preparedness,NLTK,strengthen,VB
18_global_outbreak_preparedness,NLTK,response,NN
18_global_outbreak_preparedness,NLTK,to,TO
18_global_outbreak_preparedness,NLTK,multiple,VB
18_global_outbreak_preparedness,NLTK,infectious,JJ
18_global_outbreak_preparedness,NLTK,threats,NNS
18_global_outbreak_preparedness,NLTK,rather,RB
18_global_outbreak_preparedness,NLTK,than,IN
18_global_outbreak_preparedness,NLTK,a,DT
18_global_outbreak_preparedness,NLTK,single,JJ
18_global_outbreak_preparedness,NLTK,pathogen,NN
18_global_outbreak_preparedness,NLTK,.,.
18_global_outbreak_preparedness,spaCy,Global,PROPN
18_global_outbreak_preparedness,spaCy,Outbreak,PROPN
18_global_outbreak_preparedness,spaCy,Preparedness,PROPN
18_global_outbreak_preparedness,spaCy,and,CCONJ
18_global_outbreak_preparedness,spaCy,Response,PROPN
18_global_outbreak_preparedness,spaCy,Outbreak,PROPN
18_global_outbreak_preparedness,spaCy,preparedness,NOUN
18_global_outbreak_preparedness,spaCy,involves,VERB
18_global_outbreak_preparedness,spaCy,building,VERB
18_global_outbreak_preparedness,spaCy,the,DET
18_global_outbreak_preparedness,spaCy,capacity,NOUN
18_global_outbreak_preparedness,spaCy,to,PART
18_global_outbreak_preparedness,spaCy,detect,VERB
18_global_outbreak_preparedness,spaCy,",",PUNCT
18_global_outbreak_preparedness,spaCy,assess,VERB
18_global_outbreak_preparedness,spaCy,",",PUNCT
18_global_outbreak_preparedness,spaCy,communicate,VERB
18_global_outbreak_preparedness,spaCy,about,ADP
18_global_outbreak_preparedness,spaCy,",",PUNCT
18_global_outbreak_preparedness,spaCy,and,CCONJ
18_global_outbreak_preparedness,spaCy,respond,VERB
18_global_outbreak_preparedness,spaCy,to,ADP
18_global_outbreak_preparedness,spaCy,infectious,ADJ
18_global_outbreak_preparedness,spaCy,disease,NOUN
18_global_outbreak_preparedness,spaCy,threats,NOUN
18_global_outbreak_preparedness,spaCy,before,SCONJ
18_global_outbreak_preparedness,spaCy,they,PRON
18_global_outbreak_preparedness,spaCy,become,VERB
18_global_outbreak_preparedness,spaCy,large,ADJ
18_global_outbreak_preparedness,spaCy,emergencies,NOUN
18_global_outbreak_preparedness,spaCy,.,PUNCT
18_global_outbreak_preparedness,spaCy,Preparedness,NOUN
18_global_outbreak_preparedness,spaCy,includes,VERB
18_global_outbreak_preparedness,spaCy,laboratory,NOUN
18_global_outbreak_preparedness,spaCy,capacity,NOUN
18_global_outbreak_preparedness,spaCy,",",PUNCT
18_global_outbreak_preparedness,spaCy,surveillance,NOUN
18_global_outbreak_preparedness,spaCy,systems,NOUN
18_global_outbreak_preparedness,spaCy,",",PUNCT
18_global_outbreak_preparedness,spaCy,trained,VERB
18_global_outbreak_preparedness,spaCy,personnel,NOUN
18_global_outbreak_preparedness,spaCy,",",PUNCT
18_global_outbreak_preparedness,spaCy,medical,ADJ
18_global_outbreak_preparedness,spaCy,supplies,NOUN
18_global_outbreak_preparedness,spaCy,",",PUNCT
18_global_outbreak_preparedness,spaCy,vaccination,NOUN
18_global_outbreak_preparedness,spaCy,infrastructure,NOUN
18_global_outbreak_preparedness,spaCy,",",PUNCT
18_global_outbreak_preparedness,spaCy,data,NOUN
18_global_outbreak_preparedness,spaCy,systems,NOUN
18_global_outbreak_preparedness,spaCy,",",PUNCT
18_global_outbreak_preparedness,spaCy,and,CCONJ
18_global_outbreak_preparedness,spaCy,emergency,NOUN
18_global_outbreak_preparedness,spaCy,coordination,NOUN
18_global_outbreak_preparedness,spaCy,mechanisms,NOUN
18_global_outbreak_preparedness,spaCy,.,PUNCT
18_global_outbreak_preparedness,spaCy,Early,ADJ
18_global_outbreak_preparedness,spaCy,detection,NOUN
18_global_outbreak_preparedness,spaCy,depends,VERB
18_global_outbreak_preparedness,spaCy,on,ADP
18_global_outbreak_preparedness,spaCy,timely,ADJ
18_global_outbreak_preparedness,spaCy,information,NOUN
18_global_outbreak_preparedness,spaCy,.,PUNCT
18_global_outbreak_preparedness,spaCy,Countries,NOUN
18_global_outbreak_preparedness,spaCy,and,CCONJ
18_global_outbreak_preparedness,spaCy,institutions,NOUN
18_global_outbreak_preparedness,spaCy,may,AUX
18_global_outbreak_preparedness,spaCy,use,VERB
18_global_outbreak_preparedness,spaCy,laboratory,NOUN
18_global_outbreak_preparedness,spaCy,networks,NOUN
18_global_outbreak_preparedness,spaCy,",",PUNCT
18_global_outbreak_preparedness,spaCy,clinical,ADJ
18_global_outbreak_preparedness,spaCy,surveillance,NOUN
18_global_outbreak_preparedness,spaCy,",",PUNCT
18_global_outbreak_preparedness,spaCy,event,NOUN
18_global_outbreak_preparedness,spaCy,-,PUNCT
18_global_outbreak_preparedness,spaCy,based,VERB
18_global_outbreak_preparedness,spaCy,reporting,NOUN
18_global_outbreak_preparedness,spaCy,",",PUNCT
18_global_outbreak_preparedness,spaCy,genomic,NOUN
18_global_outbreak_preparedness,spaCy,sequencing,NOUN
18_global_outbreak_preparedness,spaCy,",",PUNCT
18_global_outbreak_preparedness,spaCy,and,CCONJ
18_global_outbreak_preparedness,spaCy,cross,ADJ
18_global_outbreak_preparedness,spaCy,-,ADJ
18_global_outbreak_preparedness,spaCy,border,ADJ
18_global_outbreak_preparedness,spaCy,information,NOUN
18_global_outbreak_preparedness,spaCy,sharing,NOUN
18_global_outbreak_preparedness,spaCy,.,PUNCT
18_global_outbreak_preparedness,spaCy,A,DET
18_global_outbreak_preparedness,spaCy,signal,NOUN
18_global_outbreak_preparedness,spaCy,does,AUX
18_global_outbreak_preparedness,spaCy,not,PART
18_global_outbreak_preparedness,spaCy,always,ADV
18_global_outbreak_preparedness,spaCy,represent,VERB
18_global_outbreak_preparedness,spaCy,a,DET
18_global_outbreak_preparedness,spaCy,major,ADJ
18_global_outbreak_preparedness,spaCy,outbreak,NOUN
18_global_outbreak_preparedness,spaCy,",",PUNCT
18_global_outbreak_preparedness,spaCy,but,CCONJ
18_global_outbreak_preparedness,spaCy,rapid,ADJ
18_global_outbreak_preparedness,spaCy,assessment,NOUN
18_global_outbreak_preparedness,spaCy,can,AUX
18_global_outbreak_preparedness,spaCy,determine,VERB
18_global_outbreak_preparedness,spaCy,whether,SCONJ
18_global_outbreak_preparedness,spaCy,further,ADJ
18_global_outbreak_preparedness,spaCy,investigation,NOUN
18_global_outbreak_preparedness,spaCy,is,AUX
18_global_outbreak_preparedness,spaCy,required,VERB
18_global_outbreak_preparedness,spaCy,.,PUNCT
18_global_outbreak_preparedness,spaCy,Response,NOUN
18_global_outbreak_preparedness,spaCy,planning,NOUN
18_global_outbreak_preparedness,spaCy,includes,VERB
18_global_outbreak_preparedness,spaCy,clear,ADJ
18_global_outbreak_preparedness,spaCy,roles,NOUN
18_global_outbreak_preparedness,spaCy,and,CCONJ
18_global_outbreak_preparedness,spaCy,responsibilities,NOUN
18_global_outbreak_preparedness,spaCy,.,PUNCT
18_global_outbreak_preparedness,spaCy,Hospitals,NOUN
18_global_outbreak_preparedness,spaCy,may,AUX
18_global_outbreak_preparedness,spaCy,need,VERB
18_global_outbreak_preparedness,spaCy,surge,NOUN
18_global_outbreak_preparedness,spaCy,plans,NOUN
18_global_outbreak_preparedness,spaCy,",",PUNCT
18_global_outbreak_preparedness,spaCy,while,SCONJ
18_global_outbreak_preparedness,spaCy,public,ADJ
18_global_outbreak_preparedness,spaCy,-,PUNCT
18_global_outbreak_preparedness,spaCy,health,NOUN
18_global_outbreak_preparedness,spaCy,agencies,NOUN
18_global_outbreak_preparedness,spaCy,may,AUX
18_global_outbreak_preparedness,spaCy,require,VERB
18_global_outbreak_preparedness,spaCy,mechanisms,NOUN
18_global_outbreak_preparedness,spaCy,for,ADP
18_global_outbreak_preparedness,spaCy,contact,NOUN
18_global_outbreak_preparedness,spaCy,tracing,NOUN
18_global_outbreak_preparedness,spaCy,",",PUNCT
18_global_outbreak_preparedness,spaCy,risk,NOUN
18_global_outbreak_preparedness,spaCy,communication,NOUN
18_global_outbreak_preparedness,spaCy,",",PUNCT
18_global_outbreak_preparedness,spaCy,and,CCONJ
18_global_outbreak_preparedness,spaCy,resource,NOUN
18_global_outbreak_preparedness,spaCy,allocation,NOUN
18_global_outbreak_preparedness,spaCy,.,PUNCT
18_global_outbreak_preparedness,spaCy,Exercises,NOUN
18_global_outbreak_preparedness,spaCy,and,CCONJ
18_global_outbreak_preparedness,spaCy,simulations,NOUN
18_global_outbreak_preparedness,spaCy,can,AUX
18_global_outbreak_preparedness,spaCy,identify,VERB
18_global_outbreak_preparedness,spaCy,weaknesses,NOUN
18_global_outbreak_preparedness,spaCy,before,SCONJ
18_global_outbreak_preparedness,spaCy,a,DET
18_global_outbreak_preparedness,spaCy,real,ADJ
18_global_outbreak_preparedness,spaCy,emergency,NOUN
18_global_outbreak_preparedness,spaCy,occurs,VERB
18_global_outbreak_preparedness,spaCy,.,PUNCT
18_global_outbreak_preparedness,spaCy,Preparedness,PROPN
18_global_outbreak_preparedness,spaCy,is,AUX
18_global_outbreak_preparedness,spaCy,an,DET
18_global_outbreak_preparedness,spaCy,ongoing,ADJ
18_global_outbreak_preparedness,spaCy,process,NOUN
18_global_outbreak_preparedness,spaCy,.,PUNCT
18_global_outbreak_preparedness,spaCy,After,ADP
18_global_outbreak_preparedness,spaCy,an,DET
18_global_outbreak_preparedness,spaCy,outbreak,NOUN
18_global_outbreak_preparedness,spaCy,",",PUNCT
18_global_outbreak_preparedness,spaCy,evaluations,NOUN
18_global_outbreak_preparedness,spaCy,can,AUX
18_global_outbreak_preparedness,spaCy,identify,VERB
18_global_outbreak_preparedness,spaCy,which,PRON
18_global_outbreak_preparedness,spaCy,systems,NOUN
18_global_outbreak_preparedness,spaCy,worked,VERB
18_global_outbreak_preparedness,spaCy,",",PUNCT
18_global_outbreak_preparedness,spaCy,which,PRON
18_global_outbreak_preparedness,spaCy,failed,VERB
18_global_outbreak_preparedness,spaCy,",",PUNCT
18_global_outbreak_preparedness,spaCy,and,CCONJ
18_global_outbreak_preparedness,spaCy,which,DET
18_global_outbreak_preparedness,spaCy,improvements,NOUN
18_global_outbreak_preparedness,spaCy,should,AUX
18_global_outbreak_preparedness,spaCy,be,AUX
18_global_outbreak_preparedness,spaCy,institutionalized,VERB
18_global_outbreak_preparedness,spaCy,.,PUNCT
18_global_outbreak_preparedness,spaCy,Investments,NOUN
18_global_outbreak_preparedness,spaCy,in,ADP
18_global_outbreak_preparedness,spaCy,routine,ADJ
18_global_outbreak_preparedness,spaCy,public,ADJ
18_global_outbreak_preparedness,spaCy,-,PUNCT
18_global_outbreak_preparedness,spaCy,health,NOUN
18_global_outbreak_preparedness,spaCy,capacity,NOUN
18_global_outbreak_preparedness,spaCy,can,AUX
18_global_outbreak_preparedness,spaCy,strengthen,VERB
18_global_outbreak_preparedness,spaCy,response,NOUN
18_global_outbreak_preparedness,spaCy,to,ADP
18_global_outbreak_preparedness,spaCy,multiple,ADJ
18_global_outbreak_preparedness,spaCy,infectious,ADJ
18_global_outbreak_preparedness,spaCy,threats,NOUN
18_global_outbreak_preparedness,spaCy,rather,ADV
18_global_outbreak_preparedness,spaCy,than,ADP
18_global_outbreak_preparedness,spaCy,a,DET
18_global_outbreak_preparedness,spaCy,single,ADJ
18_global_outbreak_preparedness,spaCy,pathogen,NOUN
18_global_outbreak_preparedness,spaCy,.,PUNCT
18_global_outbreak_preparedness,Custom_Rule_Based,Global,JJ
18_global_outbreak_preparedness,Custom_Rule_Based,Outbreak,NN
18_global_outbreak_preparedness,Custom_Rule_Based,Preparedness,NNP
18_global_outbreak_preparedness,Custom_Rule_Based,and,CC
18_global_outbreak_preparedness,Custom_Rule_Based,Response,NNP
18_global_outbreak_preparedness,Custom_Rule_Based,Outbreak,NN
18_global_outbreak_preparedness,Custom_Rule_Based,preparedness,NN
18_global_outbreak_preparedness,Custom_Rule_Based,involves,VBZ
18_global_outbreak_preparedness,Custom_Rule_Based,building,VBG
18_global_outbreak_preparedness,Custom_Rule_Based,the,DT
18_global_outbreak_preparedness,Custom_Rule_Based,capacity,NN
18_global_outbreak_preparedness,Custom_Rule_Based,to,TO
18_global_outbreak_preparedness,Custom_Rule_Based,detect,VB
18_global_outbreak_preparedness,Custom_Rule_Based,",",","
18_global_outbreak_preparedness,Custom_Rule_Based,assess,NN
18_global_outbreak_preparedness,Custom_Rule_Based,",",","
18_global_outbreak_preparedness,Custom_Rule_Based,communicate,NN
18_global_outbreak_preparedness,Custom_Rule_Based,about,IN
18_global_outbreak_preparedness,Custom_Rule_Based,",",","
18_global_outbreak_preparedness,Custom_Rule_Based,and,CC
18_global_outbreak_preparedness,Custom_Rule_Based,respond,NN
18_global_outbreak_preparedness,Custom_Rule_Based,to,TO
18_global_outbreak_preparedness,Custom_Rule_Based,infectious,JJ
18_global_outbreak_preparedness,Custom_Rule_Based,disease,NN
18_global_outbreak_preparedness,Custom_Rule_Based,threats,NNS
18_global_outbreak_preparedness,Custom_Rule_Based,before,IN
18_global_outbreak_preparedness,Custom_Rule_Based,they,PRP
18_global_outbreak_preparedness,Custom_Rule_Based,become,VBP
18_global_outbreak_preparedness,Custom_Rule_Based,large,JJ
18_global_outbreak_preparedness,Custom_Rule_Based,emergencies,NNS
18_global_outbreak_preparedness,Custom_Rule_Based,.,.
18_global_outbreak_preparedness,Custom_Rule_Based,Preparedness,NNP
18_global_outbreak_preparedness,Custom_Rule_Based,includes,VBZ
18_global_outbreak_preparedness,Custom_Rule_Based,laboratory,NN
18_global_outbreak_preparedness,Custom_Rule_Based,capacity,NN
18_global_outbreak_preparedness,Custom_Rule_Based,",",","
18_global_outbreak_preparedness,Custom_Rule_Based,surveillance,NN
18_global_outbreak_preparedness,Custom_Rule_Based,systems,NNS
18_global_outbreak_preparedness,Custom_Rule_Based,",",","
18_global_outbreak_preparedness,Custom_Rule_Based,trained,JJ
18_global_outbreak_preparedness,Custom_Rule_Based,personnel,NNS
18_global_outbreak_preparedness,Custom_Rule_Based,",",","
18_global_outbreak_preparedness,Custom_Rule_Based,medical,JJ
18_global_outbreak_preparedness,Custom_Rule_Based,supplies,NNS
18_global_outbreak_preparedness,Custom_Rule_Based,",",","
18_global_outbreak_preparedness,Custom_Rule_Based,vaccination,NN
18_global_outbreak_preparedness,Custom_Rule_Based,infrastructure,NN
18_global_outbreak_preparedness,Custom_Rule_Based,",",","
18_global_outbreak_preparedness,Custom_Rule_Based,data,NNS
18_global_outbreak_preparedness,Custom_Rule_Based,systems,NNS
18_global_outbreak_preparedness,Custom_Rule_Based,",",","
18_global_outbreak_preparedness,Custom_Rule_Based,and,CC
18_global_outbreak_preparedness,Custom_Rule_Based,emergency,NN
18_global_outbreak_preparedness,Custom_Rule_Based,coordination,NN
18_global_outbreak_preparedness,Custom_Rule_Based,mechanisms,NNS
18_global_outbreak_preparedness,Custom_Rule_Based,.,.
18_global_outbreak_preparedness,Custom_Rule_Based,Early,JJ
18_global_outbreak_preparedness,Custom_Rule_Based,detection,NN
18_global_outbreak_preparedness,Custom_Rule_Based,depends,VBZ
18_global_outbreak_preparedness,Custom_Rule_Based,on,IN
18_global_outbreak_preparedness,Custom_Rule_Based,timely,JJ
18_global_outbreak_preparedness,Custom_Rule_Based,information,NN
18_global_outbreak_preparedness,Custom_Rule_Based,.,.
18_global_outbreak_preparedness,Custom_Rule_Based,Countries,NNPS
18_global_outbreak_preparedness,Custom_Rule_Based,and,CC
18_global_outbreak_preparedness,Custom_Rule_Based,institutions,NNS
18_global_outbreak_preparedness,Custom_Rule_Based,may,MD
18_global_outbreak_preparedness,Custom_Rule_Based,use,VB
18_global_outbreak_preparedness,Custom_Rule_Based,laboratory,NN
18_global_outbreak_preparedness,Custom_Rule_Based,networks,NNS
18_global_outbreak_preparedness,Custom_Rule_Based,",",","
18_global_outbreak_preparedness,Custom_Rule_Based,clinical,JJ
18_global_outbreak_preparedness,Custom_Rule_Based,surveillance,NN
18_global_outbreak_preparedness,Custom_Rule_Based,",",","
18_global_outbreak_preparedness,Custom_Rule_Based,event-based,JJ
18_global_outbreak_preparedness,Custom_Rule_Based,reporting,NN
18_global_outbreak_preparedness,Custom_Rule_Based,",",","
18_global_outbreak_preparedness,Custom_Rule_Based,genomic,JJ
18_global_outbreak_preparedness,Custom_Rule_Based,sequencing,NN
18_global_outbreak_preparedness,Custom_Rule_Based,",",","
18_global_outbreak_preparedness,Custom_Rule_Based,and,CC
18_global_outbreak_preparedness,Custom_Rule_Based,cross-border,JJ
18_global_outbreak_preparedness,Custom_Rule_Based,information,NN
18_global_outbreak_preparedness,Custom_Rule_Based,sharing,NN
18_global_outbreak_preparedness,Custom_Rule_Based,.,.
18_global_outbreak_preparedness,Custom_Rule_Based,A,DT
18_global_outbreak_preparedness,Custom_Rule_Based,signal,NN
18_global_outbreak_preparedness,Custom_Rule_Based,does,VBZ
18_global_outbreak_preparedness,Custom_Rule_Based,not,RB
18_global_outbreak_preparedness,Custom_Rule_Based,always,RB
18_global_outbreak_preparedness,Custom_Rule_Based,represent,VBP
18_global_outbreak_preparedness,Custom_Rule_Based,a,DT
18_global_outbreak_preparedness,Custom_Rule_Based,major,JJ
18_global_outbreak_preparedness,Custom_Rule_Based,outbreak,NN
18_global_outbreak_preparedness,Custom_Rule_Based,",",","
18_global_outbreak_preparedness,Custom_Rule_Based,but,CC
18_global_outbreak_preparedness,Custom_Rule_Based,rapid,JJ
18_global_outbreak_preparedness,Custom_Rule_Based,assessment,NN
18_global_outbreak_preparedness,Custom_Rule_Based,can,MD
18_global_outbreak_preparedness,Custom_Rule_Based,determine,VB
18_global_outbreak_preparedness,Custom_Rule_Based,whether,IN
18_global_outbreak_preparedness,Custom_Rule_Based,further,JJ
18_global_outbreak_preparedness,Custom_Rule_Based,investigation,NN
18_global_outbreak_preparedness,Custom_Rule_Based,is,VBZ
18_global_outbreak_preparedness,Custom_Rule_Based,required,VBN
18_global_outbreak_preparedness,Custom_Rule_Based,.,.
18_global_outbreak_preparedness,Custom_Rule_Based,Response,NNP
18_global_outbreak_preparedness,Custom_Rule_Based,planning,VBG
18_global_outbreak_preparedness,Custom_Rule_Based,includes,VBZ
18_global_outbreak_preparedness,Custom_Rule_Based,clear,JJ
18_global_outbreak_preparedness,Custom_Rule_Based,roles,NNS
18_global_outbreak_preparedness,Custom_Rule_Based,and,CC
18_global_outbreak_preparedness,Custom_Rule_Based,responsibilities,NNS
18_global_outbreak_preparedness,Custom_Rule_Based,.,.
18_global_outbreak_preparedness,Custom_Rule_Based,Hospitals,NNS
18_global_outbreak_preparedness,Custom_Rule_Based,may,MD
18_global_outbreak_preparedness,Custom_Rule_Based,need,VB
18_global_outbreak_preparedness,Custom_Rule_Based,surge,NN
18_global_outbreak_preparedness,Custom_Rule_Based,plans,NNS
18_global_outbreak_preparedness,Custom_Rule_Based,",",","
18_global_outbreak_preparedness,Custom_Rule_Based,while,IN
18_global_outbreak_preparedness,Custom_Rule_Based,public-health,NN
18_global_outbreak_preparedness,Custom_Rule_Based,agencies,NNS
18_global_outbreak_preparedness,Custom_Rule_Based,may,MD
18_global_outbreak_preparedness,Custom_Rule_Based,require,VB
18_global_outbreak_preparedness,Custom_Rule_Based,mechanisms,NNS
18_global_outbreak_preparedness,Custom_Rule_Based,for,IN
18_global_outbreak_preparedness,Custom_Rule_Based,contact,NN
18_global_outbreak_preparedness,Custom_Rule_Based,tracing,NN
18_global_outbreak_preparedness,Custom_Rule_Based,",",","
18_global_outbreak_preparedness,Custom_Rule_Based,risk,NN
18_global_outbreak_preparedness,Custom_Rule_Based,communication,NN
18_global_outbreak_preparedness,Custom_Rule_Based,",",","
18_global_outbreak_preparedness,Custom_Rule_Based,and,CC
18_global_outbreak_preparedness,Custom_Rule_Based,resource,NN
18_global_outbreak_preparedness,Custom_Rule_Based,allocation,NN
18_global_outbreak_preparedness,Custom_Rule_Based,.,.
18_global_outbreak_preparedness,Custom_Rule_Based,Exercises,NNS
18_global_outbreak_preparedness,Custom_Rule_Based,and,CC
18_global_outbreak_preparedness,Custom_Rule_Based,simulations,NNS
18_global_outbreak_preparedness,Custom_Rule_Based,can,MD
18_global_outbreak_preparedness,Custom_Rule_Based,identify,VB
18_global_outbreak_preparedness,Custom_Rule_Based,weaknesses,NNS
18_global_outbreak_preparedness,Custom_Rule_Based,before,IN
18_global_outbreak_preparedness,Custom_Rule_Based,a,DT
18_global_outbreak_preparedness,Custom_Rule_Based,real,JJ
18_global_outbreak_preparedness,Custom_Rule_Based,emergency,NN
18_global_outbreak_preparedness,Custom_Rule_Based,occurs,VBZ
18_global_outbreak_preparedness,Custom_Rule_Based,.,.
18_global_outbreak_preparedness,Custom_Rule_Based,Preparedness,NNP
18_global_outbreak_preparedness,Custom_Rule_Based,is,VBZ
18_global_outbreak_preparedness,Custom_Rule_Based,an,DT
18_global_outbreak_preparedness,Custom_Rule_Based,ongoing,JJ
18_global_outbreak_preparedness,Custom_Rule_Based,process,NN
18_global_outbreak_preparedness,Custom_Rule_Based,.,.
18_global_outbreak_preparedness,Custom_Rule_Based,After,IN
18_global_outbreak_preparedness,Custom_Rule_Based,an,DT
18_global_outbreak_preparedness,Custom_Rule_Based,outbreak,NN
18_global_outbreak_preparedness,Custom_Rule_Based,",",","
18_global_outbreak_preparedness,Custom_Rule_Based,evaluations,NNS
18_global_outbreak_preparedness,Custom_Rule_Based,can,MD
18_global_outbreak_preparedness,Custom_Rule_Based,identify,VB
18_global_outbreak_preparedness,Custom_Rule_Based,which,WDT
18_global_outbreak_preparedness,Custom_Rule_Based,systems,NNS
18_global_outbreak_preparedness,Custom_Rule_Based,worked,VBD
18_global_outbreak_preparedness,Custom_Rule_Based,",",","
18_global_outbreak_preparedness,Custom_Rule_Based,which,WDT
18_global_outbreak_preparedness,Custom_Rule_Based,failed,VBD
18_global_outbreak_preparedness,Custom_Rule_Based,",",","
18_global_outbreak_preparedness,Custom_Rule_Based,and,CC
18_global_outbreak_preparedness,Custom_Rule_Based,which,WDT
18_global_outbreak_preparedness,Custom_Rule_Based,improvements,NNS
18_global_outbreak_preparedness,Custom_Rule_Based,should,MD
18_global_outbreak_preparedness,Custom_Rule_Based,be,VB
18_global_outbreak_preparedness,Custom_Rule_Based,institutionalized,VBN
18_global_outbreak_preparedness,Custom_Rule_Based,.,.
18_global_outbreak_preparedness,Custom_Rule_Based,Investments,NNS
18_global_outbreak_preparedness,Custom_Rule_Based,in,IN
18_global_outbreak_preparedness,Custom_Rule_Based,routine,JJ
18_global_outbreak_preparedness,Custom_Rule_Based,public-health,NN
18_global_outbreak_preparedness,Custom_Rule_Based,capacity,NN
18_global_outbreak_preparedness,Custom_Rule_Based,can,MD
18_global_outbreak_preparedness,Custom_Rule_Based,strengthen,VB
18_global_outbreak_preparedness,Custom_Rule_Based,response,NN
18_global_outbreak_preparedness,Custom_Rule_Based,to,TO
18_global_outbreak_preparedness,Custom_Rule_Based,multiple,VB
18_global_outbreak_preparedness,Custom_Rule_Based,infectious,JJ
18_global_outbreak_preparedness,Custom_Rule_Based,threats,NNS
18_global_outbreak_preparedness,Custom_Rule_Based,rather,RB
18_global_outbreak_preparedness,Custom_Rule_Based,than,IN
18_global_outbreak_preparedness,Custom_Rule_Based,a,DT
18_global_outbreak_preparedness,Custom_Rule_Based,single,JJ
18_global_outbreak_preparedness,Custom_Rule_Based,pathogen,NN
18_global_outbreak_preparedness,Custom_Rule_Based,.,.
19_epidemiological_models,NLTK,Epidemiological,JJ
19_epidemiological_models,NLTK,Models,NNP
19_epidemiological_models,NLTK,for,IN
19_epidemiological_models,NLTK,Infectious,NNP
19_epidemiological_models,NLTK,Disease,NNP
19_epidemiological_models,NLTK,Planning,NNP
19_epidemiological_models,NLTK,Mathematical,NNP
19_epidemiological_models,NLTK,and,CC
19_epidemiological_models,NLTK,computational,JJ
19_epidemiological_models,NLTK,models,NNS
19_epidemiological_models,NLTK,can,MD
19_epidemiological_models,NLTK,help,VB
19_epidemiological_models,NLTK,researchers,NNS
19_epidemiological_models,NLTK,explore,VB
19_epidemiological_models,NLTK,how,WRB
19_epidemiological_models,NLTK,infectious,JJ
19_epidemiological_models,NLTK,diseases,NNS
19_epidemiological_models,NLTK,may,MD
19_epidemiological_models,NLTK,spread,VB
19_epidemiological_models,NLTK,under,IN
19_epidemiological_models,NLTK,different,JJ
19_epidemiological_models,NLTK,assumptions,NNS
19_epidemiological_models,NLTK,.,.
19_epidemiological_models,NLTK,Compartmental,JJ
19_epidemiological_models,NLTK,models,NNS
19_epidemiological_models,NLTK,such,JJ
19_epidemiological_models,NLTK,as,IN
19_epidemiological_models,NLTK,SIR,NNP
19_epidemiological_models,NLTK,divide,NN
19_epidemiological_models,NLTK,populations,NNS
19_epidemiological_models,NLTK,into,IN
19_epidemiological_models,NLTK,categories,NNS
19_epidemiological_models,NLTK,such,JJ
19_epidemiological_models,NLTK,as,IN
19_epidemiological_models,NLTK,susceptible,JJ
19_epidemiological_models,NLTK,",",","
19_epidemiological_models,NLTK,infected,VBN
19_epidemiological_models,NLTK,",",","
19_epidemiological_models,NLTK,and,CC
19_epidemiological_models,NLTK,recovered,VBD
19_epidemiological_models,NLTK,.,.
19_epidemiological_models,NLTK,More,JJR
19_epidemiological_models,NLTK,detailed,JJ
19_epidemiological_models,NLTK,models,NNS
19_epidemiological_models,NLTK,can,MD
19_epidemiological_models,NLTK,add,VB
19_epidemiological_models,NLTK,age,NN
19_epidemiological_models,NLTK,groups,NNS
19_epidemiological_models,NLTK,",",","
19_epidemiological_models,NLTK,vaccination,NN
19_epidemiological_models,NLTK,status,NN
19_epidemiological_models,NLTK,",",","
19_epidemiological_models,NLTK,hospitalization,NN
19_epidemiological_models,NLTK,",",","
19_epidemiological_models,NLTK,geographic,JJ
19_epidemiological_models,NLTK,structure,NN
19_epidemiological_models,NLTK,",",","
19_epidemiological_models,NLTK,or,CC
19_epidemiological_models,NLTK,other,JJ
19_epidemiological_models,NLTK,characteristics,NNS
19_epidemiological_models,NLTK,.,.
19_epidemiological_models,NLTK,Models,NNS
19_epidemiological_models,NLTK,are,VBP
19_epidemiological_models,NLTK,not,RB
19_epidemiological_models,NLTK,crystal,JJ
19_epidemiological_models,NLTK,balls,NNS
19_epidemiological_models,NLTK,.,.
19_epidemiological_models,NLTK,Their,PRP$
19_epidemiological_models,NLTK,outputs,NNS
19_epidemiological_models,NLTK,depend,VBP
19_epidemiological_models,NLTK,on,IN
19_epidemiological_models,NLTK,assumptions,NNS
19_epidemiological_models,NLTK,",",","
19_epidemiological_models,NLTK,parameter,NN
19_epidemiological_models,NLTK,estimates,NNS
19_epidemiological_models,NLTK,",",","
19_epidemiological_models,NLTK,data,NNS
19_epidemiological_models,NLTK,quality,NN
19_epidemiological_models,NLTK,",",","
19_epidemiological_models,NLTK,and,CC
19_epidemiological_models,NLTK,the,DT
19_epidemiological_models,NLTK,scenario,NN
19_epidemiological_models,NLTK,being,VBG
19_epidemiological_models,NLTK,examined,VBN
19_epidemiological_models,NLTK,.,.
19_epidemiological_models,NLTK,A,DT
19_epidemiological_models,NLTK,model,NN
19_epidemiological_models,NLTK,can,MD
19_epidemiological_models,NLTK,be,VB
19_epidemiological_models,NLTK,useful,JJ
19_epidemiological_models,NLTK,even,RB
19_epidemiological_models,NLTK,when,WRB
19_epidemiological_models,NLTK,its,PRP$
19_epidemiological_models,NLTK,exact,JJ
19_epidemiological_models,NLTK,numerical,JJ
19_epidemiological_models,NLTK,forecast,NN
19_epidemiological_models,NLTK,is,VBZ
19_epidemiological_models,NLTK,uncertain,JJ
19_epidemiological_models,NLTK,because,IN
19_epidemiological_models,NLTK,it,PRP
19_epidemiological_models,NLTK,can,MD
19_epidemiological_models,NLTK,show,VB
19_epidemiological_models,NLTK,how,WRB
19_epidemiological_models,NLTK,outcomes,NNS
19_epidemiological_models,NLTK,change,VBP
19_epidemiological_models,NLTK,when,WRB
19_epidemiological_models,NLTK,assumptions,NNS
19_epidemiological_models,NLTK,change,VBP
19_epidemiological_models,NLTK,.,.
19_epidemiological_models,NLTK,Model,NNP
19_epidemiological_models,NLTK,calibration,NN
19_epidemiological_models,NLTK,uses,VBZ
19_epidemiological_models,NLTK,observed,VBN
19_epidemiological_models,NLTK,data,NNS
19_epidemiological_models,NLTK,to,TO
19_epidemiological_models,NLTK,estimate,VB
19_epidemiological_models,NLTK,parameters,NNS
19_epidemiological_models,NLTK,or,CC
19_epidemiological_models,NLTK,evaluate,VB
19_epidemiological_models,NLTK,whether,IN
19_epidemiological_models,NLTK,simulated,JJ
19_epidemiological_models,NLTK,trajectories,NNS
19_epidemiological_models,NLTK,are,VBP
19_epidemiological_models,NLTK,consistent,JJ
19_epidemiological_models,NLTK,with,IN
19_epidemiological_models,NLTK,historical,JJ
19_epidemiological_models,NLTK,patterns,NNS
19_epidemiological_models,NLTK,.,.
19_epidemiological_models,NLTK,Validation,NN
19_epidemiological_models,NLTK,and,CC
19_epidemiological_models,NLTK,sensitivity,NN
19_epidemiological_models,NLTK,analysis,NN
19_epidemiological_models,NLTK,can,MD
19_epidemiological_models,NLTK,identify,VB
19_epidemiological_models,NLTK,which,WDT
19_epidemiological_models,NLTK,assumptions,NNS
19_epidemiological_models,NLTK,have,VBP
19_epidemiological_models,NLTK,the,DT
19_epidemiological_models,NLTK,greatest,JJS
19_epidemiological_models,NLTK,effect,NN
19_epidemiological_models,NLTK,on,IN
19_epidemiological_models,NLTK,results,NNS
19_epidemiological_models,NLTK,.,.
19_epidemiological_models,NLTK,Public-health,JJ
19_epidemiological_models,NLTK,decision-makers,NNS
19_epidemiological_models,NLTK,should,MD
19_epidemiological_models,NLTK,interpret,VB
19_epidemiological_models,NLTK,model,NN
19_epidemiological_models,NLTK,outputs,NNS
19_epidemiological_models,NLTK,alongside,JJ
19_epidemiological_models,NLTK,surveillance,NN
19_epidemiological_models,NLTK,data,NNS
19_epidemiological_models,NLTK,and,CC
19_epidemiological_models,NLTK,expert,JJ
19_epidemiological_models,NLTK,assessment,NN
19_epidemiological_models,NLTK,.,.
19_epidemiological_models,NLTK,Scenario,NN
19_epidemiological_models,NLTK,projections,NNS
19_epidemiological_models,NLTK,are,VBP
19_epidemiological_models,NLTK,particularly,RB
19_epidemiological_models,NLTK,sensitive,JJ
19_epidemiological_models,NLTK,to,TO
19_epidemiological_models,NLTK,changes,NNS
19_epidemiological_models,NLTK,in,IN
19_epidemiological_models,NLTK,behavior,NN
19_epidemiological_models,NLTK,",",","
19_epidemiological_models,NLTK,immunity,NN
19_epidemiological_models,NLTK,",",","
19_epidemiological_models,NLTK,viral,JJ
19_epidemiological_models,NLTK,characteristics,NNS
19_epidemiological_models,NLTK,",",","
19_epidemiological_models,NLTK,interventions,NNS
19_epidemiological_models,NLTK,",",","
19_epidemiological_models,NLTK,and,CC
19_epidemiological_models,NLTK,healthcare,NN
19_epidemiological_models,NLTK,capacity,NN
19_epidemiological_models,NLTK,.,.
19_epidemiological_models,NLTK,Transparent,NNP
19_epidemiological_models,NLTK,reporting,NN
19_epidemiological_models,NLTK,of,IN
19_epidemiological_models,NLTK,assumptions,NNS
19_epidemiological_models,NLTK,and,CC
19_epidemiological_models,NLTK,uncertainty,NN
19_epidemiological_models,NLTK,is,VBZ
19_epidemiological_models,NLTK,therefore,RB
19_epidemiological_models,NLTK,essential,JJ
19_epidemiological_models,NLTK,.,.
19_epidemiological_models,spaCy,Epidemiological,PROPN
19_epidemiological_models,spaCy,Models,PROPN
19_epidemiological_models,spaCy,for,ADP
19_epidemiological_models,spaCy,Infectious,PROPN
19_epidemiological_models,spaCy,Disease,PROPN
19_epidemiological_models,spaCy,Planning,PROPN
19_epidemiological_models,spaCy,Mathematical,PROPN
19_epidemiological_models,spaCy,and,CCONJ
19_epidemiological_models,spaCy,computational,ADJ
19_epidemiological_models,spaCy,models,NOUN
19_epidemiological_models,spaCy,can,AUX
19_epidemiological_models,spaCy,help,VERB
19_epidemiological_models,spaCy,researchers,NOUN
19_epidemiological_models,spaCy,explore,VERB
19_epidemiological_models,spaCy,how,SCONJ
19_epidemiological_models,spaCy,infectious,ADJ
19_epidemiological_models,spaCy,diseases,NOUN
19_epidemiological_models,spaCy,may,AUX
19_epidemiological_models,spaCy,spread,VERB
19_epidemiological_models,spaCy,under,ADP
19_epidemiological_models,spaCy,different,ADJ
19_epidemiological_models,spaCy,assumptions,NOUN
19_epidemiological_models,spaCy,.,PUNCT
19_epidemiological_models,spaCy,Compartmental,ADJ
19_epidemiological_models,spaCy,models,NOUN
19_epidemiological_models,spaCy,such,ADJ
19_epidemiological_models,spaCy,as,ADP
19_epidemiological_models,spaCy,SIR,PROPN
19_epidemiological_models,spaCy,divide,NOUN
19_epidemiological_models,spaCy,populations,NOUN
19_epidemiological_models,spaCy,into,ADP
19_epidemiological_models,spaCy,categories,NOUN
19_epidemiological_models,spaCy,such,ADJ
19_epidemiological_models,spaCy,as,ADP
19_epidemiological_models,spaCy,susceptible,ADJ
19_epidemiological_models,spaCy,",",PUNCT
19_epidemiological_models,spaCy,infected,ADJ
19_epidemiological_models,spaCy,",",PUNCT
19_epidemiological_models,spaCy,and,CCONJ
19_epidemiological_models,spaCy,recovered,VERB
19_epidemiological_models,spaCy,.,PUNCT
19_epidemiological_models,spaCy,More,ADJ
19_epidemiological_models,spaCy,detailed,ADJ
19_epidemiological_models,spaCy,models,NOUN
19_epidemiological_models,spaCy,can,AUX
19_epidemiological_models,spaCy,add,VERB
19_epidemiological_models,spaCy,age,NOUN
19_epidemiological_models,spaCy,groups,NOUN
19_epidemiological_models,spaCy,",",PUNCT
19_epidemiological_models,spaCy,vaccination,NOUN
19_epidemiological_models,spaCy,status,NOUN
19_epidemiological_models,spaCy,",",PUNCT
19_epidemiological_models,spaCy,hospitalization,NOUN
19_epidemiological_models,spaCy,",",PUNCT
19_epidemiological_models,spaCy,geographic,ADJ
19_epidemiological_models,spaCy,structure,NOUN
19_epidemiological_models,spaCy,",",PUNCT
19_epidemiological_models,spaCy,or,CCONJ
19_epidemiological_models,spaCy,other,ADJ
19_epidemiological_models,spaCy,characteristics,NOUN
19_epidemiological_models,spaCy,.,PUNCT
19_epidemiological_models,spaCy,Models,NOUN
19_epidemiological_models,spaCy,are,AUX
19_epidemiological_models,spaCy,not,PART
19_epidemiological_models,spaCy,crystal,NOUN
19_epidemiological_models,spaCy,balls,NOUN
19_epidemiological_models,spaCy,.,PUNCT
19_epidemiological_models,spaCy,Their,PRON
19_epidemiological_models,spaCy,outputs,NOUN
19_epidemiological_models,spaCy,depend,VERB
19_epidemiological_models,spaCy,on,ADP
19_epidemiological_models,spaCy,assumptions,NOUN
19_epidemiological_models,spaCy,",",PUNCT
19_epidemiological_models,spaCy,parameter,NOUN
19_epidemiological_models,spaCy,estimates,NOUN
19_epidemiological_models,spaCy,",",PUNCT
19_epidemiological_models,spaCy,data,NOUN
19_epidemiological_models,spaCy,quality,NOUN
19_epidemiological_models,spaCy,",",PUNCT
19_epidemiological_models,spaCy,and,CCONJ
19_epidemiological_models,spaCy,the,DET
19_epidemiological_models,spaCy,scenario,NOUN
19_epidemiological_models,spaCy,being,AUX
19_epidemiological_models,spaCy,examined,VERB
19_epidemiological_models,spaCy,.,PUNCT
19_epidemiological_models,spaCy,A,DET
19_epidemiological_models,spaCy,model,NOUN
19_epidemiological_models,spaCy,can,AUX
19_epidemiological_models,spaCy,be,AUX
19_epidemiological_models,spaCy,useful,ADJ
19_epidemiological_models,spaCy,even,ADV
19_epidemiological_models,spaCy,when,SCONJ
19_epidemiological_models,spaCy,its,PRON
19_epidemiological_models,spaCy,exact,ADJ
19_epidemiological_models,spaCy,numerical,ADJ
19_epidemiological_models,spaCy,forecast,PROPN
19_epidemiological_models,spaCy,is,AUX
19_epidemiological_models,spaCy,uncertain,ADJ
19_epidemiological_models,spaCy,because,SCONJ
19_epidemiological_models,spaCy,it,PRON
19_epidemiological_models,spaCy,can,AUX
19_epidemiological_models,spaCy,show,VERB
19_epidemiological_models,spaCy,how,SCONJ
19_epidemiological_models,spaCy,outcomes,NOUN
19_epidemiological_models,spaCy,change,VERB
19_epidemiological_models,spaCy,when,SCONJ
19_epidemiological_models,spaCy,assumptions,NOUN
19_epidemiological_models,spaCy,change,VERB
19_epidemiological_models,spaCy,.,PUNCT
19_epidemiological_models,spaCy,Model,PROPN
19_epidemiological_models,spaCy,calibration,NOUN
19_epidemiological_models,spaCy,uses,VERB
19_epidemiological_models,spaCy,observed,VERB
19_epidemiological_models,spaCy,data,NOUN
19_epidemiological_models,spaCy,to,PART
19_epidemiological_models,spaCy,estimate,VERB
19_epidemiological_models,spaCy,parameters,NOUN
19_epidemiological_models,spaCy,or,CCONJ
19_epidemiological_models,spaCy,evaluate,VERB
19_epidemiological_models,spaCy,whether,SCONJ
19_epidemiological_models,spaCy,simulated,VERB
19_epidemiological_models,spaCy,trajectories,NOUN
19_epidemiological_models,spaCy,are,AUX
19_epidemiological_models,spaCy,consistent,ADJ
19_epidemiological_models,spaCy,with,ADP
19_epidemiological_models,spaCy,historical,ADJ
19_epidemiological_models,spaCy,patterns,NOUN
19_epidemiological_models,spaCy,.,PUNCT
19_epidemiological_models,spaCy,Validation,NOUN
19_epidemiological_models,spaCy,and,CCONJ
19_epidemiological_models,spaCy,sensitivity,NOUN
19_epidemiological_models,spaCy,analysis,NOUN
19_epidemiological_models,spaCy,can,AUX
19_epidemiological_models,spaCy,identify,VERB
19_epidemiological_models,spaCy,which,DET
19_epidemiological_models,spaCy,assumptions,NOUN
19_epidemiological_models,spaCy,have,VERB
19_epidemiological_models,spaCy,the,DET
19_epidemiological_models,spaCy,greatest,ADJ
19_epidemiological_models,spaCy,effect,NOUN
19_epidemiological_models,spaCy,on,ADP
19_epidemiological_models,spaCy,results,NOUN
19_epidemiological_models,spaCy,.,PUNCT
19_epidemiological_models,spaCy,Public,ADJ
19_epidemiological_models,spaCy,-,PUNCT
19_epidemiological_models,spaCy,health,NOUN
19_epidemiological_models,spaCy,decision,NOUN
19_epidemiological_models,spaCy,-,PUNCT
19_epidemiological_models,spaCy,makers,NOUN
19_epidemiological_models,spaCy,should,AUX
19_epidemiological_models,spaCy,interpret,VERB
19_epidemiological_models,spaCy,model,NOUN
19_epidemiological_models,spaCy,outputs,NOUN
19_epidemiological_models,spaCy,alongside,ADP
19_epidemiological_models,spaCy,surveillance,NOUN
19_epidemiological_models,spaCy,data,NOUN
19_epidemiological_models,spaCy,and,CCONJ
19_epidemiological_models,spaCy,expert,NOUN
19_epidemiological_models,spaCy,assessment,NOUN
19_epidemiological_models,spaCy,.,PUNCT
19_epidemiological_models,spaCy,Scenario,NOUN
19_epidemiological_models,spaCy,projections,NOUN
19_epidemiological_models,spaCy,are,AUX
19_epidemiological_models,spaCy,particularly,ADV
19_epidemiological_models,spaCy,sensitive,ADJ
19_epidemiological_models,spaCy,to,ADP
19_epidemiological_models,spaCy,changes,NOUN
19_epidemiological_models,spaCy,in,ADP
19_epidemiological_models,spaCy,behavior,NOUN
19_epidemiological_models,spaCy,",",PUNCT
19_epidemiological_models,spaCy,immunity,NOUN
19_epidemiological_models,spaCy,",",PUNCT
19_epidemiological_models,spaCy,viral,ADJ
19_epidemiological_models,spaCy,characteristics,NOUN
19_epidemiological_models,spaCy,",",PUNCT
19_epidemiological_models,spaCy,interventions,NOUN
19_epidemiological_models,spaCy,",",PUNCT
19_epidemiological_models,spaCy,and,CCONJ
19_epidemiological_models,spaCy,healthcare,NOUN
19_epidemiological_models,spaCy,capacity,NOUN
19_epidemiological_models,spaCy,.,PUNCT
19_epidemiological_models,spaCy,Transparent,ADJ
19_epidemiological_models,spaCy,reporting,NOUN
19_epidemiological_models,spaCy,of,ADP
19_epidemiological_models,spaCy,assumptions,NOUN
19_epidemiological_models,spaCy,and,CCONJ
19_epidemiological_models,spaCy,uncertainty,NOUN
19_epidemiological_models,spaCy,is,AUX
19_epidemiological_models,spaCy,therefore,ADV
19_epidemiological_models,spaCy,essential,ADJ
19_epidemiological_models,spaCy,.,PUNCT
19_epidemiological_models,Custom_Rule_Based,Epidemiological,JJ
19_epidemiological_models,Custom_Rule_Based,Models,NNP
19_epidemiological_models,Custom_Rule_Based,for,IN
19_epidemiological_models,Custom_Rule_Based,Infectious,NNP
19_epidemiological_models,Custom_Rule_Based,Disease,NNP
19_epidemiological_models,Custom_Rule_Based,Planning,NNP
19_epidemiological_models,Custom_Rule_Based,Mathematical,NNP
19_epidemiological_models,Custom_Rule_Based,and,CC
19_epidemiological_models,Custom_Rule_Based,computational,JJ
19_epidemiological_models,Custom_Rule_Based,models,NNS
19_epidemiological_models,Custom_Rule_Based,can,MD
19_epidemiological_models,Custom_Rule_Based,help,VB
19_epidemiological_models,Custom_Rule_Based,researchers,NNS
19_epidemiological_models,Custom_Rule_Based,explore,VB
19_epidemiological_models,Custom_Rule_Based,how,WRB
19_epidemiological_models,Custom_Rule_Based,infectious,JJ
19_epidemiological_models,Custom_Rule_Based,diseases,NNS
19_epidemiological_models,Custom_Rule_Based,may,MD
19_epidemiological_models,Custom_Rule_Based,spread,VB
19_epidemiological_models,Custom_Rule_Based,under,IN
19_epidemiological_models,Custom_Rule_Based,different,JJ
19_epidemiological_models,Custom_Rule_Based,assumptions,NNS
19_epidemiological_models,Custom_Rule_Based,.,.
19_epidemiological_models,Custom_Rule_Based,Compartmental,JJ
19_epidemiological_models,Custom_Rule_Based,models,NNS
19_epidemiological_models,Custom_Rule_Based,such,JJ
19_epidemiological_models,Custom_Rule_Based,as,IN
19_epidemiological_models,Custom_Rule_Based,SIR,NNP
19_epidemiological_models,Custom_Rule_Based,divide,NN
19_epidemiological_models,Custom_Rule_Based,populations,NNS
19_epidemiological_models,Custom_Rule_Based,into,IN
19_epidemiological_models,Custom_Rule_Based,categories,NNS
19_epidemiological_models,Custom_Rule_Based,such,JJ
19_epidemiological_models,Custom_Rule_Based,as,IN
19_epidemiological_models,Custom_Rule_Based,susceptible,JJ
19_epidemiological_models,Custom_Rule_Based,",",","
19_epidemiological_models,Custom_Rule_Based,infected,VBN
19_epidemiological_models,Custom_Rule_Based,",",","
19_epidemiological_models,Custom_Rule_Based,and,CC
19_epidemiological_models,Custom_Rule_Based,recovered,VBD
19_epidemiological_models,Custom_Rule_Based,.,.
19_epidemiological_models,Custom_Rule_Based,More,JJR
19_epidemiological_models,Custom_Rule_Based,detailed,JJ
19_epidemiological_models,Custom_Rule_Based,models,NNS
19_epidemiological_models,Custom_Rule_Based,can,MD
19_epidemiological_models,Custom_Rule_Based,add,VB
19_epidemiological_models,Custom_Rule_Based,age,NN
19_epidemiological_models,Custom_Rule_Based,groups,NNS
19_epidemiological_models,Custom_Rule_Based,",",","
19_epidemiological_models,Custom_Rule_Based,vaccination,NN
19_epidemiological_models,Custom_Rule_Based,status,NN
19_epidemiological_models,Custom_Rule_Based,",",","
19_epidemiological_models,Custom_Rule_Based,hospitalization,NN
19_epidemiological_models,Custom_Rule_Based,",",","
19_epidemiological_models,Custom_Rule_Based,geographic,JJ
19_epidemiological_models,Custom_Rule_Based,structure,NN
19_epidemiological_models,Custom_Rule_Based,",",","
19_epidemiological_models,Custom_Rule_Based,or,CC
19_epidemiological_models,Custom_Rule_Based,other,JJ
19_epidemiological_models,Custom_Rule_Based,characteristics,NNS
19_epidemiological_models,Custom_Rule_Based,.,.
19_epidemiological_models,Custom_Rule_Based,Models,NNS
19_epidemiological_models,Custom_Rule_Based,are,VBP
19_epidemiological_models,Custom_Rule_Based,not,RB
19_epidemiological_models,Custom_Rule_Based,crystal,JJ
19_epidemiological_models,Custom_Rule_Based,balls,NNS
19_epidemiological_models,Custom_Rule_Based,.,.
19_epidemiological_models,Custom_Rule_Based,Their,PRP$
19_epidemiological_models,Custom_Rule_Based,outputs,NNS
19_epidemiological_models,Custom_Rule_Based,depend,VBP
19_epidemiological_models,Custom_Rule_Based,on,IN
19_epidemiological_models,Custom_Rule_Based,assumptions,NNS
19_epidemiological_models,Custom_Rule_Based,",",","
19_epidemiological_models,Custom_Rule_Based,parameter,NN
19_epidemiological_models,Custom_Rule_Based,estimates,NNS
19_epidemiological_models,Custom_Rule_Based,",",","
19_epidemiological_models,Custom_Rule_Based,data,NNS
19_epidemiological_models,Custom_Rule_Based,quality,NN
19_epidemiological_models,Custom_Rule_Based,",",","
19_epidemiological_models,Custom_Rule_Based,and,CC
19_epidemiological_models,Custom_Rule_Based,the,DT
19_epidemiological_models,Custom_Rule_Based,scenario,NN
19_epidemiological_models,Custom_Rule_Based,being,VBG
19_epidemiological_models,Custom_Rule_Based,examined,VBN
19_epidemiological_models,Custom_Rule_Based,.,.
19_epidemiological_models,Custom_Rule_Based,A,DT
19_epidemiological_models,Custom_Rule_Based,model,NN
19_epidemiological_models,Custom_Rule_Based,can,MD
19_epidemiological_models,Custom_Rule_Based,be,VB
19_epidemiological_models,Custom_Rule_Based,useful,JJ
19_epidemiological_models,Custom_Rule_Based,even,RB
19_epidemiological_models,Custom_Rule_Based,when,WRB
19_epidemiological_models,Custom_Rule_Based,its,PRP$
19_epidemiological_models,Custom_Rule_Based,exact,JJ
19_epidemiological_models,Custom_Rule_Based,numerical,JJ
19_epidemiological_models,Custom_Rule_Based,forecast,NN
19_epidemiological_models,Custom_Rule_Based,is,VBZ
19_epidemiological_models,Custom_Rule_Based,uncertain,JJ
19_epidemiological_models,Custom_Rule_Based,because,IN
19_epidemiological_models,Custom_Rule_Based,it,PRP
19_epidemiological_models,Custom_Rule_Based,can,MD
19_epidemiological_models,Custom_Rule_Based,show,VB
19_epidemiological_models,Custom_Rule_Based,how,WRB
19_epidemiological_models,Custom_Rule_Based,outcomes,NNS
19_epidemiological_models,Custom_Rule_Based,change,VBP
19_epidemiological_models,Custom_Rule_Based,when,WRB
19_epidemiological_models,Custom_Rule_Based,assumptions,NNS
19_epidemiological_models,Custom_Rule_Based,change,VBP
19_epidemiological_models,Custom_Rule_Based,.,.
19_epidemiological_models,Custom_Rule_Based,Model,NNP
19_epidemiological_models,Custom_Rule_Based,calibration,NN
19_epidemiological_models,Custom_Rule_Based,uses,VBZ
19_epidemiological_models,Custom_Rule_Based,observed,VBN
19_epidemiological_models,Custom_Rule_Based,data,NNS
19_epidemiological_models,Custom_Rule_Based,to,TO
19_epidemiological_models,Custom_Rule_Based,estimate,VB
19_epidemiological_models,Custom_Rule_Based,parameters,NNS
19_epidemiological_models,Custom_Rule_Based,or,CC
19_epidemiological_models,Custom_Rule_Based,evaluate,VB
19_epidemiological_models,Custom_Rule_Based,whether,IN
19_epidemiological_models,Custom_Rule_Based,simulated,JJ
19_epidemiological_models,Custom_Rule_Based,trajectories,NNS
19_epidemiological_models,Custom_Rule_Based,are,VBP
19_epidemiological_models,Custom_Rule_Based,consistent,JJ
19_epidemiological_models,Custom_Rule_Based,with,IN
19_epidemiological_models,Custom_Rule_Based,historical,JJ
19_epidemiological_models,Custom_Rule_Based,patterns,NNS
19_epidemiological_models,Custom_Rule_Based,.,.
19_epidemiological_models,Custom_Rule_Based,Validation,NN
19_epidemiological_models,Custom_Rule_Based,and,CC
19_epidemiological_models,Custom_Rule_Based,sensitivity,NN
19_epidemiological_models,Custom_Rule_Based,analysis,NN
19_epidemiological_models,Custom_Rule_Based,can,MD
19_epidemiological_models,Custom_Rule_Based,identify,VB
19_epidemiological_models,Custom_Rule_Based,which,WDT
19_epidemiological_models,Custom_Rule_Based,assumptions,NNS
19_epidemiological_models,Custom_Rule_Based,have,VBP
19_epidemiological_models,Custom_Rule_Based,the,DT
19_epidemiological_models,Custom_Rule_Based,greatest,JJS
19_epidemiological_models,Custom_Rule_Based,effect,NN
19_epidemiological_models,Custom_Rule_Based,on,IN
19_epidemiological_models,Custom_Rule_Based,results,NNS
19_epidemiological_models,Custom_Rule_Based,.,.
19_epidemiological_models,Custom_Rule_Based,Public-health,JJ
19_epidemiological_models,Custom_Rule_Based,decision-makers,NNS
19_epidemiological_models,Custom_Rule_Based,should,MD
19_epidemiological_models,Custom_Rule_Based,interpret,VB
19_epidemiological_models,Custom_Rule_Based,model,NN
19_epidemiological_models,Custom_Rule_Based,outputs,NNS
19_epidemiological_models,Custom_Rule_Based,alongside,JJ
19_epidemiological_models,Custom_Rule_Based,surveillance,NN
19_epidemiological_models,Custom_Rule_Based,data,NNS
19_epidemiological_models,Custom_Rule_Based,and,CC
19_epidemiological_models,Custom_Rule_Based,expert,JJ
19_epidemiological_models,Custom_Rule_Based,assessment,NN
19_epidemiological_models,Custom_Rule_Based,.,.
19_epidemiological_models,Custom_Rule_Based,Scenario,NN
19_epidemiological_models,Custom_Rule_Based,projections,NNS
19_epidemiological_models,Custom_Rule_Based,are,VBP
19_epidemiological_models,Custom_Rule_Based,particularly,RB
19_epidemiological_models,Custom_Rule_Based,sensitive,JJ
19_epidemiological_models,Custom_Rule_Based,to,TO
19_epidemiological_models,Custom_Rule_Based,changes,NNS
19_epidemiological_models,Custom_Rule_Based,in,IN
19_epidemiological_models,Custom_Rule_Based,behavior,NN
19_epidemiological_models,Custom_Rule_Based,",",","
19_epidemiological_models,Custom_Rule_Based,immunity,NN
19_epidemiological_models,Custom_Rule_Based,",",","
19_epidemiological_models,Custom_Rule_Based,viral,JJ
19_epidemiological_models,Custom_Rule_Based,characteristics,NNS
19_epidemiological_models,Custom_Rule_Based,",",","
19_epidemiological_models,Custom_Rule_Based,interventions,NNS
19_epidemiological_models,Custom_Rule_Based,",",","
19_epidemiological_models,Custom_Rule_Based,and,CC
19_epidemiological_models,Custom_Rule_Based,healthcare,NN
19_epidemiological_models,Custom_Rule_Based,capacity,NN
19_epidemiological_models,Custom_Rule_Based,.,.
19_epidemiological_models,Custom_Rule_Based,Transparent,NNP
19_epidemiological_models,Custom_Rule_Based,reporting,NN
19_epidemiological_models,Custom_Rule_Based,of,IN
19_epidemiological_models,Custom_Rule_Based,assumptions,NNS
19_epidemiological_models,Custom_Rule_Based,and,CC
19_epidemiological_models,Custom_Rule_Based,uncertainty,NN
19_epidemiological_models,Custom_Rule_Based,is,VBZ
19_epidemiological_models,Custom_Rule_Based,therefore,RB
19_epidemiological_models,Custom_Rule_Based,essential,JJ
19_epidemiological_models,Custom_Rule_Based,.,.
20_post_outbreak_evaluation,NLTK,Evaluating,VBG
20_post_outbreak_evaluation,NLTK,Public,NNP
20_post_outbreak_evaluation,NLTK,Health,NNP
20_post_outbreak_evaluation,NLTK,Responses,NNP
20_post_outbreak_evaluation,NLTK,After,IN
20_post_outbreak_evaluation,NLTK,an,DT
20_post_outbreak_evaluation,NLTK,Outbreak,NNP
20_post_outbreak_evaluation,NLTK,After,IN
20_post_outbreak_evaluation,NLTK,an,DT
20_post_outbreak_evaluation,NLTK,infectious,JJ
20_post_outbreak_evaluation,NLTK,disease,NN
20_post_outbreak_evaluation,NLTK,outbreak,NN
20_post_outbreak_evaluation,NLTK,",",","
20_post_outbreak_evaluation,NLTK,a,DT
20_post_outbreak_evaluation,NLTK,structured,JJ
20_post_outbreak_evaluation,NLTK,evaluation,NN
20_post_outbreak_evaluation,NLTK,can,MD
20_post_outbreak_evaluation,NLTK,examine,VB
20_post_outbreak_evaluation,NLTK,what,WP
20_post_outbreak_evaluation,NLTK,happened,VBD
20_post_outbreak_evaluation,NLTK,",",","
20_post_outbreak_evaluation,NLTK,which,WDT
20_post_outbreak_evaluation,NLTK,interventions,NNS
20_post_outbreak_evaluation,NLTK,were,VBD
20_post_outbreak_evaluation,NLTK,implemented,VBN
20_post_outbreak_evaluation,NLTK,",",","
20_post_outbreak_evaluation,NLTK,how,WRB
20_post_outbreak_evaluation,NLTK,quickly,RB
20_post_outbreak_evaluation,NLTK,systems,NNS
20_post_outbreak_evaluation,NLTK,responded,VBD
20_post_outbreak_evaluation,NLTK,",",","
20_post_outbreak_evaluation,NLTK,and,CC
20_post_outbreak_evaluation,NLTK,what,WP
20_post_outbreak_evaluation,NLTK,improvements,NNS
20_post_outbreak_evaluation,NLTK,are,VBP
20_post_outbreak_evaluation,NLTK,needed,VBN
20_post_outbreak_evaluation,NLTK,.,.
20_post_outbreak_evaluation,NLTK,Evaluation,NN
20_post_outbreak_evaluation,NLTK,should,MD
20_post_outbreak_evaluation,NLTK,consider,VB
20_post_outbreak_evaluation,NLTK,epidemiological,JJ
20_post_outbreak_evaluation,NLTK,outcomes,NNS
20_post_outbreak_evaluation,NLTK,as,RB
20_post_outbreak_evaluation,NLTK,well,RB
20_post_outbreak_evaluation,NLTK,as,IN
20_post_outbreak_evaluation,NLTK,operational,JJ
20_post_outbreak_evaluation,NLTK,",",","
20_post_outbreak_evaluation,NLTK,social,JJ
20_post_outbreak_evaluation,NLTK,",",","
20_post_outbreak_evaluation,NLTK,and,CC
20_post_outbreak_evaluation,NLTK,economic,JJ
20_post_outbreak_evaluation,NLTK,consequences,NNS
20_post_outbreak_evaluation,NLTK,.,.
20_post_outbreak_evaluation,NLTK,Useful,JJ
20_post_outbreak_evaluation,NLTK,indicators,NNS
20_post_outbreak_evaluation,NLTK,may,MD
20_post_outbreak_evaluation,NLTK,include,VB
20_post_outbreak_evaluation,NLTK,time,NN
20_post_outbreak_evaluation,NLTK,from,IN
20_post_outbreak_evaluation,NLTK,signal,JJ
20_post_outbreak_evaluation,NLTK,detection,NN
20_post_outbreak_evaluation,NLTK,to,TO
20_post_outbreak_evaluation,NLTK,investigation,NN
20_post_outbreak_evaluation,NLTK,",",","
20_post_outbreak_evaluation,NLTK,testing,VBG
20_post_outbreak_evaluation,NLTK,turnaround,NN
20_post_outbreak_evaluation,NLTK,time,NN
20_post_outbreak_evaluation,NLTK,",",","
20_post_outbreak_evaluation,NLTK,vaccination,NN
20_post_outbreak_evaluation,NLTK,coverage,NN
20_post_outbreak_evaluation,NLTK,",",","
20_post_outbreak_evaluation,NLTK,hospitalization,NN
20_post_outbreak_evaluation,NLTK,trends,NNS
20_post_outbreak_evaluation,NLTK,",",","
20_post_outbreak_evaluation,NLTK,healthcare,NN
20_post_outbreak_evaluation,NLTK,capacity,NN
20_post_outbreak_evaluation,NLTK,",",","
20_post_outbreak_evaluation,NLTK,communication,NN
20_post_outbreak_evaluation,NLTK,reach,NN
20_post_outbreak_evaluation,NLTK,",",","
20_post_outbreak_evaluation,NLTK,and,CC
20_post_outbreak_evaluation,NLTK,the,DT
20_post_outbreak_evaluation,NLTK,timeliness,NN
20_post_outbreak_evaluation,NLTK,of,IN
20_post_outbreak_evaluation,NLTK,public-health,NN
20_post_outbreak_evaluation,NLTK,reporting,NN
20_post_outbreak_evaluation,NLTK,.,.
20_post_outbreak_evaluation,NLTK,The,DT
20_post_outbreak_evaluation,NLTK,exact,JJ
20_post_outbreak_evaluation,NLTK,measures,NNS
20_post_outbreak_evaluation,NLTK,depend,VBP
20_post_outbreak_evaluation,NLTK,on,IN
20_post_outbreak_evaluation,NLTK,the,DT
20_post_outbreak_evaluation,NLTK,outbreak,NN
20_post_outbreak_evaluation,NLTK,and,CC
20_post_outbreak_evaluation,NLTK,the,DT
20_post_outbreak_evaluation,NLTK,objectives,NNS
20_post_outbreak_evaluation,NLTK,of,IN
20_post_outbreak_evaluation,NLTK,the,DT
20_post_outbreak_evaluation,NLTK,response,NN
20_post_outbreak_evaluation,NLTK,.,.
20_post_outbreak_evaluation,NLTK,Evaluation,NN
20_post_outbreak_evaluation,NLTK,should,MD
20_post_outbreak_evaluation,NLTK,distinguish,VB
20_post_outbreak_evaluation,NLTK,correlation,NN
20_post_outbreak_evaluation,NLTK,from,IN
20_post_outbreak_evaluation,NLTK,causation,NN
20_post_outbreak_evaluation,NLTK,.,.
20_post_outbreak_evaluation,NLTK,A,DT
20_post_outbreak_evaluation,NLTK,decline,NN
20_post_outbreak_evaluation,NLTK,in,IN
20_post_outbreak_evaluation,NLTK,cases,NNS
20_post_outbreak_evaluation,NLTK,after,IN
20_post_outbreak_evaluation,NLTK,an,DT
20_post_outbreak_evaluation,NLTK,intervention,NN
20_post_outbreak_evaluation,NLTK,does,VBZ
20_post_outbreak_evaluation,NLTK,not,RB
20_post_outbreak_evaluation,NLTK,automatically,RB
20_post_outbreak_evaluation,NLTK,prove,VB
20_post_outbreak_evaluation,NLTK,that,IN
20_post_outbreak_evaluation,NLTK,the,DT
20_post_outbreak_evaluation,NLTK,intervention,NN
20_post_outbreak_evaluation,NLTK,caused,VBD
20_post_outbreak_evaluation,NLTK,the,DT
20_post_outbreak_evaluation,NLTK,decline,NN
20_post_outbreak_evaluation,NLTK,because,IN
20_post_outbreak_evaluation,NLTK,transmission,NN
20_post_outbreak_evaluation,NLTK,can,MD
20_post_outbreak_evaluation,NLTK,also,RB
20_post_outbreak_evaluation,NLTK,change,VB
20_post_outbreak_evaluation,NLTK,due,JJ
20_post_outbreak_evaluation,NLTK,to,TO
20_post_outbreak_evaluation,NLTK,immunity,NN
20_post_outbreak_evaluation,NLTK,",",","
20_post_outbreak_evaluation,NLTK,behavior,NN
20_post_outbreak_evaluation,NLTK,",",","
20_post_outbreak_evaluation,NLTK,seasonality,NN
20_post_outbreak_evaluation,NLTK,",",","
20_post_outbreak_evaluation,NLTK,or,CC
20_post_outbreak_evaluation,NLTK,other,JJ
20_post_outbreak_evaluation,NLTK,factors,NNS
20_post_outbreak_evaluation,NLTK,.,.
20_post_outbreak_evaluation,NLTK,After-action,JJ
20_post_outbreak_evaluation,NLTK,reviews,NNS
20_post_outbreak_evaluation,NLTK,can,MD
20_post_outbreak_evaluation,NLTK,translate,VB
20_post_outbreak_evaluation,NLTK,findings,NNS
20_post_outbreak_evaluation,NLTK,into,IN
20_post_outbreak_evaluation,NLTK,concrete,JJ
20_post_outbreak_evaluation,NLTK,improvements,NNS
20_post_outbreak_evaluation,NLTK,.,.
20_post_outbreak_evaluation,NLTK,These,DT
20_post_outbreak_evaluation,NLTK,may,MD
20_post_outbreak_evaluation,NLTK,include,VB
20_post_outbreak_evaluation,NLTK,updating,VBG
20_post_outbreak_evaluation,NLTK,response,NN
20_post_outbreak_evaluation,NLTK,plans,NNS
20_post_outbreak_evaluation,NLTK,",",","
20_post_outbreak_evaluation,NLTK,strengthening,VBG
20_post_outbreak_evaluation,NLTK,laboratory,NN
20_post_outbreak_evaluation,NLTK,networks,NNS
20_post_outbreak_evaluation,NLTK,",",","
20_post_outbreak_evaluation,NLTK,improving,VBG
20_post_outbreak_evaluation,NLTK,data,NNS
20_post_outbreak_evaluation,NLTK,interoperability,NN
20_post_outbreak_evaluation,NLTK,",",","
20_post_outbreak_evaluation,NLTK,expanding,VBG
20_post_outbreak_evaluation,NLTK,workforce,NN
20_post_outbreak_evaluation,NLTK,training,NN
20_post_outbreak_evaluation,NLTK,",",","
20_post_outbreak_evaluation,NLTK,or,CC
20_post_outbreak_evaluation,NLTK,revising,VBG
20_post_outbreak_evaluation,NLTK,communication,NN
20_post_outbreak_evaluation,NLTK,procedures,NNS
20_post_outbreak_evaluation,NLTK,.,.
20_post_outbreak_evaluation,NLTK,The,DT
20_post_outbreak_evaluation,NLTK,goal,NN
20_post_outbreak_evaluation,NLTK,is,VBZ
20_post_outbreak_evaluation,NLTK,to,TO
20_post_outbreak_evaluation,NLTK,convert,VB
20_post_outbreak_evaluation,NLTK,experience,NN
20_post_outbreak_evaluation,NLTK,into,IN
20_post_outbreak_evaluation,NLTK,preparedness,NN
20_post_outbreak_evaluation,NLTK,for,IN
20_post_outbreak_evaluation,NLTK,future,JJ
20_post_outbreak_evaluation,NLTK,infectious,JJ
20_post_outbreak_evaluation,NLTK,disease,NN
20_post_outbreak_evaluation,NLTK,events,NNS
20_post_outbreak_evaluation,NLTK,.,.
20_post_outbreak_evaluation,spaCy,Evaluating,VERB
20_post_outbreak_evaluation,spaCy,Public,PROPN
20_post_outbreak_evaluation,spaCy,Health,PROPN
20_post_outbreak_evaluation,spaCy,Responses,NOUN
20_post_outbreak_evaluation,spaCy,After,ADP
20_post_outbreak_evaluation,spaCy,an,DET
20_post_outbreak_evaluation,spaCy,Outbreak,PROPN
20_post_outbreak_evaluation,spaCy,After,ADP
20_post_outbreak_evaluation,spaCy,an,DET
20_post_outbreak_evaluation,spaCy,infectious,ADJ
20_post_outbreak_evaluation,spaCy,disease,NOUN
20_post_outbreak_evaluation,spaCy,outbreak,NOUN
20_post_outbreak_evaluation,spaCy,",",PUNCT
20_post_outbreak_evaluation,spaCy,a,DET
20_post_outbreak_evaluation,spaCy,structured,ADJ
20_post_outbreak_evaluation,spaCy,evaluation,NOUN
20_post_outbreak_evaluation,spaCy,can,AUX
20_post_outbreak_evaluation,spaCy,examine,VERB
20_post_outbreak_evaluation,spaCy,what,PRON
20_post_outbreak_evaluation,spaCy,happened,VERB
20_post_outbreak_evaluation,spaCy,",",PUNCT
20_post_outbreak_evaluation,spaCy,which,DET
20_post_outbreak_evaluation,spaCy,interventions,NOUN
20_post_outbreak_evaluation,spaCy,were,AUX
20_post_outbreak_evaluation,spaCy,implemented,VERB
20_post_outbreak_evaluation,spaCy,",",PUNCT
20_post_outbreak_evaluation,spaCy,how,SCONJ
20_post_outbreak_evaluation,spaCy,quickly,ADV
20_post_outbreak_evaluation,spaCy,systems,NOUN
20_post_outbreak_evaluation,spaCy,responded,VERB
20_post_outbreak_evaluation,spaCy,",",PUNCT
20_post_outbreak_evaluation,spaCy,and,CCONJ
20_post_outbreak_evaluation,spaCy,what,DET
20_post_outbreak_evaluation,spaCy,improvements,NOUN
20_post_outbreak_evaluation,spaCy,are,AUX
20_post_outbreak_evaluation,spaCy,needed,VERB
20_post_outbreak_evaluation,spaCy,.,PUNCT
20_post_outbreak_evaluation,spaCy,Evaluation,NOUN
20_post_outbreak_evaluation,spaCy,should,AUX
20_post_outbreak_evaluation,spaCy,consider,VERB
20_post_outbreak_evaluation,spaCy,epidemiological,ADJ
20_post_outbreak_evaluation,spaCy,outcomes,NOUN
20_post_outbreak_evaluation,spaCy,as,ADV
20_post_outbreak_evaluation,spaCy,well,ADV
20_post_outbreak_evaluation,spaCy,as,ADP
20_post_outbreak_evaluation,spaCy,operational,ADJ
20_post_outbreak_evaluation,spaCy,",",PUNCT
20_post_outbreak_evaluation,spaCy,social,ADJ
20_post_outbreak_evaluation,spaCy,",",PUNCT
20_post_outbreak_evaluation,spaCy,and,CCONJ
20_post_outbreak_evaluation,spaCy,economic,ADJ
20_post_outbreak_evaluation,spaCy,consequences,NOUN
20_post_outbreak_evaluation,spaCy,.,PUNCT
20_post_outbreak_evaluation,spaCy,Useful,ADJ
20_post_outbreak_evaluation,spaCy,indicators,NOUN
20_post_outbreak_evaluation,spaCy,may,AUX
20_post_outbreak_evaluation,spaCy,include,VERB
20_post_outbreak_evaluation,spaCy,time,NOUN
20_post_outbreak_evaluation,spaCy,from,ADP
20_post_outbreak_evaluation,spaCy,signal,NOUN
20_post_outbreak_evaluation,spaCy,detection,NOUN
20_post_outbreak_evaluation,spaCy,to,ADP
20_post_outbreak_evaluation,spaCy,investigation,NOUN
20_post_outbreak_evaluation,spaCy,",",PUNCT
20_post_outbreak_evaluation,spaCy,testing,VERB
20_post_outbreak_evaluation,spaCy,turnaround,NOUN
20_post_outbreak_evaluation,spaCy,time,NOUN
20_post_outbreak_evaluation,spaCy,",",PUNCT
20_post_outbreak_evaluation,spaCy,vaccination,NOUN
20_post_outbreak_evaluation,spaCy,coverage,NOUN
20_post_outbreak_evaluation,spaCy,",",PUNCT
20_post_outbreak_evaluation,spaCy,hospitalization,NOUN
20_post_outbreak_evaluation,spaCy,trends,NOUN
20_post_outbreak_evaluation,spaCy,",",PUNCT
20_post_outbreak_evaluation,spaCy,healthcare,NOUN
20_post_outbreak_evaluation,spaCy,capacity,NOUN
20_post_outbreak_evaluation,spaCy,",",PUNCT
20_post_outbreak_evaluation,spaCy,communication,NOUN
20_post_outbreak_evaluation,spaCy,reach,VERB
20_post_outbreak_evaluation,spaCy,",",PUNCT
20_post_outbreak_evaluation,spaCy,and,CCONJ
20_post_outbreak_evaluation,spaCy,the,DET
20_post_outbreak_evaluation,spaCy,timeliness,NOUN
20_post_outbreak_evaluation,spaCy,of,ADP
20_post_outbreak_evaluation,spaCy,public,ADJ
20_post_outbreak_evaluation,spaCy,-,PUNCT
20_post_outbreak_evaluation,spaCy,health,NOUN
20_post_outbreak_evaluation,spaCy,reporting,NOUN
20_post_outbreak_evaluation,spaCy,.,PUNCT
20_post_outbreak_evaluation,spaCy,The,DET
20_post_outbreak_evaluation,spaCy,exact,ADJ
20_post_outbreak_evaluation,spaCy,measures,NOUN
20_post_outbreak_evaluation,spaCy,depend,VERB
20_post_outbreak_evaluation,spaCy,on,ADP
20_post_outbreak_evaluation,spaCy,the,DET
20_post_outbreak_evaluation,spaCy,outbreak,NOUN
20_post_outbreak_evaluation,spaCy,and,CCONJ
20_post_outbreak_evaluation,spaCy,the,DET
20_post_outbreak_evaluation,spaCy,objectives,NOUN
20_post_outbreak_evaluation,spaCy,of,ADP
20_post_outbreak_evaluation,spaCy,the,DET
20_post_outbreak_evaluation,spaCy,response,NOUN
20_post_outbreak_evaluation,spaCy,.,PUNCT
20_post_outbreak_evaluation,spaCy,Evaluation,NOUN
20_post_outbreak_evaluation,spaCy,should,AUX
20_post_outbreak_evaluation,spaCy,distinguish,VERB
20_post_outbreak_evaluation,spaCy,correlation,NOUN
20_post_outbreak_evaluation,spaCy,from,ADP
20_post_outbreak_evaluation,spaCy,causation,NOUN
20_post_outbreak_evaluation,spaCy,.,PUNCT
20_post_outbreak_evaluation,spaCy,A,DET
20_post_outbreak_evaluation,spaCy,decline,NOUN
20_post_outbreak_evaluation,spaCy,in,ADP
20_post_outbreak_evaluation,spaCy,cases,NOUN
20_post_outbreak_evaluation,spaCy,after,ADP
20_post_outbreak_evaluation,spaCy,an,DET
20_post_outbreak_evaluation,spaCy,intervention,NOUN
20_post_outbreak_evaluation,spaCy,does,AUX
20_post_outbreak_evaluation,spaCy,not,PART
20_post_outbreak_evaluation,spaCy,automatically,ADV
20_post_outbreak_evaluation,spaCy,prove,VERB
20_post_outbreak_evaluation,spaCy,that,SCONJ
20_post_outbreak_evaluation,spaCy,the,DET
20_post_outbreak_evaluation,spaCy,intervention,NOUN
20_post_outbreak_evaluation,spaCy,caused,VERB
20_post_outbreak_evaluation,spaCy,the,DET
20_post_outbreak_evaluation,spaCy,decline,NOUN
20_post_outbreak_evaluation,spaCy,because,SCONJ
20_post_outbreak_evaluation,spaCy,transmission,NOUN
20_post_outbreak_evaluation,spaCy,can,AUX
20_post_outbreak_evaluation,spaCy,also,ADV
20_post_outbreak_evaluation,spaCy,change,VERB
20_post_outbreak_evaluation,spaCy,due,ADP
20_post_outbreak_evaluation,spaCy,to,ADP
20_post_outbreak_evaluation,spaCy,immunity,NOUN
20_post_outbreak_evaluation,spaCy,",",PUNCT
20_post_outbreak_evaluation,spaCy,behavior,NOUN
20_post_outbreak_evaluation,spaCy,",",PUNCT
20_post_outbreak_evaluation,spaCy,seasonality,NOUN
20_post_outbreak_evaluation,spaCy,",",PUNCT
20_post_outbreak_evaluation,spaCy,or,CCONJ
20_post_outbreak_evaluation,spaCy,other,ADJ
20_post_outbreak_evaluation,spaCy,factors,NOUN
20_post_outbreak_evaluation,spaCy,.,PUNCT
20_post_outbreak_evaluation,spaCy,After,ADP
20_post_outbreak_evaluation,spaCy,-,PUNCT
20_post_outbreak_evaluation,spaCy,action,NOUN
20_post_outbreak_evaluation,spaCy,reviews,NOUN
20_post_outbreak_evaluation,spaCy,can,AUX
20_post_outbreak_evaluation,spaCy,translate,VERB
20_post_outbreak_evaluation,spaCy,findings,NOUN
20_post_outbreak_evaluation,spaCy,into,ADP
20_post_outbreak_evaluation,spaCy,concrete,ADJ
20_post_outbreak_evaluation,spaCy,improvements,NOUN
20_post_outbreak_evaluation,spaCy,.,PUNCT
20_post_outbreak_evaluation,spaCy,These,PRON
20_post_outbreak_evaluation,spaCy,may,AUX
20_post_outbreak_evaluation,spaCy,include,VERB
20_post_outbreak_evaluation,spaCy,updating,VERB
20_post_outbreak_evaluation,spaCy,response,NOUN
20_post_outbreak_evaluation,spaCy,plans,NOUN
20_post_outbreak_evaluation,spaCy,",",PUNCT
20_post_outbreak_evaluation,spaCy,strengthening,VERB
20_post_outbreak_evaluation,spaCy,laboratory,NOUN
20_post_outbreak_evaluation,spaCy,networks,NOUN
20_post_outbreak_evaluation,spaCy,",",PUNCT
20_post_outbreak_evaluation,spaCy,improving,VERB
20_post_outbreak_evaluation,spaCy,data,NOUN
20_post_outbreak_evaluation,spaCy,interoperability,NOUN
20_post_outbreak_evaluation,spaCy,",",PUNCT
20_post_outbreak_evaluation,spaCy,expanding,VERB
20_post_outbreak_evaluation,spaCy,workforce,NOUN
20_post_outbreak_evaluation,spaCy,training,NOUN
20_post_outbreak_evaluation,spaCy,",",PUNCT
20_post_outbreak_evaluation,spaCy,or,CCONJ
20_post_outbreak_evaluation,spaCy,revising,VERB
20_post_outbreak_evaluation,spaCy,communication,NOUN
20_post_outbreak_evaluation,spaCy,procedures,NOUN
20_post_outbreak_evaluation,spaCy,.,PUNCT
20_post_outbreak_evaluation,spaCy,The,DET
20_post_outbreak_evaluation,spaCy,goal,NOUN
20_post_outbreak_evaluation,spaCy,is,AUX
20_post_outbreak_evaluation,spaCy,to,PART
20_post_outbreak_evaluation,spaCy,convert,VERB
20_post_outbreak_evaluation,spaCy,experience,NOUN
20_post_outbreak_evaluation,spaCy,into,ADP
20_post_outbreak_evaluation,spaCy,preparedness,NOUN
20_post_outbreak_evaluation,spaCy,for,ADP
20_post_outbreak_evaluation,spaCy,future,ADJ
20_post_outbreak_evaluation,spaCy,infectious,ADJ
20_post_outbreak_evaluation,spaCy,disease,NOUN
20_post_outbreak_evaluation,spaCy,events,NOUN
20_post_outbreak_evaluation,spaCy,.,PUNCT
20_post_outbreak_evaluation,Custom_Rule_Based,Evaluating,VBG
20_post_outbreak_evaluation,Custom_Rule_Based,Public,NNP
20_post_outbreak_evaluation,Custom_Rule_Based,Health,NNP
20_post_outbreak_evaluation,Custom_Rule_Based,Responses,NNP
20_post_outbreak_evaluation,Custom_Rule_Based,After,IN
20_post_outbreak_evaluation,Custom_Rule_Based,an,DT
20_post_outbreak_evaluation,Custom_Rule_Based,Outbreak,NN
20_post_outbreak_evaluation,Custom_Rule_Based,After,IN
20_post_outbreak_evaluation,Custom_Rule_Based,an,DT
20_post_outbreak_evaluation,Custom_Rule_Based,infectious,JJ
20_post_outbreak_evaluation,Custom_Rule_Based,disease,NN
20_post_outbreak_evaluation,Custom_Rule_Based,outbreak,NN
20_post_outbreak_evaluation,Custom_Rule_Based,",",","
20_post_outbreak_evaluation,Custom_Rule_Based,a,DT
20_post_outbreak_evaluation,Custom_Rule_Based,structured,JJ
20_post_outbreak_evaluation,Custom_Rule_Based,evaluation,NN
20_post_outbreak_evaluation,Custom_Rule_Based,can,MD
20_post_outbreak_evaluation,Custom_Rule_Based,examine,VB
20_post_outbreak_evaluation,Custom_Rule_Based,what,WP
20_post_outbreak_evaluation,Custom_Rule_Based,happened,VBD
20_post_outbreak_evaluation,Custom_Rule_Based,",",","
20_post_outbreak_evaluation,Custom_Rule_Based,which,WDT
20_post_outbreak_evaluation,Custom_Rule_Based,interventions,NNS
20_post_outbreak_evaluation,Custom_Rule_Based,were,VBD
20_post_outbreak_evaluation,Custom_Rule_Based,implemented,VBN
20_post_outbreak_evaluation,Custom_Rule_Based,",",","
20_post_outbreak_evaluation,Custom_Rule_Based,how,WRB
20_post_outbreak_evaluation,Custom_Rule_Based,quickly,RB
20_post_outbreak_evaluation,Custom_Rule_Based,systems,NNS
20_post_outbreak_evaluation,Custom_Rule_Based,responded,VBD
20_post_outbreak_evaluation,Custom_Rule_Based,",",","
20_post_outbreak_evaluation,Custom_Rule_Based,and,CC
20_post_outbreak_evaluation,Custom_Rule_Based,what,WP
20_post_outbreak_evaluation,Custom_Rule_Based,improvements,NNS
20_post_outbreak_evaluation,Custom_Rule_Based,are,VBP
20_post_outbreak_evaluation,Custom_Rule_Based,needed,VBN
20_post_outbreak_evaluation,Custom_Rule_Based,.,.
20_post_outbreak_evaluation,Custom_Rule_Based,Evaluation,NN
20_post_outbreak_evaluation,Custom_Rule_Based,should,MD
20_post_outbreak_evaluation,Custom_Rule_Based,consider,VB
20_post_outbreak_evaluation,Custom_Rule_Based,epidemiological,JJ
20_post_outbreak_evaluation,Custom_Rule_Based,outcomes,NNS
20_post_outbreak_evaluation,Custom_Rule_Based,as,RB
20_post_outbreak_evaluation,Custom_Rule_Based,well,RB
20_post_outbreak_evaluation,Custom_Rule_Based,as,IN
20_post_outbreak_evaluation,Custom_Rule_Based,operational,JJ
20_post_outbreak_evaluation,Custom_Rule_Based,",",","
20_post_outbreak_evaluation,Custom_Rule_Based,social,JJ
20_post_outbreak_evaluation,Custom_Rule_Based,",",","
20_post_outbreak_evaluation,Custom_Rule_Based,and,CC
20_post_outbreak_evaluation,Custom_Rule_Based,economic,JJ
20_post_outbreak_evaluation,Custom_Rule_Based,consequences,NNS
20_post_outbreak_evaluation,Custom_Rule_Based,.,.
20_post_outbreak_evaluation,Custom_Rule_Based,Useful,JJ
20_post_outbreak_evaluation,Custom_Rule_Based,indicators,NNS
20_post_outbreak_evaluation,Custom_Rule_Based,may,MD
20_post_outbreak_evaluation,Custom_Rule_Based,include,VB
20_post_outbreak_evaluation,Custom_Rule_Based,time,NN
20_post_outbreak_evaluation,Custom_Rule_Based,from,IN
20_post_outbreak_evaluation,Custom_Rule_Based,signal,JJ
20_post_outbreak_evaluation,Custom_Rule_Based,detection,NN
20_post_outbreak_evaluation,Custom_Rule_Based,to,TO
20_post_outbreak_evaluation,Custom_Rule_Based,investigation,NN
20_post_outbreak_evaluation,Custom_Rule_Based,",",","
20_post_outbreak_evaluation,Custom_Rule_Based,testing,VBG
20_post_outbreak_evaluation,Custom_Rule_Based,turnaround,NN
20_post_outbreak_evaluation,Custom_Rule_Based,time,NN
20_post_outbreak_evaluation,Custom_Rule_Based,",",","
20_post_outbreak_evaluation,Custom_Rule_Based,vaccination,NN
20_post_outbreak_evaluation,Custom_Rule_Based,coverage,NN
20_post_outbreak_evaluation,Custom_Rule_Based,",",","
20_post_outbreak_evaluation,Custom_Rule_Based,hospitalization,NN
20_post_outbreak_evaluation,Custom_Rule_Based,trends,NNS
20_post_outbreak_evaluation,Custom_Rule_Based,",",","
20_post_outbreak_evaluation,Custom_Rule_Based,healthcare,NN
20_post_outbreak_evaluation,Custom_Rule_Based,capacity,NN
20_post_outbreak_evaluation,Custom_Rule_Based,",",","
20_post_outbreak_evaluation,Custom_Rule_Based,communication,NN
20_post_outbreak_evaluation,Custom_Rule_Based,reach,NN
20_post_outbreak_evaluation,Custom_Rule_Based,",",","
20_post_outbreak_evaluation,Custom_Rule_Based,and,CC
20_post_outbreak_evaluation,Custom_Rule_Based,the,DT
20_post_outbreak_evaluation,Custom_Rule_Based,timeliness,NN
20_post_outbreak_evaluation,Custom_Rule_Based,of,IN
20_post_outbreak_evaluation,Custom_Rule_Based,public-health,NN
20_post_outbreak_evaluation,Custom_Rule_Based,reporting,NN
20_post_outbreak_evaluation,Custom_Rule_Based,.,.
20_post_outbreak_evaluation,Custom_Rule_Based,The,DT
20_post_outbreak_evaluation,Custom_Rule_Based,exact,JJ
20_post_outbreak_evaluation,Custom_Rule_Based,measures,NNS
20_post_outbreak_evaluation,Custom_Rule_Based,depend,VBP
20_post_outbreak_evaluation,Custom_Rule_Based,on,IN
20_post_outbreak_evaluation,Custom_Rule_Based,the,DT
20_post_outbreak_evaluation,Custom_Rule_Based,outbreak,NN
20_post_outbreak_evaluation,Custom_Rule_Based,and,CC
20_post_outbreak_evaluation,Custom_Rule_Based,the,DT
20_post_outbreak_evaluation,Custom_Rule_Based,objectives,NNS
20_post_outbreak_evaluation,Custom_Rule_Based,of,IN
20_post_outbreak_evaluation,Custom_Rule_Based,the,DT
20_post_outbreak_evaluation,Custom_Rule_Based,response,NN
20_post_outbreak_evaluation,Custom_Rule_Based,.,.
20_post_outbreak_evaluation,Custom_Rule_Based,Evaluation,NN
20_post_outbreak_evaluation,Custom_Rule_Based,should,MD
20_post_outbreak_evaluation,Custom_Rule_Based,distinguish,VB
20_post_outbreak_evaluation,Custom_Rule_Based,correlation,NN
20_post_outbreak_evaluation,Custom_Rule_Based,from,IN
20_post_outbreak_evaluation,Custom_Rule_Based,causation,NN
20_post_outbreak_evaluation,Custom_Rule_Based,.,.
20_post_outbreak_evaluation,Custom_Rule_Based,A,DT
20_post_outbreak_evaluation,Custom_Rule_Based,decline,NN
20_post_outbreak_evaluation,Custom_Rule_Based,in,IN
20_post_outbreak_evaluation,Custom_Rule_Based,cases,NNS
20_post_outbreak_evaluation,Custom_Rule_Based,after,IN
20_post_outbreak_evaluation,Custom_Rule_Based,an,DT
20_post_outbreak_evaluation,Custom_Rule_Based,intervention,NN
20_post_outbreak_evaluation,Custom_Rule_Based,does,VBZ
20_post_outbreak_evaluation,Custom_Rule_Based,not,RB
20_post_outbreak_evaluation,Custom_Rule_Based,automatically,RB
20_post_outbreak_evaluation,Custom_Rule_Based,prove,VB
20_post_outbreak_evaluation,Custom_Rule_Based,that,IN
20_post_outbreak_evaluation,Custom_Rule_Based,the,DT
20_post_outbreak_evaluation,Custom_Rule_Based,intervention,NN
20_post_outbreak_evaluation,Custom_Rule_Based,caused,VBD
20_post_outbreak_evaluation,Custom_Rule_Based,the,DT
20_post_outbreak_evaluation,Custom_Rule_Based,decline,NN
20_post_outbreak_evaluation,Custom_Rule_Based,because,IN
20_post_outbreak_evaluation,Custom_Rule_Based,transmission,NN
20_post_outbreak_evaluation,Custom_Rule_Based,can,MD
20_post_outbreak_evaluation,Custom_Rule_Based,also,RB
20_post_outbreak_evaluation,Custom_Rule_Based,change,VB
20_post_outbreak_evaluation,Custom_Rule_Based,due,JJ
20_post_outbreak_evaluation,Custom_Rule_Based,to,TO
20_post_outbreak_evaluation,Custom_Rule_Based,immunity,NN
20_post_outbreak_evaluation,Custom_Rule_Based,",",","
20_post_outbreak_evaluation,Custom_Rule_Based,behavior,NN
20_post_outbreak_evaluation,Custom_Rule_Based,",",","
20_post_outbreak_evaluation,Custom_Rule_Based,seasonality,NN
20_post_outbreak_evaluation,Custom_Rule_Based,",",","
20_post_outbreak_evaluation,Custom_Rule_Based,or,CC
20_post_outbreak_evaluation,Custom_Rule_Based,other,JJ
20_post_outbreak_evaluation,Custom_Rule_Based,factors,NNS
20_post_outbreak_evaluation,Custom_Rule_Based,.,.
20_post_outbreak_evaluation,Custom_Rule_Based,After-action,JJ
20_post_outbreak_evaluation,Custom_Rule_Based,reviews,NNS
20_post_outbreak_evaluation,Custom_Rule_Based,can,MD
20_post_outbreak_evaluation,Custom_Rule_Based,translate,VB
20_post_outbreak_evaluation,Custom_Rule_Based,findings,NNS
20_post_outbreak_evaluation,Custom_Rule_Based,into,IN
20_post_outbreak_evaluation,Custom_Rule_Based,concrete,JJ
20_post_outbreak_evaluation,Custom_Rule_Based,improvements,NNS
20_post_outbreak_evaluation,Custom_Rule_Based,.,.
20_post_outbreak_evaluation,Custom_Rule_Based,These,DT
20_post_outbreak_evaluation,Custom_Rule_Based,may,MD
20_post_outbreak_evaluation,Custom_Rule_Based,include,VB
20_post_outbreak_evaluation,Custom_Rule_Based,updating,VBG
20_post_outbreak_evaluation,Custom_Rule_Based,response,NN
20_post_outbreak_evaluation,Custom_Rule_Based,plans,NNS
20_post_outbreak_evaluation,Custom_Rule_Based,",",","
20_post_outbreak_evaluation,Custom_Rule_Based,strengthening,VBG
20_post_outbreak_evaluation,Custom_Rule_Based,laboratory,NN
20_post_outbreak_evaluation,Custom_Rule_Based,networks,NNS
20_post_outbreak_evaluation,Custom_Rule_Based,",",","
20_post_outbreak_evaluation,Custom_Rule_Based,improving,VBG
20_post_outbreak_evaluation,Custom_Rule_Based,data,NNS
20_post_outbreak_evaluation,Custom_Rule_Based,interoperability,NN
20_post_outbreak_evaluation,Custom_Rule_Based,",",","
20_post_outbreak_evaluation,Custom_Rule_Based,expanding,VBG
20_post_outbreak_evaluation,Custom_Rule_Based,workforce,NN
20_post_outbreak_evaluation,Custom_Rule_Based,training,NN
20_post_outbreak_evaluation,Custom_Rule_Based,",",","
20_post_outbreak_evaluation,Custom_Rule_Based,or,CC
20_post_outbreak_evaluation,Custom_Rule_Based,revising,VBG
20_post_outbreak_evaluation,Custom_Rule_Based,communication,NN
20_post_outbreak_evaluation,Custom_Rule_Based,procedures,NNS
20_post_outbreak_evaluation,Custom_Rule_Based,.,.
20_post_outbreak_evaluation,Custom_Rule_Based,The,DT
20_post_outbreak_evaluation,Custom_Rule_Based,goal,NN
20_post_outbreak_evaluation,Custom_Rule_Based,is,VBZ
20_post_outbreak_evaluation,Custom_Rule_Based,to,TO
20_post_outbreak_evaluation,Custom_Rule_Based,convert,VB
20_post_outbreak_evaluation,Custom_Rule_Based,experience,NN
20_post_outbreak_evaluation,Custom_Rule_Based,into,IN
20_post_outbreak_evaluation,Custom_Rule_Based,preparedness,NN
20_post_outbreak_evaluation,Custom_Rule_Based,for,IN
20_post_outbreak_evaluation,Custom_Rule_Based,future,JJ
20_post_outbreak_evaluation,Custom_Rule_Based,infectious,JJ
20_post_outbreak_evaluation,Custom_Rule_Based,disease,NN
20_post_outbreak_evaluation,Custom_Rule_Based,events,NNS
20_post_outbreak_evaluation,Custom_Rule_Based,.,.
