doc_id,document_name,token,nltk_pos,spacy_pos,custom_pos
D01,01_covid_transmission_and_prevention,covid-19,JJ,PROPN,DOMAIN_NOUN
D01,01_covid_transmission_and_prevention,transmission,NN,NOUN,DOMAIN_NOUN
D01,01_covid_transmission_and_prevention,and,CC,CCONJ,GENERAL
D01,01_covid_transmission_and_prevention,community,NN,NOUN,GENERAL
D01,01_covid_transmission_and_prevention,prevention,NN,NOUN,DOMAIN_NOUN
D01,01_covid_transmission_and_prevention,covid-19,NN,PROPN,DOMAIN_NOUN
D01,01_covid_transmission_and_prevention,is,VBZ,AUX,GENERAL
D01,01_covid_transmission_and_prevention,caused,VBN,VERB,GENERAL
D01,01_covid_transmission_and_prevention,by,IN,ADP,GENERAL
D01,01_covid_transmission_and_prevention,infection,NN,NOUN,DOMAIN_NOUN
D01,01_covid_transmission_and_prevention,with,IN,ADP,GENERAL
D01,01_covid_transmission_and_prevention,sars-cov-2,JJ,NOUN,GENERAL
D01,01_covid_transmission_and_prevention,transmission,NN,ADP,DOMAIN_NOUN
D01,01_covid_transmission_and_prevention,can,MD,NOUN,GENERAL
D01,01_covid_transmission_and_prevention,occur,VB,AUX,GENERAL
D01,01_covid_transmission_and_prevention,when,WRB,VERB,GENERAL
D01,01_covid_transmission_and_prevention,an,DT,SCONJ,GENERAL
D01,01_covid_transmission_and_prevention,infected,JJ,DET,DOMAIN_VERB
D01,01_covid_transmission_and_prevention,person,NN,ADJ,GENERAL
D01,01_covid_transmission_and_prevention,releases,VBZ,NOUN,GENERAL
D01,01_covid_transmission_and_prevention,respiratory,JJ,VERB,DOMAIN_ADJ
D01,01_covid_transmission_and_prevention,particles,NNS,ADJ,GENERAL
D01,01_covid_transmission_and_prevention,while,IN,NOUN,GENERAL
D01,01_covid_transmission_and_prevention,breathing,VBG,SCONJ,GENERAL
D01,01_covid_transmission_and_prevention,speaking,VBG,VERB,GENERAL
D01,01_covid_transmission_and_prevention,coughing,NN,VERB,GENERAL
D01,01_covid_transmission_and_prevention,or,CC,NOUN,GENERAL
D01,01_covid_transmission_and_prevention,sneezing,NN,CCONJ,GENERAL
D01,01_covid_transmission_and_prevention,risk,NN,VERB,DOMAIN_NOUN
D01,01_covid_transmission_and_prevention,generally,RB,NOUN,GENERAL
D01,01_covid_transmission_and_prevention,increases,VBZ,ADV,GENERAL
D01,01_covid_transmission_and_prevention,in,IN,VERB,GENERAL
D01,01_covid_transmission_and_prevention,crowded,VBN,ADP,GENERAL
D01,01_covid_transmission_and_prevention,or,CC,ADJ,GENERAL
D01,01_covid_transmission_and_prevention,poorly,RB,CCONJ,GENERAL
D01,01_covid_transmission_and_prevention,ventilated,VBN,ADV,GENERAL
D01,01_covid_transmission_and_prevention,indoor,JJ,VERB,GENERAL
D01,01_covid_transmission_and_prevention,environments,NNS,ADJ,GENERAL
D01,01_covid_transmission_and_prevention,and,CC,NOUN,GENERAL
D01,01_covid_transmission_and_prevention,when,WRB,CCONJ,GENERAL
D01,01_covid_transmission_and_prevention,people,NNS,SCONJ,GENERAL
D01,01_covid_transmission_and_prevention,are,VBP,NOUN,GENERAL
D01,01_covid_transmission_and_prevention,in,IN,AUX,GENERAL
D01,01_covid_transmission_and_prevention,close,JJ,ADP,GENERAL
D01,01_covid_transmission_and_prevention,proximity,NN,ADJ,GENERAL
D01,01_covid_transmission_and_prevention,for,IN,NOUN,GENERAL
D01,01_covid_transmission_and_prevention,prolonged,JJ,ADP,GENERAL
D01,01_covid_transmission_and_prevention,periods,NNS,VERB,GENERAL
D01,01_covid_transmission_and_prevention,prevention,NN,NOUN,DOMAIN_NOUN
D01,01_covid_transmission_and_prevention,therefore,RB,NOUN,GENERAL
D01,01_covid_transmission_and_prevention,combines,VBZ,ADV,GENERAL
D01,01_covid_transmission_and_prevention,several,JJ,VERB,GENERAL
D01,01_covid_transmission_and_prevention,measures,NNS,ADJ,GENERAL
D01,01_covid_transmission_and_prevention,rather,RB,NOUN,GENERAL
D01,01_covid_transmission_and_prevention,than,IN,ADV,GENERAL
D01,01_covid_transmission_and_prevention,relying,VBG,ADP,GENERAL
D01,01_covid_transmission_and_prevention,on,IN,VERB,GENERAL
D01,01_covid_transmission_and_prevention,a,DT,ADP,GENERAL
D01,01_covid_transmission_and_prevention,single,JJ,DET,GENERAL
D01,01_covid_transmission_and_prevention,intervention,NN,ADJ,GENERAL
D01,01_covid_transmission_and_prevention,improving,VBG,NOUN,GENERAL
D01,01_covid_transmission_and_prevention,indoor,JJ,VERB,GENERAL
D01,01_covid_transmission_and_prevention,ventilation,NN,ADJ,GENERAL
D01,01_covid_transmission_and_prevention,and,CC,NOUN,GENERAL
D01,01_covid_transmission_and_prevention,filtration,NN,CCONJ,GENERAL
D01,01_covid_transmission_and_prevention,can,MD,NOUN,GENERAL
D01,01_covid_transmission_and_prevention,reduce,VB,AUX,DOMAIN_VERB
D01,01_covid_transmission_and_prevention,the,DT,VERB,GENERAL
D01,01_covid_transmission_and_prevention,concentration,NN,DET,GENERAL
D01,01_covid_transmission_and_prevention,of,IN,NOUN,GENERAL
D01,01_covid_transmission_and_prevention,infectious,JJ,ADP,DOMAIN_ADJ
D01,01_covid_transmission_and_prevention,particles,NNS,ADJ,GENERAL
D01,01_covid_transmission_and_prevention,in,IN,NOUN,GENERAL
D01,01_covid_transmission_and_prevention,shared,VBN,ADP,GENERAL
D01,01_covid_transmission_and_prevention,air,NN,VERB,GENERAL
D01,01_covid_transmission_and_prevention,staying,VBG,NOUN,GENERAL
D01,01_covid_transmission_and_prevention,home,NN,VERB,GENERAL
D01,01_covid_transmission_and_prevention,when,WRB,ADV,GENERAL
D01,01_covid_transmission_and_prevention,acutely,RB,SCONJ,GENERAL
D01,01_covid_transmission_and_prevention,ill,VB,ADV,GENERAL
D01,01_covid_transmission_and_prevention,can,MD,ADJ,GENERAL
D01,01_covid_transmission_and_prevention,reduce,VB,AUX,DOMAIN_VERB
D01,01_covid_transmission_and_prevention,exposure,NN,VERB,GENERAL
D01,01_covid_transmission_and_prevention,to,TO,NOUN,GENERAL
D01,01_covid_transmission_and_prevention,other,JJ,ADP,GENERAL
D01,01_covid_transmission_and_prevention,people,NNS,ADJ,GENERAL
D01,01_covid_transmission_and_prevention,mask,VBP,NOUN,GENERAL
D01,01_covid_transmission_and_prevention,use,NN,NOUN,GENERAL
D01,01_covid_transmission_and_prevention,can,MD,NOUN,GENERAL
D01,01_covid_transmission_and_prevention,provide,VB,AUX,GENERAL
D01,01_covid_transmission_and_prevention,an,DT,VERB,GENERAL
D01,01_covid_transmission_and_prevention,additional,JJ,DET,GENERAL
D01,01_covid_transmission_and_prevention,layer,NN,ADJ,GENERAL
D01,01_covid_transmission_and_prevention,of,IN,NOUN,GENERAL
D01,01_covid_transmission_and_prevention,protection,NN,ADP,DOMAIN_NOUN
D01,01_covid_transmission_and_prevention,in,IN,NOUN,GENERAL
D01,01_covid_transmission_and_prevention,settings,NNS,ADP,GENERAL
D01,01_covid_transmission_and_prevention,where,WRB,NOUN,GENERAL
D01,01_covid_transmission_and_prevention,respiratory,NN,SCONJ,DOMAIN_ADJ
D01,01_covid_transmission_and_prevention,virus,NN,ADJ,DOMAIN_NOUN
D01,01_covid_transmission_and_prevention,transmission,NN,NOUN,DOMAIN_NOUN
D01,01_covid_transmission_and_prevention,is,VBZ,NOUN,GENERAL
D01,01_covid_transmission_and_prevention,elevated,VBN,AUX,GENERAL
D01,01_covid_transmission_and_prevention,or,CC,VERB,GENERAL
D01,01_covid_transmission_and_prevention,where,WRB,CCONJ,GENERAL
D01,01_covid_transmission_and_prevention,vulnerable,JJ,SCONJ,GENERAL
D01,01_covid_transmission_and_prevention,people,NNS,ADJ,GENERAL
D01,01_covid_transmission_and_prevention,are,VBP,NOUN,GENERAL
D01,01_covid_transmission_and_prevention,present,JJ,AUX,GENERAL
D01,01_covid_transmission_and_prevention,hand,NN,ADJ,GENERAL
D01,01_covid_transmission_and_prevention,hygiene,NN,NOUN,GENERAL
D01,01_covid_transmission_and_prevention,remains,VBZ,NOUN,GENERAL
D01,01_covid_transmission_and_prevention,useful,JJ,VERB,GENERAL
D01,01_covid_transmission_and_prevention,for,IN,ADJ,GENERAL
D01,01_covid_transmission_and_prevention,reducing,VBG,ADP,DOMAIN_VERB
D01,01_covid_transmission_and_prevention,transmission,NN,VERB,DOMAIN_NOUN
D01,01_covid_transmission_and_prevention,of,IN,NOUN,GENERAL
D01,01_covid_transmission_and_prevention,many,JJ,ADP,GENERAL
D01,01_covid_transmission_and_prevention,infections,NNS,ADJ,DOMAIN_NOUN
D01,01_covid_transmission_and_prevention,although,IN,NOUN,GENERAL
D01,01_covid_transmission_and_prevention,respiratory,JJ,SCONJ,DOMAIN_ADJ
D01,01_covid_transmission_and_prevention,transmission,NN,ADJ,DOMAIN_NOUN
D01,01_covid_transmission_and_prevention,is,VBZ,NOUN,GENERAL
D01,01_covid_transmission_and_prevention,a,DT,AUX,GENERAL
D01,01_covid_transmission_and_prevention,major,JJ,DET,GENERAL
D01,01_covid_transmission_and_prevention,route,NN,ADJ,GENERAL
D01,01_covid_transmission_and_prevention,for,IN,NOUN,GENERAL
D01,01_covid_transmission_and_prevention,covid-19,JJ,ADP,DOMAIN_NOUN
D01,01_covid_transmission_and_prevention,vaccination,NN,PROPN,DOMAIN_NOUN
D01,01_covid_transmission_and_prevention,is,VBZ,NOUN,GENERAL
D01,01_covid_transmission_and_prevention,an,DT,AUX,GENERAL
D01,01_covid_transmission_and_prevention,important,JJ,DET,GENERAL
D01,01_covid_transmission_and_prevention,prevention,NN,ADJ,DOMAIN_NOUN
D01,01_covid_transmission_and_prevention,measure,NN,NOUN,GENERAL
D01,01_covid_transmission_and_prevention,because,IN,NOUN,GENERAL
D01,01_covid_transmission_and_prevention,it,PRP,SCONJ,GENERAL
D01,01_covid_transmission_and_prevention,prepares,VBZ,PRON,GENERAL
D01,01_covid_transmission_and_prevention,the,DT,VERB,GENERAL
D01,01_covid_transmission_and_prevention,immune,NN,DET,DOMAIN_ADJ
D01,01_covid_transmission_and_prevention,system,NN,ADJ,GENERAL
D01,01_covid_transmission_and_prevention,to,TO,NOUN,GENERAL
D01,01_covid_transmission_and_prevention,respond,VB,PART,GENERAL
D01,01_covid_transmission_and_prevention,to,TO,VERB,GENERAL
D01,01_covid_transmission_and_prevention,the,DT,ADP,GENERAL
D01,01_covid_transmission_and_prevention,virus,NN,DET,DOMAIN_NOUN
D01,01_covid_transmission_and_prevention,vaccine,NN,PROPN,DOMAIN_NOUN
D01,01_covid_transmission_and_prevention,protection,NN,NOUN,DOMAIN_NOUN
D01,01_covid_transmission_and_prevention,against,IN,NOUN,GENERAL
D01,01_covid_transmission_and_prevention,infection,NN,ADP,DOMAIN_NOUN
D01,01_covid_transmission_and_prevention,can,MD,NOUN,GENERAL
D01,01_covid_transmission_and_prevention,change,VB,AUX,GENERAL
D01,01_covid_transmission_and_prevention,over,IN,VERB,GENERAL
D01,01_covid_transmission_and_prevention,time,NN,ADP,GENERAL
D01,01_covid_transmission_and_prevention,and,CC,NOUN,GENERAL
D01,01_covid_transmission_and_prevention,across,IN,CCONJ,GENERAL
D01,01_covid_transmission_and_prevention,variants,NNS,ADP,DOMAIN_NOUN
D01,01_covid_transmission_and_prevention,while,IN,NOUN,GENERAL
D01,01_covid_transmission_and_prevention,protection,NN,SCONJ,DOMAIN_NOUN
D01,01_covid_transmission_and_prevention,against,IN,NOUN,GENERAL
D01,01_covid_transmission_and_prevention,severe,JJ,ADP,DOMAIN_ADJ
D01,01_covid_transmission_and_prevention,disease,NN,ADJ,DOMAIN_NOUN
D01,01_covid_transmission_and_prevention,can,MD,NOUN,GENERAL
D01,01_covid_transmission_and_prevention,remain,VB,AUX,GENERAL
D01,01_covid_transmission_and_prevention,stronger,JJR,VERB,GENERAL
D01,01_covid_transmission_and_prevention,public-health,NN,ADJ,DOMAIN_ADJ
D01,01_covid_transmission_and_prevention,programs,NNS,ADJ,GENERAL
D01,01_covid_transmission_and_prevention,therefore,RB,NOUN,GENERAL
D01,01_covid_transmission_and_prevention,consider,VBP,NOUN,GENERAL
D01,01_covid_transmission_and_prevention,vaccination,NN,ADV,DOMAIN_NOUN
D01,01_covid_transmission_and_prevention,together,RB,VERB,GENERAL
D01,01_covid_transmission_and_prevention,with,IN,NOUN,GENERAL
D01,01_covid_transmission_and_prevention,surveillance,NN,ADV,DOMAIN_NOUN
D01,01_covid_transmission_and_prevention,clinical,JJ,ADP,DOMAIN_ADJ
D01,01_covid_transmission_and_prevention,care,NN,NOUN,GENERAL
D01,01_covid_transmission_and_prevention,ventilation,NN,ADJ,GENERAL
D01,01_covid_transmission_and_prevention,and,CC,NOUN,GENERAL
D01,01_covid_transmission_and_prevention,risk-based,JJ,NOUN,GENERAL
D01,01_covid_transmission_and_prevention,protective,JJ,CCONJ,GENERAL
D01,01_covid_transmission_and_prevention,measures,NNS,NOUN,GENERAL
D01,01_covid_transmission_and_prevention,community,NN,VERB,GENERAL
D01,01_covid_transmission_and_prevention,prevention,NN,ADJ,DOMAIN_NOUN
D01,01_covid_transmission_and_prevention,works,VBZ,NOUN,GENERAL
D01,01_covid_transmission_and_prevention,best,RBS,NOUN,GENERAL
D01,01_covid_transmission_and_prevention,when,WRB,NOUN,GENERAL
D01,01_covid_transmission_and_prevention,measures,NNS,VERB,GENERAL
D01,01_covid_transmission_and_prevention,are,VBP,ADV,GENERAL
D01,01_covid_transmission_and_prevention,matched,VBN,SCONJ,GENERAL
D01,01_covid_transmission_and_prevention,to,TO,NOUN,GENERAL
D01,01_covid_transmission_and_prevention,the,DT,AUX,GENERAL
D01,01_covid_transmission_and_prevention,local,JJ,VERB,GENERAL
D01,01_covid_transmission_and_prevention,epidemiological,JJ,ADP,DOMAIN_ADJ
D01,01_covid_transmission_and_prevention,situation,NN,DET,GENERAL
D01,01_covid_transmission_and_prevention,public-health,NN,ADJ,DOMAIN_ADJ
D01,01_covid_transmission_and_prevention,authorities,NNS,ADJ,GENERAL
D01,01_covid_transmission_and_prevention,may,MD,NOUN,GENERAL
D01,01_covid_transmission_and_prevention,use,VB,ADJ,GENERAL
D01,01_covid_transmission_and_prevention,indicators,NNS,NOUN,GENERAL
D01,01_covid_transmission_and_prevention,such,JJ,NOUN,GENERAL
D01,01_covid_transmission_and_prevention,as,IN,AUX,GENERAL
D01,01_covid_transmission_and_prevention,reported,VBN,VERB,GENERAL
D01,01_covid_transmission_and_prevention,cases,NNS,NOUN,GENERAL
D01,01_covid_transmission_and_prevention,hospitalizations,NNS,ADJ,GENERAL
D01,01_covid_transmission_and_prevention,wastewater,VBP,ADP,GENERAL
D01,01_covid_transmission_and_prevention,signals,NNS,VERB,GENERAL
D01,01_covid_transmission_and_prevention,and,CC,NOUN,GENERAL
D01,01_covid_transmission_and_prevention,outbreak,JJ,NOUN,DOMAIN_NOUN
D01,01_covid_transmission_and_prevention,reports,NNS,NOUN,GENERAL
D01,01_covid_transmission_and_prevention,to,TO,NOUN,GENERAL
D01,01_covid_transmission_and_prevention,guide,VB,CCONJ,GENERAL
D01,01_covid_transmission_and_prevention,communication,NN,VERB,GENERAL
D01,01_covid_transmission_and_prevention,and,CC,NOUN,GENERAL
D01,01_covid_transmission_and_prevention,interventions,NNS,PART,GENERAL
D01,01_covid_transmission_and_prevention,individuals,NNS,VERB,GENERAL
D01,01_covid_transmission_and_prevention,can,MD,NOUN,GENERAL
D01,01_covid_transmission_and_prevention,reduce,VB,CCONJ,DOMAIN_VERB
D01,01_covid_transmission_and_prevention,risk,NN,NOUN,DOMAIN_NOUN
D01,01_covid_transmission_and_prevention,by,IN,NOUN,GENERAL
D01,01_covid_transmission_and_prevention,considering,VBG,AUX,GENERAL
D01,01_covid_transmission_and_prevention,the,DT,VERB,GENERAL
D01,01_covid_transmission_and_prevention,intensity,NN,NOUN,GENERAL
D01,01_covid_transmission_and_prevention,of,IN,ADP,GENERAL
D01,01_covid_transmission_and_prevention,local,JJ,VERB,GENERAL
D01,01_covid_transmission_and_prevention,transmission,NN,DET,DOMAIN_NOUN
D01,01_covid_transmission_and_prevention,their,PRP$,NOUN,GENERAL
D01,01_covid_transmission_and_prevention,own,JJ,ADP,GENERAL
D01,01_covid_transmission_and_prevention,health,NN,ADJ,GENERAL
D01,01_covid_transmission_and_prevention,risks,NNS,NOUN,GENERAL
D01,01_covid_transmission_and_prevention,and,CC,PRON,GENERAL
D01,01_covid_transmission_and_prevention,the,DT,ADJ,GENERAL
D01,01_covid_transmission_and_prevention,vulnerability,NN,NOUN,GENERAL
D01,01_covid_transmission_and_prevention,of,IN,NOUN,GENERAL
D01,01_covid_transmission_and_prevention,people,NNS,CCONJ,GENERAL
D01,01_covid_transmission_and_prevention,around,IN,DET,GENERAL
D01,01_covid_transmission_and_prevention,them,PRP,NOUN,GENERAL
D02,02_covid_vaccination_basics,covid-19,JJ,PROPN,DOMAIN_NOUN
D02,02_covid_vaccination_basics,vaccination,NN,NOUN,DOMAIN_NOUN
D02,02_covid_vaccination_basics,basic,JJ,ADJ,GENERAL
D02,02_covid_vaccination_basics,concepts,NNS,NOUN,GENERAL
D02,02_covid_vaccination_basics,covid-19,JJ,PROPN,DOMAIN_NOUN
D02,02_covid_vaccination_basics,vaccines,NNS,NOUN,DOMAIN_NOUN
D02,02_covid_vaccination_basics,are,VBP,AUX,GENERAL
D02,02_covid_vaccination_basics,designed,VBN,VERB,GENERAL
D02,02_covid_vaccination_basics,to,TO,PART,GENERAL
D02,02_covid_vaccination_basics,stimulate,VB,VERB,GENERAL
D02,02_covid_vaccination_basics,an,DT,DET,GENERAL
D02,02_covid_vaccination_basics,immune,JJ,ADJ,DOMAIN_ADJ
D02,02_covid_vaccination_basics,response,NN,NOUN,GENERAL
D02,02_covid_vaccination_basics,against,IN,ADP,GENERAL
D02,02_covid_vaccination_basics,sars-cov-2,NN,NOUN,GENERAL
D02,02_covid_vaccination_basics,without,IN,PROPN,GENERAL
D02,02_covid_vaccination_basics,requiring,VBG,ADP,GENERAL
D02,02_covid_vaccination_basics,a,DT,VERB,GENERAL
D02,02_covid_vaccination_basics,person,NN,DET,GENERAL
D02,02_covid_vaccination_basics,to,TO,NOUN,GENERAL
D02,02_covid_vaccination_basics,experience,VB,PART,GENERAL
D02,02_covid_vaccination_basics,the,DT,VERB,GENERAL
D02,02_covid_vaccination_basics,disease,NN,DET,DOMAIN_NOUN
D02,02_covid_vaccination_basics,itself,PRP,NOUN,GENERAL
D02,02_covid_vaccination_basics,different,JJ,PRON,GENERAL
D02,02_covid_vaccination_basics,vaccine,NN,ADJ,DOMAIN_NOUN
D02,02_covid_vaccination_basics,platforms,NNS,NOUN,GENERAL
D02,02_covid_vaccination_basics,can,MD,NOUN,GENERAL
D02,02_covid_vaccination_basics,present,VB,AUX,GENERAL
D02,02_covid_vaccination_basics,viral,JJ,VERB,DOMAIN_ADJ
D02,02_covid_vaccination_basics,information,NN,ADJ,GENERAL
D02,02_covid_vaccination_basics,to,TO,NOUN,GENERAL
D02,02_covid_vaccination_basics,the,DT,ADP,GENERAL
D02,02_covid_vaccination_basics,immune,NN,DET,DOMAIN_ADJ
D02,02_covid_vaccination_basics,system,NN,ADJ,GENERAL
D02,02_covid_vaccination_basics,in,IN,NOUN,GENERAL
D02,02_covid_vaccination_basics,different,JJ,ADP,GENERAL
D02,02_covid_vaccination_basics,ways,NNS,ADJ,GENERAL
D02,02_covid_vaccination_basics,after,IN,NOUN,GENERAL
D02,02_covid_vaccination_basics,vaccination,NN,SCONJ,DOMAIN_NOUN
D02,02_covid_vaccination_basics,immune,NN,NOUN,DOMAIN_ADJ
D02,02_covid_vaccination_basics,cells,NNS,ADJ,GENERAL
D02,02_covid_vaccination_basics,can,MD,NOUN,GENERAL
D02,02_covid_vaccination_basics,recognize,VB,AUX,GENERAL
D02,02_covid_vaccination_basics,relevant,JJ,VERB,GENERAL
D02,02_covid_vaccination_basics,viral,JJ,ADJ,DOMAIN_ADJ
D02,02_covid_vaccination_basics,components,NNS,ADJ,GENERAL
D02,02_covid_vaccination_basics,and,CC,NOUN,GENERAL
D02,02_covid_vaccination_basics,mount,VB,CCONJ,GENERAL
D02,02_covid_vaccination_basics,a,DT,VERB,GENERAL
D02,02_covid_vaccination_basics,faster,JJR,DET,GENERAL
D02,02_covid_vaccination_basics,response,NN,ADJ,GENERAL
D02,02_covid_vaccination_basics,when,WRB,NOUN,GENERAL
D02,02_covid_vaccination_basics,exposed,VBN,SCONJ,GENERAL
D02,02_covid_vaccination_basics,later,RB,VERB,GENERAL
D02,02_covid_vaccination_basics,vaccination,NN,ADJ,DOMAIN_NOUN
D02,02_covid_vaccination_basics,does,VBZ,NOUN,GENERAL
D02,02_covid_vaccination_basics,not,RB,AUX,GENERAL
D02,02_covid_vaccination_basics,guarantee,VB,PART,GENERAL
D02,02_covid_vaccination_basics,that,IN,VERB,GENERAL
D02,02_covid_vaccination_basics,a,DT,SCONJ,GENERAL
D02,02_covid_vaccination_basics,person,NN,DET,GENERAL
D02,02_covid_vaccination_basics,will,MD,NOUN,GENERAL
D02,02_covid_vaccination_basics,never,RB,AUX,GENERAL
D02,02_covid_vaccination_basics,become,VB,ADV,GENERAL
D02,02_covid_vaccination_basics,infected,JJ,VERB,DOMAIN_VERB
D02,02_covid_vaccination_basics,vaccine,NN,ADJ,DOMAIN_NOUN
D02,02_covid_vaccination_basics,effectiveness,NN,NOUN,GENERAL
D02,02_covid_vaccination_basics,varies,NNS,NOUN,GENERAL
D02,02_covid_vaccination_basics,by,IN,VERB,GENERAL
D02,02_covid_vaccination_basics,outcome,JJ,ADP,GENERAL
D02,02_covid_vaccination_basics,product,NN,NOUN,GENERAL
D02,02_covid_vaccination_basics,population,NN,NOUN,DOMAIN_NOUN
D02,02_covid_vaccination_basics,time,NN,NOUN,GENERAL
D02,02_covid_vaccination_basics,since,IN,NOUN,GENERAL
D02,02_covid_vaccination_basics,vaccination,NN,SCONJ,DOMAIN_NOUN
D02,02_covid_vaccination_basics,and,CC,NOUN,GENERAL
D02,02_covid_vaccination_basics,circulating,VBG,CCONJ,GENERAL
D02,02_covid_vaccination_basics,variant,JJ,VERB,DOMAIN_NOUN
D02,02_covid_vaccination_basics,public-health,JJ,ADJ,DOMAIN_ADJ
D02,02_covid_vaccination_basics,evaluation,NN,ADJ,GENERAL
D02,02_covid_vaccination_basics,commonly,RB,NOUN,GENERAL
D02,02_covid_vaccination_basics,distinguishes,VBZ,NOUN,GENERAL
D02,02_covid_vaccination_basics,protection,NN,ADV,DOMAIN_NOUN
D02,02_covid_vaccination_basics,against,IN,VERB,GENERAL
D02,02_covid_vaccination_basics,infection,NN,NOUN,DOMAIN_NOUN
D02,02_covid_vaccination_basics,symptomatic,JJ,ADP,DOMAIN_ADJ
D02,02_covid_vaccination_basics,disease,NN,NOUN,DOMAIN_NOUN
D02,02_covid_vaccination_basics,hospitalization,NN,ADJ,GENERAL
D02,02_covid_vaccination_basics,and,CC,NOUN,GENERAL
D02,02_covid_vaccination_basics,death,NN,NOUN,GENERAL
D02,02_covid_vaccination_basics,these,DT,CCONJ,GENERAL
D02,02_covid_vaccination_basics,outcomes,NNS,NOUN,GENERAL
D02,02_covid_vaccination_basics,should,MD,DET,GENERAL
D02,02_covid_vaccination_basics,not,RB,NOUN,GENERAL
D02,02_covid_vaccination_basics,be,VB,AUX,GENERAL
D02,02_covid_vaccination_basics,treated,VBN,PART,GENERAL
D02,02_covid_vaccination_basics,as,IN,AUX,GENERAL
D02,02_covid_vaccination_basics,interchangeable,JJ,VERB,GENERAL
D02,02_covid_vaccination_basics,immunity,NN,ADP,DOMAIN_NOUN
D02,02_covid_vaccination_basics,can,MD,ADJ,GENERAL
D02,02_covid_vaccination_basics,change,VB,NOUN,GENERAL
D02,02_covid_vaccination_basics,over,IN,AUX,GENERAL
D02,02_covid_vaccination_basics,time,NN,VERB,GENERAL
D02,02_covid_vaccination_basics,previous,JJ,ADP,GENERAL
D02,02_covid_vaccination_basics,infection,NN,NOUN,DOMAIN_NOUN
D02,02_covid_vaccination_basics,may,MD,ADJ,GENERAL
D02,02_covid_vaccination_basics,also,RB,NOUN,GENERAL
D02,02_covid_vaccination_basics,contribute,VB,AUX,GENERAL
D02,02_covid_vaccination_basics,to,TO,ADV,GENERAL
D02,02_covid_vaccination_basics,immune,VB,VERB,DOMAIN_ADJ
D02,02_covid_vaccination_basics,protection,NN,ADP,DOMAIN_NOUN
D02,02_covid_vaccination_basics,producing,VBG,ADJ,GENERAL
D02,02_covid_vaccination_basics,what,WP,NOUN,GENERAL
D02,02_covid_vaccination_basics,researchers,NNS,VERB,GENERAL
D02,02_covid_vaccination_basics,often,RB,PRON,GENERAL
D02,02_covid_vaccination_basics,describe,VBP,NOUN,GENERAL
D02,02_covid_vaccination_basics,as,IN,ADV,GENERAL
D02,02_covid_vaccination_basics,hybrid,JJ,VERB,GENERAL
D02,02_covid_vaccination_basics,immunity,NN,ADP,DOMAIN_NOUN
D02,02_covid_vaccination_basics,when,WRB,ADJ,GENERAL
D02,02_covid_vaccination_basics,vaccination,NN,NOUN,DOMAIN_NOUN
D02,02_covid_vaccination_basics,and,CC,SCONJ,GENERAL
D02,02_covid_vaccination_basics,infection,NN,NOUN,DOMAIN_NOUN
D02,02_covid_vaccination_basics,have,VBP,CCONJ,GENERAL
D02,02_covid_vaccination_basics,both,DT,NOUN,GENERAL
D02,02_covid_vaccination_basics,occurred,VBN,AUX,GENERAL
D02,02_covid_vaccination_basics,because,IN,PRON,GENERAL
D02,02_covid_vaccination_basics,immunity,NN,VERB,DOMAIN_NOUN
D02,02_covid_vaccination_basics,and,CC,SCONJ,GENERAL
D02,02_covid_vaccination_basics,circulating,NN,NOUN,GENERAL
D02,02_covid_vaccination_basics,viruses,NNS,CCONJ,GENERAL
D02,02_covid_vaccination_basics,change,VBP,VERB,GENERAL
D02,02_covid_vaccination_basics,vaccination,NN,NOUN,DOMAIN_NOUN
D02,02_covid_vaccination_basics,recommendations,NNS,VERB,GENERAL
D02,02_covid_vaccination_basics,may,MD,NOUN,GENERAL
D02,02_covid_vaccination_basics,be,VB,NOUN,GENERAL
D02,02_covid_vaccination_basics,updated,VBN,AUX,GENERAL
D02,02_covid_vaccination_basics,as,IN,AUX,GENERAL
D02,02_covid_vaccination_basics,evidence,NN,VERB,GENERAL
D02,02_covid_vaccination_basics,develops,VBZ,SCONJ,GENERAL
D02,02_covid_vaccination_basics,when,WRB,NOUN,GENERAL
D02,02_covid_vaccination_basics,communicating,VBG,VERB,GENERAL
D02,02_covid_vaccination_basics,about,IN,SCONJ,GENERAL
D02,02_covid_vaccination_basics,vaccines,NNS,VERB,DOMAIN_NOUN
D02,02_covid_vaccination_basics,it,PRP,ADP,GENERAL
D02,02_covid_vaccination_basics,is,VBZ,NOUN,GENERAL
D02,02_covid_vaccination_basics,useful,JJ,PRON,GENERAL
D02,02_covid_vaccination_basics,to,TO,AUX,GENERAL
D02,02_covid_vaccination_basics,distinguish,VB,ADJ,GENERAL
D02,02_covid_vaccination_basics,relative,JJ,PART,GENERAL
D02,02_covid_vaccination_basics,risk,NN,VERB,DOMAIN_NOUN
D02,02_covid_vaccination_basics,absolute,NN,ADJ,GENERAL
D02,02_covid_vaccination_basics,risk,NN,NOUN,DOMAIN_NOUN
D02,02_covid_vaccination_basics,vaccine,NN,ADJ,DOMAIN_NOUN
D02,02_covid_vaccination_basics,effectiveness,NN,NOUN,GENERAL
D02,02_covid_vaccination_basics,and,CC,NOUN,GENERAL
D02,02_covid_vaccination_basics,adverse-event,JJ,NOUN,GENERAL
D02,02_covid_vaccination_basics,rates,NNS,CCONJ,GENERAL
D02,02_covid_vaccination_basics,a,DT,ADJ,GENERAL
D02,02_covid_vaccination_basics,clear,JJ,NOUN,GENERAL
D02,02_covid_vaccination_basics,explanation,NN,NOUN,GENERAL
D02,02_covid_vaccination_basics,should,MD,DET,GENERAL
D02,02_covid_vaccination_basics,specify,VB,ADJ,GENERAL
D02,02_covid_vaccination_basics,the,DT,NOUN,GENERAL
D02,02_covid_vaccination_basics,population,NN,AUX,DOMAIN_NOUN
D02,02_covid_vaccination_basics,comparison,NN,VERB,GENERAL
D02,02_covid_vaccination_basics,group,NN,DET,GENERAL
D02,02_covid_vaccination_basics,time,NN,NOUN,GENERAL
D02,02_covid_vaccination_basics,period,NN,PROPN,GENERAL
D02,02_covid_vaccination_basics,and,CC,NOUN,GENERAL
D02,02_covid_vaccination_basics,health,NN,NOUN,GENERAL
D02,02_covid_vaccination_basics,outcome,NN,NOUN,GENERAL
D02,02_covid_vaccination_basics,this,DT,CCONJ,GENERAL
D02,02_covid_vaccination_basics,prevents,VBZ,NOUN,DOMAIN_VERB
D02,02_covid_vaccination_basics,misleading,JJ,NOUN,GENERAL
D02,02_covid_vaccination_basics,conclusions,NNS,PRON,GENERAL
D02,02_covid_vaccination_basics,from,IN,VERB,GENERAL
D02,02_covid_vaccination_basics,a,DT,VERB,GENERAL
D02,02_covid_vaccination_basics,single,JJ,NOUN,GENERAL
D02,02_covid_vaccination_basics,percentage,NN,ADP,GENERAL
D02,02_covid_vaccination_basics,or,CC,DET,GENERAL
D02,02_covid_vaccination_basics,isolated,VBN,ADJ,DOMAIN_VERB
D02,02_covid_vaccination_basics,statistic,JJ,NOUN,GENERAL
D03,03_vaccine_effectiveness_and_studies,evaluating,VBG,VERB,GENERAL
D03,03_vaccine_effectiveness_and_studies,vaccine,NN,NOUN,DOMAIN_NOUN
D03,03_vaccine_effectiveness_and_studies,effectiveness,NN,NOUN,GENERAL
D03,03_vaccine_effectiveness_and_studies,vaccine,NN,NOUN,DOMAIN_NOUN
D03,03_vaccine_effectiveness_and_studies,effectiveness,NN,NOUN,GENERAL
D03,03_vaccine_effectiveness_and_studies,is,VBZ,AUX,GENERAL
D03,03_vaccine_effectiveness_and_studies,usually,RB,ADV,GENERAL
D03,03_vaccine_effectiveness_and_studies,estimated,VBN,VERB,GENERAL
D03,03_vaccine_effectiveness_and_studies,by,IN,ADP,GENERAL
D03,03_vaccine_effectiveness_and_studies,comparing,VBG,VERB,GENERAL
D03,03_vaccine_effectiveness_and_studies,disease,NN,NOUN,DOMAIN_NOUN
D03,03_vaccine_effectiveness_and_studies,outcomes,NNS,NOUN,GENERAL
D03,03_vaccine_effectiveness_and_studies,between,IN,ADP,GENERAL
D03,03_vaccine_effectiveness_and_studies,vaccinated,VBN,ADJ,DOMAIN_VERB
D03,03_vaccine_effectiveness_and_studies,and,CC,CCONJ,GENERAL
D03,03_vaccine_effectiveness_and_studies,comparison,JJ,NOUN,GENERAL
D03,03_vaccine_effectiveness_and_studies,groups,NNS,NOUN,GENERAL
D03,03_vaccine_effectiveness_and_studies,under,IN,ADP,GENERAL
D03,03_vaccine_effectiveness_and_studies,real-world,JJ,ADJ,GENERAL
D03,03_vaccine_effectiveness_and_studies,conditions,NNS,NOUN,GENERAL
D03,03_vaccine_effectiveness_and_studies,observational,JJ,NOUN,GENERAL
D03,03_vaccine_effectiveness_and_studies,studies,NNS,ADJ,GENERAL
D03,03_vaccine_effectiveness_and_studies,may,MD,NOUN,GENERAL
D03,03_vaccine_effectiveness_and_studies,use,VB,AUX,GENERAL
D03,03_vaccine_effectiveness_and_studies,cohort,VB,VERB,GENERAL
D03,03_vaccine_effectiveness_and_studies,case-control,NN,NOUN,GENERAL
D03,03_vaccine_effectiveness_and_studies,or,CC,NOUN,GENERAL
D03,03_vaccine_effectiveness_and_studies,test-negative,JJ,NOUN,GENERAL
D03,03_vaccine_effectiveness_and_studies,designs,NNS,CCONJ,GENERAL
D03,03_vaccine_effectiveness_and_studies,researchers,NNS,NOUN,GENERAL
D03,03_vaccine_effectiveness_and_studies,must,MD,ADJ,GENERAL
D03,03_vaccine_effectiveness_and_studies,account,VB,NOUN,GENERAL
D03,03_vaccine_effectiveness_and_studies,for,IN,NOUN,GENERAL
D03,03_vaccine_effectiveness_and_studies,factors,NNS,AUX,GENERAL
D03,03_vaccine_effectiveness_and_studies,such,JJ,VERB,GENERAL
D03,03_vaccine_effectiveness_and_studies,as,IN,ADP,GENERAL
D03,03_vaccine_effectiveness_and_studies,age,NN,NOUN,GENERAL
D03,03_vaccine_effectiveness_and_studies,prior,JJ,ADJ,GENERAL
D03,03_vaccine_effectiveness_and_studies,infection,NN,ADP,DOMAIN_NOUN
D03,03_vaccine_effectiveness_and_studies,underlying,VBG,NOUN,GENERAL
D03,03_vaccine_effectiveness_and_studies,conditions,NNS,ADJ,GENERAL
D03,03_vaccine_effectiveness_and_studies,healthcare-seeking,JJ,NOUN,GENERAL
D03,03_vaccine_effectiveness_and_studies,behavior,NN,VERB,GENERAL
D03,03_vaccine_effectiveness_and_studies,exposure,NN,NOUN,GENERAL
D03,03_vaccine_effectiveness_and_studies,patterns,NNS,NOUN,GENERAL
D03,03_vaccine_effectiveness_and_studies,and,CC,VERB,GENERAL
D03,03_vaccine_effectiveness_and_studies,calendar,NN,NOUN,GENERAL
D03,03_vaccine_effectiveness_and_studies,period,NN,NOUN,GENERAL
D03,03_vaccine_effectiveness_and_studies,randomized,VBD,NOUN,GENERAL
D03,03_vaccine_effectiveness_and_studies,controlled,JJ,CCONJ,GENERAL
D03,03_vaccine_effectiveness_and_studies,trials,NNS,NOUN,GENERAL
D03,03_vaccine_effectiveness_and_studies,can,MD,NOUN,GENERAL
D03,03_vaccine_effectiveness_and_studies,provide,VB,VERB,GENERAL
D03,03_vaccine_effectiveness_and_studies,strong,JJ,VERB,GENERAL
D03,03_vaccine_effectiveness_and_studies,evidence,NN,NOUN,GENERAL
D03,03_vaccine_effectiveness_and_studies,about,IN,AUX,GENERAL
D03,03_vaccine_effectiveness_and_studies,efficacy,NN,VERB,GENERAL
D03,03_vaccine_effectiveness_and_studies,under,IN,ADJ,GENERAL
D03,03_vaccine_effectiveness_and_studies,defined,VBN,NOUN,GENERAL
D03,03_vaccine_effectiveness_and_studies,study,NN,ADP,GENERAL
D03,03_vaccine_effectiveness_and_studies,conditions,NNS,NOUN,GENERAL
D03,03_vaccine_effectiveness_and_studies,while,IN,ADP,GENERAL
D03,03_vaccine_effectiveness_and_studies,observational,JJ,VERB,GENERAL
D03,03_vaccine_effectiveness_and_studies,studies,NNS,NOUN,GENERAL
D03,03_vaccine_effectiveness_and_studies,are,VBP,NOUN,GENERAL
D03,03_vaccine_effectiveness_and_studies,especially,RB,SCONJ,GENERAL
D03,03_vaccine_effectiveness_and_studies,useful,JJ,ADJ,GENERAL
D03,03_vaccine_effectiveness_and_studies,after,IN,NOUN,GENERAL
D03,03_vaccine_effectiveness_and_studies,vaccines,NNS,AUX,DOMAIN_NOUN
D03,03_vaccine_effectiveness_and_studies,are,VBP,ADV,GENERAL
D03,03_vaccine_effectiveness_and_studies,deployed,VBN,ADJ,GENERAL
D03,03_vaccine_effectiveness_and_studies,at,IN,SCONJ,GENERAL
D03,03_vaccine_effectiveness_and_studies,large,JJ,NOUN,GENERAL
D03,03_vaccine_effectiveness_and_studies,scale,JJ,AUX,GENERAL
D03,03_vaccine_effectiveness_and_studies,real-world,NN,VERB,GENERAL
D03,03_vaccine_effectiveness_and_studies,effectiveness,NN,ADP,GENERAL
D03,03_vaccine_effectiveness_and_studies,may,MD,ADJ,GENERAL
D03,03_vaccine_effectiveness_and_studies,differ,VB,NOUN,GENERAL
D03,03_vaccine_effectiveness_and_studies,from,IN,ADJ,GENERAL
D03,03_vaccine_effectiveness_and_studies,trial,NN,NOUN,GENERAL
D03,03_vaccine_effectiveness_and_studies,efficacy,NN,NOUN,GENERAL
D03,03_vaccine_effectiveness_and_studies,because,IN,AUX,GENERAL
D03,03_vaccine_effectiveness_and_studies,populations,NNS,VERB,DOMAIN_NOUN
D03,03_vaccine_effectiveness_and_studies,exposure,NN,ADP,GENERAL
D03,03_vaccine_effectiveness_and_studies,levels,NNS,NOUN,GENERAL
D03,03_vaccine_effectiveness_and_studies,circulating,VBG,NOUN,GENERAL
D03,03_vaccine_effectiveness_and_studies,variants,NNS,SCONJ,DOMAIN_NOUN
D03,03_vaccine_effectiveness_and_studies,and,CC,NOUN,GENERAL
D03,03_vaccine_effectiveness_and_studies,vaccination,NN,NOUN,DOMAIN_NOUN
D03,03_vaccine_effectiveness_and_studies,schedules,NNS,NOUN,GENERAL
D03,03_vaccine_effectiveness_and_studies,differ,VBP,VERB,GENERAL
D03,03_vaccine_effectiveness_and_studies,a,DT,NOUN,GENERAL
D03,03_vaccine_effectiveness_and_studies,useful,JJ,CCONJ,GENERAL
D03,03_vaccine_effectiveness_and_studies,interpretation,NN,NOUN,GENERAL
D03,03_vaccine_effectiveness_and_studies,of,IN,NOUN,GENERAL
D03,03_vaccine_effectiveness_and_studies,vaccine,NN,VERB,DOMAIN_NOUN
D03,03_vaccine_effectiveness_and_studies,effectiveness,NN,DET,GENERAL
D03,03_vaccine_effectiveness_and_studies,requires,VBZ,ADJ,GENERAL
D03,03_vaccine_effectiveness_and_studies,knowing,VBG,NOUN,GENERAL
D03,03_vaccine_effectiveness_and_studies,the,DT,ADP,GENERAL
D03,03_vaccine_effectiveness_and_studies,endpoint,NN,NOUN,GENERAL
D03,03_vaccine_effectiveness_and_studies,for,IN,NOUN,GENERAL
D03,03_vaccine_effectiveness_and_studies,example,NN,VERB,GENERAL
D03,03_vaccine_effectiveness_and_studies,effectiveness,NN,VERB,GENERAL
D03,03_vaccine_effectiveness_and_studies,against,IN,DET,GENERAL
D03,03_vaccine_effectiveness_and_studies,hospitalization,NN,NOUN,GENERAL
D03,03_vaccine_effectiveness_and_studies,is,VBZ,ADP,GENERAL
D03,03_vaccine_effectiveness_and_studies,a,DT,NOUN,GENERAL
D03,03_vaccine_effectiveness_and_studies,different,JJ,NOUN,GENERAL
D03,03_vaccine_effectiveness_and_studies,quantity,NN,ADP,GENERAL
D03,03_vaccine_effectiveness_and_studies,from,IN,NOUN,GENERAL
D03,03_vaccine_effectiveness_and_studies,effectiveness,NN,AUX,GENERAL
D03,03_vaccine_effectiveness_and_studies,against,IN,DET,GENERAL
D03,03_vaccine_effectiveness_and_studies,infection,NN,ADJ,DOMAIN_NOUN
D03,03_vaccine_effectiveness_and_studies,waning,VBG,NOUN,GENERAL
D03,03_vaccine_effectiveness_and_studies,protection,NN,ADP,DOMAIN_NOUN
D03,03_vaccine_effectiveness_and_studies,may,MD,NOUN,GENERAL
D03,03_vaccine_effectiveness_and_studies,also,RB,ADP,GENERAL
D03,03_vaccine_effectiveness_and_studies,appear,VB,NOUN,GENERAL
D03,03_vaccine_effectiveness_and_studies,differently,RB,VERB,GENERAL
D03,03_vaccine_effectiveness_and_studies,for,IN,NOUN,GENERAL
D03,03_vaccine_effectiveness_and_studies,different,JJ,AUX,GENERAL
D03,03_vaccine_effectiveness_and_studies,outcomes,NNS,ADV,GENERAL
D03,03_vaccine_effectiveness_and_studies,researchers,NNS,VERB,GENERAL
D03,03_vaccine_effectiveness_and_studies,may,MD,ADV,GENERAL
D03,03_vaccine_effectiveness_and_studies,stratify,VB,SCONJ,GENERAL
D03,03_vaccine_effectiveness_and_studies,results,NNS,ADJ,GENERAL
D03,03_vaccine_effectiveness_and_studies,by,IN,NOUN,GENERAL
D03,03_vaccine_effectiveness_and_studies,age,NN,NOUN,GENERAL
D03,03_vaccine_effectiveness_and_studies,time,NN,AUX,GENERAL
D03,03_vaccine_effectiveness_and_studies,since,IN,VERB,GENERAL
D03,03_vaccine_effectiveness_and_studies,vaccination,NN,NOUN,DOMAIN_NOUN
D03,03_vaccine_effectiveness_and_studies,product,NN,ADP,GENERAL
D03,03_vaccine_effectiveness_and_studies,or,CC,NOUN,GENERAL
D03,03_vaccine_effectiveness_and_studies,variant,JJ,NOUN,DOMAIN_NOUN
D03,03_vaccine_effectiveness_and_studies,period,NN,SCONJ,GENERAL
D03,03_vaccine_effectiveness_and_studies,confounding,NN,NOUN,GENERAL
D03,03_vaccine_effectiveness_and_studies,and,CC,NOUN,GENERAL
D03,03_vaccine_effectiveness_and_studies,selection,NN,CCONJ,GENERAL
D03,03_vaccine_effectiveness_and_studies,bias,NNS,ADJ,GENERAL
D03,03_vaccine_effectiveness_and_studies,are,VBP,NOUN,GENERAL
D03,03_vaccine_effectiveness_and_studies,important,JJ,VERB,GENERAL
D03,03_vaccine_effectiveness_and_studies,limitations,NNS,CCONJ,GENERAL
D03,03_vaccine_effectiveness_and_studies,in,IN,NOUN,GENERAL
D03,03_vaccine_effectiveness_and_studies,observational,JJ,NOUN,GENERAL
D03,03_vaccine_effectiveness_and_studies,vaccine,NN,AUX,DOMAIN_NOUN
D03,03_vaccine_effectiveness_and_studies,studies,NNS,ADJ,GENERAL
D03,03_vaccine_effectiveness_and_studies,statistical,JJ,NOUN,GENERAL
D03,03_vaccine_effectiveness_and_studies,adjustment,NN,ADP,GENERAL
D03,03_vaccine_effectiveness_and_studies,can,MD,ADJ,GENERAL
D03,03_vaccine_effectiveness_and_studies,reduce,VB,NOUN,DOMAIN_VERB
D03,03_vaccine_effectiveness_and_studies,some,DT,NOUN,GENERAL
D03,03_vaccine_effectiveness_and_studies,biases,NNS,ADJ,GENERAL
D03,03_vaccine_effectiveness_and_studies,but,CC,NOUN,GENERAL
D03,03_vaccine_effectiveness_and_studies,it,PRP,AUX,GENERAL
D03,03_vaccine_effectiveness_and_studies,cannot,VBZ,VERB,GENERAL
D03,03_vaccine_effectiveness_and_studies,guarantee,NN,DET,GENERAL
D03,03_vaccine_effectiveness_and_studies,that,WDT,NOUN,GENERAL
D03,03_vaccine_effectiveness_and_studies,every,DT,CCONJ,GENERAL
D03,03_vaccine_effectiveness_and_studies,relevant,JJ,PRON,GENERAL
D03,03_vaccine_effectiveness_and_studies,difference,NN,AUX,GENERAL
D03,03_vaccine_effectiveness_and_studies,between,IN,PART,GENERAL
D03,03_vaccine_effectiveness_and_studies,groups,NNS,VERB,GENERAL
D03,03_vaccine_effectiveness_and_studies,has,VBZ,SCONJ,GENERAL
D03,03_vaccine_effectiveness_and_studies,been,VBN,DET,GENERAL
D03,03_vaccine_effectiveness_and_studies,measured,VBN,ADJ,GENERAL
D03,03_vaccine_effectiveness_and_studies,results,NNS,NOUN,GENERAL
D03,03_vaccine_effectiveness_and_studies,should,MD,ADP,GENERAL
D03,03_vaccine_effectiveness_and_studies,therefore,RB,NOUN,GENERAL
D03,03_vaccine_effectiveness_and_studies,be,VB,AUX,GENERAL
D03,03_vaccine_effectiveness_and_studies,interpreted,VBN,AUX,GENERAL
D03,03_vaccine_effectiveness_and_studies,in,IN,VERB,GENERAL
D03,03_vaccine_effectiveness_and_studies,the,DT,NOUN,GENERAL
D03,03_vaccine_effectiveness_and_studies,context,NN,AUX,GENERAL
D03,03_vaccine_effectiveness_and_studies,of,IN,ADV,GENERAL
D03,03_vaccine_effectiveness_and_studies,study,NN,AUX,GENERAL
D03,03_vaccine_effectiveness_and_studies,design,NN,VERB,GENERAL
D03,03_vaccine_effectiveness_and_studies,uncertainty,NN,ADP,GENERAL
D03,03_vaccine_effectiveness_and_studies,intervals,NNS,DET,GENERAL
D03,03_vaccine_effectiveness_and_studies,sample,JJ,NOUN,GENERAL
D03,03_vaccine_effectiveness_and_studies,size,NN,ADP,GENERAL
D03,03_vaccine_effectiveness_and_studies,and,CC,NOUN,GENERAL
D03,03_vaccine_effectiveness_and_studies,the,DT,NOUN,GENERAL
D03,03_vaccine_effectiveness_and_studies,population,NN,NOUN,DOMAIN_NOUN
D03,03_vaccine_effectiveness_and_studies,studied,VBD,NOUN,GENERAL
D04,04_epidemiology_incidence_prevalence,incidence,NN,NOUN,DOMAIN_NOUN
D04,04_epidemiology_incidence_prevalence,and,CC,CCONJ,GENERAL
D04,04_epidemiology_incidence_prevalence,prevalence,NN,NOUN,DOMAIN_NOUN
D04,04_epidemiology_incidence_prevalence,in,IN,ADP,GENERAL
D04,04_epidemiology_incidence_prevalence,infectious,JJ,ADJ,DOMAIN_ADJ
D04,04_epidemiology_incidence_prevalence,disease,NN,NOUN,DOMAIN_NOUN
D04,04_epidemiology_incidence_prevalence,epidemiology,NN,NOUN,DOMAIN_NOUN
D04,04_epidemiology_incidence_prevalence,incidence,NN,NOUN,DOMAIN_NOUN
D04,04_epidemiology_incidence_prevalence,and,CC,CCONJ,GENERAL
D04,04_epidemiology_incidence_prevalence,prevalence,NN,NOUN,DOMAIN_NOUN
D04,04_epidemiology_incidence_prevalence,describe,NN,VERB,GENERAL
D04,04_epidemiology_incidence_prevalence,different,JJ,ADJ,GENERAL
D04,04_epidemiology_incidence_prevalence,aspects,NNS,NOUN,GENERAL
D04,04_epidemiology_incidence_prevalence,of,IN,ADP,GENERAL
D04,04_epidemiology_incidence_prevalence,disease,NN,NOUN,DOMAIN_NOUN
D04,04_epidemiology_incidence_prevalence,occurrence,NN,NOUN,GENERAL
D04,04_epidemiology_incidence_prevalence,incidence,NN,NOUN,DOMAIN_NOUN
D04,04_epidemiology_incidence_prevalence,focuses,VBZ,VERB,GENERAL
D04,04_epidemiology_incidence_prevalence,on,IN,ADP,GENERAL
D04,04_epidemiology_incidence_prevalence,new,JJ,ADJ,GENERAL
D04,04_epidemiology_incidence_prevalence,cases,NNS,NOUN,GENERAL
D04,04_epidemiology_incidence_prevalence,occurring,VBG,VERB,GENERAL
D04,04_epidemiology_incidence_prevalence,in,IN,ADP,GENERAL
D04,04_epidemiology_incidence_prevalence,a,DT,DET,GENERAL
D04,04_epidemiology_incidence_prevalence,population,NN,NOUN,DOMAIN_NOUN
D04,04_epidemiology_incidence_prevalence,during,IN,ADP,GENERAL
D04,04_epidemiology_incidence_prevalence,a,DT,DET,GENERAL
D04,04_epidemiology_incidence_prevalence,specified,JJ,VERB,GENERAL
D04,04_epidemiology_incidence_prevalence,period,NN,NOUN,GENERAL
D04,04_epidemiology_incidence_prevalence,prevalence,NN,NOUN,DOMAIN_NOUN
D04,04_epidemiology_incidence_prevalence,describes,VBZ,VERB,GENERAL
D04,04_epidemiology_incidence_prevalence,the,DT,DET,GENERAL
D04,04_epidemiology_incidence_prevalence,proportion,NN,NOUN,GENERAL
D04,04_epidemiology_incidence_prevalence,of,IN,ADP,GENERAL
D04,04_epidemiology_incidence_prevalence,a,DT,DET,GENERAL
D04,04_epidemiology_incidence_prevalence,population,NN,NOUN,DOMAIN_NOUN
D04,04_epidemiology_incidence_prevalence,that,WDT,PRON,GENERAL
D04,04_epidemiology_incidence_prevalence,has,VBZ,VERB,GENERAL
D04,04_epidemiology_incidence_prevalence,a,DT,DET,GENERAL
D04,04_epidemiology_incidence_prevalence,condition,NN,NOUN,GENERAL
D04,04_epidemiology_incidence_prevalence,at,IN,ADP,GENERAL
D04,04_epidemiology_incidence_prevalence,a,DT,DET,GENERAL
D04,04_epidemiology_incidence_prevalence,particular,JJ,ADJ,GENERAL
D04,04_epidemiology_incidence_prevalence,time,NN,NOUN,GENERAL
D04,04_epidemiology_incidence_prevalence,or,CC,CCONJ,GENERAL
D04,04_epidemiology_incidence_prevalence,over,IN,ADP,GENERAL
D04,04_epidemiology_incidence_prevalence,a,DT,DET,GENERAL
D04,04_epidemiology_incidence_prevalence,defined,JJ,VERB,GENERAL
D04,04_epidemiology_incidence_prevalence,period,NN,NOUN,GENERAL
D04,04_epidemiology_incidence_prevalence,for,IN,ADP,GENERAL
D04,04_epidemiology_incidence_prevalence,an,DT,DET,GENERAL
D04,04_epidemiology_incidence_prevalence,infectious,JJ,ADJ,DOMAIN_ADJ
D04,04_epidemiology_incidence_prevalence,disease,NN,NOUN,DOMAIN_NOUN
D04,04_epidemiology_incidence_prevalence,incidence,NN,NOUN,DOMAIN_NOUN
D04,04_epidemiology_incidence_prevalence,can,MD,AUX,GENERAL
D04,04_epidemiology_incidence_prevalence,help,VB,VERB,GENERAL
D04,04_epidemiology_incidence_prevalence,describe,VB,VERB,GENERAL
D04,04_epidemiology_incidence_prevalence,how,WRB,SCONJ,GENERAL
D04,04_epidemiology_incidence_prevalence,quickly,RB,ADV,GENERAL
D04,04_epidemiology_incidence_prevalence,new,JJ,ADJ,GENERAL
D04,04_epidemiology_incidence_prevalence,infections,NNS,NOUN,DOMAIN_NOUN
D04,04_epidemiology_incidence_prevalence,are,VBP,AUX,GENERAL
D04,04_epidemiology_incidence_prevalence,occurring,VBG,VERB,GENERAL
D04,04_epidemiology_incidence_prevalence,prevalence,NN,NOUN,DOMAIN_NOUN
D04,04_epidemiology_incidence_prevalence,can,MD,AUX,GENERAL
D04,04_epidemiology_incidence_prevalence,reflect,VB,VERB,GENERAL
D04,04_epidemiology_incidence_prevalence,both,DT,DET,GENERAL
D04,04_epidemiology_incidence_prevalence,new,JJ,ADJ,GENERAL
D04,04_epidemiology_incidence_prevalence,cases,NNS,NOUN,GENERAL
D04,04_epidemiology_incidence_prevalence,and,CC,CCONJ,GENERAL
D04,04_epidemiology_incidence_prevalence,the,DT,DET,GENERAL
D04,04_epidemiology_incidence_prevalence,duration,NN,NOUN,GENERAL
D04,04_epidemiology_incidence_prevalence,of,IN,ADP,GENERAL
D04,04_epidemiology_incidence_prevalence,illness,NN,NOUN,GENERAL
D04,04_epidemiology_incidence_prevalence,a,DT,DET,GENERAL
D04,04_epidemiology_incidence_prevalence,disease,NN,NOUN,DOMAIN_NOUN
D04,04_epidemiology_incidence_prevalence,with,IN,ADP,GENERAL
D04,04_epidemiology_incidence_prevalence,short,JJ,ADJ,GENERAL
D04,04_epidemiology_incidence_prevalence,duration,NN,NOUN,GENERAL
D04,04_epidemiology_incidence_prevalence,may,MD,AUX,GENERAL
D04,04_epidemiology_incidence_prevalence,have,VB,VERB,GENERAL
D04,04_epidemiology_incidence_prevalence,substantial,JJ,ADJ,GENERAL
D04,04_epidemiology_incidence_prevalence,incidence,NN,NOUN,DOMAIN_NOUN
D04,04_epidemiology_incidence_prevalence,but,CC,CCONJ,GENERAL
D04,04_epidemiology_incidence_prevalence,relatively,RB,ADV,GENERAL
D04,04_epidemiology_incidence_prevalence,low,JJ,ADJ,GENERAL
D04,04_epidemiology_incidence_prevalence,point,NN,NOUN,GENERAL
D04,04_epidemiology_incidence_prevalence,prevalence,NN,NOUN,DOMAIN_NOUN
D04,04_epidemiology_incidence_prevalence,conversely,RB,ADV,GENERAL
D04,04_epidemiology_incidence_prevalence,a,DT,DET,GENERAL
D04,04_epidemiology_incidence_prevalence,chronic,JJ,ADJ,GENERAL
D04,04_epidemiology_incidence_prevalence,condition,NN,NOUN,GENERAL
D04,04_epidemiology_incidence_prevalence,can,MD,AUX,GENERAL
D04,04_epidemiology_incidence_prevalence,have,VB,VERB,GENERAL
D04,04_epidemiology_incidence_prevalence,lower,JJR,ADJ,GENERAL
D04,04_epidemiology_incidence_prevalence,incidence,NN,NOUN,DOMAIN_NOUN
D04,04_epidemiology_incidence_prevalence,but,CC,CCONJ,GENERAL
D04,04_epidemiology_incidence_prevalence,high,JJ,ADJ,GENERAL
D04,04_epidemiology_incidence_prevalence,prevalence,NN,NOUN,DOMAIN_NOUN
D04,04_epidemiology_incidence_prevalence,because,IN,SCONJ,GENERAL
D04,04_epidemiology_incidence_prevalence,people,NNS,NOUN,GENERAL
D04,04_epidemiology_incidence_prevalence,remain,VBP,VERB,GENERAL
D04,04_epidemiology_incidence_prevalence,affected,JJ,ADJ,GENERAL
D04,04_epidemiology_incidence_prevalence,for,IN,ADP,GENERAL
D04,04_epidemiology_incidence_prevalence,long,JJ,ADJ,GENERAL
D04,04_epidemiology_incidence_prevalence,periods,NNS,NOUN,GENERAL
D04,04_epidemiology_incidence_prevalence,epidemiologists,VBZ,NOUN,GENERAL
D04,04_epidemiology_incidence_prevalence,define,VBP,VERB,GENERAL
D04,04_epidemiology_incidence_prevalence,the,DT,DET,GENERAL
D04,04_epidemiology_incidence_prevalence,population,NN,NOUN,DOMAIN_NOUN
D04,04_epidemiology_incidence_prevalence,time,NN,NOUN,GENERAL
D04,04_epidemiology_incidence_prevalence,interval,JJ,NOUN,GENERAL
D04,04_epidemiology_incidence_prevalence,case,NN,NOUN,GENERAL
D04,04_epidemiology_incidence_prevalence,definition,NN,NOUN,GENERAL
D04,04_epidemiology_incidence_prevalence,and,CC,CCONJ,GENERAL
D04,04_epidemiology_incidence_prevalence,measurement,NN,NOUN,GENERAL
D04,04_epidemiology_incidence_prevalence,method,NN,NOUN,GENERAL
D04,04_epidemiology_incidence_prevalence,carefully,RB,ADV,GENERAL
D04,04_epidemiology_incidence_prevalence,changes,NNS,VERB,GENERAL
D04,04_epidemiology_incidence_prevalence,in,IN,ADP,GENERAL
D04,04_epidemiology_incidence_prevalence,testing,VBG,VERB,DOMAIN_VERB
D04,04_epidemiology_incidence_prevalence,availability,NN,NOUN,GENERAL
D04,04_epidemiology_incidence_prevalence,or,CC,CCONJ,GENERAL
D04,04_epidemiology_incidence_prevalence,reporting,NN,NOUN,GENERAL
D04,04_epidemiology_incidence_prevalence,practices,NNS,NOUN,GENERAL
D04,04_epidemiology_incidence_prevalence,can,MD,AUX,GENERAL
D04,04_epidemiology_incidence_prevalence,affect,VB,VERB,GENERAL
D04,04_epidemiology_incidence_prevalence,observed,JJ,ADJ,GENERAL
D04,04_epidemiology_incidence_prevalence,incidence,NN,NOUN,DOMAIN_NOUN
D04,04_epidemiology_incidence_prevalence,without,IN,ADP,GENERAL
D04,04_epidemiology_incidence_prevalence,representing,VBG,VERB,GENERAL
D04,04_epidemiology_incidence_prevalence,an,DT,DET,GENERAL
D04,04_epidemiology_incidence_prevalence,equivalent,JJ,ADJ,GENERAL
D04,04_epidemiology_incidence_prevalence,change,NN,NOUN,GENERAL
D04,04_epidemiology_incidence_prevalence,in,IN,ADP,GENERAL
D04,04_epidemiology_incidence_prevalence,true,JJ,ADJ,GENERAL
D04,04_epidemiology_incidence_prevalence,transmission,NN,NOUN,DOMAIN_NOUN
D04,04_epidemiology_incidence_prevalence,for,IN,ADP,GENERAL
D04,04_epidemiology_incidence_prevalence,covid-19,JJ,PROPN,DOMAIN_NOUN
D04,04_epidemiology_incidence_prevalence,widespread,JJ,ADJ,GENERAL
D04,04_epidemiology_incidence_prevalence,changes,NNS,NOUN,GENERAL
D04,04_epidemiology_incidence_prevalence,in,IN,ADP,GENERAL
D04,04_epidemiology_incidence_prevalence,testing,VBG,VERB,DOMAIN_VERB
D04,04_epidemiology_incidence_prevalence,behavior,NN,NOUN,GENERAL
D04,04_epidemiology_incidence_prevalence,made,VBN,VERB,GENERAL
D04,04_epidemiology_incidence_prevalence,reported,VBD,ADJ,GENERAL
D04,04_epidemiology_incidence_prevalence,case,NN,NOUN,GENERAL
D04,04_epidemiology_incidence_prevalence,counts,NNS,VERB,GENERAL
D04,04_epidemiology_incidence_prevalence,difficult,JJ,ADJ,GENERAL
D04,04_epidemiology_incidence_prevalence,to,TO,PART,GENERAL
D04,04_epidemiology_incidence_prevalence,interpret,VB,VERB,GENERAL
D04,04_epidemiology_incidence_prevalence,in,IN,ADP,GENERAL
D04,04_epidemiology_incidence_prevalence,isolation,NN,NOUN,DOMAIN_NOUN
D04,04_epidemiology_incidence_prevalence,during,IN,ADP,GENERAL
D04,04_epidemiology_incidence_prevalence,some,DT,DET,GENERAL
D04,04_epidemiology_incidence_prevalence,periods,NNS,NOUN,GENERAL
D04,04_epidemiology_incidence_prevalence,other,JJ,ADJ,GENERAL
D04,04_epidemiology_incidence_prevalence,indicators,NNS,NOUN,GENERAL
D04,04_epidemiology_incidence_prevalence,including,VBG,VERB,GENERAL
D04,04_epidemiology_incidence_prevalence,hospitalization,NN,NOUN,GENERAL
D04,04_epidemiology_incidence_prevalence,mortality,NN,NOUN,DOMAIN_NOUN
D04,04_epidemiology_incidence_prevalence,test,NN,NOUN,DOMAIN_VERB
D04,04_epidemiology_incidence_prevalence,positivity,NN,NOUN,GENERAL
D04,04_epidemiology_incidence_prevalence,syndromic,JJ,ADJ,GENERAL
D04,04_epidemiology_incidence_prevalence,surveillance,NN,NOUN,DOMAIN_NOUN
D04,04_epidemiology_incidence_prevalence,and,CC,CCONJ,GENERAL
D04,04_epidemiology_incidence_prevalence,wastewater,NN,NOUN,GENERAL
D04,04_epidemiology_incidence_prevalence,measurements,NNS,NOUN,GENERAL
D04,04_epidemiology_incidence_prevalence,can,MD,AUX,GENERAL
D04,04_epidemiology_incidence_prevalence,complement,VB,VERB,GENERAL
D04,04_epidemiology_incidence_prevalence,reported,VBN,VERB,GENERAL
D04,04_epidemiology_incidence_prevalence,cases,NNS,NOUN,GENERAL
D04,04_epidemiology_incidence_prevalence,using,VBG,VERB,GENERAL
D04,04_epidemiology_incidence_prevalence,multiple,JJ,ADJ,GENERAL
D04,04_epidemiology_incidence_prevalence,indicators,NNS,NOUN,GENERAL
D04,04_epidemiology_incidence_prevalence,provides,VBZ,VERB,GENERAL
D04,04_epidemiology_incidence_prevalence,a,DT,DET,GENERAL
D04,04_epidemiology_incidence_prevalence,broader,JJR,ADJ,GENERAL
D04,04_epidemiology_incidence_prevalence,picture,NN,NOUN,GENERAL
D04,04_epidemiology_incidence_prevalence,of,IN,ADP,GENERAL
D04,04_epidemiology_incidence_prevalence,disease,NN,NOUN,DOMAIN_NOUN
D04,04_epidemiology_incidence_prevalence,activity,NN,NOUN,GENERAL
D05,05_basic_reproduction_number,reproduction,NN,NOUN,GENERAL
D05,05_basic_reproduction_number,numbers,NNS,NOUN,GENERAL
D05,05_basic_reproduction_number,and,CC,CCONJ,GENERAL
D05,05_basic_reproduction_number,outbreak,JJ,VERB,DOMAIN_NOUN
D05,05_basic_reproduction_number,growth,NN,NOUN,GENERAL
D05,05_basic_reproduction_number,the,DT,DET,GENERAL
D05,05_basic_reproduction_number,basic,JJ,ADJ,GENERAL
D05,05_basic_reproduction_number,reproduction,NN,NOUN,GENERAL
D05,05_basic_reproduction_number,number,NN,NOUN,GENERAL
D05,05_basic_reproduction_number,0,CD,NOUN,NUM
D05,05_basic_reproduction_number,describes,VBZ,VERB,GENERAL
D05,05_basic_reproduction_number,the,DT,DET,GENERAL
D05,05_basic_reproduction_number,average,JJ,ADJ,GENERAL
D05,05_basic_reproduction_number,number,NN,NOUN,GENERAL
D05,05_basic_reproduction_number,of,IN,ADP,GENERAL
D05,05_basic_reproduction_number,secondary,JJ,ADJ,GENERAL
D05,05_basic_reproduction_number,infections,NNS,NOUN,DOMAIN_NOUN
D05,05_basic_reproduction_number,generated,VBN,VERB,GENERAL
D05,05_basic_reproduction_number,by,IN,ADP,GENERAL
D05,05_basic_reproduction_number,a,DT,DET,GENERAL
D05,05_basic_reproduction_number,typical,JJ,ADJ,GENERAL
D05,05_basic_reproduction_number,infectious,JJ,ADJ,DOMAIN_ADJ
D05,05_basic_reproduction_number,individual,NN,NOUN,GENERAL
D05,05_basic_reproduction_number,in,IN,ADP,GENERAL
D05,05_basic_reproduction_number,a,DT,DET,GENERAL
D05,05_basic_reproduction_number,fully,RB,ADV,GENERAL
D05,05_basic_reproduction_number,susceptible,JJ,ADJ,GENERAL
D05,05_basic_reproduction_number,population,NN,NOUN,DOMAIN_NOUN
D05,05_basic_reproduction_number,under,IN,ADP,GENERAL
D05,05_basic_reproduction_number,specified,VBN,VERB,GENERAL
D05,05_basic_reproduction_number,assumptions,NNS,NOUN,GENERAL
D05,05_basic_reproduction_number,it,PRP,PRON,GENERAL
D05,05_basic_reproduction_number,is,VBZ,AUX,GENERAL
D05,05_basic_reproduction_number,a,DT,DET,GENERAL
D05,05_basic_reproduction_number,theoretical,JJ,ADJ,GENERAL
D05,05_basic_reproduction_number,epidemiological,JJ,ADJ,DOMAIN_ADJ
D05,05_basic_reproduction_number,quantity,NN,NOUN,GENERAL
D05,05_basic_reproduction_number,and,CC,CCONJ,GENERAL
D05,05_basic_reproduction_number,should,MD,AUX,GENERAL
D05,05_basic_reproduction_number,not,RB,PART,GENERAL
D05,05_basic_reproduction_number,be,VB,AUX,GENERAL
D05,05_basic_reproduction_number,interpreted,VBN,VERB,GENERAL
D05,05_basic_reproduction_number,as,IN,ADP,GENERAL
D05,05_basic_reproduction_number,a,DT,DET,GENERAL
D05,05_basic_reproduction_number,fixed,JJ,VERB,GENERAL
D05,05_basic_reproduction_number,property,NN,NOUN,GENERAL
D05,05_basic_reproduction_number,of,IN,ADP,GENERAL
D05,05_basic_reproduction_number,a,DT,DET,GENERAL
D05,05_basic_reproduction_number,pathogen,NN,NOUN,DOMAIN_NOUN
D05,05_basic_reproduction_number,in,IN,ADP,GENERAL
D05,05_basic_reproduction_number,every,DT,DET,GENERAL
D05,05_basic_reproduction_number,setting,VBG,NOUN,GENERAL
D05,05_basic_reproduction_number,the,DT,DET,GENERAL
D05,05_basic_reproduction_number,effective,JJ,ADJ,DOMAIN_ADJ
D05,05_basic_reproduction_number,reproduction,NN,NOUN,GENERAL
D05,05_basic_reproduction_number,number,NN,NOUN,GENERAL
D05,05_basic_reproduction_number,often,RB,ADV,GENERAL
D05,05_basic_reproduction_number,written,VBN,VERB,GENERAL
D05,05_basic_reproduction_number,rt,NN,NOUN,GENERAL
D05,05_basic_reproduction_number,or,CC,CCONJ,GENERAL
D05,05_basic_reproduction_number,re,NN,NOUN,GENERAL
D05,05_basic_reproduction_number,reflects,VBZ,VERB,GENERAL
D05,05_basic_reproduction_number,transmission,NN,NOUN,DOMAIN_NOUN
D05,05_basic_reproduction_number,under,IN,ADP,GENERAL
D05,05_basic_reproduction_number,current,JJ,ADJ,GENERAL
D05,05_basic_reproduction_number,conditions,NNS,NOUN,GENERAL
D05,05_basic_reproduction_number,vaccination,NN,NOUN,DOMAIN_NOUN
D05,05_basic_reproduction_number,prior,RB,ADJ,GENERAL
D05,05_basic_reproduction_number,immunity,JJ,NOUN,DOMAIN_NOUN
D05,05_basic_reproduction_number,behavioral,JJ,ADJ,GENERAL
D05,05_basic_reproduction_number,changes,NNS,VERB,GENERAL
D05,05_basic_reproduction_number,public-health,JJ,ADJ,DOMAIN_ADJ
D05,05_basic_reproduction_number,interventions,NNS,NOUN,GENERAL
D05,05_basic_reproduction_number,and,CC,NOUN,GENERAL
D05,05_basic_reproduction_number,population,NN,CCONJ,DOMAIN_NOUN
D05,05_basic_reproduction_number,structure,NN,NOUN,GENERAL
D05,05_basic_reproduction_number,can,MD,NOUN,GENERAL
D05,05_basic_reproduction_number,all,DT,AUX,GENERAL
D05,05_basic_reproduction_number,affect,VB,PRON,GENERAL
D05,05_basic_reproduction_number,effective,JJ,VERB,DOMAIN_ADJ
D05,05_basic_reproduction_number,transmission,NN,ADJ,DOMAIN_NOUN
D05,05_basic_reproduction_number,when,WRB,NOUN,GENERAL
D05,05_basic_reproduction_number,the,DT,SCONJ,GENERAL
D05,05_basic_reproduction_number,effective,JJ,DET,DOMAIN_ADJ
D05,05_basic_reproduction_number,reproduction,NN,ADJ,GENERAL
D05,05_basic_reproduction_number,number,NN,NOUN,GENERAL
D05,05_basic_reproduction_number,is,VBZ,NOUN,GENERAL
D05,05_basic_reproduction_number,above,IN,AUX,GENERAL
D05,05_basic_reproduction_number,one,CD,ADP,GENERAL
D05,05_basic_reproduction_number,infections,NNS,NUM,DOMAIN_NOUN
D05,05_basic_reproduction_number,can,MD,NOUN,GENERAL
D05,05_basic_reproduction_number,increase,VB,AUX,GENERAL
D05,05_basic_reproduction_number,under,IN,VERB,GENERAL
D05,05_basic_reproduction_number,the,DT,ADP,GENERAL
D05,05_basic_reproduction_number,relevant,JJ,DET,GENERAL
D05,05_basic_reproduction_number,conditions,NNS,ADJ,GENERAL
D05,05_basic_reproduction_number,when,WRB,NOUN,GENERAL
D05,05_basic_reproduction_number,it,PRP,SCONJ,GENERAL
D05,05_basic_reproduction_number,remains,VBZ,PRON,GENERAL
D05,05_basic_reproduction_number,below,IN,VERB,GENERAL
D05,05_basic_reproduction_number,one,CD,ADP,GENERAL
D05,05_basic_reproduction_number,transmission,NN,NUM,DOMAIN_NOUN
D05,05_basic_reproduction_number,tends,VBZ,NOUN,GENERAL
D05,05_basic_reproduction_number,to,TO,VERB,GENERAL
D05,05_basic_reproduction_number,decline,VB,PART,GENERAL
D05,05_basic_reproduction_number,estimating,VBG,VERB,GENERAL
D05,05_basic_reproduction_number,reproduction,NN,VERB,GENERAL
D05,05_basic_reproduction_number,numbers,NNS,NOUN,GENERAL
D05,05_basic_reproduction_number,requires,VBZ,NOUN,GENERAL
D05,05_basic_reproduction_number,assumptions,NNS,VERB,GENERAL
D05,05_basic_reproduction_number,and,CC,NOUN,GENERAL
D05,05_basic_reproduction_number,data,NNS,CCONJ,GENERAL
D05,05_basic_reproduction_number,delays,NNS,NOUN,GENERAL
D05,05_basic_reproduction_number,between,IN,NOUN,GENERAL
D05,05_basic_reproduction_number,infection,NN,ADP,DOMAIN_NOUN
D05,05_basic_reproduction_number,symptom,NN,NOUN,DOMAIN_NOUN
D05,05_basic_reproduction_number,onset,IN,NOUN,GENERAL
D05,05_basic_reproduction_number,testing,VBG,NOUN,DOMAIN_VERB
D05,05_basic_reproduction_number,reporting,NN,NOUN,GENERAL
D05,05_basic_reproduction_number,and,CC,NOUN,GENERAL
D05,05_basic_reproduction_number,hospitalization,NN,CCONJ,GENERAL
D05,05_basic_reproduction_number,can,MD,NOUN,GENERAL
D05,05_basic_reproduction_number,affect,VB,AUX,GENERAL
D05,05_basic_reproduction_number,estimates,NNS,VERB,GENERAL
D05,05_basic_reproduction_number,analysts,NNS,NOUN,GENERAL
D05,05_basic_reproduction_number,may,MD,NOUN,GENERAL
D05,05_basic_reproduction_number,therefore,VB,AUX,GENERAL
D05,05_basic_reproduction_number,use,NN,ADV,GENERAL
D05,05_basic_reproduction_number,statistical,JJ,VERB,GENERAL
D05,05_basic_reproduction_number,models,NNS,ADJ,GENERAL
D05,05_basic_reproduction_number,and,CC,NOUN,GENERAL
D05,05_basic_reproduction_number,nowcasting,VBG,CCONJ,GENERAL
D05,05_basic_reproduction_number,methods,NNS,VERB,GENERAL
D05,05_basic_reproduction_number,to,TO,NOUN,GENERAL
D05,05_basic_reproduction_number,account,VB,PART,GENERAL
D05,05_basic_reproduction_number,for,IN,VERB,GENERAL
D05,05_basic_reproduction_number,reporting,VBG,ADP,GENERAL
D05,05_basic_reproduction_number,delays,NNS,NOUN,GENERAL
D05,05_basic_reproduction_number,reproduction,NN,NOUN,GENERAL
D05,05_basic_reproduction_number,numbers,NNS,NOUN,GENERAL
D05,05_basic_reproduction_number,should,MD,NOUN,GENERAL
D05,05_basic_reproduction_number,be,VB,AUX,GENERAL
D05,05_basic_reproduction_number,interpreted,VBN,AUX,GENERAL
D05,05_basic_reproduction_number,together,RB,VERB,GENERAL
D05,05_basic_reproduction_number,with,IN,ADV,GENERAL
D05,05_basic_reproduction_number,other,JJ,ADP,GENERAL
D05,05_basic_reproduction_number,indicators,NNS,ADJ,GENERAL
D05,05_basic_reproduction_number,a,DT,NOUN,GENERAL
D05,05_basic_reproduction_number,single,JJ,DET,GENERAL
D05,05_basic_reproduction_number,estimate,NN,ADJ,GENERAL
D05,05_basic_reproduction_number,can,MD,NOUN,GENERAL
D05,05_basic_reproduction_number,be,VB,AUX,GENERAL
D05,05_basic_reproduction_number,uncertain,JJ,AUX,GENERAL
D05,05_basic_reproduction_number,especially,RB,ADJ,GENERAL
D05,05_basic_reproduction_number,when,WRB,ADV,GENERAL
D05,05_basic_reproduction_number,case,NN,SCONJ,GENERAL
D05,05_basic_reproduction_number,counts,NNS,NOUN,GENERAL
D05,05_basic_reproduction_number,are,VBP,NOUN,GENERAL
D05,05_basic_reproduction_number,small,JJ,AUX,GENERAL
D05,05_basic_reproduction_number,or,CC,ADJ,GENERAL
D05,05_basic_reproduction_number,surveillance,JJ,CCONJ,DOMAIN_NOUN
D05,05_basic_reproduction_number,systems,NNS,NOUN,GENERAL
D05,05_basic_reproduction_number,are,VBP,NOUN,GENERAL
D05,05_basic_reproduction_number,changing,VBG,AUX,GENERAL
D05,05_basic_reproduction_number,the,DT,VERB,GENERAL
D05,05_basic_reproduction_number,same,JJ,DET,GENERAL
D05,05_basic_reproduction_number,reproduction,NN,ADJ,GENERAL
D05,05_basic_reproduction_number,number,NN,NOUN,GENERAL
D05,05_basic_reproduction_number,can,MD,NOUN,GENERAL
D05,05_basic_reproduction_number,also,RB,AUX,GENERAL
D05,05_basic_reproduction_number,correspond,VB,ADV,GENERAL
D05,05_basic_reproduction_number,to,TO,VERB,GENERAL
D05,05_basic_reproduction_number,different,JJ,ADP,GENERAL
D05,05_basic_reproduction_number,absolute,NN,ADJ,GENERAL
D05,05_basic_reproduction_number,levels,NNS,ADJ,GENERAL
D05,05_basic_reproduction_number,of,IN,NOUN,GENERAL
D05,05_basic_reproduction_number,disease,NN,ADP,DOMAIN_NOUN
D05,05_basic_reproduction_number,depending,VBG,NOUN,GENERAL
D05,05_basic_reproduction_number,on,IN,VERB,GENERAL
D05,05_basic_reproduction_number,the,DT,ADP,GENERAL
D05,05_basic_reproduction_number,size,NN,DET,GENERAL
D05,05_basic_reproduction_number,and,CC,NOUN,GENERAL
D05,05_basic_reproduction_number,immunity,NN,CCONJ,DOMAIN_NOUN
D05,05_basic_reproduction_number,of,IN,NOUN,GENERAL
D05,05_basic_reproduction_number,the,DT,ADP,GENERAL
D05,05_basic_reproduction_number,population,NN,DET,DOMAIN_NOUN
D06,06_contact_tracing,contact,NN,NOUN,DOMAIN_NOUN
D06,06_contact_tracing,tracing,NN,VERB,DOMAIN_NOUN
D06,06_contact_tracing,and,CC,CCONJ,GENERAL
D06,06_contact_tracing,exposure,NN,NOUN,GENERAL
D06,06_contact_tracing,management,NN,NOUN,GENERAL
D06,06_contact_tracing,contact,NN,NOUN,DOMAIN_NOUN
D06,06_contact_tracing,tracing,NN,NOUN,DOMAIN_NOUN
D06,06_contact_tracing,is,VBZ,AUX,GENERAL
D06,06_contact_tracing,a,DT,DET,GENERAL
D06,06_contact_tracing,public-health,JJ,ADJ,DOMAIN_ADJ
D06,06_contact_tracing,process,NN,NOUN,GENERAL
D06,06_contact_tracing,used,VBN,NOUN,GENERAL
D06,06_contact_tracing,to,TO,VERB,GENERAL
D06,06_contact_tracing,identify,VB,PART,GENERAL
D06,06_contact_tracing,people,NNS,VERB,GENERAL
D06,06_contact_tracing,who,WP,NOUN,DOMAIN_NOUN
D06,06_contact_tracing,may,MD,PRON,GENERAL
D06,06_contact_tracing,have,VB,AUX,GENERAL
D06,06_contact_tracing,been,VBN,AUX,GENERAL
D06,06_contact_tracing,exposed,VBN,AUX,GENERAL
D06,06_contact_tracing,to,TO,VERB,GENERAL
D06,06_contact_tracing,an,DT,ADP,GENERAL
D06,06_contact_tracing,infectious,JJ,DET,DOMAIN_ADJ
D06,06_contact_tracing,disease,NN,ADJ,DOMAIN_NOUN
D06,06_contact_tracing,and,CC,NOUN,GENERAL
D06,06_contact_tracing,provide,VB,CCONJ,GENERAL
D06,06_contact_tracing,them,PRP,VERB,GENERAL
D06,06_contact_tracing,with,IN,PRON,GENERAL
D06,06_contact_tracing,relevant,JJ,ADP,GENERAL
D06,06_contact_tracing,information,NN,ADJ,GENERAL
D06,06_contact_tracing,and,CC,NOUN,GENERAL
D06,06_contact_tracing,support,NN,CCONJ,GENERAL
D06,06_contact_tracing,for,IN,NOUN,GENERAL
D06,06_contact_tracing,respiratory,NN,ADP,DOMAIN_ADJ
D06,06_contact_tracing,infections,NNS,ADJ,DOMAIN_NOUN
D06,06_contact_tracing,contact,VBP,NOUN,DOMAIN_NOUN
D06,06_contact_tracing,definitions,NNS,NOUN,GENERAL
D06,06_contact_tracing,may,MD,NOUN,GENERAL
D06,06_contact_tracing,consider,VB,AUX,GENERAL
D06,06_contact_tracing,proximity,NN,VERB,GENERAL
D06,06_contact_tracing,duration,NN,NOUN,GENERAL
D06,06_contact_tracing,setting,NN,NOUN,GENERAL
D06,06_contact_tracing,and,CC,NOUN,GENERAL
D06,06_contact_tracing,timing,VBG,CCONJ,GENERAL
D06,06_contact_tracing,relative,JJ,NOUN,GENERAL
D06,06_contact_tracing,to,TO,ADJ,GENERAL
D06,06_contact_tracing,infectiousness,VB,ADP,GENERAL
D06,06_contact_tracing,a,DT,VERB,GENERAL
D06,06_contact_tracing,typical,JJ,DET,GENERAL
D06,06_contact_tracing,workflow,NN,ADJ,GENERAL
D06,06_contact_tracing,includes,VBZ,NOUN,GENERAL
D06,06_contact_tracing,identifying,VBG,VERB,GENERAL
D06,06_contact_tracing,a,DT,VERB,GENERAL
D06,06_contact_tracing,confirmed,NN,DET,GENERAL
D06,06_contact_tracing,or,CC,ADJ,GENERAL
D06,06_contact_tracing,probable,JJ,CCONJ,GENERAL
D06,06_contact_tracing,case,NN,ADJ,GENERAL
D06,06_contact_tracing,determining,VBG,NOUN,GENERAL
D06,06_contact_tracing,the,DT,VERB,GENERAL
D06,06_contact_tracing,period,NN,DET,GENERAL
D06,06_contact_tracing,during,IN,NOUN,GENERAL
D06,06_contact_tracing,which,WDT,ADP,GENERAL
D06,06_contact_tracing,transmission,NN,PRON,DOMAIN_NOUN
D06,06_contact_tracing,could,MD,NOUN,GENERAL
D06,06_contact_tracing,have,VB,AUX,GENERAL
D06,06_contact_tracing,occurred,VBN,AUX,GENERAL
D06,06_contact_tracing,interviewing,VBG,VERB,GENERAL
D06,06_contact_tracing,the,DT,VERB,GENERAL
D06,06_contact_tracing,case,NN,DET,GENERAL
D06,06_contact_tracing,when,WRB,NOUN,GENERAL
D06,06_contact_tracing,appropriate,NN,SCONJ,GENERAL
D06,06_contact_tracing,identifying,NN,ADJ,GENERAL
D06,06_contact_tracing,contacts,NNS,VERB,GENERAL
D06,06_contact_tracing,and,CC,NOUN,GENERAL
D06,06_contact_tracing,communicating,VBG,CCONJ,GENERAL
D06,06_contact_tracing,recommended,JJ,VERB,GENERAL
D06,06_contact_tracing,actions,NNS,VERB,GENERAL
D06,06_contact_tracing,digital,JJ,NOUN,GENERAL
D06,06_contact_tracing,tools,NNS,ADJ,GENERAL
D06,06_contact_tracing,can,MD,NOUN,GENERAL
D06,06_contact_tracing,assist,VB,AUX,GENERAL
D06,06_contact_tracing,with,IN,VERB,GENERAL
D06,06_contact_tracing,notification,NN,ADP,GENERAL
D06,06_contact_tracing,or,CC,NOUN,GENERAL
D06,06_contact_tracing,data,NN,CCONJ,GENERAL
D06,06_contact_tracing,management,NN,NOUN,GENERAL
D06,06_contact_tracing,but,CC,NOUN,GENERAL
D06,06_contact_tracing,they,PRP,CCONJ,GENERAL
D06,06_contact_tracing,do,VBP,PRON,GENERAL
D06,06_contact_tracing,not,RB,AUX,GENERAL
D06,06_contact_tracing,replace,VB,PART,GENERAL
D06,06_contact_tracing,public-health,JJ,VERB,DOMAIN_ADJ
D06,06_contact_tracing,judgment,NN,ADJ,GENERAL
D06,06_contact_tracing,contact,NN,NOUN,DOMAIN_NOUN
D06,06_contact_tracing,tracing,NN,NOUN,DOMAIN_NOUN
D06,06_contact_tracing,is,VBZ,NOUN,GENERAL
D06,06_contact_tracing,most,RBS,NOUN,GENERAL
D06,06_contact_tracing,effective,JJ,AUX,DOMAIN_ADJ
D06,06_contact_tracing,when,WRB,ADV,GENERAL
D06,06_contact_tracing,cases,NNS,ADJ,GENERAL
D06,06_contact_tracing,and,CC,SCONJ,GENERAL
D06,06_contact_tracing,contacts,NNS,NOUN,GENERAL
D06,06_contact_tracing,can,MD,CCONJ,GENERAL
D06,06_contact_tracing,be,VB,NOUN,GENERAL
D06,06_contact_tracing,identified,VBN,AUX,GENERAL
D06,06_contact_tracing,quickly,RB,AUX,GENERAL
D06,06_contact_tracing,and,CC,VERB,GENERAL
D06,06_contact_tracing,when,WRB,ADV,GENERAL
D06,06_contact_tracing,people,NNS,CCONJ,GENERAL
D06,06_contact_tracing,have,VBP,SCONJ,GENERAL
D06,06_contact_tracing,access,NN,NOUN,GENERAL
D06,06_contact_tracing,to,TO,VERB,GENERAL
D06,06_contact_tracing,testing,VBG,NOUN,DOMAIN_VERB
D06,06_contact_tracing,healthcare,JJ,ADP,DOMAIN_NOUN
D06,06_contact_tracing,isolation,NN,VERB,DOMAIN_NOUN
D06,06_contact_tracing,resources,NNS,NOUN,GENERAL
D06,06_contact_tracing,and,CC,NOUN,GENERAL
D06,06_contact_tracing,accurate,JJ,NOUN,GENERAL
D06,06_contact_tracing,information,NN,CCONJ,GENERAL
D06,06_contact_tracing,privacy,NN,ADJ,GENERAL
D06,06_contact_tracing,and,CC,NOUN,GENERAL
D06,06_contact_tracing,confidentiality,NN,NOUN,GENERAL
D06,06_contact_tracing,are,VBP,CCONJ,GENERAL
D06,06_contact_tracing,important,JJ,NOUN,GENERAL
D06,06_contact_tracing,because,IN,AUX,GENERAL
D06,06_contact_tracing,contact-tracing,JJ,ADJ,GENERAL
D06,06_contact_tracing,systems,NNS,SCONJ,GENERAL
D06,06_contact_tracing,handle,VBP,NOUN,GENERAL
D06,06_contact_tracing,sensitive,JJ,VERB,GENERAL
D06,06_contact_tracing,health,NN,NOUN,GENERAL
D06,06_contact_tracing,and,CC,VERB,GENERAL
D06,06_contact_tracing,exposure,NN,ADJ,GENERAL
D06,06_contact_tracing,information,NN,NOUN,GENERAL
D06,06_contact_tracing,the,DT,CCONJ,GENERAL
D06,06_contact_tracing,effectiveness,NN,NOUN,GENERAL
D06,06_contact_tracing,of,IN,NOUN,GENERAL
D06,06_contact_tracing,contact,NN,DET,DOMAIN_NOUN
D06,06_contact_tracing,tracing,NN,NOUN,DOMAIN_NOUN
D06,06_contact_tracing,can,MD,ADP,GENERAL
D06,06_contact_tracing,decrease,VB,NOUN,GENERAL
D06,06_contact_tracing,when,WRB,NOUN,GENERAL
D06,06_contact_tracing,community,NN,AUX,GENERAL
D06,06_contact_tracing,transmission,NN,VERB,DOMAIN_NOUN
D06,06_contact_tracing,is,VBZ,SCONJ,GENERAL
D06,06_contact_tracing,extremely,RB,NOUN,GENERAL
D06,06_contact_tracing,high,JJ,NOUN,GENERAL
D06,06_contact_tracing,when,WRB,AUX,GENERAL
D06,06_contact_tracing,many,JJ,ADV,GENERAL
D06,06_contact_tracing,infections,NNS,ADJ,DOMAIN_NOUN
D06,06_contact_tracing,are,VBP,SCONJ,GENERAL
D06,06_contact_tracing,asymptomatic,JJ,ADJ,DOMAIN_ADJ
D06,06_contact_tracing,or,CC,NOUN,GENERAL
D06,06_contact_tracing,when,WRB,AUX,GENERAL
D06,06_contact_tracing,cases,NNS,ADJ,GENERAL
D06,06_contact_tracing,cannot,VBP,CCONJ,GENERAL
D06,06_contact_tracing,be,VB,SCONJ,GENERAL
D06,06_contact_tracing,identified,VBN,NOUN,GENERAL
D06,06_contact_tracing,promptly,RB,AUX,GENERAL
D06,06_contact_tracing,in,IN,PART,GENERAL
D06,06_contact_tracing,such,JJ,AUX,GENERAL
D06,06_contact_tracing,situations,NNS,VERB,GENERAL
D06,06_contact_tracing,broad,JJ,ADV,GENERAL
D06,06_contact_tracing,prevention,NN,ADP,DOMAIN_NOUN
D06,06_contact_tracing,measures,NNS,ADJ,GENERAL
D06,06_contact_tracing,and,CC,NOUN,GENERAL
D06,06_contact_tracing,community,NN,ADJ,GENERAL
D06,06_contact_tracing,surveillance,NN,NOUN,DOMAIN_NOUN
D06,06_contact_tracing,may,MD,NOUN,GENERAL
D06,06_contact_tracing,be,VB,CCONJ,GENERAL
D06,06_contact_tracing,more,JJR,NOUN,GENERAL
D06,06_contact_tracing,practical,JJ,NOUN,GENERAL
D06,06_contact_tracing,complements,NNS,AUX,GENERAL
D07,07_wastewater_surveillance,wastewater,NN,NOUN,GENERAL
D07,07_wastewater_surveillance,surveillance,NN,NOUN,DOMAIN_NOUN
D07,07_wastewater_surveillance,for,IN,ADP,GENERAL
D07,07_wastewater_surveillance,respiratory,NN,ADJ,DOMAIN_ADJ
D07,07_wastewater_surveillance,viruses,NNS,NOUN,GENERAL
D07,07_wastewater_surveillance,wastewater,VBP,NOUN,GENERAL
D07,07_wastewater_surveillance,surveillance,NN,NOUN,DOMAIN_NOUN
D07,07_wastewater_surveillance,analyzes,JJ,VERB,GENERAL
D07,07_wastewater_surveillance,biological,JJ,ADJ,GENERAL
D07,07_wastewater_surveillance,material,NN,NOUN,GENERAL
D07,07_wastewater_surveillance,in,IN,ADP,GENERAL
D07,07_wastewater_surveillance,sewage,NN,NOUN,GENERAL
D07,07_wastewater_surveillance,to,TO,PART,GENERAL
D07,07_wastewater_surveillance,estimate,VB,VERB,GENERAL
D07,07_wastewater_surveillance,the,DT,DET,GENERAL
D07,07_wastewater_surveillance,presence,NN,NOUN,GENERAL
D07,07_wastewater_surveillance,or,CC,CCONJ,GENERAL
D07,07_wastewater_surveillance,trends,NNS,NOUN,GENERAL
D07,07_wastewater_surveillance,of,IN,ADP,GENERAL
D07,07_wastewater_surveillance,infectious,JJ,ADJ,DOMAIN_ADJ
D07,07_wastewater_surveillance,agents,NNS,NOUN,GENERAL
D07,07_wastewater_surveillance,within,IN,ADP,GENERAL
D07,07_wastewater_surveillance,a,DT,DET,GENERAL
D07,07_wastewater_surveillance,community,NN,NOUN,GENERAL
D07,07_wastewater_surveillance,because,IN,SCONJ,GENERAL
D07,07_wastewater_surveillance,infected,JJ,ADJ,DOMAIN_VERB
D07,07_wastewater_surveillance,individuals,NNS,NOUN,GENERAL
D07,07_wastewater_surveillance,can,MD,AUX,GENERAL
D07,07_wastewater_surveillance,shed,VB,VERB,GENERAL
D07,07_wastewater_surveillance,viral,JJ,ADJ,DOMAIN_ADJ
D07,07_wastewater_surveillance,genetic,JJ,ADJ,GENERAL
D07,07_wastewater_surveillance,material,NN,NOUN,GENERAL
D07,07_wastewater_surveillance,into,IN,ADP,GENERAL
D07,07_wastewater_surveillance,wastewater,NN,NOUN,GENERAL
D07,07_wastewater_surveillance,wastewater,NN,NOUN,GENERAL
D07,07_wastewater_surveillance,measurements,NNS,NOUN,GENERAL
D07,07_wastewater_surveillance,can,MD,AUX,GENERAL
D07,07_wastewater_surveillance,provide,VB,VERB,GENERAL
D07,07_wastewater_surveillance,population-level,JJ,NOUN,GENERAL
D07,07_wastewater_surveillance,information,NN,NOUN,GENERAL
D07,07_wastewater_surveillance,that,WDT,NOUN,GENERAL
D07,07_wastewater_surveillance,does,VBZ,PRON,GENERAL
D07,07_wastewater_surveillance,not,RB,AUX,GENERAL
D07,07_wastewater_surveillance,depend,VB,PART,GENERAL
D07,07_wastewater_surveillance,on,IN,VERB,GENERAL
D07,07_wastewater_surveillance,every,DT,ADP,GENERAL
D07,07_wastewater_surveillance,infected,JJ,DET,DOMAIN_VERB
D07,07_wastewater_surveillance,person,NN,ADJ,GENERAL
D07,07_wastewater_surveillance,seeking,VBG,NOUN,GENERAL
D07,07_wastewater_surveillance,a,DT,VERB,GENERAL
D07,07_wastewater_surveillance,clinical,JJ,DET,DOMAIN_ADJ
D07,07_wastewater_surveillance,test,NN,ADJ,DOMAIN_VERB
D07,07_wastewater_surveillance,wastewater,NN,NOUN,GENERAL
D07,07_wastewater_surveillance,surveillance,NN,NOUN,DOMAIN_NOUN
D07,07_wastewater_surveillance,can,MD,NOUN,GENERAL
D07,07_wastewater_surveillance,be,VB,AUX,GENERAL
D07,07_wastewater_surveillance,especially,RB,AUX,GENERAL
D07,07_wastewater_surveillance,useful,JJ,ADV,GENERAL
D07,07_wastewater_surveillance,when,WRB,ADJ,GENERAL
D07,07_wastewater_surveillance,individual,JJ,SCONJ,GENERAL
D07,07_wastewater_surveillance,testing,NN,ADJ,DOMAIN_VERB
D07,07_wastewater_surveillance,declines,NNS,NOUN,GENERAL
D07,07_wastewater_surveillance,trends,NNS,VERB,GENERAL
D07,07_wastewater_surveillance,may,MD,NOUN,GENERAL
D07,07_wastewater_surveillance,provide,VB,AUX,GENERAL
D07,07_wastewater_surveillance,an,DT,VERB,GENERAL
D07,07_wastewater_surveillance,early,JJ,DET,GENERAL
D07,07_wastewater_surveillance,signal,NN,ADJ,GENERAL
D07,07_wastewater_surveillance,of,IN,NOUN,GENERAL
D07,07_wastewater_surveillance,changing,VBG,ADP,GENERAL
D07,07_wastewater_surveillance,transmission,NN,VERB,DOMAIN_NOUN
D07,07_wastewater_surveillance,although,IN,NOUN,GENERAL
D07,07_wastewater_surveillance,the,DT,SCONJ,GENERAL
D07,07_wastewater_surveillance,relationship,NN,DET,GENERAL
D07,07_wastewater_surveillance,between,IN,NOUN,GENERAL
D07,07_wastewater_surveillance,wastewater,NN,ADP,GENERAL
D07,07_wastewater_surveillance,concentration,NN,NOUN,GENERAL
D07,07_wastewater_surveillance,and,CC,NOUN,GENERAL
D07,07_wastewater_surveillance,the,DT,CCONJ,GENERAL
D07,07_wastewater_surveillance,exact,JJ,DET,GENERAL
D07,07_wastewater_surveillance,number,NN,ADJ,GENERAL
D07,07_wastewater_surveillance,of,IN,NOUN,GENERAL
D07,07_wastewater_surveillance,infections,NNS,ADP,DOMAIN_NOUN
D07,07_wastewater_surveillance,is,VBZ,NOUN,GENERAL
D07,07_wastewater_surveillance,not,RB,AUX,GENERAL
D07,07_wastewater_surveillance,straightforward,JJ,PART,GENERAL
D07,07_wastewater_surveillance,interpretation,NN,ADJ,GENERAL
D07,07_wastewater_surveillance,requires,VBZ,NOUN,GENERAL
D07,07_wastewater_surveillance,attention,NN,VERB,GENERAL
D07,07_wastewater_surveillance,to,TO,NOUN,GENERAL
D07,07_wastewater_surveillance,sampling,VBG,ADP,GENERAL
D07,07_wastewater_surveillance,location,NN,VERB,GENERAL
D07,07_wastewater_surveillance,population,NN,NOUN,DOMAIN_NOUN
D07,07_wastewater_surveillance,served,VBN,NOUN,GENERAL
D07,07_wastewater_surveillance,by,IN,VERB,GENERAL
D07,07_wastewater_surveillance,the,DT,ADP,GENERAL
D07,07_wastewater_surveillance,treatment,NN,DET,GENERAL
D07,07_wastewater_surveillance,system,NN,NOUN,GENERAL
D07,07_wastewater_surveillance,rainfall,NN,NOUN,GENERAL
D07,07_wastewater_surveillance,and,CC,NOUN,GENERAL
D07,07_wastewater_surveillance,dilution,NN,CCONJ,GENERAL
D07,07_wastewater_surveillance,laboratory,NN,NOUN,GENERAL
D07,07_wastewater_surveillance,methods,NNS,NOUN,GENERAL
D07,07_wastewater_surveillance,sampling,VBG,NOUN,GENERAL
D07,07_wastewater_surveillance,frequency,NN,VERB,GENERAL
D07,07_wastewater_surveillance,and,CC,NOUN,GENERAL
D07,07_wastewater_surveillance,changes,NNS,CCONJ,GENERAL
D07,07_wastewater_surveillance,in,IN,NOUN,GENERAL
D07,07_wastewater_surveillance,shedding,VBG,ADP,GENERAL
D07,07_wastewater_surveillance,patterns,NNS,VERB,GENERAL
D07,07_wastewater_surveillance,wastewater,NN,NOUN,GENERAL
D07,07_wastewater_surveillance,data,NNS,PROPN,GENERAL
D07,07_wastewater_surveillance,are,VBP,NOUN,GENERAL
D07,07_wastewater_surveillance,most,RBS,AUX,GENERAL
D07,07_wastewater_surveillance,useful,JJ,ADV,GENERAL
D07,07_wastewater_surveillance,when,WRB,ADJ,GENERAL
D07,07_wastewater_surveillance,combined,VBN,SCONJ,GENERAL
D07,07_wastewater_surveillance,with,IN,VERB,GENERAL
D07,07_wastewater_surveillance,clinical,JJ,ADP,DOMAIN_ADJ
D07,07_wastewater_surveillance,surveillance,NN,ADJ,DOMAIN_NOUN
D07,07_wastewater_surveillance,hospital,NN,NOUN,DOMAIN_NOUN
D07,07_wastewater_surveillance,data,NNS,NOUN,GENERAL
D07,07_wastewater_surveillance,and,CC,NOUN,GENERAL
D07,07_wastewater_surveillance,other,JJ,CCONJ,GENERAL
D07,07_wastewater_surveillance,epidemiological,JJ,ADJ,DOMAIN_ADJ
D07,07_wastewater_surveillance,indicators,NNS,ADJ,GENERAL
D07,07_wastewater_surveillance,wastewater,VBP,NOUN,GENERAL
D07,07_wastewater_surveillance,surveillance,NN,NOUN,DOMAIN_NOUN
D07,07_wastewater_surveillance,generally,RB,NOUN,GENERAL
D07,07_wastewater_surveillance,does,VBZ,ADV,GENERAL
D07,07_wastewater_surveillance,not,RB,AUX,GENERAL
D07,07_wastewater_surveillance,identify,VB,PART,GENERAL
D07,07_wastewater_surveillance,individual,JJ,VERB,GENERAL
D07,07_wastewater_surveillance,infected,JJ,ADJ,DOMAIN_VERB
D07,07_wastewater_surveillance,people,NNS,VERB,GENERAL
D07,07_wastewater_surveillance,its,PRP$,NOUN,GENERAL
D07,07_wastewater_surveillance,population-level,JJ,PRON,GENERAL
D07,07_wastewater_surveillance,nature,NN,NOUN,GENERAL
D07,07_wastewater_surveillance,can,MD,NOUN,GENERAL
D07,07_wastewater_surveillance,therefore,VB,NOUN,GENERAL
D07,07_wastewater_surveillance,complement,JJ,AUX,GENERAL
D07,07_wastewater_surveillance,other,JJ,ADV,GENERAL
D07,07_wastewater_surveillance,surveillance,NN,VERB,DOMAIN_NOUN
D07,07_wastewater_surveillance,systems,NNS,ADJ,GENERAL
D07,07_wastewater_surveillance,while,IN,NOUN,GENERAL
D07,07_wastewater_surveillance,reducing,VBG,NOUN,DOMAIN_VERB
D07,07_wastewater_surveillance,dependence,NN,SCONJ,GENERAL
D07,07_wastewater_surveillance,on,IN,VERB,GENERAL
D07,07_wastewater_surveillance,individual,JJ,NOUN,GENERAL
D07,07_wastewater_surveillance,testing,VBG,ADP,DOMAIN_VERB
D07,07_wastewater_surveillance,it,PRP,ADJ,GENERAL
D07,07_wastewater_surveillance,is,VBZ,NOUN,GENERAL
D07,07_wastewater_surveillance,a,DT,PRON,GENERAL
D07,07_wastewater_surveillance,monitoring,JJ,AUX,DOMAIN_VERB
D07,07_wastewater_surveillance,tool,NN,DET,GENERAL
D07,07_wastewater_surveillance,rather,RB,NOUN,GENERAL
D07,07_wastewater_surveillance,than,IN,NOUN,GENERAL
D07,07_wastewater_surveillance,a,DT,ADV,GENERAL
D07,07_wastewater_surveillance,direct,JJ,ADP,GENERAL
D07,07_wastewater_surveillance,diagnostic,JJ,DET,DOMAIN_NOUN
D07,07_wastewater_surveillance,test,NN,ADJ,DOMAIN_VERB
D07,07_wastewater_surveillance,for,IN,ADJ,GENERAL
D07,07_wastewater_surveillance,an,DT,NOUN,GENERAL
D07,07_wastewater_surveillance,individual,NN,ADP,GENERAL
D08,08_variant_surveillance,sars-cov-2,JJ,PROPN,GENERAL
D08,08_variant_surveillance,variant,NN,ADJ,DOMAIN_NOUN
D08,08_variant_surveillance,surveillance,NN,ADJ,DOMAIN_NOUN
D08,08_variant_surveillance,variant,JJ,NOUN,DOMAIN_NOUN
D08,08_variant_surveillance,surveillance,NN,ADJ,DOMAIN_NOUN
D08,08_variant_surveillance,monitors,NNS,NOUN,DOMAIN_VERB
D08,08_variant_surveillance,genetic,JJ,VERB,GENERAL
D08,08_variant_surveillance,changes,NNS,ADJ,GENERAL
D08,08_variant_surveillance,in,IN,NOUN,GENERAL
D08,08_variant_surveillance,sars-cov-2,NN,ADP,GENERAL
D08,08_variant_surveillance,and,CC,NOUN,GENERAL
D08,08_variant_surveillance,assesses,VBZ,ADV,GENERAL
D08,08_variant_surveillance,whether,IN,CCONJ,GENERAL
D08,08_variant_surveillance,emerging,VBG,VERB,GENERAL
D08,08_variant_surveillance,lineages,NNS,SCONJ,GENERAL
D08,08_variant_surveillance,have,VBP,VERB,GENERAL
D08,08_variant_surveillance,characteristics,NNS,NOUN,GENERAL
D08,08_variant_surveillance,relevant,JJ,VERB,GENERAL
D08,08_variant_surveillance,to,TO,NOUN,GENERAL
D08,08_variant_surveillance,public,JJ,ADJ,GENERAL
D08,08_variant_surveillance,health,NN,ADP,GENERAL
D08,08_variant_surveillance,sequencing,NN,ADJ,GENERAL
D08,08_variant_surveillance,can,MD,NOUN,GENERAL
D08,08_variant_surveillance,identify,VB,NOUN,GENERAL
D08,08_variant_surveillance,viral,JJ,AUX,DOMAIN_ADJ
D08,08_variant_surveillance,lineages,NNS,VERB,GENERAL
D08,08_variant_surveillance,from,IN,ADJ,GENERAL
D08,08_variant_surveillance,selected,VBN,NOUN,GENERAL
D08,08_variant_surveillance,clinical,JJ,ADP,DOMAIN_ADJ
D08,08_variant_surveillance,specimens,NNS,VERB,GENERAL
D08,08_variant_surveillance,while,IN,ADJ,GENERAL
D08,08_variant_surveillance,genomic,JJ,NOUN,GENERAL
D08,08_variant_surveillance,databases,NNS,SCONJ,GENERAL
D08,08_variant_surveillance,allow,VBP,ADJ,GENERAL
D08,08_variant_surveillance,laboratories,NNS,NOUN,GENERAL
D08,08_variant_surveillance,and,CC,VERB,GENERAL
D08,08_variant_surveillance,researchers,NNS,NOUN,GENERAL
D08,08_variant_surveillance,to,TO,CCONJ,GENERAL
D08,08_variant_surveillance,compare,VB,NOUN,GENERAL
D08,08_variant_surveillance,sequences,NNS,PART,GENERAL
D08,08_variant_surveillance,over,IN,VERB,GENERAL
D08,08_variant_surveillance,time,NN,NOUN,GENERAL
D08,08_variant_surveillance,and,CC,ADP,GENERAL
D08,08_variant_surveillance,across,IN,NOUN,GENERAL
D08,08_variant_surveillance,locations,NNS,CCONJ,GENERAL
D08,08_variant_surveillance,a,DT,ADP,GENERAL
D08,08_variant_surveillance,newly,RB,NOUN,GENERAL
D08,08_variant_surveillance,detected,VBN,DET,DOMAIN_VERB
D08,08_variant_surveillance,mutation,NN,ADV,GENERAL
D08,08_variant_surveillance,does,VBZ,VERB,GENERAL
D08,08_variant_surveillance,not,RB,NOUN,GENERAL
D08,08_variant_surveillance,automatically,RB,AUX,GENERAL
D08,08_variant_surveillance,mean,VB,PART,GENERAL
D08,08_variant_surveillance,that,IN,ADV,GENERAL
D08,08_variant_surveillance,a,DT,VERB,GENERAL
D08,08_variant_surveillance,variant,NN,SCONJ,DOMAIN_NOUN
D08,08_variant_surveillance,is,VBZ,DET,GENERAL
D08,08_variant_surveillance,more,RBR,NOUN,GENERAL
D08,08_variant_surveillance,transmissible,JJ,AUX,GENERAL
D08,08_variant_surveillance,or,CC,ADV,GENERAL
D08,08_variant_surveillance,more,RBR,ADJ,GENERAL
D08,08_variant_surveillance,severe,JJ,CCONJ,DOMAIN_ADJ
D08,08_variant_surveillance,researchers,NNS,ADV,GENERAL
D08,08_variant_surveillance,evaluate,VBP,ADJ,GENERAL
D08,08_variant_surveillance,changes,NNS,NOUN,GENERAL
D08,08_variant_surveillance,using,VBG,VERB,GENERAL
D08,08_variant_surveillance,laboratory,NN,NOUN,GENERAL
D08,08_variant_surveillance,studies,NNS,VERB,GENERAL
D08,08_variant_surveillance,epidemiological,JJ,NOUN,DOMAIN_ADJ
D08,08_variant_surveillance,data,NNS,NOUN,GENERAL
D08,08_variant_surveillance,clinical,JJ,ADJ,DOMAIN_ADJ
D08,08_variant_surveillance,outcomes,NNS,NOUN,GENERAL
D08,08_variant_surveillance,and,CC,ADJ,GENERAL
D08,08_variant_surveillance,population-level,JJ,NOUN,GENERAL
D08,08_variant_surveillance,observations,NNS,CCONJ,GENERAL
D08,08_variant_surveillance,multiple,JJ,NOUN,GENERAL
D08,08_variant_surveillance,mutations,NNS,NOUN,GENERAL
D08,08_variant_surveillance,can,MD,NOUN,GENERAL
D08,08_variant_surveillance,occur,VB,ADJ,GENERAL
D08,08_variant_surveillance,together,RB,NOUN,GENERAL
D08,08_variant_surveillance,and,CC,AUX,GENERAL
D08,08_variant_surveillance,the,DT,VERB,GENERAL
D08,08_variant_surveillance,biological,JJ,ADV,GENERAL
D08,08_variant_surveillance,effect,NN,CCONJ,GENERAL
D08,08_variant_surveillance,of,IN,DET,GENERAL
D08,08_variant_surveillance,a,DT,ADJ,GENERAL
D08,08_variant_surveillance,mutation,NN,NOUN,GENERAL
D08,08_variant_surveillance,depends,VBZ,ADP,GENERAL
D08,08_variant_surveillance,on,IN,DET,GENERAL
D08,08_variant_surveillance,its,PRP$,NOUN,GENERAL
D08,08_variant_surveillance,location,NN,VERB,GENERAL
D08,08_variant_surveillance,and,CC,ADP,GENERAL
D08,08_variant_surveillance,context,NN,PRON,GENERAL
D08,08_variant_surveillance,variant,NN,NOUN,DOMAIN_NOUN
D08,08_variant_surveillance,surveillance,NN,CCONJ,DOMAIN_NOUN
D08,08_variant_surveillance,helps,VBZ,NOUN,GENERAL
D08,08_variant_surveillance,public-health,NN,ADJ,DOMAIN_ADJ
D08,08_variant_surveillance,agencies,NNS,NOUN,GENERAL
D08,08_variant_surveillance,detect,VBP,VERB,DOMAIN_VERB
D08,08_variant_surveillance,changes,NNS,ADJ,GENERAL
D08,08_variant_surveillance,that,WDT,NOUN,GENERAL
D08,08_variant_surveillance,may,MD,NOUN,GENERAL
D08,08_variant_surveillance,affect,VB,VERB,GENERAL
D08,08_variant_surveillance,diagnostics,NNS,NOUN,GENERAL
D08,08_variant_surveillance,therapeutics,NNS,PRON,GENERAL
D08,08_variant_surveillance,vaccines,NNS,AUX,DOMAIN_NOUN
D08,08_variant_surveillance,or,CC,VERB,GENERAL
D08,08_variant_surveillance,transmission,NN,NOUN,DOMAIN_NOUN
D08,08_variant_surveillance,patterns,NNS,NOUN,GENERAL
D08,08_variant_surveillance,however,RB,NOUN,GENERAL
D08,08_variant_surveillance,sequencing,VBG,CCONJ,GENERAL
D08,08_variant_surveillance,samples,NNS,NOUN,GENERAL
D08,08_variant_surveillance,are,VBP,NOUN,GENERAL
D08,08_variant_surveillance,not,RB,ADV,GENERAL
D08,08_variant_surveillance,always,RB,VERB,GENERAL
D08,08_variant_surveillance,representative,VB,NOUN,GENERAL
D08,08_variant_surveillance,of,IN,AUX,GENERAL
D08,08_variant_surveillance,all,DT,PART,GENERAL
D08,08_variant_surveillance,infections,NNS,ADV,DOMAIN_NOUN
D08,08_variant_surveillance,differences,NNS,ADJ,GENERAL
D08,08_variant_surveillance,in,IN,ADP,GENERAL
D08,08_variant_surveillance,sampling,VBG,DET,GENERAL
D08,08_variant_surveillance,and,CC,NOUN,GENERAL
D08,08_variant_surveillance,sequencing,VBG,NOUN,GENERAL
D08,08_variant_surveillance,capacity,NN,ADP,GENERAL
D08,08_variant_surveillance,can,MD,VERB,GENERAL
D08,08_variant_surveillance,influence,VB,CCONJ,GENERAL
D08,08_variant_surveillance,which,WDT,VERB,GENERAL
D08,08_variant_surveillance,variants,NNS,NOUN,DOMAIN_NOUN
D08,08_variant_surveillance,are,VBP,AUX,GENERAL
D08,08_variant_surveillance,observed,JJ,VERB,GENERAL
D08,08_variant_surveillance,genomic,JJ,PRON,GENERAL
D08,08_variant_surveillance,surveillance,NN,NOUN,DOMAIN_NOUN
D08,08_variant_surveillance,works,NNS,AUX,GENERAL
D08,08_variant_surveillance,best,RB,VERB,GENERAL
D08,08_variant_surveillance,when,WRB,ADJ,GENERAL
D08,08_variant_surveillance,linked,VBN,NOUN,GENERAL
D08,08_variant_surveillance,with,IN,VERB,GENERAL
D08,08_variant_surveillance,epidemiological,JJ,ADV,DOMAIN_ADJ
D08,08_variant_surveillance,and,CC,SCONJ,GENERAL
D08,08_variant_surveillance,clinical,JJ,VERB,DOMAIN_ADJ
D08,08_variant_surveillance,information,NN,ADP,GENERAL
D08,08_variant_surveillance,sequence,NN,ADJ,GENERAL
D08,08_variant_surveillance,data,NNS,CCONJ,GENERAL
D08,08_variant_surveillance,can,MD,ADJ,GENERAL
D08,08_variant_surveillance,identify,VB,NOUN,GENERAL
D08,08_variant_surveillance,what,WP,NOUN,GENERAL
D08,08_variant_surveillance,is,VBZ,NOUN,GENERAL
D08,08_variant_surveillance,circulating,VBG,AUX,GENERAL
D08,08_variant_surveillance,while,IN,VERB,GENERAL
D08,08_variant_surveillance,other,JJ,PRON,GENERAL
D08,08_variant_surveillance,datasets,NNS,AUX,GENERAL
D08,08_variant_surveillance,help,VBP,VERB,GENERAL
D08,08_variant_surveillance,determine,VB,SCONJ,GENERAL
D08,08_variant_surveillance,the,DT,ADJ,GENERAL
D08,08_variant_surveillance,practical,JJ,NOUN,GENERAL
D08,08_variant_surveillance,public-health,NN,VERB,DOMAIN_ADJ
D08,08_variant_surveillance,significance,NN,VERB,GENERAL
D08,08_variant_surveillance,of,IN,DET,GENERAL
D08,08_variant_surveillance,those,DT,ADJ,GENERAL
D08,08_variant_surveillance,lineages,NNS,ADJ,GENERAL
D09,09_outbreak_investigation,infectious,JJ,ADJ,DOMAIN_ADJ
D09,09_outbreak_investigation,disease,NN,NOUN,DOMAIN_NOUN
D09,09_outbreak_investigation,outbreak,NN,VERB,DOMAIN_NOUN
D09,09_outbreak_investigation,investigation,NN,NOUN,GENERAL
D09,09_outbreak_investigation,an,DT,DET,GENERAL
D09,09_outbreak_investigation,outbreak,JJ,NOUN,DOMAIN_NOUN
D09,09_outbreak_investigation,investigation,NN,NOUN,GENERAL
D09,09_outbreak_investigation,seeks,VBZ,VERB,GENERAL
D09,09_outbreak_investigation,to,TO,PART,GENERAL
D09,09_outbreak_investigation,determine,VB,VERB,GENERAL
D09,09_outbreak_investigation,whether,IN,SCONJ,GENERAL
D09,09_outbreak_investigation,an,DT,DET,GENERAL
D09,09_outbreak_investigation,unusual,JJ,ADJ,GENERAL
D09,09_outbreak_investigation,increase,NN,NOUN,GENERAL
D09,09_outbreak_investigation,in,IN,ADP,GENERAL
D09,09_outbreak_investigation,disease,NN,NOUN,DOMAIN_NOUN
D09,09_outbreak_investigation,has,VBZ,AUX,GENERAL
D09,09_outbreak_investigation,occurred,VBN,VERB,GENERAL
D09,09_outbreak_investigation,characterize,NNS,VERB,GENERAL
D09,09_outbreak_investigation,affected,VBD,ADJ,GENERAL
D09,09_outbreak_investigation,people,NNS,NOUN,GENERAL
D09,09_outbreak_investigation,and,CC,CCONJ,GENERAL
D09,09_outbreak_investigation,settings,NNS,NOUN,GENERAL
D09,09_outbreak_investigation,identify,VBP,VERB,GENERAL
D09,09_outbreak_investigation,likely,JJ,ADJ,GENERAL
D09,09_outbreak_investigation,sources,NNS,NOUN,GENERAL
D09,09_outbreak_investigation,or,CC,CCONJ,GENERAL
D09,09_outbreak_investigation,transmission,NN,NOUN,DOMAIN_NOUN
D09,09_outbreak_investigation,routes,NNS,NOUN,GENERAL
D09,09_outbreak_investigation,and,CC,CCONJ,GENERAL
D09,09_outbreak_investigation,guide,VB,VERB,GENERAL
D09,09_outbreak_investigation,control,NN,NOUN,GENERAL
D09,09_outbreak_investigation,measures,VBZ,NOUN,GENERAL
D09,09_outbreak_investigation,the,DT,DET,GENERAL
D09,09_outbreak_investigation,investigation,NN,NOUN,GENERAL
D09,09_outbreak_investigation,begins,VBZ,VERB,GENERAL
D09,09_outbreak_investigation,with,IN,ADP,GENERAL
D09,09_outbreak_investigation,a,DT,DET,GENERAL
D09,09_outbreak_investigation,clear,JJ,ADJ,GENERAL
D09,09_outbreak_investigation,case,NN,NOUN,GENERAL
D09,09_outbreak_investigation,definition,NN,NOUN,GENERAL
D09,09_outbreak_investigation,and,CC,CCONJ,GENERAL
D09,09_outbreak_investigation,confirmation,NN,NOUN,GENERAL
D09,09_outbreak_investigation,that,IN,SCONJ,GENERAL
D09,09_outbreak_investigation,the,DT,DET,GENERAL
D09,09_outbreak_investigation,observed,JJ,ADJ,GENERAL
D09,09_outbreak_investigation,increase,NN,NOUN,GENERAL
D09,09_outbreak_investigation,is,VBZ,AUX,GENERAL
D09,09_outbreak_investigation,greater,JJR,ADJ,GENERAL
D09,09_outbreak_investigation,than,IN,SCONJ,GENERAL
D09,09_outbreak_investigation,expected,VBN,VERB,GENERAL
D09,09_outbreak_investigation,investigators,NNS,NOUN,GENERAL
D09,09_outbreak_investigation,construct,VBP,VERB,GENERAL
D09,09_outbreak_investigation,descriptive,JJ,ADJ,GENERAL
D09,09_outbreak_investigation,summaries,NNS,NOUN,GENERAL
D09,09_outbreak_investigation,by,IN,ADP,GENERAL
D09,09_outbreak_investigation,time,NN,NOUN,GENERAL
D09,09_outbreak_investigation,place,NN,NOUN,GENERAL
D09,09_outbreak_investigation,and,CC,CCONJ,GENERAL
D09,09_outbreak_investigation,person,NN,NOUN,GENERAL
D09,09_outbreak_investigation,an,DT,DET,GENERAL
D09,09_outbreak_investigation,epidemic,JJ,NOUN,DOMAIN_NOUN
D09,09_outbreak_investigation,curve,NN,NOUN,GENERAL
D09,09_outbreak_investigation,can,MD,AUX,GENERAL
D09,09_outbreak_investigation,show,VB,VERB,GENERAL
D09,09_outbreak_investigation,the,DT,DET,GENERAL
D09,09_outbreak_investigation,timing,NN,NOUN,GENERAL
D09,09_outbreak_investigation,of,IN,ADP,GENERAL
D09,09_outbreak_investigation,illness,JJ,NOUN,GENERAL
D09,09_outbreak_investigation,onset,NN,NOUN,GENERAL
D09,09_outbreak_investigation,and,CC,CCONJ,GENERAL
D09,09_outbreak_investigation,may,MD,AUX,GENERAL
D09,09_outbreak_investigation,provide,VB,VERB,GENERAL
D09,09_outbreak_investigation,clues,NNS,NOUN,GENERAL
D09,09_outbreak_investigation,about,IN,ADP,GENERAL
D09,09_outbreak_investigation,the,DT,DET,GENERAL
D09,09_outbreak_investigation,type,NN,NOUN,GENERAL
D09,09_outbreak_investigation,of,IN,ADP,GENERAL
D09,09_outbreak_investigation,exposure,NN,NOUN,GENERAL
D09,09_outbreak_investigation,mapping,NN,NOUN,GENERAL
D09,09_outbreak_investigation,cases,NNS,NOUN,GENERAL
D09,09_outbreak_investigation,can,MD,AUX,GENERAL
D09,09_outbreak_investigation,identify,VB,VERB,GENERAL
D09,09_outbreak_investigation,geographic,JJ,ADJ,GENERAL
D09,09_outbreak_investigation,clustering,VBG,NOUN,GENERAL
D09,09_outbreak_investigation,while,IN,SCONJ,GENERAL
D09,09_outbreak_investigation,demographic,JJ,ADJ,GENERAL
D09,09_outbreak_investigation,analysis,NN,NOUN,GENERAL
D09,09_outbreak_investigation,can,MD,AUX,GENERAL
D09,09_outbreak_investigation,reveal,VB,VERB,GENERAL
D09,09_outbreak_investigation,differences,NNS,NOUN,GENERAL
D09,09_outbreak_investigation,by,IN,ADP,GENERAL
D09,09_outbreak_investigation,age,NN,NOUN,GENERAL
D09,09_outbreak_investigation,occupation,NN,NOUN,GENERAL
D09,09_outbreak_investigation,or,CC,CCONJ,GENERAL
D09,09_outbreak_investigation,other,JJ,ADJ,GENERAL
D09,09_outbreak_investigation,characteristics,NNS,NOUN,GENERAL
D09,09_outbreak_investigation,analytical,JJ,ADJ,GENERAL
D09,09_outbreak_investigation,epidemiology,NN,NOUN,DOMAIN_NOUN
D09,09_outbreak_investigation,may,MD,AUX,GENERAL
D09,09_outbreak_investigation,compare,VB,VERB,GENERAL
D09,09_outbreak_investigation,exposures,NNS,NOUN,GENERAL
D09,09_outbreak_investigation,among,IN,ADP,GENERAL
D09,09_outbreak_investigation,cases,NNS,NOUN,GENERAL
D09,09_outbreak_investigation,and,CC,CCONJ,GENERAL
D09,09_outbreak_investigation,controls,NNS,NOUN,GENERAL
D09,09_outbreak_investigation,or,CC,CCONJ,GENERAL
D09,09_outbreak_investigation,among,IN,ADP,GENERAL
D09,09_outbreak_investigation,exposed,VBN,VERB,GENERAL
D09,09_outbreak_investigation,and,CC,CCONJ,GENERAL
D09,09_outbreak_investigation,unexposed,JJ,ADJ,GENERAL
D09,09_outbreak_investigation,groups,NNS,NOUN,GENERAL
D09,09_outbreak_investigation,investigators,NNS,NOUN,GENERAL
D09,09_outbreak_investigation,must,MD,AUX,GENERAL
D09,09_outbreak_investigation,consider,VB,VERB,GENERAL
D09,09_outbreak_investigation,recall,NN,NOUN,GENERAL
D09,09_outbreak_investigation,bias,NN,NOUN,GENERAL
D09,09_outbreak_investigation,selection,NN,NOUN,GENERAL
D09,09_outbreak_investigation,bias,IN,NOUN,GENERAL
D09,09_outbreak_investigation,confounding,VBG,VERB,GENERAL
D09,09_outbreak_investigation,and,CC,CCONJ,GENERAL
D09,09_outbreak_investigation,incomplete,JJ,ADJ,GENERAL
D09,09_outbreak_investigation,reporting,NN,VERB,GENERAL
D09,09_outbreak_investigation,laboratory,NN,NOUN,GENERAL
D09,09_outbreak_investigation,testing,NN,NOUN,DOMAIN_VERB
D09,09_outbreak_investigation,and,CC,CCONJ,GENERAL
D09,09_outbreak_investigation,genomic,JJ,ADJ,GENERAL
D09,09_outbreak_investigation,sequencing,NN,NOUN,GENERAL
D09,09_outbreak_investigation,can,MD,AUX,GENERAL
D09,09_outbreak_investigation,provide,VB,VERB,GENERAL
D09,09_outbreak_investigation,additional,JJ,ADJ,GENERAL
D09,09_outbreak_investigation,evidence,NN,NOUN,GENERAL
D09,09_outbreak_investigation,control,NN,NOUN,GENERAL
D09,09_outbreak_investigation,measures,NNS,NOUN,GENERAL
D09,09_outbreak_investigation,should,MD,AUX,GENERAL
D09,09_outbreak_investigation,not,RB,PART,GENERAL
D09,09_outbreak_investigation,necessarily,RB,ADV,GENERAL
D09,09_outbreak_investigation,wait,VB,VERB,GENERAL
D09,09_outbreak_investigation,until,IN,SCONJ,GENERAL
D09,09_outbreak_investigation,every,DT,DET,GENERAL
D09,09_outbreak_investigation,scientific,JJ,ADJ,GENERAL
D09,09_outbreak_investigation,question,NN,NOUN,GENERAL
D09,09_outbreak_investigation,is,VBZ,AUX,GENERAL
D09,09_outbreak_investigation,resolved,VBN,VERB,GENERAL
D09,09_outbreak_investigation,depending,VBG,VERB,GENERAL
D09,09_outbreak_investigation,on,IN,ADP,GENERAL
D09,09_outbreak_investigation,the,DT,DET,GENERAL
D09,09_outbreak_investigation,pathogen,NN,NOUN,DOMAIN_NOUN
D09,09_outbreak_investigation,and,CC,CCONJ,GENERAL
D09,09_outbreak_investigation,circumstances,NNS,NOUN,GENERAL
D09,09_outbreak_investigation,measures,NNS,NOUN,GENERAL
D09,09_outbreak_investigation,can,MD,AUX,GENERAL
D09,09_outbreak_investigation,include,VB,VERB,GENERAL
D09,09_outbreak_investigation,isolation,NN,NOUN,DOMAIN_NOUN
D09,09_outbreak_investigation,vaccination,NN,NOUN,DOMAIN_NOUN
D09,09_outbreak_investigation,environmental,JJ,ADJ,GENERAL
D09,09_outbreak_investigation,controls,NNS,NOUN,GENERAL
D09,09_outbreak_investigation,communication,NN,NOUN,GENERAL
D09,09_outbreak_investigation,testing,VBG,NOUN,DOMAIN_VERB
D09,09_outbreak_investigation,and,CC,CCONJ,GENERAL
D09,09_outbreak_investigation,targeted,JJ,VERB,GENERAL
D09,09_outbreak_investigation,restrictions,NNS,NOUN,GENERAL
D09,09_outbreak_investigation,investigators,NNS,NOUN,GENERAL
D09,09_outbreak_investigation,continue,VBP,VERB,GENERAL
D09,09_outbreak_investigation,evaluating,VBG,VERB,GENERAL
D09,09_outbreak_investigation,the,DT,DET,GENERAL
D09,09_outbreak_investigation,outbreak,NN,NOUN,DOMAIN_NOUN
D09,09_outbreak_investigation,as,IN,SCONJ,GENERAL
D09,09_outbreak_investigation,new,JJ,ADJ,GENERAL
D09,09_outbreak_investigation,evidence,NN,NOUN,GENERAL
D09,09_outbreak_investigation,becomes,VBZ,VERB,GENERAL
D09,09_outbreak_investigation,available,JJ,ADJ,GENERAL
D10,10_public_health_surveillance,public,JJ,ADJ,GENERAL
D10,10_public_health_surveillance,health,NN,NOUN,GENERAL
D10,10_public_health_surveillance,surveillance,NN,NOUN,DOMAIN_NOUN
D10,10_public_health_surveillance,systems,NNS,NOUN,GENERAL
D10,10_public_health_surveillance,public,JJ,ADJ,GENERAL
D10,10_public_health_surveillance,health,NN,NOUN,GENERAL
D10,10_public_health_surveillance,surveillance,NN,NOUN,DOMAIN_NOUN
D10,10_public_health_surveillance,is,VBZ,AUX,GENERAL
D10,10_public_health_surveillance,the,DT,DET,GENERAL
D10,10_public_health_surveillance,continuous,JJ,ADJ,GENERAL
D10,10_public_health_surveillance,and,CC,CCONJ,GENERAL
D10,10_public_health_surveillance,systematic,JJ,ADJ,GENERAL
D10,10_public_health_surveillance,collection,NN,NOUN,GENERAL
D10,10_public_health_surveillance,analysis,NN,NOUN,GENERAL
D10,10_public_health_surveillance,interpretation,NN,NOUN,GENERAL
D10,10_public_health_surveillance,and,CC,CCONJ,GENERAL
D10,10_public_health_surveillance,dissemination,NN,NOUN,GENERAL
D10,10_public_health_surveillance,of,IN,ADP,GENERAL
D10,10_public_health_surveillance,health,NN,NOUN,GENERAL
D10,10_public_health_surveillance,information,NN,NOUN,GENERAL
D10,10_public_health_surveillance,for,IN,ADP,GENERAL
D10,10_public_health_surveillance,action,NN,NOUN,GENERAL
D10,10_public_health_surveillance,surveillance,NN,NOUN,DOMAIN_NOUN
D10,10_public_health_surveillance,systems,NNS,NOUN,GENERAL
D10,10_public_health_surveillance,can,MD,AUX,GENERAL
D10,10_public_health_surveillance,monitor,VB,VERB,DOMAIN_VERB
D10,10_public_health_surveillance,infectious,JJ,ADJ,DOMAIN_ADJ
D10,10_public_health_surveillance,diseases,NNS,NOUN,DOMAIN_NOUN
D10,10_public_health_surveillance,through,IN,ADP,GENERAL
D10,10_public_health_surveillance,case,NN,NOUN,GENERAL
D10,10_public_health_surveillance,reports,NNS,VERB,GENERAL
D10,10_public_health_surveillance,laboratory,NN,NOUN,GENERAL
D10,10_public_health_surveillance,results,NNS,NOUN,GENERAL
D10,10_public_health_surveillance,hospital,NN,NOUN,DOMAIN_NOUN
D10,10_public_health_surveillance,records,NNS,NOUN,GENERAL
D10,10_public_health_surveillance,mortality,NN,NOUN,DOMAIN_NOUN
D10,10_public_health_surveillance,data,NNS,NOUN,GENERAL
D10,10_public_health_surveillance,syndromic,JJ,ADJ,GENERAL
D10,10_public_health_surveillance,indicators,NNS,NOUN,GENERAL
D10,10_public_health_surveillance,sentinel,VBP,VERB,GENERAL
D10,10_public_health_surveillance,sites,NNS,NOUN,GENERAL
D10,10_public_health_surveillance,and,CC,CCONJ,GENERAL
D10,10_public_health_surveillance,community-level,JJ,NOUN,GENERAL
D10,10_public_health_surveillance,measurements,NNS,NOUN,GENERAL
D10,10_public_health_surveillance,a,DT,NOUN,GENERAL
D10,10_public_health_surveillance,surveillance,NN,DET,DOMAIN_NOUN
D10,10_public_health_surveillance,system,NN,NOUN,GENERAL
D10,10_public_health_surveillance,begins,VBZ,NOUN,GENERAL
D10,10_public_health_surveillance,with,IN,VERB,GENERAL
D10,10_public_health_surveillance,a,DT,ADP,GENERAL
D10,10_public_health_surveillance,defined,JJ,DET,GENERAL
D10,10_public_health_surveillance,objective,NN,VERB,GENERAL
D10,10_public_health_surveillance,the,DT,NOUN,GENERAL
D10,10_public_health_surveillance,case,NN,DET,GENERAL
D10,10_public_health_surveillance,definition,NN,NOUN,GENERAL
D10,10_public_health_surveillance,determines,NNS,NOUN,GENERAL
D10,10_public_health_surveillance,which,WDT,VERB,GENERAL
D10,10_public_health_surveillance,events,NNS,PRON,GENERAL
D10,10_public_health_surveillance,are,VBP,NOUN,GENERAL
D10,10_public_health_surveillance,counted,VBN,AUX,GENERAL
D10,10_public_health_surveillance,while,IN,VERB,GENERAL
D10,10_public_health_surveillance,reporting,VBG,SCONJ,GENERAL
D10,10_public_health_surveillance,rules,NNS,VERB,GENERAL
D10,10_public_health_surveillance,specify,VB,NOUN,GENERAL
D10,10_public_health_surveillance,how,WRB,VERB,GENERAL
D10,10_public_health_surveillance,and,CC,SCONJ,GENERAL
D10,10_public_health_surveillance,when,WRB,CCONJ,GENERAL
D10,10_public_health_surveillance,information,NN,SCONJ,GENERAL
D10,10_public_health_surveillance,is,VBZ,NOUN,GENERAL
D10,10_public_health_surveillance,submitted,VBN,AUX,GENERAL
D10,10_public_health_surveillance,data,NNS,VERB,GENERAL
D10,10_public_health_surveillance,quality,NN,NOUN,GENERAL
D10,10_public_health_surveillance,depends,VBZ,NOUN,GENERAL
D10,10_public_health_surveillance,on,IN,VERB,GENERAL
D10,10_public_health_surveillance,completeness,NN,ADP,GENERAL
D10,10_public_health_surveillance,timeliness,NN,ADJ,GENERAL
D10,10_public_health_surveillance,consistency,NN,NOUN,GENERAL
D10,10_public_health_surveillance,and,CC,NOUN,GENERAL
D10,10_public_health_surveillance,representativeness,VB,CCONJ,GENERAL
D10,10_public_health_surveillance,passive,JJ,VERB,GENERAL
D10,10_public_health_surveillance,surveillance,NN,ADJ,DOMAIN_NOUN
D10,10_public_health_surveillance,relies,NNS,NOUN,GENERAL
D10,10_public_health_surveillance,on,IN,NOUN,GENERAL
D10,10_public_health_surveillance,routine,JJ,ADP,GENERAL
D10,10_public_health_surveillance,reporting,NN,ADJ,GENERAL
D10,10_public_health_surveillance,and,CC,NOUN,GENERAL
D10,10_public_health_surveillance,can,MD,CCONJ,GENERAL
D10,10_public_health_surveillance,be,VB,AUX,GENERAL
D10,10_public_health_surveillance,relatively,RB,AUX,GENERAL
D10,10_public_health_surveillance,efficient,JJ,ADV,GENERAL
D10,10_public_health_surveillance,but,CC,ADJ,GENERAL
D10,10_public_health_surveillance,may,MD,CCONJ,GENERAL
D10,10_public_health_surveillance,miss,VB,AUX,GENERAL
D10,10_public_health_surveillance,cases,NNS,VERB,GENERAL
D10,10_public_health_surveillance,active,JJ,NOUN,GENERAL
D10,10_public_health_surveillance,surveillance,NN,ADJ,DOMAIN_NOUN
D10,10_public_health_surveillance,involves,VBZ,NOUN,GENERAL
D10,10_public_health_surveillance,more,RBR,VERB,GENERAL
D10,10_public_health_surveillance,direct,JJ,ADV,GENERAL
D10,10_public_health_surveillance,efforts,NNS,ADJ,GENERAL
D10,10_public_health_surveillance,to,TO,NOUN,GENERAL
D10,10_public_health_surveillance,identify,VB,PART,GENERAL
D10,10_public_health_surveillance,cases,NNS,VERB,GENERAL
D10,10_public_health_surveillance,and,CC,NOUN,GENERAL
D10,10_public_health_surveillance,can,MD,CCONJ,GENERAL
D10,10_public_health_surveillance,improve,VB,AUX,GENERAL
D10,10_public_health_surveillance,completeness,NN,VERB,GENERAL
D10,10_public_health_surveillance,at,IN,NOUN,GENERAL
D10,10_public_health_surveillance,greater,JJR,ADP,GENERAL
D10,10_public_health_surveillance,cost,NN,ADJ,GENERAL
D10,10_public_health_surveillance,sentinel,NN,NOUN,GENERAL
D10,10_public_health_surveillance,surveillance,NN,NOUN,DOMAIN_NOUN
D10,10_public_health_surveillance,collects,VBZ,NOUN,GENERAL
D10,10_public_health_surveillance,detailed,JJ,VERB,GENERAL
D10,10_public_health_surveillance,information,NN,ADJ,GENERAL
D10,10_public_health_surveillance,from,IN,NOUN,GENERAL
D10,10_public_health_surveillance,selected,VBN,ADP,GENERAL
D10,10_public_health_surveillance,sites,NNS,VERB,GENERAL
D10,10_public_health_surveillance,and,CC,NOUN,GENERAL
D10,10_public_health_surveillance,may,MD,CCONJ,GENERAL
D10,10_public_health_surveillance,be,VB,AUX,GENERAL
D10,10_public_health_surveillance,useful,JJ,AUX,GENERAL
D10,10_public_health_surveillance,for,IN,ADJ,GENERAL
D10,10_public_health_surveillance,monitoring,VBG,ADP,DOMAIN_VERB
D10,10_public_health_surveillance,trends,NNS,VERB,GENERAL
D10,10_public_health_surveillance,surveillance,NN,NOUN,DOMAIN_NOUN
D10,10_public_health_surveillance,data,NNS,NOUN,GENERAL
D10,10_public_health_surveillance,should,MD,NOUN,GENERAL
D10,10_public_health_surveillance,be,VB,AUX,GENERAL
D10,10_public_health_surveillance,interpreted,VBN,AUX,GENERAL
D10,10_public_health_surveillance,carefully,RB,VERB,GENERAL
D10,10_public_health_surveillance,changes,NNS,ADV,GENERAL
D10,10_public_health_surveillance,in,IN,NOUN,GENERAL
D10,10_public_health_surveillance,reporting,VBG,ADP,GENERAL
D10,10_public_health_surveillance,systems,NNS,VERB,GENERAL
D10,10_public_health_surveillance,testing,VBG,NOUN,DOMAIN_VERB
D10,10_public_health_surveillance,practices,NNS,NOUN,GENERAL
D10,10_public_health_surveillance,healthcare,JJ,VERB,DOMAIN_NOUN
D10,10_public_health_surveillance,access,NN,NOUN,GENERAL
D10,10_public_health_surveillance,or,CC,NOUN,GENERAL
D10,10_public_health_surveillance,case,NN,CCONJ,GENERAL
D10,10_public_health_surveillance,definitions,NNS,NOUN,GENERAL
D10,10_public_health_surveillance,can,MD,NOUN,GENERAL
D10,10_public_health_surveillance,create,VB,AUX,GENERAL
D10,10_public_health_surveillance,apparent,JJ,VERB,GENERAL
D10,10_public_health_surveillance,changes,NNS,ADJ,GENERAL
D10,10_public_health_surveillance,that,WDT,NOUN,GENERAL
D10,10_public_health_surveillance,are,VBP,PRON,GENERAL
D10,10_public_health_surveillance,not,RB,AUX,GENERAL
D10,10_public_health_surveillance,purely,RB,PART,GENERAL
D10,10_public_health_surveillance,epidemiological,JJ,ADV,DOMAIN_ADJ
D10,10_public_health_surveillance,public-health,NN,ADJ,DOMAIN_ADJ
D10,10_public_health_surveillance,decision-making,NN,ADJ,GENERAL
D10,10_public_health_surveillance,therefore,NN,NOUN,GENERAL
D10,10_public_health_surveillance,benefits,NNS,NOUN,GENERAL
D10,10_public_health_surveillance,from,IN,VERB,GENERAL
D10,10_public_health_surveillance,triangulating,VBG,ADV,GENERAL
D10,10_public_health_surveillance,multiple,JJ,NOUN,GENERAL
D10,10_public_health_surveillance,data,NNS,ADP,GENERAL
D10,10_public_health_surveillance,sources,NNS,VERB,GENERAL
D11,11_infection_prevention_healthcare,infection,NN,NOUN,DOMAIN_NOUN
D11,11_infection_prevention_healthcare,prevention,NN,NOUN,DOMAIN_NOUN
D11,11_infection_prevention_healthcare,in,IN,ADP,GENERAL
D11,11_infection_prevention_healthcare,healthcare,JJ,NOUN,DOMAIN_NOUN
D11,11_infection_prevention_healthcare,settings,NNS,NOUN,GENERAL
D11,11_infection_prevention_healthcare,healthcare,NN,PROPN,DOMAIN_NOUN
D11,11_infection_prevention_healthcare,facilities,NNS,NOUN,GENERAL
D11,11_infection_prevention_healthcare,require,VBP,VERB,GENERAL
D11,11_infection_prevention_healthcare,layered,JJ,ADJ,GENERAL
D11,11_infection_prevention_healthcare,infection-prevention,NN,NOUN,GENERAL
D11,11_infection_prevention_healthcare,measures,NNS,NOUN,GENERAL
D11,11_infection_prevention_healthcare,because,IN,NOUN,GENERAL
D11,11_infection_prevention_healthcare,patients,NNS,SCONJ,DOMAIN_NOUN
D11,11_infection_prevention_healthcare,and,CC,NOUN,GENERAL
D11,11_infection_prevention_healthcare,healthcare,JJ,CCONJ,DOMAIN_NOUN
D11,11_infection_prevention_healthcare,workers,NNS,NOUN,GENERAL
D11,11_infection_prevention_healthcare,may,MD,NOUN,GENERAL
D11,11_infection_prevention_healthcare,encounter,RB,AUX,GENERAL
D11,11_infection_prevention_healthcare,infectious,JJ,VERB,DOMAIN_ADJ
D11,11_infection_prevention_healthcare,individuals,NNS,ADJ,GENERAL
D11,11_infection_prevention_healthcare,in,IN,NOUN,GENERAL
D11,11_infection_prevention_healthcare,close-contact,JJ,ADP,GENERAL
D11,11_infection_prevention_healthcare,environments,NNS,ADJ,GENERAL
D11,11_infection_prevention_healthcare,core,NN,NOUN,GENERAL
D11,11_infection_prevention_healthcare,practices,NNS,NOUN,GENERAL
D11,11_infection_prevention_healthcare,include,VBP,NOUN,GENERAL
D11,11_infection_prevention_healthcare,hand,NN,NOUN,GENERAL
D11,11_infection_prevention_healthcare,hygiene,NN,VERB,GENERAL
D11,11_infection_prevention_healthcare,appropriate,JJ,NOUN,GENERAL
D11,11_infection_prevention_healthcare,use,NN,VERB,GENERAL
D11,11_infection_prevention_healthcare,of,IN,ADJ,GENERAL
D11,11_infection_prevention_healthcare,personal,JJ,NOUN,GENERAL
D11,11_infection_prevention_healthcare,protective,JJ,ADP,GENERAL
D11,11_infection_prevention_healthcare,equipment,NN,ADJ,GENERAL
D11,11_infection_prevention_healthcare,environmental,JJ,ADJ,GENERAL
D11,11_infection_prevention_healthcare,cleaning,NN,NOUN,GENERAL
D11,11_infection_prevention_healthcare,respiratory,NN,ADJ,DOMAIN_ADJ
D11,11_infection_prevention_healthcare,hygiene,NN,NOUN,GENERAL
D11,11_infection_prevention_healthcare,and,CC,ADJ,GENERAL
D11,11_infection_prevention_healthcare,safe,JJ,NOUN,GENERAL
D11,11_infection_prevention_healthcare,patient,NN,CCONJ,DOMAIN_NOUN
D11,11_infection_prevention_healthcare,placement,NN,ADJ,GENERAL
D11,11_infection_prevention_healthcare,administrative,JJ,ADJ,GENERAL
D11,11_infection_prevention_healthcare,measures,NNS,NOUN,GENERAL
D11,11_infection_prevention_healthcare,can,MD,ADJ,GENERAL
D11,11_infection_prevention_healthcare,include,VB,NOUN,GENERAL
D11,11_infection_prevention_healthcare,screening,VBG,AUX,GENERAL
D11,11_infection_prevention_healthcare,or,CC,VERB,GENERAL
D11,11_infection_prevention_healthcare,triage,NN,NOUN,GENERAL
D11,11_infection_prevention_healthcare,procedures,NNS,CCONJ,GENERAL
D11,11_infection_prevention_healthcare,staff,NN,NOUN,GENERAL
D11,11_infection_prevention_healthcare,training,VBG,NOUN,GENERAL
D11,11_infection_prevention_healthcare,vaccination,NN,NOUN,DOMAIN_NOUN
D11,11_infection_prevention_healthcare,programs,NNS,NOUN,GENERAL
D11,11_infection_prevention_healthcare,and,CC,NOUN,GENERAL
D11,11_infection_prevention_healthcare,policies,NNS,NOUN,GENERAL
D11,11_infection_prevention_healthcare,for,IN,CCONJ,GENERAL
D11,11_infection_prevention_healthcare,managing,VBG,NOUN,GENERAL
D11,11_infection_prevention_healthcare,symptomatic,JJ,ADP,DOMAIN_ADJ
D11,11_infection_prevention_healthcare,healthcare,NN,VERB,DOMAIN_NOUN
D11,11_infection_prevention_healthcare,workers,NNS,ADJ,GENERAL
D11,11_infection_prevention_healthcare,engineering,NN,NOUN,GENERAL
D11,11_infection_prevention_healthcare,controls,NNS,NOUN,GENERAL
D11,11_infection_prevention_healthcare,include,VBP,NOUN,GENERAL
D11,11_infection_prevention_healthcare,ventilation,JJ,NOUN,GENERAL
D11,11_infection_prevention_healthcare,physical,JJ,VERB,GENERAL
D11,11_infection_prevention_healthcare,separation,NN,NOUN,GENERAL
D11,11_infection_prevention_healthcare,and,CC,ADJ,GENERAL
D11,11_infection_prevention_healthcare,room,NN,NOUN,GENERAL
D11,11_infection_prevention_healthcare,design,NN,CCONJ,GENERAL
D11,11_infection_prevention_healthcare,personal,JJ,NOUN,GENERAL
D11,11_infection_prevention_healthcare,protective,JJ,NOUN,GENERAL
D11,11_infection_prevention_healthcare,equipment,NN,ADJ,GENERAL
D11,11_infection_prevention_healthcare,is,VBZ,ADJ,GENERAL
D11,11_infection_prevention_healthcare,selected,VBN,NOUN,GENERAL
D11,11_infection_prevention_healthcare,according,VBG,AUX,GENERAL
D11,11_infection_prevention_healthcare,to,TO,VERB,GENERAL
D11,11_infection_prevention_healthcare,the,DT,VERB,GENERAL
D11,11_infection_prevention_healthcare,anticipated,JJ,ADP,GENERAL
D11,11_infection_prevention_healthcare,exposure,NN,DET,GENERAL
D11,11_infection_prevention_healthcare,and,CC,ADJ,GENERAL
D11,11_infection_prevention_healthcare,task,NN,NOUN,GENERAL
D11,11_infection_prevention_healthcare,infection,NN,CCONJ,DOMAIN_NOUN
D11,11_infection_prevention_healthcare,prevention,NN,NOUN,DOMAIN_NOUN
D11,11_infection_prevention_healthcare,programs,NNS,NOUN,GENERAL
D11,11_infection_prevention_healthcare,also,RB,NOUN,GENERAL
D11,11_infection_prevention_healthcare,depend,VBP,NOUN,GENERAL
D11,11_infection_prevention_healthcare,on,IN,ADV,GENERAL
D11,11_infection_prevention_healthcare,monitoring,NN,VERB,DOMAIN_VERB
D11,11_infection_prevention_healthcare,facilities,NNS,ADP,GENERAL
D11,11_infection_prevention_healthcare,can,MD,VERB,GENERAL
D11,11_infection_prevention_healthcare,track,VB,NOUN,DOMAIN_VERB
D11,11_infection_prevention_healthcare,healthcare-associated,JJ,AUX,GENERAL
D11,11_infection_prevention_healthcare,infections,NNS,VERB,DOMAIN_NOUN
D11,11_infection_prevention_healthcare,respiratory,JJ,NOUN,DOMAIN_ADJ
D11,11_infection_prevention_healthcare,illness,NN,VERB,GENERAL
D11,11_infection_prevention_healthcare,among,IN,NOUN,GENERAL
D11,11_infection_prevention_healthcare,staff,NN,ADJ,GENERAL
D11,11_infection_prevention_healthcare,compliance,NN,NOUN,GENERAL
D11,11_infection_prevention_healthcare,with,IN,ADP,GENERAL
D11,11_infection_prevention_healthcare,selected,VBN,NOUN,GENERAL
D11,11_infection_prevention_healthcare,practices,NNS,NOUN,GENERAL
D11,11_infection_prevention_healthcare,and,CC,ADP,GENERAL
D11,11_infection_prevention_healthcare,environmental,JJ,VERB,GENERAL
D11,11_infection_prevention_healthcare,indicators,NNS,NOUN,GENERAL
D11,11_infection_prevention_healthcare,training,VBG,CCONJ,GENERAL
D11,11_infection_prevention_healthcare,should,MD,ADJ,GENERAL
D11,11_infection_prevention_healthcare,be,VB,NOUN,GENERAL
D11,11_infection_prevention_healthcare,repeated,VBN,NOUN,GENERAL
D11,11_infection_prevention_healthcare,and,CC,AUX,GENERAL
D11,11_infection_prevention_healthcare,adapted,VBN,AUX,GENERAL
D11,11_infection_prevention_healthcare,when,WRB,VERB,GENERAL
D11,11_infection_prevention_healthcare,evidence,NN,CCONJ,GENERAL
D11,11_infection_prevention_healthcare,or,CC,VERB,GENERAL
D11,11_infection_prevention_healthcare,recommendations,NNS,SCONJ,GENERAL
D11,11_infection_prevention_healthcare,change,VBP,NOUN,GENERAL
D11,11_infection_prevention_healthcare,no,DT,CCONJ,GENERAL
D11,11_infection_prevention_healthcare,single,JJ,NOUN,GENERAL
D11,11_infection_prevention_healthcare,control,NN,VERB,GENERAL
D11,11_infection_prevention_healthcare,is,VBZ,DET,GENERAL
D11,11_infection_prevention_healthcare,sufficient,JJ,ADJ,GENERAL
D11,11_infection_prevention_healthcare,in,IN,NOUN,GENERAL
D11,11_infection_prevention_healthcare,every,DT,AUX,GENERAL
D11,11_infection_prevention_healthcare,situation,NN,ADJ,GENERAL
D11,11_infection_prevention_healthcare,layered,VBN,ADP,GENERAL
D11,11_infection_prevention_healthcare,prevention,NN,DET,DOMAIN_NOUN
D11,11_infection_prevention_healthcare,reduces,NNS,NOUN,DOMAIN_VERB
D11,11_infection_prevention_healthcare,reliance,NN,ADJ,GENERAL
D11,11_infection_prevention_healthcare,on,IN,NOUN,GENERAL
D11,11_infection_prevention_healthcare,one,CD,VERB,GENERAL
D11,11_infection_prevention_healthcare,barrier,NN,NOUN,GENERAL
D11,11_infection_prevention_healthcare,and,CC,ADP,GENERAL
D11,11_infection_prevention_healthcare,can,MD,NUM,GENERAL
D11,11_infection_prevention_healthcare,be,VB,NOUN,GENERAL
D11,11_infection_prevention_healthcare,adapted,VBN,CCONJ,GENERAL
D11,11_infection_prevention_healthcare,according,VBG,AUX,GENERAL
D11,11_infection_prevention_healthcare,to,TO,AUX,GENERAL
D11,11_infection_prevention_healthcare,the,DT,VERB,GENERAL
D11,11_infection_prevention_healthcare,pathogen,NN,VERB,DOMAIN_NOUN
D11,11_infection_prevention_healthcare,transmission,NN,ADP,DOMAIN_NOUN
D11,11_infection_prevention_healthcare,route,NN,DET,GENERAL
D11,11_infection_prevention_healthcare,patient,JJ,NOUN,DOMAIN_NOUN
D11,11_infection_prevention_healthcare,population,NN,NOUN,DOMAIN_NOUN
D11,11_infection_prevention_healthcare,and,CC,NOUN,GENERAL
D11,11_infection_prevention_healthcare,local,JJ,ADJ,GENERAL
D11,11_infection_prevention_healthcare,outbreak,NN,NOUN,DOMAIN_NOUN
D11,11_infection_prevention_healthcare,conditions,NNS,CCONJ,GENERAL
D12,12_vaccine_safety_monitoring,vaccine,NN,NOUN,DOMAIN_NOUN
D12,12_vaccine_safety_monitoring,safety,NN,NOUN,GENERAL
D12,12_vaccine_safety_monitoring,and,CC,CCONJ,GENERAL
D12,12_vaccine_safety_monitoring,adverse,JJ,ADJ,GENERAL
D12,12_vaccine_safety_monitoring,event,NN,NOUN,GENERAL
D12,12_vaccine_safety_monitoring,monitoring,NN,VERB,DOMAIN_VERB
D12,12_vaccine_safety_monitoring,vaccine,NN,NOUN,DOMAIN_NOUN
D12,12_vaccine_safety_monitoring,safety,NN,NOUN,GENERAL
D12,12_vaccine_safety_monitoring,monitoring,NN,NOUN,DOMAIN_VERB
D12,12_vaccine_safety_monitoring,continues,VBZ,VERB,GENERAL
D12,12_vaccine_safety_monitoring,after,IN,SCONJ,GENERAL
D12,12_vaccine_safety_monitoring,vaccines,NNS,NOUN,DOMAIN_NOUN
D12,12_vaccine_safety_monitoring,are,VBP,AUX,GENERAL
D12,12_vaccine_safety_monitoring,authorized,VBN,VERB,GENERAL
D12,12_vaccine_safety_monitoring,or,CC,CCONJ,GENERAL
D12,12_vaccine_safety_monitoring,licensed,VBN,VERB,GENERAL
D12,12_vaccine_safety_monitoring,because,IN,SCONJ,GENERAL
D12,12_vaccine_safety_monitoring,very,RB,ADV,GENERAL
D12,12_vaccine_safety_monitoring,rare,JJ,ADJ,GENERAL
D12,12_vaccine_safety_monitoring,adverse,JJ,ADJ,GENERAL
D12,12_vaccine_safety_monitoring,events,NNS,NOUN,GENERAL
D12,12_vaccine_safety_monitoring,may,MD,AUX,GENERAL
D12,12_vaccine_safety_monitoring,only,RB,ADV,GENERAL
D12,12_vaccine_safety_monitoring,become,VB,VERB,GENERAL
D12,12_vaccine_safety_monitoring,detectable,JJ,ADJ,GENERAL
D12,12_vaccine_safety_monitoring,when,WRB,SCONJ,GENERAL
D12,12_vaccine_safety_monitoring,millions,NNS,NOUN,GENERAL
D12,12_vaccine_safety_monitoring,of,IN,ADP,GENERAL
D12,12_vaccine_safety_monitoring,doses,NNS,NOUN,GENERAL
D12,12_vaccine_safety_monitoring,are,VBP,AUX,GENERAL
D12,12_vaccine_safety_monitoring,administered,VBN,VERB,GENERAL
D12,12_vaccine_safety_monitoring,surveillance,NN,NOUN,DOMAIN_NOUN
D12,12_vaccine_safety_monitoring,systems,NNS,NOUN,GENERAL
D12,12_vaccine_safety_monitoring,collect,JJ,VERB,GENERAL
D12,12_vaccine_safety_monitoring,reports,NNS,NOUN,GENERAL
D12,12_vaccine_safety_monitoring,of,IN,ADP,GENERAL
D12,12_vaccine_safety_monitoring,health,NN,NOUN,GENERAL
D12,12_vaccine_safety_monitoring,events,NNS,NOUN,GENERAL
D12,12_vaccine_safety_monitoring,that,WDT,PRON,GENERAL
D12,12_vaccine_safety_monitoring,occur,VBP,VERB,GENERAL
D12,12_vaccine_safety_monitoring,after,IN,ADP,GENERAL
D12,12_vaccine_safety_monitoring,vaccination,NN,NOUN,DOMAIN_NOUN
D12,12_vaccine_safety_monitoring,and,CC,CCONJ,GENERAL
D12,12_vaccine_safety_monitoring,investigate,NN,VERB,GENERAL
D12,12_vaccine_safety_monitoring,signals,NNS,NOUN,GENERAL
D12,12_vaccine_safety_monitoring,that,WDT,PRON,GENERAL
D12,12_vaccine_safety_monitoring,may,MD,AUX,GENERAL
D12,12_vaccine_safety_monitoring,indicate,VB,VERB,GENERAL
D12,12_vaccine_safety_monitoring,a,DT,DET,GENERAL
D12,12_vaccine_safety_monitoring,potential,JJ,ADJ,GENERAL
D12,12_vaccine_safety_monitoring,association,NN,NOUN,GENERAL
D12,12_vaccine_safety_monitoring,an,DT,DET,GENERAL
D12,12_vaccine_safety_monitoring,adverse,JJ,ADJ,GENERAL
D12,12_vaccine_safety_monitoring,event,NN,NOUN,GENERAL
D12,12_vaccine_safety_monitoring,following,VBG,VERB,GENERAL
D12,12_vaccine_safety_monitoring,immunization,NN,NOUN,DOMAIN_NOUN
D12,12_vaccine_safety_monitoring,is,VBZ,AUX,GENERAL
D12,12_vaccine_safety_monitoring,not,RB,PART,GENERAL
D12,12_vaccine_safety_monitoring,automatically,RB,ADV,GENERAL
D12,12_vaccine_safety_monitoring,caused,VBN,VERB,GENERAL
D12,12_vaccine_safety_monitoring,by,IN,ADP,GENERAL
D12,12_vaccine_safety_monitoring,the,DT,DET,GENERAL
D12,12_vaccine_safety_monitoring,vaccine,NN,NOUN,DOMAIN_NOUN
D12,12_vaccine_safety_monitoring,the,DT,DET,GENERAL
D12,12_vaccine_safety_monitoring,event,NN,NOUN,GENERAL
D12,12_vaccine_safety_monitoring,may,MD,AUX,GENERAL
D12,12_vaccine_safety_monitoring,be,VB,AUX,GENERAL
D12,12_vaccine_safety_monitoring,coincidental,JJ,ADJ,GENERAL
D12,12_vaccine_safety_monitoring,associated,VBN,VERB,GENERAL
D12,12_vaccine_safety_monitoring,with,IN,ADP,GENERAL
D12,12_vaccine_safety_monitoring,another,DT,DET,GENERAL
D12,12_vaccine_safety_monitoring,medical,JJ,ADJ,GENERAL
D12,12_vaccine_safety_monitoring,condition,NN,NOUN,GENERAL
D12,12_vaccine_safety_monitoring,or,CC,CCONJ,GENERAL
D12,12_vaccine_safety_monitoring,potentially,RB,ADV,GENERAL
D12,12_vaccine_safety_monitoring,related,VBN,VERB,GENERAL
D12,12_vaccine_safety_monitoring,to,TO,ADP,GENERAL
D12,12_vaccine_safety_monitoring,vaccination,NN,NOUN,DOMAIN_NOUN
D12,12_vaccine_safety_monitoring,safety,NN,NOUN,GENERAL
D12,12_vaccine_safety_monitoring,assessment,NN,NOUN,GENERAL
D12,12_vaccine_safety_monitoring,therefore,IN,ADV,GENERAL
D12,12_vaccine_safety_monitoring,considers,NNS,VERB,GENERAL
D12,12_vaccine_safety_monitoring,background,VBP,NOUN,GENERAL
D12,12_vaccine_safety_monitoring,rates,NNS,NOUN,GENERAL
D12,12_vaccine_safety_monitoring,timing,VBG,VERB,GENERAL
D12,12_vaccine_safety_monitoring,biological,JJ,ADJ,GENERAL
D12,12_vaccine_safety_monitoring,plausibility,NN,NOUN,GENERAL
D12,12_vaccine_safety_monitoring,comparison,NN,NOUN,GENERAL
D12,12_vaccine_safety_monitoring,groups,NNS,NOUN,GENERAL
D12,12_vaccine_safety_monitoring,and,CC,CCONJ,GENERAL
D12,12_vaccine_safety_monitoring,other,JJ,ADJ,GENERAL
D12,12_vaccine_safety_monitoring,evidence,NN,NOUN,GENERAL
D12,12_vaccine_safety_monitoring,passive,JJ,ADJ,GENERAL
D12,12_vaccine_safety_monitoring,reporting,NN,NOUN,GENERAL
D12,12_vaccine_safety_monitoring,systems,NNS,NOUN,GENERAL
D12,12_vaccine_safety_monitoring,are,VBP,AUX,GENERAL
D12,12_vaccine_safety_monitoring,valuable,JJ,ADJ,GENERAL
D12,12_vaccine_safety_monitoring,for,IN,ADP,GENERAL
D12,12_vaccine_safety_monitoring,signal,JJ,NOUN,GENERAL
D12,12_vaccine_safety_monitoring,detection,NN,NOUN,GENERAL
D12,12_vaccine_safety_monitoring,but,CC,CCONJ,GENERAL
D12,12_vaccine_safety_monitoring,can,MD,AUX,GENERAL
D12,12_vaccine_safety_monitoring,be,VB,AUX,GENERAL
D12,12_vaccine_safety_monitoring,affected,VBN,VERB,GENERAL
D12,12_vaccine_safety_monitoring,by,IN,ADP,GENERAL
D12,12_vaccine_safety_monitoring,underreporting,VBG,VERB,GENERAL
D12,12_vaccine_safety_monitoring,stimulated,VBN,VERB,GENERAL
D12,12_vaccine_safety_monitoring,reporting,NN,NOUN,GENERAL
D12,12_vaccine_safety_monitoring,and,CC,CCONJ,GENERAL
D12,12_vaccine_safety_monitoring,incomplete,JJ,ADJ,GENERAL
D12,12_vaccine_safety_monitoring,clinical,JJ,ADJ,DOMAIN_ADJ
D12,12_vaccine_safety_monitoring,information,NN,NOUN,GENERAL
D12,12_vaccine_safety_monitoring,active,JJ,ADJ,GENERAL
D12,12_vaccine_safety_monitoring,surveillance,NN,NOUN,DOMAIN_NOUN
D12,12_vaccine_safety_monitoring,and,CC,CCONJ,GENERAL
D12,12_vaccine_safety_monitoring,epidemiological,JJ,ADJ,DOMAIN_ADJ
D12,12_vaccine_safety_monitoring,studies,NNS,NOUN,GENERAL
D12,12_vaccine_safety_monitoring,can,MD,AUX,GENERAL
D12,12_vaccine_safety_monitoring,provide,VB,VERB,GENERAL
D12,12_vaccine_safety_monitoring,stronger,JJR,ADJ,GENERAL
D12,12_vaccine_safety_monitoring,estimates,NNS,NOUN,GENERAL
D12,12_vaccine_safety_monitoring,of,IN,ADP,GENERAL
D12,12_vaccine_safety_monitoring,incidence,NN,NOUN,DOMAIN_NOUN
D12,12_vaccine_safety_monitoring,and,CC,CCONJ,GENERAL
D12,12_vaccine_safety_monitoring,relative,JJ,ADJ,GENERAL
D12,12_vaccine_safety_monitoring,risk,NN,NOUN,DOMAIN_NOUN
D12,12_vaccine_safety_monitoring,clear,JJ,ADJ,GENERAL
D12,12_vaccine_safety_monitoring,communication,NN,NOUN,GENERAL
D12,12_vaccine_safety_monitoring,should,MD,AUX,GENERAL
D12,12_vaccine_safety_monitoring,distinguish,VB,VERB,GENERAL
D12,12_vaccine_safety_monitoring,a,DT,DET,GENERAL
D12,12_vaccine_safety_monitoring,reported,JJ,VERB,GENERAL
D12,12_vaccine_safety_monitoring,event,NN,NOUN,GENERAL
D12,12_vaccine_safety_monitoring,from,IN,ADP,GENERAL
D12,12_vaccine_safety_monitoring,a,DT,DET,GENERAL
D12,12_vaccine_safety_monitoring,confirmed,VBN,VERB,GENERAL
D12,12_vaccine_safety_monitoring,causal,NN,NOUN,GENERAL
D12,12_vaccine_safety_monitoring,relationship,NN,NOUN,GENERAL
D12,12_vaccine_safety_monitoring,vaccine,NN,NOUN,DOMAIN_NOUN
D12,12_vaccine_safety_monitoring,safety,NN,NOUN,GENERAL
D12,12_vaccine_safety_monitoring,decisions,NNS,NOUN,GENERAL
D12,12_vaccine_safety_monitoring,are,VBP,AUX,GENERAL
D12,12_vaccine_safety_monitoring,based,VBN,VERB,GENERAL
D12,12_vaccine_safety_monitoring,on,IN,ADP,GENERAL
D12,12_vaccine_safety_monitoring,accumulated,JJ,VERB,GENERAL
D12,12_vaccine_safety_monitoring,evidence,NN,NOUN,GENERAL
D12,12_vaccine_safety_monitoring,rather,RB,ADV,GENERAL
D12,12_vaccine_safety_monitoring,than,IN,ADP,GENERAL
D12,12_vaccine_safety_monitoring,a,DT,DET,GENERAL
D12,12_vaccine_safety_monitoring,single,JJ,ADJ,GENERAL
D12,12_vaccine_safety_monitoring,report,NN,NOUN,GENERAL
D12,12_vaccine_safety_monitoring,monitoring,NN,NOUN,DOMAIN_VERB
D12,12_vaccine_safety_monitoring,can,MD,AUX,GENERAL
D12,12_vaccine_safety_monitoring,lead,VB,VERB,GENERAL
D12,12_vaccine_safety_monitoring,to,TO,ADP,GENERAL
D12,12_vaccine_safety_monitoring,updated,JJ,VERB,GENERAL
D12,12_vaccine_safety_monitoring,warnings,NNS,NOUN,GENERAL
D12,12_vaccine_safety_monitoring,recommendations,NNS,NOUN,GENERAL
D12,12_vaccine_safety_monitoring,or,CC,CCONJ,GENERAL
D12,12_vaccine_safety_monitoring,continued,VBN,VERB,GENERAL
D12,12_vaccine_safety_monitoring,use,NN,NOUN,GENERAL
D12,12_vaccine_safety_monitoring,when,WRB,SCONJ,GENERAL
D12,12_vaccine_safety_monitoring,evidence,NN,NOUN,GENERAL
D12,12_vaccine_safety_monitoring,supports,VBZ,VERB,GENERAL
D12,12_vaccine_safety_monitoring,a,DT,DET,GENERAL
D12,12_vaccine_safety_monitoring,favorable,JJ,ADJ,GENERAL
D12,12_vaccine_safety_monitoring,benefit-risk,NN,NOUN,GENERAL
D12,12_vaccine_safety_monitoring,profile,NN,NOUN,GENERAL
D13,13_risk_communication,risk,NN,NOUN,DOMAIN_NOUN
D13,13_risk_communication,communication,NN,NOUN,GENERAL
D13,13_risk_communication,during,IN,ADP,GENERAL
D13,13_risk_communication,infectious,JJ,ADJ,DOMAIN_ADJ
D13,13_risk_communication,disease,NN,NOUN,DOMAIN_NOUN
D13,13_risk_communication,events,NNS,NOUN,GENERAL
D13,13_risk_communication,risk,JJ,NOUN,DOMAIN_NOUN
D13,13_risk_communication,communication,NN,NOUN,GENERAL
D13,13_risk_communication,provides,VBZ,VERB,GENERAL
D13,13_risk_communication,people,NNS,NOUN,GENERAL
D13,13_risk_communication,with,IN,ADP,GENERAL
D13,13_risk_communication,information,NN,NOUN,GENERAL
D13,13_risk_communication,needed,VBN,VERB,GENERAL
D13,13_risk_communication,to,TO,PART,GENERAL
D13,13_risk_communication,understand,VB,VERB,GENERAL
D13,13_risk_communication,a,DT,DET,GENERAL
D13,13_risk_communication,public-health,NN,ADJ,DOMAIN_ADJ
D13,13_risk_communication,threat,NN,NOUN,GENERAL
D13,13_risk_communication,and,CC,NOUN,GENERAL
D13,13_risk_communication,make,VB,CCONJ,GENERAL
D13,13_risk_communication,informed,JJ,VERB,GENERAL
D13,13_risk_communication,decisions,NNS,ADJ,GENERAL
D13,13_risk_communication,effective,JJ,NOUN,DOMAIN_ADJ
D13,13_risk_communication,communication,NN,ADJ,GENERAL
D13,13_risk_communication,should,MD,NOUN,GENERAL
D13,13_risk_communication,explain,VB,AUX,GENERAL
D13,13_risk_communication,what,WP,VERB,GENERAL
D13,13_risk_communication,is,VBZ,PRON,GENERAL
D13,13_risk_communication,known,VBN,AUX,GENERAL
D13,13_risk_communication,what,WP,VERB,GENERAL
D13,13_risk_communication,is,VBZ,PRON,GENERAL
D13,13_risk_communication,uncertain,JJ,AUX,GENERAL
D13,13_risk_communication,what,WP,ADJ,GENERAL
D13,13_risk_communication,actions,NNS,DET,GENERAL
D13,13_risk_communication,are,VBP,NOUN,GENERAL
D13,13_risk_communication,recommended,VBN,AUX,GENERAL
D13,13_risk_communication,and,CC,VERB,GENERAL
D13,13_risk_communication,why,WRB,CCONJ,GENERAL
D13,13_risk_communication,recommendations,NNS,SCONJ,GENERAL
D13,13_risk_communication,may,MD,NOUN,GENERAL
D13,13_risk_communication,change,VB,AUX,GENERAL
D13,13_risk_communication,numbers,NNS,VERB,GENERAL
D13,13_risk_communication,should,MD,NOUN,GENERAL
D13,13_risk_communication,be,VB,AUX,GENERAL
D13,13_risk_communication,presented,VBN,AUX,GENERAL
D13,13_risk_communication,with,IN,VERB,GENERAL
D13,13_risk_communication,context,NN,ADP,GENERAL
D13,13_risk_communication,for,IN,NOUN,GENERAL
D13,13_risk_communication,example,NN,ADP,GENERAL
D13,13_risk_communication,a,DT,NOUN,GENERAL
D13,13_risk_communication,percentage,NN,DET,GENERAL
D13,13_risk_communication,without,IN,NOUN,GENERAL
D13,13_risk_communication,a,DT,ADP,GENERAL
D13,13_risk_communication,denominator,NN,DET,GENERAL
D13,13_risk_communication,comparison,NN,NOUN,GENERAL
D13,13_risk_communication,group,NN,NOUN,GENERAL
D13,13_risk_communication,time,NN,NOUN,GENERAL
D13,13_risk_communication,period,NN,NOUN,GENERAL
D13,13_risk_communication,or,CC,NOUN,GENERAL
D13,13_risk_communication,outcome,NN,CCONJ,GENERAL
D13,13_risk_communication,can,MD,NOUN,GENERAL
D13,13_risk_communication,be,VB,AUX,GENERAL
D13,13_risk_communication,misleading,JJ,AUX,GENERAL
D13,13_risk_communication,communicators,NNS,VERB,GENERAL
D13,13_risk_communication,should,MD,NOUN,GENERAL
D13,13_risk_communication,distinguish,VB,AUX,GENERAL
D13,13_risk_communication,absolute,NN,VERB,GENERAL
D13,13_risk_communication,risk,NN,ADJ,DOMAIN_NOUN
D13,13_risk_communication,from,IN,NOUN,GENERAL
D13,13_risk_communication,relative,JJ,ADP,GENERAL
D13,13_risk_communication,risk,NN,ADJ,DOMAIN_NOUN
D13,13_risk_communication,and,CC,NOUN,GENERAL
D13,13_risk_communication,avoid,VB,CCONJ,GENERAL
D13,13_risk_communication,implying,VBG,VERB,GENERAL
D13,13_risk_communication,certainty,NN,VERB,GENERAL
D13,13_risk_communication,when,WRB,NOUN,GENERAL
D13,13_risk_communication,evidence,NN,SCONJ,GENERAL
D13,13_risk_communication,remains,VBZ,NOUN,GENERAL
D13,13_risk_communication,limited,JJ,VERB,GENERAL
D13,13_risk_communication,trust,NN,ADJ,GENERAL
D13,13_risk_communication,can,MD,NOUN,GENERAL
D13,13_risk_communication,be,VB,AUX,GENERAL
D13,13_risk_communication,supported,VBN,AUX,GENERAL
D13,13_risk_communication,by,IN,VERB,GENERAL
D13,13_risk_communication,acknowledging,VBG,ADP,GENERAL
D13,13_risk_communication,uncertainty,NN,VERB,GENERAL
D13,13_risk_communication,rather,RB,NOUN,GENERAL
D13,13_risk_communication,than,IN,ADV,GENERAL
D13,13_risk_communication,hiding,VBG,ADP,GENERAL
D13,13_risk_communication,it,PRP,VERB,GENERAL
D13,13_risk_communication,during,IN,PRON,GENERAL
D13,13_risk_communication,a,DT,ADP,GENERAL
D13,13_risk_communication,rapidly,RB,DET,GENERAL
D13,13_risk_communication,changing,VBG,ADV,GENERAL
D13,13_risk_communication,outbreak,JJ,VERB,DOMAIN_NOUN
D13,13_risk_communication,evidence,NN,NOUN,GENERAL
D13,13_risk_communication,can,MD,NOUN,GENERAL
D13,13_risk_communication,evolve,VB,AUX,GENERAL
D13,13_risk_communication,as,IN,VERB,GENERAL
D13,13_risk_communication,new,JJ,SCONJ,GENERAL
D13,13_risk_communication,studies,NNS,ADJ,GENERAL
D13,13_risk_communication,become,VBP,NOUN,GENERAL
D13,13_risk_communication,available,JJ,VERB,GENERAL
D13,13_risk_communication,explaining,VBG,ADJ,GENERAL
D13,13_risk_communication,the,DT,VERB,GENERAL
D13,13_risk_communication,reason,NN,DET,GENERAL
D13,13_risk_communication,for,IN,NOUN,GENERAL
D13,13_risk_communication,an,DT,ADP,GENERAL
D13,13_risk_communication,updated,JJ,DET,GENERAL
D13,13_risk_communication,recommendation,NN,VERB,GENERAL
D13,13_risk_communication,can,MD,NOUN,GENERAL
D13,13_risk_communication,help,VB,AUX,GENERAL
D13,13_risk_communication,people,NNS,VERB,GENERAL
D13,13_risk_communication,understand,VBP,NOUN,GENERAL
D13,13_risk_communication,that,IN,VERB,GENERAL
D13,13_risk_communication,changing,VBG,SCONJ,GENERAL
D13,13_risk_communication,guidance,NN,VERB,GENERAL
D13,13_risk_communication,does,VBZ,NOUN,GENERAL
D13,13_risk_communication,not,RB,AUX,GENERAL
D13,13_risk_communication,necessarily,RB,PART,GENERAL
D13,13_risk_communication,mean,VB,ADV,GENERAL
D13,13_risk_communication,that,IN,VERB,GENERAL
D13,13_risk_communication,earlier,JJR,SCONJ,GENERAL
D13,13_risk_communication,information,NN,ADJ,GENERAL
D13,13_risk_communication,was,VBD,NOUN,GENERAL
D13,13_risk_communication,intentionally,RB,AUX,GENERAL
D13,13_risk_communication,misleading,JJ,ADV,GENERAL
D13,13_risk_communication,communication,NN,ADJ,GENERAL
D13,13_risk_communication,should,MD,NOUN,GENERAL
D13,13_risk_communication,also,RB,AUX,GENERAL
D13,13_risk_communication,consider,VB,ADV,GENERAL
D13,13_risk_communication,language,NN,VERB,GENERAL
D13,13_risk_communication,accessibility,NN,NOUN,GENERAL
D13,13_risk_communication,cultural,JJ,NOUN,GENERAL
D13,13_risk_communication,context,NN,ADJ,GENERAL
D13,13_risk_communication,and,CC,NOUN,GENERAL
D13,13_risk_communication,misinformation,NN,CCONJ,GENERAL
D13,13_risk_communication,public-health,NN,NOUN,DOMAIN_ADJ
D13,13_risk_communication,messages,NNS,ADJ,GENERAL
D13,13_risk_communication,are,VBP,NOUN,GENERAL
D13,13_risk_communication,more,RBR,NOUN,GENERAL
D13,13_risk_communication,useful,JJ,AUX,GENERAL
D13,13_risk_communication,when,WRB,ADV,GENERAL
D13,13_risk_communication,they,PRP,ADJ,GENERAL
D13,13_risk_communication,provide,VBP,SCONJ,GENERAL
D13,13_risk_communication,practical,JJ,PRON,GENERAL
D13,13_risk_communication,actions,NNS,VERB,GENERAL
D13,13_risk_communication,and,CC,ADJ,GENERAL
D13,13_risk_communication,identify,VB,NOUN,GENERAL
D13,13_risk_communication,reliable,JJ,CCONJ,GENERAL
D13,13_risk_communication,sources,NNS,VERB,GENERAL
D13,13_risk_communication,for,IN,ADJ,GENERAL
D13,13_risk_communication,additional,JJ,NOUN,GENERAL
D13,13_risk_communication,information,NN,ADP,GENERAL
D14,14_school_outbreak_prevention,respiratory,JJ,ADJ,DOMAIN_ADJ
D14,14_school_outbreak_prevention,infection,NN,NOUN,DOMAIN_NOUN
D14,14_school_outbreak_prevention,prevention,NN,NOUN,DOMAIN_NOUN
D14,14_school_outbreak_prevention,in,IN,ADP,GENERAL
D14,14_school_outbreak_prevention,schools,NNS,NOUN,GENERAL
D14,14_school_outbreak_prevention,schools,NNS,NOUN,GENERAL
D14,14_school_outbreak_prevention,are,VBP,AUX,GENERAL
D14,14_school_outbreak_prevention,environments,NNS,NOUN,GENERAL
D14,14_school_outbreak_prevention,where,WRB,SCONJ,GENERAL
D14,14_school_outbreak_prevention,students,NNS,NOUN,GENERAL
D14,14_school_outbreak_prevention,and,CC,CCONJ,GENERAL
D14,14_school_outbreak_prevention,staff,NN,NOUN,GENERAL
D14,14_school_outbreak_prevention,interact,NN,VERB,GENERAL
D14,14_school_outbreak_prevention,frequently,RB,ADV,GENERAL
D14,14_school_outbreak_prevention,so,RB,ADV,GENERAL
D14,14_school_outbreak_prevention,respiratory,JJ,ADJ,DOMAIN_ADJ
D14,14_school_outbreak_prevention,infections,NNS,NOUN,DOMAIN_NOUN
D14,14_school_outbreak_prevention,can,MD,AUX,GENERAL
D14,14_school_outbreak_prevention,spread,VB,VERB,DOMAIN_VERB
D14,14_school_outbreak_prevention,through,IN,ADP,GENERAL
D14,14_school_outbreak_prevention,close,JJ,ADJ,GENERAL
D14,14_school_outbreak_prevention,contact,NN,NOUN,DOMAIN_NOUN
D14,14_school_outbreak_prevention,and,CC,CCONJ,GENERAL
D14,14_school_outbreak_prevention,shared,VBD,VERB,GENERAL
D14,14_school_outbreak_prevention,indoor,JJ,ADJ,GENERAL
D14,14_school_outbreak_prevention,air,NN,NOUN,GENERAL
D14,14_school_outbreak_prevention,prevention,NN,NOUN,DOMAIN_NOUN
D14,14_school_outbreak_prevention,strategies,NNS,NOUN,GENERAL
D14,14_school_outbreak_prevention,should,MD,AUX,GENERAL
D14,14_school_outbreak_prevention,be,VB,AUX,GENERAL
D14,14_school_outbreak_prevention,proportionate,VB,ADJ,GENERAL
D14,14_school_outbreak_prevention,to,TO,ADP,GENERAL
D14,14_school_outbreak_prevention,local,JJ,ADJ,GENERAL
D14,14_school_outbreak_prevention,disease,NN,NOUN,DOMAIN_NOUN
D14,14_school_outbreak_prevention,activity,NN,NOUN,GENERAL
D14,14_school_outbreak_prevention,and,CC,CCONJ,GENERAL
D14,14_school_outbreak_prevention,the,DT,DET,GENERAL
D14,14_school_outbreak_prevention,needs,NNS,NOUN,GENERAL
D14,14_school_outbreak_prevention,of,IN,ADP,GENERAL
D14,14_school_outbreak_prevention,the,DT,DET,GENERAL
D14,14_school_outbreak_prevention,school,NN,NOUN,GENERAL
D14,14_school_outbreak_prevention,community,NN,NOUN,GENERAL
D14,14_school_outbreak_prevention,ventilation,NN,NOUN,GENERAL
D14,14_school_outbreak_prevention,can,MD,AUX,GENERAL
D14,14_school_outbreak_prevention,reduce,VB,VERB,DOMAIN_VERB
D14,14_school_outbreak_prevention,accumulation,NN,NOUN,GENERAL
D14,14_school_outbreak_prevention,of,IN,ADP,GENERAL
D14,14_school_outbreak_prevention,infectious,JJ,ADJ,DOMAIN_ADJ
D14,14_school_outbreak_prevention,respiratory,NN,ADJ,DOMAIN_ADJ
D14,14_school_outbreak_prevention,particles,NNS,NOUN,GENERAL
D14,14_school_outbreak_prevention,indoors,NNS,VERB,GENERAL
D14,14_school_outbreak_prevention,outdoor,JJ,ADJ,GENERAL
D14,14_school_outbreak_prevention,activities,NNS,NOUN,GENERAL
D14,14_school_outbreak_prevention,can,MD,AUX,GENERAL
D14,14_school_outbreak_prevention,provide,VB,VERB,GENERAL
D14,14_school_outbreak_prevention,lower-risk,JJ,ADJ,GENERAL
D14,14_school_outbreak_prevention,alternatives,NNS,NOUN,GENERAL
D14,14_school_outbreak_prevention,when,WRB,NOUN,GENERAL
D14,14_school_outbreak_prevention,practical,JJ,SCONJ,GENERAL
D14,14_school_outbreak_prevention,encouraging,NN,ADJ,GENERAL
D14,14_school_outbreak_prevention,people,NNS,ADJ,GENERAL
D14,14_school_outbreak_prevention,with,IN,NOUN,GENERAL
D14,14_school_outbreak_prevention,acute,JJ,ADP,GENERAL
D14,14_school_outbreak_prevention,respiratory,NN,ADJ,DOMAIN_ADJ
D14,14_school_outbreak_prevention,illness,NN,ADJ,GENERAL
D14,14_school_outbreak_prevention,to,TO,NOUN,GENERAL
D14,14_school_outbreak_prevention,stay,VB,PART,GENERAL
D14,14_school_outbreak_prevention,home,NN,VERB,GENERAL
D14,14_school_outbreak_prevention,can,MD,NOUN,GENERAL
D14,14_school_outbreak_prevention,reduce,VB,AUX,DOMAIN_VERB
D14,14_school_outbreak_prevention,opportunities,NNS,VERB,GENERAL
D14,14_school_outbreak_prevention,for,IN,NOUN,GENERAL
D14,14_school_outbreak_prevention,transmission,NN,ADP,DOMAIN_NOUN
D14,14_school_outbreak_prevention,schools,NNS,NOUN,GENERAL
D14,14_school_outbreak_prevention,can,MD,NOUN,GENERAL
D14,14_school_outbreak_prevention,also,RB,AUX,GENERAL
D14,14_school_outbreak_prevention,support,VB,ADV,GENERAL
D14,14_school_outbreak_prevention,routine,JJ,VERB,GENERAL
D14,14_school_outbreak_prevention,vaccination,NN,ADJ,DOMAIN_NOUN
D14,14_school_outbreak_prevention,according,VBG,NOUN,GENERAL
D14,14_school_outbreak_prevention,to,TO,VERB,GENERAL
D14,14_school_outbreak_prevention,national,JJ,ADP,GENERAL
D14,14_school_outbreak_prevention,and,CC,ADJ,GENERAL
D14,14_school_outbreak_prevention,local,JJ,CCONJ,GENERAL
D14,14_school_outbreak_prevention,recommendations,NNS,ADJ,GENERAL
D14,14_school_outbreak_prevention,clear,JJ,NOUN,GENERAL
D14,14_school_outbreak_prevention,procedures,NNS,ADJ,GENERAL
D14,14_school_outbreak_prevention,for,IN,NOUN,GENERAL
D14,14_school_outbreak_prevention,responding,VBG,ADP,GENERAL
D14,14_school_outbreak_prevention,to,TO,VERB,GENERAL
D14,14_school_outbreak_prevention,clusters,NNS,ADP,GENERAL
D14,14_school_outbreak_prevention,of,IN,NOUN,GENERAL
D14,14_school_outbreak_prevention,illness,NN,ADP,GENERAL
D14,14_school_outbreak_prevention,help,NN,NOUN,GENERAL
D14,14_school_outbreak_prevention,staff,NN,NOUN,GENERAL
D14,14_school_outbreak_prevention,identify,VB,NOUN,GENERAL
D14,14_school_outbreak_prevention,when,WRB,VERB,GENERAL
D14,14_school_outbreak_prevention,public-health,NN,SCONJ,DOMAIN_ADJ
D14,14_school_outbreak_prevention,consultation,NN,ADJ,GENERAL
D14,14_school_outbreak_prevention,may,MD,NOUN,GENERAL
D14,14_school_outbreak_prevention,be,VB,NOUN,GENERAL
D14,14_school_outbreak_prevention,needed,VBN,AUX,GENERAL
D14,14_school_outbreak_prevention,communication,NN,AUX,GENERAL
D14,14_school_outbreak_prevention,with,IN,VERB,GENERAL
D14,14_school_outbreak_prevention,families,NNS,NOUN,GENERAL
D14,14_school_outbreak_prevention,should,MD,ADP,GENERAL
D14,14_school_outbreak_prevention,explain,VB,NOUN,GENERAL
D14,14_school_outbreak_prevention,symptoms,NNS,AUX,DOMAIN_NOUN
D14,14_school_outbreak_prevention,prevention,NN,VERB,DOMAIN_NOUN
D14,14_school_outbreak_prevention,measures,NNS,NOUN,GENERAL
D14,14_school_outbreak_prevention,and,CC,NOUN,GENERAL
D14,14_school_outbreak_prevention,when,WRB,NOUN,GENERAL
D14,14_school_outbreak_prevention,students,NNS,CCONJ,GENERAL
D14,14_school_outbreak_prevention,should,MD,SCONJ,GENERAL
D14,14_school_outbreak_prevention,remain,VB,NOUN,GENERAL
D14,14_school_outbreak_prevention,at,IN,AUX,GENERAL
D14,14_school_outbreak_prevention,home,NN,VERB,GENERAL
D14,14_school_outbreak_prevention,outbreak,NN,ADP,DOMAIN_NOUN
D14,14_school_outbreak_prevention,response,NN,NOUN,GENERAL
D14,14_school_outbreak_prevention,should,MD,NOUN,GENERAL
D14,14_school_outbreak_prevention,consider,VB,NOUN,GENERAL
D14,14_school_outbreak_prevention,educational,JJ,AUX,GENERAL
D14,14_school_outbreak_prevention,continuity,NN,VERB,GENERAL
D14,14_school_outbreak_prevention,as,RB,ADJ,GENERAL
D14,14_school_outbreak_prevention,well,RB,NOUN,GENERAL
D14,14_school_outbreak_prevention,as,IN,ADV,GENERAL
D14,14_school_outbreak_prevention,disease,NN,ADV,DOMAIN_NOUN
D14,14_school_outbreak_prevention,control,NN,ADP,GENERAL
D14,14_school_outbreak_prevention,measures,VBZ,NOUN,GENERAL
D14,14_school_outbreak_prevention,can,MD,NOUN,GENERAL
D14,14_school_outbreak_prevention,be,VB,NOUN,GENERAL
D14,14_school_outbreak_prevention,targeted,VBN,AUX,GENERAL
D14,14_school_outbreak_prevention,according,VBG,AUX,GENERAL
D14,14_school_outbreak_prevention,to,TO,VERB,GENERAL
D14,14_school_outbreak_prevention,evidence,NN,VERB,GENERAL
D14,14_school_outbreak_prevention,rather,RB,ADP,GENERAL
D14,14_school_outbreak_prevention,than,IN,NOUN,GENERAL
D14,14_school_outbreak_prevention,relying,VBG,ADV,GENERAL
D14,14_school_outbreak_prevention,automatically,RB,ADP,GENERAL
D14,14_school_outbreak_prevention,on,IN,VERB,GENERAL
D14,14_school_outbreak_prevention,broad,JJ,ADV,GENERAL
D14,14_school_outbreak_prevention,closures,NNS,ADP,GENERAL
D14,14_school_outbreak_prevention,coordination,NN,ADJ,GENERAL
D14,14_school_outbreak_prevention,among,IN,NOUN,GENERAL
D14,14_school_outbreak_prevention,school,NN,NOUN,GENERAL
D14,14_school_outbreak_prevention,administrators,NNS,ADP,GENERAL
D14,14_school_outbreak_prevention,healthcare,VBP,NOUN,DOMAIN_NOUN
D14,14_school_outbreak_prevention,professionals,NNS,NOUN,GENERAL
D14,14_school_outbreak_prevention,families,NNS,VERB,GENERAL
D14,14_school_outbreak_prevention,and,CC,NOUN,GENERAL
D14,14_school_outbreak_prevention,public-health,NN,NOUN,DOMAIN_ADJ
D14,14_school_outbreak_prevention,authorities,NNS,CCONJ,GENERAL
D14,14_school_outbreak_prevention,is,VBZ,ADJ,GENERAL
D14,14_school_outbreak_prevention,important,JJ,NOUN,GENERAL
D15,15_vulnerable_populations,protecting,VBG,VERB,DOMAIN_VERB
D15,15_vulnerable_populations,higher-risk,JJ,ADJ,GENERAL
D15,15_vulnerable_populations,populations,NNS,NOUN,DOMAIN_NOUN
D15,15_vulnerable_populations,during,IN,NOUN,GENERAL
D15,15_vulnerable_populations,respiratory,JJ,ADP,DOMAIN_ADJ
D15,15_vulnerable_populations,virus,NN,ADJ,DOMAIN_NOUN
D15,15_vulnerable_populations,activity,NN,NOUN,GENERAL
D15,15_vulnerable_populations,some,DT,NOUN,GENERAL
D15,15_vulnerable_populations,people,NNS,DET,GENERAL
D15,15_vulnerable_populations,have,VBP,NOUN,GENERAL
D15,15_vulnerable_populations,a,DT,VERB,GENERAL
D15,15_vulnerable_populations,higher,JJR,DET,GENERAL
D15,15_vulnerable_populations,risk,NN,ADJ,DOMAIN_NOUN
D15,15_vulnerable_populations,of,IN,NOUN,GENERAL
D15,15_vulnerable_populations,severe,JJ,ADP,DOMAIN_ADJ
D15,15_vulnerable_populations,outcomes,NNS,ADJ,GENERAL
D15,15_vulnerable_populations,from,IN,NOUN,GENERAL
D15,15_vulnerable_populations,respiratory,NN,ADP,DOMAIN_ADJ
D15,15_vulnerable_populations,infections,NNS,ADJ,DOMAIN_NOUN
D15,15_vulnerable_populations,because,IN,NOUN,GENERAL
D15,15_vulnerable_populations,of,IN,SCONJ,GENERAL
D15,15_vulnerable_populations,age,NN,ADP,GENERAL
D15,15_vulnerable_populations,underlying,JJ,NOUN,GENERAL
D15,15_vulnerable_populations,medical,JJ,VERB,GENERAL
D15,15_vulnerable_populations,conditions,NNS,ADJ,GENERAL
D15,15_vulnerable_populations,immune,VBP,NOUN,DOMAIN_ADJ
D15,15_vulnerable_populations,status,NN,ADJ,GENERAL
D15,15_vulnerable_populations,pregnancy,NN,NOUN,GENERAL
D15,15_vulnerable_populations,or,CC,NOUN,GENERAL
D15,15_vulnerable_populations,other,JJ,CCONJ,GENERAL
D15,15_vulnerable_populations,factors,NNS,ADJ,GENERAL
D15,15_vulnerable_populations,public-health,IN,NOUN,DOMAIN_ADJ
D15,15_vulnerable_populations,planning,NN,ADJ,GENERAL
D15,15_vulnerable_populations,can,MD,NOUN,GENERAL
D15,15_vulnerable_populations,reduce,VB,NOUN,DOMAIN_VERB
D15,15_vulnerable_populations,harm,NN,AUX,GENERAL
D15,15_vulnerable_populations,by,IN,VERB,GENERAL
D15,15_vulnerable_populations,ensuring,VBG,NOUN,GENERAL
D15,15_vulnerable_populations,that,IN,ADP,GENERAL
D15,15_vulnerable_populations,higher-risk,JJ,VERB,GENERAL
D15,15_vulnerable_populations,groups,NNS,SCONJ,GENERAL
D15,15_vulnerable_populations,have,VBP,ADJ,GENERAL
D15,15_vulnerable_populations,access,NN,NOUN,GENERAL
D15,15_vulnerable_populations,to,TO,NOUN,GENERAL
D15,15_vulnerable_populations,vaccination,NN,VERB,DOMAIN_NOUN
D15,15_vulnerable_populations,timely,RB,NOUN,GENERAL
D15,15_vulnerable_populations,testing,VBG,ADP,DOMAIN_VERB
D15,15_vulnerable_populations,when,WRB,NOUN,GENERAL
D15,15_vulnerable_populations,appropriate,JJ,ADJ,GENERAL
D15,15_vulnerable_populations,clinical,JJ,NOUN,DOMAIN_ADJ
D15,15_vulnerable_populations,care,NN,SCONJ,GENERAL
D15,15_vulnerable_populations,and,CC,ADJ,GENERAL
D15,15_vulnerable_populations,clear,JJ,ADJ,GENERAL
D15,15_vulnerable_populations,prevention,NN,NOUN,DOMAIN_NOUN
D15,15_vulnerable_populations,information,NN,CCONJ,GENERAL
D15,15_vulnerable_populations,protection,NN,ADJ,DOMAIN_NOUN
D15,15_vulnerable_populations,can,MD,NOUN,GENERAL
D15,15_vulnerable_populations,involve,VB,NOUN,GENERAL
D15,15_vulnerable_populations,individual,JJ,NOUN,GENERAL
D15,15_vulnerable_populations,and,CC,AUX,GENERAL
D15,15_vulnerable_populations,community,NN,VERB,GENERAL
D15,15_vulnerable_populations,measures,NNS,ADJ,GENERAL
D15,15_vulnerable_populations,healthcare,NN,CCONJ,DOMAIN_NOUN
D15,15_vulnerable_populations,facilities,NNS,NOUN,GENERAL
D15,15_vulnerable_populations,and,CC,NOUN,GENERAL
D15,15_vulnerable_populations,residential,JJ,NOUN,GENERAL
D15,15_vulnerable_populations,settings,NNS,NOUN,GENERAL
D15,15_vulnerable_populations,may,MD,CCONJ,GENERAL
D15,15_vulnerable_populations,use,VB,ADJ,GENERAL
D15,15_vulnerable_populations,additional,JJ,NOUN,GENERAL
D15,15_vulnerable_populations,precautions,NNS,AUX,GENERAL
D15,15_vulnerable_populations,during,IN,VERB,GENERAL
D15,15_vulnerable_populations,periods,NNS,ADJ,GENERAL
D15,15_vulnerable_populations,of,IN,NOUN,GENERAL
D15,15_vulnerable_populations,elevated,JJ,ADP,GENERAL
D15,15_vulnerable_populations,transmission,NN,NOUN,DOMAIN_NOUN
D15,15_vulnerable_populations,family,NN,ADP,GENERAL
D15,15_vulnerable_populations,members,NNS,ADJ,GENERAL
D15,15_vulnerable_populations,and,CC,NOUN,GENERAL
D15,15_vulnerable_populations,caregivers,NNS,NOUN,GENERAL
D15,15_vulnerable_populations,can,MD,NOUN,GENERAL
D15,15_vulnerable_populations,reduce,VB,CCONJ,DOMAIN_VERB
D15,15_vulnerable_populations,exposure,NN,NOUN,GENERAL
D15,15_vulnerable_populations,opportunities,NNS,AUX,GENERAL
D15,15_vulnerable_populations,when,WRB,VERB,GENERAL
D15,15_vulnerable_populations,respiratory,NN,NOUN,DOMAIN_ADJ
D15,15_vulnerable_populations,viruses,NNS,NOUN,GENERAL
D15,15_vulnerable_populations,are,VBP,SCONJ,GENERAL
D15,15_vulnerable_populations,circulating,VBG,ADJ,GENERAL
D15,15_vulnerable_populations,widely,RB,NOUN,GENERAL
D15,15_vulnerable_populations,risk,NN,AUX,DOMAIN_NOUN
D15,15_vulnerable_populations,is,VBZ,VERB,GENERAL
D15,15_vulnerable_populations,not,RB,ADV,GENERAL
D15,15_vulnerable_populations,determined,VBN,NOUN,GENERAL
D15,15_vulnerable_populations,by,IN,AUX,GENERAL
D15,15_vulnerable_populations,a,DT,PART,GENERAL
D15,15_vulnerable_populations,single,JJ,VERB,GENERAL
D15,15_vulnerable_populations,characteristic,JJ,ADP,GENERAL
D15,15_vulnerable_populations,age,NN,DET,GENERAL
D15,15_vulnerable_populations,vaccination,NN,ADJ,DOMAIN_NOUN
D15,15_vulnerable_populations,status,NN,ADJ,GENERAL
D15,15_vulnerable_populations,previous,JJ,NOUN,GENERAL
D15,15_vulnerable_populations,immunity,NN,NOUN,DOMAIN_NOUN
D15,15_vulnerable_populations,treatment,NN,NOUN,GENERAL
D15,15_vulnerable_populations,access,NN,ADJ,GENERAL
D15,15_vulnerable_populations,and,CC,NOUN,GENERAL
D15,15_vulnerable_populations,circulating,VBG,NOUN,GENERAL
D15,15_vulnerable_populations,viral,JJ,NOUN,DOMAIN_ADJ
D15,15_vulnerable_populations,strains,NNS,CCONJ,GENERAL
D15,15_vulnerable_populations,can,MD,VERB,GENERAL
D15,15_vulnerable_populations,interact,VB,ADJ,GENERAL
D15,15_vulnerable_populations,public-health,JJ,NOUN,DOMAIN_ADJ
D15,15_vulnerable_populations,communication,NN,AUX,GENERAL
D15,15_vulnerable_populations,should,MD,VERB,GENERAL
D15,15_vulnerable_populations,therefore,VB,ADJ,GENERAL
D15,15_vulnerable_populations,avoid,RP,NOUN,GENERAL
D15,15_vulnerable_populations,assuming,VBG,NOUN,GENERAL
D15,15_vulnerable_populations,that,IN,AUX,GENERAL
D15,15_vulnerable_populations,all,DT,ADV,GENERAL
D15,15_vulnerable_populations,members,NNS,VERB,GENERAL
D15,15_vulnerable_populations,of,IN,VERB,GENERAL
D15,15_vulnerable_populations,a,DT,SCONJ,GENERAL
D15,15_vulnerable_populations,broad,JJ,DET,GENERAL
D15,15_vulnerable_populations,category,NN,NOUN,GENERAL
D15,15_vulnerable_populations,have,VBP,ADP,GENERAL
D15,15_vulnerable_populations,identical,JJ,DET,GENERAL
D15,15_vulnerable_populations,risk,NN,ADJ,DOMAIN_NOUN
D15,15_vulnerable_populations,equitable,JJ,NOUN,GENERAL
D15,15_vulnerable_populations,access,NN,VERB,GENERAL
D15,15_vulnerable_populations,is,VBZ,ADJ,GENERAL
D15,15_vulnerable_populations,an,DT,NOUN,GENERAL
D15,15_vulnerable_populations,important,JJ,ADJ,GENERAL
D15,15_vulnerable_populations,part,NN,NOUN,GENERAL
D15,15_vulnerable_populations,of,IN,AUX,GENERAL
D15,15_vulnerable_populations,prevention,NN,DET,DOMAIN_NOUN
D15,15_vulnerable_populations,barriers,NNS,ADJ,GENERAL
D15,15_vulnerable_populations,such,JJ,NOUN,GENERAL
D15,15_vulnerable_populations,as,IN,ADP,GENERAL
D15,15_vulnerable_populations,transportation,NN,NOUN,GENERAL
D15,15_vulnerable_populations,cost,NN,NOUN,GENERAL
D15,15_vulnerable_populations,language,NN,ADJ,GENERAL
D15,15_vulnerable_populations,digital,JJ,ADP,GENERAL
D15,15_vulnerable_populations,access,NN,NOUN,GENERAL
D15,15_vulnerable_populations,and,CC,NOUN,GENERAL
D15,15_vulnerable_populations,healthcare,JJ,NOUN,DOMAIN_NOUN
D15,15_vulnerable_populations,availability,NN,ADJ,GENERAL
D15,15_vulnerable_populations,can,MD,NOUN,GENERAL
D15,15_vulnerable_populations,affect,VB,CCONJ,GENERAL
D15,15_vulnerable_populations,whether,IN,NOUN,GENERAL
D15,15_vulnerable_populations,people,NNS,NOUN,GENERAL
D15,15_vulnerable_populations,are,VBP,AUX,GENERAL
D15,15_vulnerable_populations,able,JJ,VERB,GENERAL
D15,15_vulnerable_populations,to,TO,SCONJ,GENERAL
D15,15_vulnerable_populations,use,VB,NOUN,GENERAL
D15,15_vulnerable_populations,recommended,JJ,AUX,GENERAL
D15,15_vulnerable_populations,services,NNS,ADJ,GENERAL
D16,16_antiviral_treatment_and_testing,testing,VBG,NOUN,DOMAIN_VERB
D16,16_antiviral_treatment_and_testing,and,CC,CCONJ,GENERAL
D16,16_antiviral_treatment_and_testing,antiviral,JJ,ADJ,GENERAL
D16,16_antiviral_treatment_and_testing,treatment,NN,NOUN,GENERAL
D16,16_antiviral_treatment_and_testing,in,IN,ADP,GENERAL
D16,16_antiviral_treatment_and_testing,covid-19,JJ,PROPN,DOMAIN_NOUN
D16,16_antiviral_treatment_and_testing,care,NN,NOUN,GENERAL
D16,16_antiviral_treatment_and_testing,testing,VBG,NOUN,DOMAIN_VERB
D16,16_antiviral_treatment_and_testing,can,MD,AUX,GENERAL
D16,16_antiviral_treatment_and_testing,help,VB,AUX,GENERAL
D16,16_antiviral_treatment_and_testing,identify,VB,VERB,GENERAL
D16,16_antiviral_treatment_and_testing,sars-cov-2,JJ,NOUN,GENERAL
D16,16_antiviral_treatment_and_testing,infection,NN,ADP,DOMAIN_NOUN
D16,16_antiviral_treatment_and_testing,and,CC,NOUN,GENERAL
D16,16_antiviral_treatment_and_testing,inform,VB,CCONJ,GENERAL
D16,16_antiviral_treatment_and_testing,clinical,JJ,VERB,DOMAIN_ADJ
D16,16_antiviral_treatment_and_testing,or,CC,ADJ,GENERAL
D16,16_antiviral_treatment_and_testing,public-health,JJ,CCONJ,DOMAIN_ADJ
D16,16_antiviral_treatment_and_testing,decisions,NNS,ADJ,GENERAL
D16,16_antiviral_treatment_and_testing,different,JJ,NOUN,GENERAL
D16,16_antiviral_treatment_and_testing,tests,NNS,NOUN,DOMAIN_VERB
D16,16_antiviral_treatment_and_testing,have,VBP,ADJ,GENERAL
D16,16_antiviral_treatment_and_testing,different,JJ,NOUN,GENERAL
D16,16_antiviral_treatment_and_testing,characteristics,NNS,VERB,GENERAL
D16,16_antiviral_treatment_and_testing,molecular,JJ,ADJ,GENERAL
D16,16_antiviral_treatment_and_testing,tests,NNS,NOUN,DOMAIN_VERB
D16,16_antiviral_treatment_and_testing,can,MD,ADJ,GENERAL
D16,16_antiviral_treatment_and_testing,detect,VB,NOUN,DOMAIN_VERB
D16,16_antiviral_treatment_and_testing,viral,JJ,AUX,DOMAIN_ADJ
D16,16_antiviral_treatment_and_testing,genetic,JJ,VERB,GENERAL
D16,16_antiviral_treatment_and_testing,material,NN,ADJ,GENERAL
D16,16_antiviral_treatment_and_testing,while,IN,ADJ,GENERAL
D16,16_antiviral_treatment_and_testing,antigen,NN,NOUN,GENERAL
D16,16_antiviral_treatment_and_testing,tests,NNS,SCONJ,DOMAIN_VERB
D16,16_antiviral_treatment_and_testing,detect,VBP,NOUN,DOMAIN_VERB
D16,16_antiviral_treatment_and_testing,viral,JJ,NOUN,DOMAIN_ADJ
D16,16_antiviral_treatment_and_testing,proteins,NNS,VERB,GENERAL
D16,16_antiviral_treatment_and_testing,and,CC,ADJ,GENERAL
D16,16_antiviral_treatment_and_testing,may,MD,NOUN,GENERAL
D16,16_antiviral_treatment_and_testing,provide,VB,CCONJ,GENERAL
D16,16_antiviral_treatment_and_testing,rapid,JJ,AUX,GENERAL
D16,16_antiviral_treatment_and_testing,results,NNS,VERB,GENERAL
D16,16_antiviral_treatment_and_testing,test,VBP,ADJ,DOMAIN_VERB
D16,16_antiviral_treatment_and_testing,performance,NN,NOUN,GENERAL
D16,16_antiviral_treatment_and_testing,depends,NNS,NOUN,GENERAL
D16,16_antiviral_treatment_and_testing,on,IN,NOUN,GENERAL
D16,16_antiviral_treatment_and_testing,timing,VBG,VERB,GENERAL
D16,16_antiviral_treatment_and_testing,specimen,NNS,ADP,GENERAL
D16,16_antiviral_treatment_and_testing,collection,NN,VERB,GENERAL
D16,16_antiviral_treatment_and_testing,and,CC,NOUN,GENERAL
D16,16_antiviral_treatment_and_testing,the,DT,NOUN,GENERAL
D16,16_antiviral_treatment_and_testing,stage,NN,CCONJ,GENERAL
D16,16_antiviral_treatment_and_testing,of,IN,DET,GENERAL
D16,16_antiviral_treatment_and_testing,infection,NN,NOUN,DOMAIN_NOUN
D16,16_antiviral_treatment_and_testing,a,DT,ADP,GENERAL
D16,16_antiviral_treatment_and_testing,negative,JJ,NOUN,GENERAL
D16,16_antiviral_treatment_and_testing,result,NN,DET,GENERAL
D16,16_antiviral_treatment_and_testing,does,VBZ,ADJ,GENERAL
D16,16_antiviral_treatment_and_testing,not,RB,NOUN,GENERAL
D16,16_antiviral_treatment_and_testing,always,RB,AUX,GENERAL
D16,16_antiviral_treatment_and_testing,exclude,VBP,PART,GENERAL
D16,16_antiviral_treatment_and_testing,infection,NN,ADV,DOMAIN_NOUN
D16,16_antiviral_treatment_and_testing,particularly,RB,VERB,GENERAL
D16,16_antiviral_treatment_and_testing,when,WRB,NOUN,GENERAL
D16,16_antiviral_treatment_and_testing,testing,VBG,ADV,DOMAIN_VERB
D16,16_antiviral_treatment_and_testing,occurs,RB,SCONJ,GENERAL
D16,16_antiviral_treatment_and_testing,early,RB,NOUN,GENERAL
D16,16_antiviral_treatment_and_testing,or,CC,VERB,GENERAL
D16,16_antiviral_treatment_and_testing,when,WRB,ADV,GENERAL
D16,16_antiviral_treatment_and_testing,the,DT,CCONJ,GENERAL
D16,16_antiviral_treatment_and_testing,test,NN,SCONJ,DOMAIN_VERB
D16,16_antiviral_treatment_and_testing,has,VBZ,DET,GENERAL
D16,16_antiviral_treatment_and_testing,lower,JJR,NOUN,GENERAL
D16,16_antiviral_treatment_and_testing,sensitivity,NN,VERB,GENERAL
D16,16_antiviral_treatment_and_testing,interpretation,NN,ADJ,GENERAL
D16,16_antiviral_treatment_and_testing,should,MD,NOUN,GENERAL
D16,16_antiviral_treatment_and_testing,consider,VB,NOUN,GENERAL
D16,16_antiviral_treatment_and_testing,symptoms,NNS,AUX,DOMAIN_NOUN
D16,16_antiviral_treatment_and_testing,exposure,VB,VERB,GENERAL
D16,16_antiviral_treatment_and_testing,history,NN,NOUN,GENERAL
D16,16_antiviral_treatment_and_testing,timing,NN,NOUN,GENERAL
D16,16_antiviral_treatment_and_testing,and,CC,NOUN,GENERAL
D16,16_antiviral_treatment_and_testing,the,DT,NOUN,GENERAL
D16,16_antiviral_treatment_and_testing,specific,JJ,CCONJ,GENERAL
D16,16_antiviral_treatment_and_testing,test,NN,DET,DOMAIN_VERB
D16,16_antiviral_treatment_and_testing,used,VBN,ADJ,GENERAL
D16,16_antiviral_treatment_and_testing,antiviral,JJ,NOUN,GENERAL
D16,16_antiviral_treatment_and_testing,treatment,NN,VERB,GENERAL
D16,16_antiviral_treatment_and_testing,is,VBZ,ADJ,GENERAL
D16,16_antiviral_treatment_and_testing,intended,VBN,NOUN,GENERAL
D16,16_antiviral_treatment_and_testing,to,TO,AUX,GENERAL
D16,16_antiviral_treatment_and_testing,reduce,VB,VERB,DOMAIN_VERB
D16,16_antiviral_treatment_and_testing,the,DT,PART,GENERAL
D16,16_antiviral_treatment_and_testing,risk,NN,VERB,DOMAIN_NOUN
D16,16_antiviral_treatment_and_testing,of,IN,DET,GENERAL
D16,16_antiviral_treatment_and_testing,severe,JJ,NOUN,DOMAIN_ADJ
D16,16_antiviral_treatment_and_testing,disease,NN,ADP,DOMAIN_NOUN
D16,16_antiviral_treatment_and_testing,in,IN,ADJ,GENERAL
D16,16_antiviral_treatment_and_testing,eligible,JJ,NOUN,GENERAL
D16,16_antiviral_treatment_and_testing,patients,NNS,ADP,DOMAIN_NOUN
D16,16_antiviral_treatment_and_testing,eligibility,NN,ADJ,GENERAL
D16,16_antiviral_treatment_and_testing,timing,VBG,NOUN,GENERAL
D16,16_antiviral_treatment_and_testing,contraindications,NNS,VERB,GENERAL
D16,16_antiviral_treatment_and_testing,drug,NN,VERB,GENERAL
D16,16_antiviral_treatment_and_testing,interactions,NNS,NOUN,GENERAL
D16,16_antiviral_treatment_and_testing,and,CC,NOUN,GENERAL
D16,16_antiviral_treatment_and_testing,treatment,NN,NOUN,GENERAL
D16,16_antiviral_treatment_and_testing,selection,NN,CCONJ,GENERAL
D16,16_antiviral_treatment_and_testing,require,VB,NOUN,GENERAL
D16,16_antiviral_treatment_and_testing,clinical,JJ,NOUN,DOMAIN_ADJ
D16,16_antiviral_treatment_and_testing,assessment,JJ,VERB,GENERAL
D16,16_antiviral_treatment_and_testing,public-health,NN,ADJ,DOMAIN_ADJ
D16,16_antiviral_treatment_and_testing,information,NN,NOUN,GENERAL
D16,16_antiviral_treatment_and_testing,should,MD,ADJ,GENERAL
D16,16_antiviral_treatment_and_testing,not,RB,NOUN,GENERAL
D16,16_antiviral_treatment_and_testing,replace,VB,NOUN,GENERAL
D16,16_antiviral_treatment_and_testing,individualized,JJ,AUX,GENERAL
D16,16_antiviral_treatment_and_testing,medical,JJ,PART,GENERAL
D16,16_antiviral_treatment_and_testing,advice,NN,VERB,GENERAL
D16,16_antiviral_treatment_and_testing,testing,NN,ADJ,DOMAIN_VERB
D16,16_antiviral_treatment_and_testing,and,CC,ADJ,GENERAL
D16,16_antiviral_treatment_and_testing,treatment,NN,NOUN,GENERAL
D16,16_antiviral_treatment_and_testing,programs,NNS,NOUN,GENERAL
D16,16_antiviral_treatment_and_testing,are,VBP,CCONJ,GENERAL
D16,16_antiviral_treatment_and_testing,most,RBS,NOUN,GENERAL
D16,16_antiviral_treatment_and_testing,effective,JJ,NOUN,DOMAIN_ADJ
D16,16_antiviral_treatment_and_testing,when,WRB,AUX,GENERAL
D16,16_antiviral_treatment_and_testing,people,NNS,ADV,GENERAL
D16,16_antiviral_treatment_and_testing,can,MD,ADJ,GENERAL
D16,16_antiviral_treatment_and_testing,access,NN,SCONJ,GENERAL
D16,16_antiviral_treatment_and_testing,testing,VBG,NOUN,DOMAIN_VERB
D16,16_antiviral_treatment_and_testing,promptly,RB,AUX,GENERAL
D16,16_antiviral_treatment_and_testing,and,CC,VERB,GENERAL
D16,16_antiviral_treatment_and_testing,healthcare,JJ,NOUN,DOMAIN_NOUN
D16,16_antiviral_treatment_and_testing,systems,NNS,ADV,GENERAL
D16,16_antiviral_treatment_and_testing,can,MD,CCONJ,GENERAL
D16,16_antiviral_treatment_and_testing,evaluate,VB,NOUN,GENERAL
D16,16_antiviral_treatment_and_testing,eligible,JJ,NOUN,GENERAL
D16,16_antiviral_treatment_and_testing,patients,NNS,AUX,DOMAIN_NOUN
D16,16_antiviral_treatment_and_testing,without,IN,VERB,GENERAL
D16,16_antiviral_treatment_and_testing,unnecessary,JJ,ADJ,GENERAL
D16,16_antiviral_treatment_and_testing,delay,NN,NOUN,GENERAL
D16,16_antiviral_treatment_and_testing,surveillance,NN,ADP,DOMAIN_NOUN
D16,16_antiviral_treatment_and_testing,data,NNS,ADJ,GENERAL
D16,16_antiviral_treatment_and_testing,can,MD,NOUN,GENERAL
D16,16_antiviral_treatment_and_testing,also,RB,NOUN,GENERAL
D16,16_antiviral_treatment_and_testing,help,VB,NOUN,GENERAL
D16,16_antiviral_treatment_and_testing,authorities,NNS,AUX,GENERAL
D16,16_antiviral_treatment_and_testing,understand,VBP,ADV,GENERAL
D16,16_antiviral_treatment_and_testing,changes,NNS,VERB,GENERAL
D16,16_antiviral_treatment_and_testing,in,IN,NOUN,GENERAL
D16,16_antiviral_treatment_and_testing,testing,VBG,VERB,DOMAIN_VERB
D16,16_antiviral_treatment_and_testing,demand,NN,NOUN,GENERAL
D16,16_antiviral_treatment_and_testing,and,CC,ADP,GENERAL
D16,16_antiviral_treatment_and_testing,disease,NN,VERB,DOMAIN_NOUN
D16,16_antiviral_treatment_and_testing,activity,NN,NOUN,GENERAL
D17,17_misinformation_and_health_literacy,health,NN,NOUN,GENERAL
D17,17_misinformation_and_health_literacy,literacy,NN,NOUN,GENERAL
D17,17_misinformation_and_health_literacy,and,CC,CCONJ,GENERAL
D17,17_misinformation_and_health_literacy,infectious,JJ,ADJ,DOMAIN_ADJ
D17,17_misinformation_and_health_literacy,disease,NN,NOUN,DOMAIN_NOUN
D17,17_misinformation_and_health_literacy,misinformation,NN,NOUN,GENERAL
D17,17_misinformation_and_health_literacy,health,NN,NOUN,GENERAL
D17,17_misinformation_and_health_literacy,literacy,NN,NOUN,GENERAL
D17,17_misinformation_and_health_literacy,involves,VBZ,VERB,GENERAL
D17,17_misinformation_and_health_literacy,the,DT,DET,GENERAL
D17,17_misinformation_and_health_literacy,ability,NN,NOUN,GENERAL
D17,17_misinformation_and_health_literacy,to,TO,PART,GENERAL
D17,17_misinformation_and_health_literacy,find,VB,VERB,GENERAL
D17,17_misinformation_and_health_literacy,understand,JJ,VERB,GENERAL
D17,17_misinformation_and_health_literacy,evaluate,NN,VERB,GENERAL
D17,17_misinformation_and_health_literacy,and,CC,CCONJ,GENERAL
D17,17_misinformation_and_health_literacy,use,VB,VERB,GENERAL
D17,17_misinformation_and_health_literacy,health,NN,NOUN,GENERAL
D17,17_misinformation_and_health_literacy,information,NN,NOUN,GENERAL
D17,17_misinformation_and_health_literacy,during,IN,ADP,GENERAL
D17,17_misinformation_and_health_literacy,infectious,JJ,ADJ,DOMAIN_ADJ
D17,17_misinformation_and_health_literacy,disease,NN,NOUN,DOMAIN_NOUN
D17,17_misinformation_and_health_literacy,outbreaks,NNS,NOUN,DOMAIN_NOUN
D17,17_misinformation_and_health_literacy,people,NNS,NOUN,GENERAL
D17,17_misinformation_and_health_literacy,may,MD,AUX,GENERAL
D17,17_misinformation_and_health_literacy,encounter,VB,VERB,GENERAL
D17,17_misinformation_and_health_literacy,rapidly,RB,ADV,GENERAL
D17,17_misinformation_and_health_literacy,changing,VBG,VERB,GENERAL
D17,17_misinformation_and_health_literacy,information,NN,NOUN,GENERAL
D17,17_misinformation_and_health_literacy,through,IN,ADP,GENERAL
D17,17_misinformation_and_health_literacy,news,NN,NOUN,GENERAL
D17,17_misinformation_and_health_literacy,social,JJ,ADJ,GENERAL
D17,17_misinformation_and_health_literacy,media,NNS,NOUN,GENERAL
D17,17_misinformation_and_health_literacy,messaging,VBG,VERB,GENERAL
D17,17_misinformation_and_health_literacy,applications,NNS,NOUN,GENERAL
D17,17_misinformation_and_health_literacy,and,CC,CCONJ,GENERAL
D17,17_misinformation_and_health_literacy,informal,JJ,ADJ,GENERAL
D17,17_misinformation_and_health_literacy,networks,NNS,NOUN,GENERAL
D17,17_misinformation_and_health_literacy,misinformation,NN,NOUN,GENERAL
D17,17_misinformation_and_health_literacy,can,MD,AUX,GENERAL
D17,17_misinformation_and_health_literacy,arise,VB,VERB,GENERAL
D17,17_misinformation_and_health_literacy,from,IN,ADP,GENERAL
D17,17_misinformation_and_health_literacy,incorrect,JJ,ADJ,GENERAL
D17,17_misinformation_and_health_literacy,information,NN,NOUN,GENERAL
D17,17_misinformation_and_health_literacy,misunderstanding,NN,VERB,GENERAL
D17,17_misinformation_and_health_literacy,outdated,VBD,ADJ,GENERAL
D17,17_misinformation_and_health_literacy,evidence,NN,NOUN,GENERAL
D17,17_misinformation_and_health_literacy,or,CC,CCONJ,GENERAL
D17,17_misinformation_and_health_literacy,misleading,JJ,VERB,GENERAL
D17,17_misinformation_and_health_literacy,presentation,NN,NOUN,GENERAL
D17,17_misinformation_and_health_literacy,of,IN,ADP,GENERAL
D17,17_misinformation_and_health_literacy,accurate,JJ,ADJ,GENERAL
D17,17_misinformation_and_health_literacy,facts,NNS,NOUN,GENERAL
D17,17_misinformation_and_health_literacy,a,DT,DET,GENERAL
D17,17_misinformation_and_health_literacy,useful,JJ,ADJ,GENERAL
D17,17_misinformation_and_health_literacy,evaluation,NN,NOUN,GENERAL
D17,17_misinformation_and_health_literacy,process,NN,NOUN,GENERAL
D17,17_misinformation_and_health_literacy,checks,VBZ,VERB,GENERAL
D17,17_misinformation_and_health_literacy,the,DT,DET,GENERAL
D17,17_misinformation_and_health_literacy,source,NN,NOUN,GENERAL
D17,17_misinformation_and_health_literacy,date,NN,NOUN,GENERAL
D17,17_misinformation_and_health_literacy,evidence,NN,NOUN,GENERAL
D17,17_misinformation_and_health_literacy,population,NN,NOUN,DOMAIN_NOUN
D17,17_misinformation_and_health_literacy,studied,VBN,VERB,GENERAL
D17,17_misinformation_and_health_literacy,and,CC,CCONJ,GENERAL
D17,17_misinformation_and_health_literacy,whether,IN,SCONJ,GENERAL
D17,17_misinformation_and_health_literacy,the,DT,DET,GENERAL
D17,17_misinformation_and_health_literacy,claim,NN,NOUN,GENERAL
D17,17_misinformation_and_health_literacy,matches,VBZ,VERB,GENERAL
D17,17_misinformation_and_health_literacy,the,DT,DET,GENERAL
D17,17_misinformation_and_health_literacy,underlying,VBG,VERB,GENERAL
D17,17_misinformation_and_health_literacy,data,NNS,NOUN,GENERAL
D17,17_misinformation_and_health_literacy,health,NN,NOUN,GENERAL
D17,17_misinformation_and_health_literacy,communication,NN,NOUN,GENERAL
D17,17_misinformation_and_health_literacy,should,MD,AUX,GENERAL
D17,17_misinformation_and_health_literacy,avoid,VB,VERB,GENERAL
D17,17_misinformation_and_health_literacy,presenting,VBG,VERB,GENERAL
D17,17_misinformation_and_health_literacy,preliminary,JJ,ADJ,GENERAL
D17,17_misinformation_and_health_literacy,findings,NNS,NOUN,GENERAL
D17,17_misinformation_and_health_literacy,as,IN,SCONJ,GENERAL
D17,17_misinformation_and_health_literacy,settled,JJ,VERB,GENERAL
D17,17_misinformation_and_health_literacy,conclusions,NNS,NOUN,GENERAL
D17,17_misinformation_and_health_literacy,a,DT,DET,GENERAL
D17,17_misinformation_and_health_literacy,single,JJ,ADJ,GENERAL
D17,17_misinformation_and_health_literacy,laboratory,NN,NOUN,GENERAL
D17,17_misinformation_and_health_literacy,experiment,NN,NOUN,GENERAL
D17,17_misinformation_and_health_literacy,or,CC,CCONJ,GENERAL
D17,17_misinformation_and_health_literacy,small,JJ,ADJ,GENERAL
D17,17_misinformation_and_health_literacy,observational,JJ,ADJ,GENERAL
D17,17_misinformation_and_health_literacy,study,NN,NOUN,GENERAL
D17,17_misinformation_and_health_literacy,may,MD,AUX,GENERAL
D17,17_misinformation_and_health_literacy,not,RB,PART,GENERAL
D17,17_misinformation_and_health_literacy,answer,VB,VERB,GENERAL
D17,17_misinformation_and_health_literacy,a,DT,DET,GENERAL
D17,17_misinformation_and_health_literacy,population-level,JJ,NOUN,GENERAL
D17,17_misinformation_and_health_literacy,question,NN,NOUN,GENERAL
D17,17_misinformation_and_health_literacy,stronger,JJR,NOUN,GENERAL
D17,17_misinformation_and_health_literacy,conclusions,NNS,ADJ,GENERAL
D17,17_misinformation_and_health_literacy,generally,RB,NOUN,GENERAL
D17,17_misinformation_and_health_literacy,require,VBP,ADV,GENERAL
D17,17_misinformation_and_health_literacy,evidence,NN,VERB,GENERAL
D17,17_misinformation_and_health_literacy,from,IN,NOUN,GENERAL
D17,17_misinformation_and_health_literacy,multiple,JJ,ADP,GENERAL
D17,17_misinformation_and_health_literacy,complementary,JJ,ADJ,GENERAL
D17,17_misinformation_and_health_literacy,studies,NNS,ADJ,GENERAL
D17,17_misinformation_and_health_literacy,practical,JJ,NOUN,GENERAL
D17,17_misinformation_and_health_literacy,health,NN,ADJ,GENERAL
D17,17_misinformation_and_health_literacy,literacy,NN,NOUN,GENERAL
D17,17_misinformation_and_health_literacy,strategies,NNS,NOUN,GENERAL
D17,17_misinformation_and_health_literacy,include,VBP,NOUN,GENERAL
D17,17_misinformation_and_health_literacy,checking,VBG,VERB,GENERAL
D17,17_misinformation_and_health_literacy,information,NN,VERB,GENERAL
D17,17_misinformation_and_health_literacy,against,IN,NOUN,GENERAL
D17,17_misinformation_and_health_literacy,recognized,VBN,ADP,GENERAL
D17,17_misinformation_and_health_literacy,public-health,NN,VERB,DOMAIN_ADJ
D17,17_misinformation_and_health_literacy,or,CC,ADJ,GENERAL
D17,17_misinformation_and_health_literacy,medical,JJ,NOUN,GENERAL
D17,17_misinformation_and_health_literacy,sources,NNS,CCONJ,GENERAL
D17,17_misinformation_and_health_literacy,looking,VBG,ADJ,GENERAL
D17,17_misinformation_and_health_literacy,for,IN,NOUN,GENERAL
D17,17_misinformation_and_health_literacy,the,DT,VERB,GENERAL
D17,17_misinformation_and_health_literacy,original,JJ,ADP,GENERAL
D17,17_misinformation_and_health_literacy,study,NN,DET,GENERAL
D17,17_misinformation_and_health_literacy,when,WRB,ADJ,GENERAL
D17,17_misinformation_and_health_literacy,possible,JJ,NOUN,GENERAL
D17,17_misinformation_and_health_literacy,and,CC,SCONJ,GENERAL
D17,17_misinformation_and_health_literacy,distinguishing,VBG,ADJ,GENERAL
D17,17_misinformation_and_health_literacy,a,DT,CCONJ,GENERAL
D17,17_misinformation_and_health_literacy,reported,VBN,VERB,GENERAL
D17,17_misinformation_and_health_literacy,association,NN,DET,GENERAL
D17,17_misinformation_and_health_literacy,from,IN,VERB,GENERAL
D17,17_misinformation_and_health_literacy,proof,NN,NOUN,GENERAL
D17,17_misinformation_and_health_literacy,of,IN,ADP,GENERAL
D17,17_misinformation_and_health_literacy,causation,NN,NOUN,GENERAL
D17,17_misinformation_and_health_literacy,clear,JJ,ADP,GENERAL
D17,17_misinformation_and_health_literacy,explanations,NNS,NOUN,GENERAL
D17,17_misinformation_and_health_literacy,can,MD,ADJ,GENERAL
D17,17_misinformation_and_health_literacy,reduce,VB,NOUN,DOMAIN_VERB
D17,17_misinformation_and_health_literacy,confusion,NN,AUX,GENERAL
D17,17_misinformation_and_health_literacy,without,IN,VERB,GENERAL
D17,17_misinformation_and_health_literacy,assuming,VBG,NOUN,GENERAL
D17,17_misinformation_and_health_literacy,that,IN,ADP,GENERAL
D17,17_misinformation_and_health_literacy,every,DT,VERB,GENERAL
D17,17_misinformation_and_health_literacy,person,NN,SCONJ,GENERAL
D17,17_misinformation_and_health_literacy,who,WP,DET,DOMAIN_NOUN
D17,17_misinformation_and_health_literacy,has,VBZ,NOUN,GENERAL
D17,17_misinformation_and_health_literacy,encountered,VBN,PRON,GENERAL
D17,17_misinformation_and_health_literacy,inaccurate,JJ,AUX,GENERAL
D17,17_misinformation_and_health_literacy,information,NN,VERB,GENERAL
D17,17_misinformation_and_health_literacy,is,VBZ,ADJ,GENERAL
D17,17_misinformation_and_health_literacy,acting,VBG,NOUN,GENERAL
D17,17_misinformation_and_health_literacy,in,IN,AUX,GENERAL
D17,17_misinformation_and_health_literacy,bad,JJ,VERB,GENERAL
D17,17_misinformation_and_health_literacy,faith,NN,ADP,GENERAL
D18,18_global_outbreak_preparedness,global,JJ,PROPN,GENERAL
D18,18_global_outbreak_preparedness,outbreak,NN,ADJ,DOMAIN_NOUN
D18,18_global_outbreak_preparedness,preparedness,NN,NOUN,GENERAL
D18,18_global_outbreak_preparedness,and,CC,CCONJ,GENERAL
D18,18_global_outbreak_preparedness,response,NN,NOUN,GENERAL
D18,18_global_outbreak_preparedness,outbreak,NN,NOUN,DOMAIN_NOUN
D18,18_global_outbreak_preparedness,preparedness,NN,NOUN,GENERAL
D18,18_global_outbreak_preparedness,involves,VBZ,VERB,GENERAL
D18,18_global_outbreak_preparedness,building,VBG,VERB,GENERAL
D18,18_global_outbreak_preparedness,the,DT,DET,GENERAL
D18,18_global_outbreak_preparedness,capacity,NN,NOUN,GENERAL
D18,18_global_outbreak_preparedness,to,TO,PART,GENERAL
D18,18_global_outbreak_preparedness,detect,VB,VERB,DOMAIN_VERB
D18,18_global_outbreak_preparedness,assess,JJ,NOUN,GENERAL
D18,18_global_outbreak_preparedness,communicate,NN,VERB,GENERAL
D18,18_global_outbreak_preparedness,about,IN,ADP,GENERAL
D18,18_global_outbreak_preparedness,and,CC,CCONJ,GENERAL
D18,18_global_outbreak_preparedness,respond,VB,VERB,GENERAL
D18,18_global_outbreak_preparedness,to,TO,ADP,GENERAL
D18,18_global_outbreak_preparedness,infectious,JJ,ADJ,DOMAIN_ADJ
D18,18_global_outbreak_preparedness,disease,NN,NOUN,DOMAIN_NOUN
D18,18_global_outbreak_preparedness,threats,NNS,NOUN,GENERAL
D18,18_global_outbreak_preparedness,before,IN,SCONJ,GENERAL
D18,18_global_outbreak_preparedness,they,PRP,PRON,GENERAL
D18,18_global_outbreak_preparedness,become,VBP,VERB,GENERAL
D18,18_global_outbreak_preparedness,large,JJ,ADJ,GENERAL
D18,18_global_outbreak_preparedness,emergencies,NNS,NOUN,GENERAL
D18,18_global_outbreak_preparedness,preparedness,VBP,NOUN,GENERAL
D18,18_global_outbreak_preparedness,includes,VBZ,VERB,GENERAL
D18,18_global_outbreak_preparedness,laboratory,JJ,NOUN,GENERAL
D18,18_global_outbreak_preparedness,capacity,NN,NOUN,GENERAL
D18,18_global_outbreak_preparedness,surveillance,NN,NOUN,DOMAIN_NOUN
D18,18_global_outbreak_preparedness,systems,NNS,NOUN,GENERAL
D18,18_global_outbreak_preparedness,trained,VBD,VERB,GENERAL
D18,18_global_outbreak_preparedness,personnel,NNS,NOUN,GENERAL
D18,18_global_outbreak_preparedness,medical,JJ,ADJ,GENERAL
D18,18_global_outbreak_preparedness,supplies,NNS,NOUN,GENERAL
D18,18_global_outbreak_preparedness,vaccination,NN,NOUN,DOMAIN_NOUN
D18,18_global_outbreak_preparedness,infrastructure,NN,NOUN,GENERAL
D18,18_global_outbreak_preparedness,data,NNS,NOUN,GENERAL
D18,18_global_outbreak_preparedness,systems,NNS,NOUN,GENERAL
D18,18_global_outbreak_preparedness,and,CC,CCONJ,GENERAL
D18,18_global_outbreak_preparedness,emergency,NN,NOUN,GENERAL
D18,18_global_outbreak_preparedness,coordination,NN,NOUN,GENERAL
D18,18_global_outbreak_preparedness,mechanisms,VBD,NOUN,GENERAL
D18,18_global_outbreak_preparedness,early,JJ,ADJ,GENERAL
D18,18_global_outbreak_preparedness,detection,NN,NOUN,GENERAL
D18,18_global_outbreak_preparedness,depends,VBZ,VERB,GENERAL
D18,18_global_outbreak_preparedness,on,IN,ADP,GENERAL
D18,18_global_outbreak_preparedness,timely,JJ,ADJ,GENERAL
D18,18_global_outbreak_preparedness,information,NN,NOUN,GENERAL
D18,18_global_outbreak_preparedness,countries,NNS,NOUN,GENERAL
D18,18_global_outbreak_preparedness,and,CC,CCONJ,GENERAL
D18,18_global_outbreak_preparedness,institutions,NNS,NOUN,GENERAL
D18,18_global_outbreak_preparedness,may,MD,AUX,GENERAL
D18,18_global_outbreak_preparedness,use,VB,VERB,GENERAL
D18,18_global_outbreak_preparedness,laboratory,NN,NOUN,GENERAL
D18,18_global_outbreak_preparedness,networks,NNS,NOUN,GENERAL
D18,18_global_outbreak_preparedness,clinical,JJ,ADJ,DOMAIN_ADJ
D18,18_global_outbreak_preparedness,surveillance,NN,NOUN,DOMAIN_NOUN
D18,18_global_outbreak_preparedness,event-based,JJ,NOUN,GENERAL
D18,18_global_outbreak_preparedness,reporting,NN,VERB,GENERAL
D18,18_global_outbreak_preparedness,genomic,JJ,NOUN,GENERAL
D18,18_global_outbreak_preparedness,sequencing,NN,NOUN,GENERAL
D18,18_global_outbreak_preparedness,and,CC,VERB,GENERAL
D18,18_global_outbreak_preparedness,cross-border,NN,CCONJ,GENERAL
D18,18_global_outbreak_preparedness,information,NN,ADJ,GENERAL
D18,18_global_outbreak_preparedness,sharing,VBG,ADJ,GENERAL
D18,18_global_outbreak_preparedness,a,DT,NOUN,GENERAL
D18,18_global_outbreak_preparedness,signal,NN,VERB,GENERAL
D18,18_global_outbreak_preparedness,does,VBZ,DET,GENERAL
D18,18_global_outbreak_preparedness,not,RB,NOUN,GENERAL
D18,18_global_outbreak_preparedness,always,RB,AUX,GENERAL
D18,18_global_outbreak_preparedness,represent,VBP,PART,GENERAL
D18,18_global_outbreak_preparedness,a,DT,ADV,GENERAL
D18,18_global_outbreak_preparedness,major,JJ,VERB,GENERAL
D18,18_global_outbreak_preparedness,outbreak,NN,DET,DOMAIN_NOUN
D18,18_global_outbreak_preparedness,but,CC,ADJ,GENERAL
D18,18_global_outbreak_preparedness,rapid,JJ,NOUN,GENERAL
D18,18_global_outbreak_preparedness,assessment,NN,CCONJ,GENERAL
D18,18_global_outbreak_preparedness,can,MD,ADJ,GENERAL
D18,18_global_outbreak_preparedness,determine,VB,NOUN,GENERAL
D18,18_global_outbreak_preparedness,whether,IN,AUX,GENERAL
D18,18_global_outbreak_preparedness,further,JJ,VERB,GENERAL
D18,18_global_outbreak_preparedness,investigation,NN,SCONJ,GENERAL
D18,18_global_outbreak_preparedness,is,VBZ,ADJ,GENERAL
D18,18_global_outbreak_preparedness,required,VBN,NOUN,GENERAL
D18,18_global_outbreak_preparedness,response,NN,AUX,GENERAL
D18,18_global_outbreak_preparedness,planning,VBG,VERB,GENERAL
D18,18_global_outbreak_preparedness,includes,VBZ,NOUN,GENERAL
D18,18_global_outbreak_preparedness,clear,JJ,NOUN,GENERAL
D18,18_global_outbreak_preparedness,roles,NNS,VERB,GENERAL
D18,18_global_outbreak_preparedness,and,CC,ADJ,GENERAL
D18,18_global_outbreak_preparedness,responsibilities,NNS,NOUN,GENERAL
D18,18_global_outbreak_preparedness,hospitals,NNS,CCONJ,DOMAIN_NOUN
D18,18_global_outbreak_preparedness,may,MD,NOUN,GENERAL
D18,18_global_outbreak_preparedness,need,VB,NOUN,GENERAL
D18,18_global_outbreak_preparedness,surge,NN,AUX,GENERAL
D18,18_global_outbreak_preparedness,plans,NNS,VERB,GENERAL
D18,18_global_outbreak_preparedness,while,IN,NOUN,GENERAL
D18,18_global_outbreak_preparedness,public-health,NN,NOUN,DOMAIN_ADJ
D18,18_global_outbreak_preparedness,agencies,NNS,SCONJ,GENERAL
D18,18_global_outbreak_preparedness,may,MD,ADJ,GENERAL
D18,18_global_outbreak_preparedness,require,VB,NOUN,GENERAL
D18,18_global_outbreak_preparedness,mechanisms,NNS,NOUN,GENERAL
D18,18_global_outbreak_preparedness,for,IN,AUX,GENERAL
D18,18_global_outbreak_preparedness,contact,NN,VERB,DOMAIN_NOUN
D18,18_global_outbreak_preparedness,tracing,VBG,NOUN,DOMAIN_NOUN
D18,18_global_outbreak_preparedness,risk,NN,ADP,DOMAIN_NOUN
D18,18_global_outbreak_preparedness,communication,NN,NOUN,GENERAL
D18,18_global_outbreak_preparedness,and,CC,VERB,GENERAL
D18,18_global_outbreak_preparedness,resource,NN,NOUN,GENERAL
D18,18_global_outbreak_preparedness,allocation,NN,NOUN,GENERAL
D18,18_global_outbreak_preparedness,exercises,NNS,CCONJ,GENERAL
D18,18_global_outbreak_preparedness,and,CC,NOUN,GENERAL
D18,18_global_outbreak_preparedness,simulations,NNS,NOUN,GENERAL
D18,18_global_outbreak_preparedness,can,MD,NOUN,GENERAL
D18,18_global_outbreak_preparedness,identify,VB,CCONJ,GENERAL
D18,18_global_outbreak_preparedness,weaknesses,NNS,NOUN,GENERAL
D18,18_global_outbreak_preparedness,before,IN,AUX,GENERAL
D18,18_global_outbreak_preparedness,a,DT,VERB,GENERAL
D18,18_global_outbreak_preparedness,real,JJ,NOUN,GENERAL
D18,18_global_outbreak_preparedness,emergency,NN,SCONJ,GENERAL
D18,18_global_outbreak_preparedness,occurs,VBZ,DET,GENERAL
D18,18_global_outbreak_preparedness,preparedness,NN,ADJ,GENERAL
D18,18_global_outbreak_preparedness,is,VBZ,NOUN,GENERAL
D18,18_global_outbreak_preparedness,an,DT,VERB,GENERAL
D18,18_global_outbreak_preparedness,ongoing,JJ,NOUN,GENERAL
D18,18_global_outbreak_preparedness,process,NN,AUX,GENERAL
D18,18_global_outbreak_preparedness,after,IN,DET,GENERAL
D18,18_global_outbreak_preparedness,an,DT,ADJ,GENERAL
D18,18_global_outbreak_preparedness,outbreak,JJ,NOUN,DOMAIN_NOUN
D18,18_global_outbreak_preparedness,evaluations,NNS,SCONJ,GENERAL
D18,18_global_outbreak_preparedness,can,MD,DET,GENERAL
D18,18_global_outbreak_preparedness,identify,VB,NOUN,GENERAL
D18,18_global_outbreak_preparedness,which,WDT,NOUN,GENERAL
D18,18_global_outbreak_preparedness,systems,NNS,AUX,GENERAL
D18,18_global_outbreak_preparedness,worked,VBD,VERB,GENERAL
D18,18_global_outbreak_preparedness,which,WDT,PRON,GENERAL
D18,18_global_outbreak_preparedness,failed,VBD,NOUN,GENERAL
D18,18_global_outbreak_preparedness,and,CC,VERB,GENERAL
D18,18_global_outbreak_preparedness,which,WDT,PRON,GENERAL
D18,18_global_outbreak_preparedness,improvements,NNS,VERB,GENERAL
D18,18_global_outbreak_preparedness,should,MD,CCONJ,GENERAL
D18,18_global_outbreak_preparedness,be,VB,DET,GENERAL
D18,18_global_outbreak_preparedness,institutionalized,VBN,NOUN,GENERAL
D18,18_global_outbreak_preparedness,investments,NNS,AUX,GENERAL
D18,18_global_outbreak_preparedness,in,IN,AUX,GENERAL
D18,18_global_outbreak_preparedness,routine,JJ,VERB,GENERAL
D18,18_global_outbreak_preparedness,public-health,NN,NOUN,DOMAIN_ADJ
D18,18_global_outbreak_preparedness,capacity,NN,ADP,GENERAL
D18,18_global_outbreak_preparedness,can,MD,ADJ,GENERAL
D18,18_global_outbreak_preparedness,strengthen,VB,ADJ,GENERAL
D18,18_global_outbreak_preparedness,response,NN,NOUN,GENERAL
D18,18_global_outbreak_preparedness,to,TO,NOUN,GENERAL
D18,18_global_outbreak_preparedness,multiple,VB,AUX,GENERAL
D18,18_global_outbreak_preparedness,infectious,JJ,VERB,DOMAIN_ADJ
D18,18_global_outbreak_preparedness,threats,NNS,NOUN,GENERAL
D18,18_global_outbreak_preparedness,rather,RB,ADP,GENERAL
D18,18_global_outbreak_preparedness,than,IN,ADJ,GENERAL
D18,18_global_outbreak_preparedness,a,DT,ADJ,GENERAL
D18,18_global_outbreak_preparedness,single,JJ,NOUN,GENERAL
D18,18_global_outbreak_preparedness,pathogen,NN,ADV,DOMAIN_NOUN
D19,19_epidemiological_models,epidemiological,JJ,ADJ,DOMAIN_ADJ
D19,19_epidemiological_models,models,NNS,NOUN,GENERAL
D19,19_epidemiological_models,for,IN,ADP,GENERAL
D19,19_epidemiological_models,infectious,JJ,ADJ,DOMAIN_ADJ
D19,19_epidemiological_models,disease,NN,NOUN,DOMAIN_NOUN
D19,19_epidemiological_models,planning,VBG,NOUN,GENERAL
D19,19_epidemiological_models,mathematical,JJ,ADJ,GENERAL
D19,19_epidemiological_models,and,CC,CCONJ,GENERAL
D19,19_epidemiological_models,computational,JJ,ADJ,GENERAL
D19,19_epidemiological_models,models,NNS,NOUN,GENERAL
D19,19_epidemiological_models,can,MD,AUX,GENERAL
D19,19_epidemiological_models,help,VB,VERB,GENERAL
D19,19_epidemiological_models,researchers,NNS,NOUN,GENERAL
D19,19_epidemiological_models,explore,VB,VERB,GENERAL
D19,19_epidemiological_models,how,WRB,SCONJ,GENERAL
D19,19_epidemiological_models,infectious,JJ,ADJ,DOMAIN_ADJ
D19,19_epidemiological_models,diseases,NNS,NOUN,DOMAIN_NOUN
D19,19_epidemiological_models,may,MD,AUX,GENERAL
D19,19_epidemiological_models,spread,VB,VERB,DOMAIN_VERB
D19,19_epidemiological_models,under,IN,ADP,GENERAL
D19,19_epidemiological_models,different,JJ,ADJ,GENERAL
D19,19_epidemiological_models,assumptions,NNS,NOUN,GENERAL
D19,19_epidemiological_models,compartmental,JJ,ADJ,GENERAL
D19,19_epidemiological_models,models,NNS,NOUN,GENERAL
D19,19_epidemiological_models,such,JJ,ADJ,GENERAL
D19,19_epidemiological_models,as,IN,ADP,GENERAL
D19,19_epidemiological_models,sir,JJ,PROPN,GENERAL
D19,19_epidemiological_models,divide,NN,NOUN,GENERAL
D19,19_epidemiological_models,populations,NNS,NOUN,DOMAIN_NOUN
D19,19_epidemiological_models,into,IN,ADP,GENERAL
D19,19_epidemiological_models,categories,NNS,NOUN,GENERAL
D19,19_epidemiological_models,such,JJ,ADJ,GENERAL
D19,19_epidemiological_models,as,IN,ADP,GENERAL
D19,19_epidemiological_models,susceptible,JJ,ADJ,GENERAL
D19,19_epidemiological_models,infected,JJ,ADJ,DOMAIN_VERB
D19,19_epidemiological_models,and,CC,CCONJ,GENERAL
D19,19_epidemiological_models,recovered,VBD,VERB,GENERAL
D19,19_epidemiological_models,more,JJR,ADV,GENERAL
D19,19_epidemiological_models,detailed,JJ,ADJ,GENERAL
D19,19_epidemiological_models,models,NNS,NOUN,GENERAL
D19,19_epidemiological_models,can,MD,AUX,GENERAL
D19,19_epidemiological_models,add,VB,VERB,GENERAL
D19,19_epidemiological_models,age,NN,NOUN,GENERAL
D19,19_epidemiological_models,groups,NNS,NOUN,GENERAL
D19,19_epidemiological_models,vaccination,NN,NOUN,DOMAIN_NOUN
D19,19_epidemiological_models,status,NN,NOUN,GENERAL
D19,19_epidemiological_models,hospitalization,NN,NOUN,GENERAL
D19,19_epidemiological_models,geographic,JJ,ADJ,GENERAL
D19,19_epidemiological_models,structure,NN,NOUN,GENERAL
D19,19_epidemiological_models,or,CC,CCONJ,GENERAL
D19,19_epidemiological_models,other,JJ,ADJ,GENERAL
D19,19_epidemiological_models,characteristics,NNS,NOUN,GENERAL
D19,19_epidemiological_models,models,NNS,NOUN,GENERAL
D19,19_epidemiological_models,are,VBP,AUX,GENERAL
D19,19_epidemiological_models,not,RB,PART,GENERAL
D19,19_epidemiological_models,crystal,JJ,NOUN,GENERAL
D19,19_epidemiological_models,balls,NNS,NOUN,GENERAL
D19,19_epidemiological_models,their,PRP$,PRON,GENERAL
D19,19_epidemiological_models,outputs,NNS,NOUN,GENERAL
D19,19_epidemiological_models,depend,VBP,VERB,GENERAL
D19,19_epidemiological_models,on,IN,ADP,GENERAL
D19,19_epidemiological_models,assumptions,NNS,NOUN,GENERAL
D19,19_epidemiological_models,parameter,VBP,NOUN,GENERAL
D19,19_epidemiological_models,estimates,NNS,VERB,GENERAL
D19,19_epidemiological_models,data,NNS,NOUN,GENERAL
D19,19_epidemiological_models,quality,NN,NOUN,GENERAL
D19,19_epidemiological_models,and,CC,CCONJ,GENERAL
D19,19_epidemiological_models,the,DT,DET,GENERAL
D19,19_epidemiological_models,scenario,NN,NOUN,GENERAL
D19,19_epidemiological_models,being,VBG,AUX,GENERAL
D19,19_epidemiological_models,examined,VBD,VERB,GENERAL
D19,19_epidemiological_models,a,DT,DET,GENERAL
D19,19_epidemiological_models,model,NN,NOUN,GENERAL
D19,19_epidemiological_models,can,MD,AUX,GENERAL
D19,19_epidemiological_models,be,VB,AUX,GENERAL
D19,19_epidemiological_models,useful,JJ,ADJ,GENERAL
D19,19_epidemiological_models,even,RB,ADV,GENERAL
D19,19_epidemiological_models,when,WRB,SCONJ,GENERAL
D19,19_epidemiological_models,its,PRP$,PRON,GENERAL
D19,19_epidemiological_models,exact,JJ,ADJ,GENERAL
D19,19_epidemiological_models,numerical,JJ,ADJ,GENERAL
D19,19_epidemiological_models,forecast,NN,PROPN,GENERAL
D19,19_epidemiological_models,is,VBZ,AUX,GENERAL
D19,19_epidemiological_models,uncertain,JJ,ADJ,GENERAL
D19,19_epidemiological_models,because,IN,SCONJ,GENERAL
D19,19_epidemiological_models,it,PRP,PRON,GENERAL
D19,19_epidemiological_models,can,MD,AUX,GENERAL
D19,19_epidemiological_models,show,VB,VERB,GENERAL
D19,19_epidemiological_models,how,WRB,SCONJ,GENERAL
D19,19_epidemiological_models,outcomes,NNS,NOUN,GENERAL
D19,19_epidemiological_models,change,VBP,VERB,GENERAL
D19,19_epidemiological_models,when,WRB,SCONJ,GENERAL
D19,19_epidemiological_models,assumptions,NNS,NOUN,GENERAL
D19,19_epidemiological_models,change,VBP,VERB,GENERAL
D19,19_epidemiological_models,model,NN,NOUN,GENERAL
D19,19_epidemiological_models,calibration,NN,NOUN,GENERAL
D19,19_epidemiological_models,uses,VBZ,VERB,GENERAL
D19,19_epidemiological_models,observed,VBN,ADJ,GENERAL
D19,19_epidemiological_models,data,NNS,NOUN,GENERAL
D19,19_epidemiological_models,to,TO,PART,GENERAL
D19,19_epidemiological_models,estimate,VB,VERB,GENERAL
D19,19_epidemiological_models,parameters,NNS,NOUN,GENERAL
D19,19_epidemiological_models,or,CC,CCONJ,GENERAL
D19,19_epidemiological_models,evaluate,VB,VERB,GENERAL
D19,19_epidemiological_models,whether,IN,SCONJ,GENERAL
D19,19_epidemiological_models,simulated,JJ,VERB,GENERAL
D19,19_epidemiological_models,trajectories,NNS,NOUN,GENERAL
D19,19_epidemiological_models,are,VBP,AUX,GENERAL
D19,19_epidemiological_models,consistent,JJ,ADJ,GENERAL
D19,19_epidemiological_models,with,IN,ADP,GENERAL
D19,19_epidemiological_models,historical,JJ,ADJ,GENERAL
D19,19_epidemiological_models,patterns,NNS,NOUN,GENERAL
D19,19_epidemiological_models,validation,NN,NOUN,GENERAL
D19,19_epidemiological_models,and,CC,CCONJ,GENERAL
D19,19_epidemiological_models,sensitivity,NN,NOUN,GENERAL
D19,19_epidemiological_models,analysis,NN,NOUN,GENERAL
D19,19_epidemiological_models,can,MD,AUX,GENERAL
D19,19_epidemiological_models,identify,VB,VERB,GENERAL
D19,19_epidemiological_models,which,WDT,DET,GENERAL
D19,19_epidemiological_models,assumptions,NNS,NOUN,GENERAL
D19,19_epidemiological_models,have,VBP,VERB,GENERAL
D19,19_epidemiological_models,the,DT,DET,GENERAL
D19,19_epidemiological_models,greatest,JJS,ADJ,GENERAL
D19,19_epidemiological_models,effect,NN,NOUN,GENERAL
D19,19_epidemiological_models,on,IN,ADP,GENERAL
D19,19_epidemiological_models,results,NNS,NOUN,GENERAL
D19,19_epidemiological_models,public-health,JJ,ADJ,DOMAIN_ADJ
D19,19_epidemiological_models,decision-makers,NNS,NOUN,GENERAL
D19,19_epidemiological_models,should,MD,NOUN,GENERAL
D19,19_epidemiological_models,interpret,VB,NOUN,GENERAL
D19,19_epidemiological_models,model,NN,AUX,GENERAL
D19,19_epidemiological_models,outputs,NNS,VERB,GENERAL
D19,19_epidemiological_models,alongside,JJ,NOUN,GENERAL
D19,19_epidemiological_models,surveillance,NN,NOUN,DOMAIN_NOUN
D19,19_epidemiological_models,data,NNS,ADP,GENERAL
D19,19_epidemiological_models,and,CC,NOUN,GENERAL
D19,19_epidemiological_models,expert,JJ,NOUN,GENERAL
D19,19_epidemiological_models,assessment,NN,CCONJ,GENERAL
D19,19_epidemiological_models,scenario,NN,NOUN,GENERAL
D19,19_epidemiological_models,projections,NNS,NOUN,GENERAL
D19,19_epidemiological_models,are,VBP,NOUN,GENERAL
D19,19_epidemiological_models,particularly,RB,NOUN,GENERAL
D19,19_epidemiological_models,sensitive,JJ,AUX,GENERAL
D19,19_epidemiological_models,to,TO,ADV,GENERAL
D19,19_epidemiological_models,changes,NNS,ADJ,GENERAL
D19,19_epidemiological_models,in,IN,ADP,GENERAL
D19,19_epidemiological_models,behavior,JJ,NOUN,GENERAL
D19,19_epidemiological_models,immunity,NN,ADP,DOMAIN_NOUN
D19,19_epidemiological_models,viral,JJ,NOUN,DOMAIN_ADJ
D19,19_epidemiological_models,characteristics,NNS,NOUN,GENERAL
D19,19_epidemiological_models,interventions,NNS,ADJ,GENERAL
D19,19_epidemiological_models,and,CC,NOUN,GENERAL
D19,19_epidemiological_models,healthcare,NN,NOUN,DOMAIN_NOUN
D19,19_epidemiological_models,capacity,NN,CCONJ,GENERAL
D19,19_epidemiological_models,transparent,NN,NOUN,GENERAL
D19,19_epidemiological_models,reporting,NN,NOUN,GENERAL
D19,19_epidemiological_models,of,IN,ADJ,GENERAL
D19,19_epidemiological_models,assumptions,NNS,NOUN,GENERAL
D19,19_epidemiological_models,and,CC,ADP,GENERAL
D19,19_epidemiological_models,uncertainty,NN,NOUN,GENERAL
D19,19_epidemiological_models,is,VBZ,CCONJ,GENERAL
D19,19_epidemiological_models,therefore,RB,NOUN,GENERAL
D19,19_epidemiological_models,essential,JJ,AUX,GENERAL
D20,20_post_outbreak_evaluation,evaluating,VBG,VERB,GENERAL
D20,20_post_outbreak_evaluation,public,JJ,ADJ,GENERAL
D20,20_post_outbreak_evaluation,health,NN,NOUN,GENERAL
D20,20_post_outbreak_evaluation,responses,NNS,NOUN,GENERAL
D20,20_post_outbreak_evaluation,after,IN,ADP,GENERAL
D20,20_post_outbreak_evaluation,an,DT,DET,GENERAL
D20,20_post_outbreak_evaluation,outbreak,NN,NOUN,DOMAIN_NOUN
D20,20_post_outbreak_evaluation,after,IN,SCONJ,GENERAL
D20,20_post_outbreak_evaluation,an,DT,DET,GENERAL
D20,20_post_outbreak_evaluation,infectious,JJ,ADJ,DOMAIN_ADJ
D20,20_post_outbreak_evaluation,disease,NN,NOUN,DOMAIN_NOUN
D20,20_post_outbreak_evaluation,outbreak,VB,VERB,DOMAIN_NOUN
D20,20_post_outbreak_evaluation,a,DT,DET,GENERAL
D20,20_post_outbreak_evaluation,structured,JJ,ADJ,GENERAL
D20,20_post_outbreak_evaluation,evaluation,NN,NOUN,GENERAL
D20,20_post_outbreak_evaluation,can,MD,AUX,GENERAL
D20,20_post_outbreak_evaluation,examine,VB,VERB,GENERAL
D20,20_post_outbreak_evaluation,what,WP,PRON,GENERAL
D20,20_post_outbreak_evaluation,happened,VBD,VERB,GENERAL
D20,20_post_outbreak_evaluation,which,WDT,DET,GENERAL
D20,20_post_outbreak_evaluation,interventions,NNS,NOUN,GENERAL
D20,20_post_outbreak_evaluation,were,VBD,AUX,GENERAL
D20,20_post_outbreak_evaluation,implemented,VBN,VERB,GENERAL
D20,20_post_outbreak_evaluation,how,WRB,SCONJ,GENERAL
D20,20_post_outbreak_evaluation,quickly,RB,ADV,GENERAL
D20,20_post_outbreak_evaluation,systems,NNS,NOUN,GENERAL
D20,20_post_outbreak_evaluation,responded,VBD,VERB,GENERAL
D20,20_post_outbreak_evaluation,and,CC,CCONJ,GENERAL
D20,20_post_outbreak_evaluation,what,WP,DET,GENERAL
D20,20_post_outbreak_evaluation,improvements,NNS,NOUN,GENERAL
D20,20_post_outbreak_evaluation,are,VBP,AUX,GENERAL
D20,20_post_outbreak_evaluation,needed,VBN,VERB,GENERAL
D20,20_post_outbreak_evaluation,evaluation,NN,NOUN,GENERAL
D20,20_post_outbreak_evaluation,should,MD,AUX,GENERAL
D20,20_post_outbreak_evaluation,consider,VB,VERB,GENERAL
D20,20_post_outbreak_evaluation,epidemiological,JJ,ADJ,DOMAIN_ADJ
D20,20_post_outbreak_evaluation,outcomes,NNS,NOUN,GENERAL
D20,20_post_outbreak_evaluation,as,RB,ADV,GENERAL
D20,20_post_outbreak_evaluation,well,RB,ADV,GENERAL
D20,20_post_outbreak_evaluation,as,IN,ADP,GENERAL
D20,20_post_outbreak_evaluation,operational,JJ,ADJ,GENERAL
D20,20_post_outbreak_evaluation,social,JJ,ADJ,GENERAL
D20,20_post_outbreak_evaluation,and,CC,CCONJ,GENERAL
D20,20_post_outbreak_evaluation,economic,JJ,ADJ,GENERAL
D20,20_post_outbreak_evaluation,consequences,NNS,NOUN,GENERAL
D20,20_post_outbreak_evaluation,useful,JJ,ADJ,GENERAL
D20,20_post_outbreak_evaluation,indicators,NNS,NOUN,GENERAL
D20,20_post_outbreak_evaluation,may,MD,AUX,GENERAL
D20,20_post_outbreak_evaluation,include,VB,VERB,GENERAL
D20,20_post_outbreak_evaluation,time,NN,NOUN,GENERAL
D20,20_post_outbreak_evaluation,from,IN,ADP,GENERAL
D20,20_post_outbreak_evaluation,signal,JJ,NOUN,GENERAL
D20,20_post_outbreak_evaluation,detection,NN,NOUN,GENERAL
D20,20_post_outbreak_evaluation,to,TO,ADP,GENERAL
D20,20_post_outbreak_evaluation,investigation,NN,NOUN,GENERAL
D20,20_post_outbreak_evaluation,testing,VBG,VERB,DOMAIN_VERB
D20,20_post_outbreak_evaluation,turnaround,NN,NOUN,GENERAL
D20,20_post_outbreak_evaluation,time,NN,NOUN,GENERAL
D20,20_post_outbreak_evaluation,vaccination,NN,NOUN,DOMAIN_NOUN
D20,20_post_outbreak_evaluation,coverage,NN,NOUN,GENERAL
D20,20_post_outbreak_evaluation,hospitalization,NN,NOUN,GENERAL
D20,20_post_outbreak_evaluation,trends,NNS,VERB,GENERAL
D20,20_post_outbreak_evaluation,healthcare,VBP,NOUN,DOMAIN_NOUN
D20,20_post_outbreak_evaluation,capacity,NN,NOUN,GENERAL
D20,20_post_outbreak_evaluation,communication,NN,NOUN,GENERAL
D20,20_post_outbreak_evaluation,reach,NN,VERB,GENERAL
D20,20_post_outbreak_evaluation,and,CC,CCONJ,GENERAL
D20,20_post_outbreak_evaluation,the,DT,DET,GENERAL
D20,20_post_outbreak_evaluation,timeliness,NN,NOUN,GENERAL
D20,20_post_outbreak_evaluation,of,IN,ADP,GENERAL
D20,20_post_outbreak_evaluation,public-health,NN,ADJ,DOMAIN_ADJ
D20,20_post_outbreak_evaluation,reporting,VBG,NOUN,GENERAL
D20,20_post_outbreak_evaluation,the,DT,VERB,GENERAL
D20,20_post_outbreak_evaluation,exact,JJ,DET,GENERAL
D20,20_post_outbreak_evaluation,measures,NNS,ADJ,GENERAL
D20,20_post_outbreak_evaluation,depend,VBP,NOUN,GENERAL
D20,20_post_outbreak_evaluation,on,IN,VERB,GENERAL
D20,20_post_outbreak_evaluation,the,DT,ADP,GENERAL
D20,20_post_outbreak_evaluation,outbreak,NN,DET,DOMAIN_NOUN
D20,20_post_outbreak_evaluation,and,CC,NOUN,GENERAL
D20,20_post_outbreak_evaluation,the,DT,CCONJ,GENERAL
D20,20_post_outbreak_evaluation,objectives,NNS,DET,GENERAL
D20,20_post_outbreak_evaluation,of,IN,NOUN,GENERAL
D20,20_post_outbreak_evaluation,the,DT,ADP,GENERAL
D20,20_post_outbreak_evaluation,response,NN,DET,GENERAL
D20,20_post_outbreak_evaluation,evaluation,NN,NOUN,GENERAL
D20,20_post_outbreak_evaluation,should,MD,NOUN,GENERAL
D20,20_post_outbreak_evaluation,distinguish,VB,AUX,GENERAL
D20,20_post_outbreak_evaluation,correlation,NN,VERB,GENERAL
D20,20_post_outbreak_evaluation,from,IN,NOUN,GENERAL
D20,20_post_outbreak_evaluation,causation,NN,ADP,GENERAL
D20,20_post_outbreak_evaluation,a,DT,NOUN,GENERAL
D20,20_post_outbreak_evaluation,decline,NN,DET,GENERAL
D20,20_post_outbreak_evaluation,in,IN,NOUN,GENERAL
D20,20_post_outbreak_evaluation,cases,NNS,ADP,GENERAL
D20,20_post_outbreak_evaluation,after,IN,NOUN,GENERAL
D20,20_post_outbreak_evaluation,an,DT,ADP,GENERAL
D20,20_post_outbreak_evaluation,intervention,NN,DET,GENERAL
D20,20_post_outbreak_evaluation,does,VBZ,NOUN,GENERAL
D20,20_post_outbreak_evaluation,not,RB,AUX,GENERAL
D20,20_post_outbreak_evaluation,automatically,RB,PART,GENERAL
D20,20_post_outbreak_evaluation,prove,VB,ADV,GENERAL
D20,20_post_outbreak_evaluation,that,IN,VERB,GENERAL
D20,20_post_outbreak_evaluation,the,DT,SCONJ,GENERAL
D20,20_post_outbreak_evaluation,intervention,NN,DET,GENERAL
D20,20_post_outbreak_evaluation,caused,VBD,NOUN,GENERAL
D20,20_post_outbreak_evaluation,the,DT,VERB,GENERAL
D20,20_post_outbreak_evaluation,decline,NN,DET,GENERAL
D20,20_post_outbreak_evaluation,because,IN,NOUN,GENERAL
D20,20_post_outbreak_evaluation,transmission,NN,SCONJ,DOMAIN_NOUN
D20,20_post_outbreak_evaluation,can,MD,NOUN,GENERAL
D20,20_post_outbreak_evaluation,also,RB,AUX,GENERAL
D20,20_post_outbreak_evaluation,change,VB,ADV,GENERAL
D20,20_post_outbreak_evaluation,due,JJ,VERB,GENERAL
D20,20_post_outbreak_evaluation,to,TO,ADP,GENERAL
D20,20_post_outbreak_evaluation,immunity,VB,ADP,DOMAIN_NOUN
D20,20_post_outbreak_evaluation,behavior,JJ,NOUN,GENERAL
D20,20_post_outbreak_evaluation,seasonality,NN,NOUN,GENERAL
D20,20_post_outbreak_evaluation,or,CC,NOUN,GENERAL
D20,20_post_outbreak_evaluation,other,JJ,CCONJ,GENERAL
D20,20_post_outbreak_evaluation,factors,NNS,ADJ,GENERAL
D20,20_post_outbreak_evaluation,after-action,JJ,NOUN,GENERAL
D20,20_post_outbreak_evaluation,reviews,NNS,ADP,GENERAL
D20,20_post_outbreak_evaluation,can,MD,NOUN,GENERAL
D20,20_post_outbreak_evaluation,translate,VB,NOUN,GENERAL
D20,20_post_outbreak_evaluation,findings,NNS,AUX,GENERAL
D20,20_post_outbreak_evaluation,into,IN,VERB,GENERAL
D20,20_post_outbreak_evaluation,concrete,JJ,NOUN,GENERAL
D20,20_post_outbreak_evaluation,improvements,NNS,ADP,GENERAL
D20,20_post_outbreak_evaluation,these,DT,ADJ,GENERAL
D20,20_post_outbreak_evaluation,may,MD,NOUN,GENERAL
D20,20_post_outbreak_evaluation,include,VB,PRON,GENERAL
D20,20_post_outbreak_evaluation,updating,VBG,AUX,GENERAL
D20,20_post_outbreak_evaluation,response,NN,VERB,GENERAL
D20,20_post_outbreak_evaluation,plans,NNS,VERB,GENERAL
D20,20_post_outbreak_evaluation,strengthening,VBG,NOUN,GENERAL
D20,20_post_outbreak_evaluation,laboratory,NN,NOUN,GENERAL
D20,20_post_outbreak_evaluation,networks,NNS,VERB,GENERAL
D20,20_post_outbreak_evaluation,improving,VBG,NOUN,GENERAL
D20,20_post_outbreak_evaluation,data,NNS,NOUN,GENERAL
D20,20_post_outbreak_evaluation,interoperability,NN,VERB,GENERAL
D20,20_post_outbreak_evaluation,expanding,VBG,NOUN,GENERAL
D20,20_post_outbreak_evaluation,workforce,NN,NOUN,GENERAL
D20,20_post_outbreak_evaluation,training,NN,VERB,GENERAL
D20,20_post_outbreak_evaluation,or,CC,NOUN,GENERAL
D20,20_post_outbreak_evaluation,revising,VBG,NOUN,GENERAL
D20,20_post_outbreak_evaluation,communication,NN,CCONJ,GENERAL
D20,20_post_outbreak_evaluation,procedures,VBZ,VERB,GENERAL
D20,20_post_outbreak_evaluation,the,DT,NOUN,GENERAL
D20,20_post_outbreak_evaluation,goal,NN,NOUN,GENERAL
D20,20_post_outbreak_evaluation,is,VBZ,DET,GENERAL
D20,20_post_outbreak_evaluation,to,TO,NOUN,GENERAL
D20,20_post_outbreak_evaluation,convert,VB,AUX,GENERAL
D20,20_post_outbreak_evaluation,experience,NN,PART,GENERAL
D20,20_post_outbreak_evaluation,into,IN,VERB,GENERAL
D20,20_post_outbreak_evaluation,preparedness,NN,NOUN,GENERAL
D20,20_post_outbreak_evaluation,for,IN,ADP,GENERAL
D20,20_post_outbreak_evaluation,future,JJ,NOUN,GENERAL
D20,20_post_outbreak_evaluation,infectious,JJ,ADP,DOMAIN_ADJ
D20,20_post_outbreak_evaluation,disease,NN,ADJ,DOMAIN_NOUN
D20,20_post_outbreak_evaluation,events,NNS,ADJ,GENERAL
