n,ngram,frequency
1,and,140
1,can,82
1,the,67
1,a,61
1,to,46
1,of,44
1,when,36
1,or,36
1,is,35
1,may,34
1,in,33
1,are,31
1,surveillance,28
1,for,26
1,should,25
1,be,25
1,disease,24
1,public-health,22
1,information,22
1,vaccination,21
1,an,20
1,not,20
1,transmission,19
1,infectious,19
1,on,18
1,with,17
1,testing,17
1,data,17
1,people,16
1,as,16
1,that,16
1,outbreak,15
1,by,14
1,infection,14
1,respiratory,14
1,risk,14
1,health,14
1,evidence,14
1,from,14
1,prevention,13
1,measures,13
1,communication,13
1,systems,13
1,identify,13
1,vaccine,12
1,time,12
1,population,12
1,have,12
1,reporting,12
1,healthcare,12
1,other,11
1,provide,11
1,useful,11
1,infections,11
1,because,11
1,clinical,11
1,cases,11
1,changes,11
1,while,10
1,reduce,10
1,use,10
1,wastewater,10
1,therefore,9
1,exposure,9
1,change,9
1,epidemiological,9
1,different,9
1,effectiveness,9
1,case,9
1,single,8
1,it,8
1,indicators,8
1,response,8
1,viral,8
1,after,8
1,does,8
1,immunity,8
1,also,8
1,incidence,8
1,during,8
1,which,8
1,laboratory,8
1,covid-19,7
1,community,7
1,than,7
1,protection,7
1,against,7
1,consider,7
1,outcomes,7
1,what,7
1,clear,7
1,period,7
1,conditions,7
1,studies,7
1,but,7
1,help,7
1,reproduction,7
1,assumptions,7
1,contact,7
1,access,7
1,include,7
1,infected,6
1,person,6
1,rather,6
1,immune,6
1,such,6
1,circulating,6
1,variant,6
1,hospitalization,6
1,researchers,6
1,groups,6
1,under,6
1,age,6
1,every,6
1,prevalence,6
1,test,6
1,number,6
1,individual,6
1,effective,6
1,models,6
1,timing,6
1,more,6
1,treatment,6
1,monitoring,6
1,whether,6
1,capacity,6
1,sars-cov-2,5
1,important,5
1,local,5
1,reported,5
1,vaccines,5
1,without,5
1,relevant,5
1,evaluation,5
1,recommendations,5
1,results,5
1,has,5
1,new,5
1,how,5
1,illness,5
1,affect,5
1,multiple,5
1,changing,5
1,tracing,5
1,practical,5
1,characteristics,5
1,sequencing,5
1,investigation,5
1,events,5
1,medical,5
1,preparedness,5
1,periods,4
1,ventilation,4
1,additional,4
1,settings,4
1,system,4
1,over,4
1,severe,4
1,programs,4
1,interventions,4
1,become,4
1,about,4
1,distinguish,4
1,relative,4
1,comparison,4
1,misleading,4
1,between,4
1,observational,4
1,behavior,4
1,patterns,4
1,study,4
1,at,4
1,interpretation,4
1,interpreted,4
1,context,4
1,practices,4
1,observed,4
1,activity,4
1,numbers,4
1,pathogen,4
1,trends,4
1,into,4
1,population-level,4
1,depend,4
1,signal,4
1,public,4
1,selected,4
1,genomic,4
1,automatically,4
1,evaluate,4
1,depends,4
1,detect,4
1,sources,4
1,control,4
1,among,4
1,require,4
1,staff,4
1,according,4
1,safety,4
1,event,4
1,assessment,4
1,understand,4
1,caused,3
1,occur,3
1,particles,3
1,generally,3
1,indoor,3
1,environments,3
1,intervention,3
1,home,3
1,where,3
1,virus,3
1,hygiene,3
1,remains,3
1,variants,3
1,remain,3
1,stronger,3
1,together,3
1,care,3
1,protective,3
1,authorities,3
1,reports,3
1,individuals,3
1,exposed,3
1,outcome,3
1,describe,3
1,occurred,3
1,viruses,3
1,updated,3
1,absolute,3
1,conclusions,3
1,evaluating,3
1,factors,3
1,underlying,3
1,defined,3
1,especially,3
1,populations,3
1,requires,3
1,selection,3
1,bias,3
1,some,3
1,uncertainty,3
1,condition,3
1,quickly,3
1,duration,3
1,affected,3
1,definition,3
1,isolation,3
1,measurements,3
1,all,3
1,one,3
1,increase,3
1,decline,3
1,estimates,3
1,estimate,3
1,uncertain,3
1,process,3
1,includes,3
1,appropriate,3
1,recommended,3
1,actions,3
1,they,3
1,most,3
1,broad,3
1,biological,3
1,material,3
1,genetic,3
1,early,3
1,exact,3
1,sampling,3
1,its,3
1,lineages,3
1,always,3
1,determine,3
1,investigators,3
1,analysis,3
1,controls,3
1,environmental,3
1,through,3
1,routine,3
1,involves,3
1,facilities,3
1,patients,3
1,procedures,3
1,training,3
1,adverse,3
1,detection,3
1,decisions,3
1,needed,3
1,avoid,3
1,misinformation,3
1,schools,3
1,status,3
1,planning,3
1,tests,3
1,literacy,3
1,networks,3
1,improvements,3
1,model,3
1,close,2
1,proximity,2
1,relying,2
1,improving,2
1,concentration,2
1,shared,2
1,air,2
1,elevated,2
1,present,2
1,hand,2
1,reducing,2
1,many,2
1,although,2
1,major,2
1,route,2
1,respond,2
1,across,2
1,works,2
1,best,2
1,situation,2
1,signals,2
1,guide,2
1,their,2
1,them,2
1,basic,2
1,experience,2
1,guarantee,2
1,product,2
1,since,2
1,symptomatic,2
1,these,2
1,previous,2
1,often,2
1,both,2
1,communicating,2
1,rates,2
1,specify,2
1,group,2
1,percentage,2
1,real-world,2
1,must,2
1,account,2
1,prior,2
1,efficacy,2
1,large,2
1,differ,2
1,levels,2
1,example,2
1,quantity,2
1,confounding,2
1,statistical,2
1,cannot,2
1,been,2
1,design,2
1,size,2
1,studied,2
1,epidemiology,2
1,occurring,2
1,specified,2
1,describes,2
1,relatively,2
1,lower,2
1,high,2
1,carefully,2
1,availability,2
1,counts,2
1,interpret,2
1,mortality,2
1,syndromic,2
1,complement,2
1,using,2
1,provides,2
1,typical,2
1,susceptible,2
1,setting,2
1,structure,2
1,delays,2
1,onset,2
1,methods,2
1,small,2
1,depending,2
1,management,2
1,used,2
1,who,2
1,support,2
1,definitions,2
1,identifying,2
1,confirmed,2
1,contacts,2
1,digital,2
1,replace,2
1,identified,2
1,accurate,2
1,sensitive,2
1,promptly,2
1,relationship,2
1,location,2
1,hospital,2
1,direct,2
1,compare,2
1,mutation,2
1,mean,2
1,effect,2
1,agencies,2
1,differences,2
1,begins,2
1,greater,2
1,show,2
1,geographic,2
1,incomplete,2
1,necessarily,2
1,question,2
1,targeted,2
1,available,2
1,collection,2
1,diseases,2
1,sentinel,2
1,sites,2
1,quality,2
1,completeness,2
1,timeliness,2
1,passive,2
1,active,2
1,cost,2
1,detailed,2
1,layered,2
1,workers,2
1,encounter,2
1,personal,2
1,equipment,2
1,patient,2
1,adapted,2
1,association,2
1,explain,2
1,rapidly,2
1,language,2
1,students,2
1,interact,2
1,spread,2
1,strategies,2
1,school,2
1,opportunities,2
1,families,2
1,symptoms,2
1,well,2
1,coordination,2
1,higher-risk,2
1,timely,2
1,members,2
1,assuming,2
1,antiviral,2
1,rapid,2
1,particularly,2
1,occurs,2
1,sensitivity,2
1,eligible,2
1,social,2
1,findings,2
1,causation,2
1,threats,2
1,before,2
1,emergency,2
1,mechanisms,2
1,plans,2
1,outputs,2
1,scenario,2
1,releases,1
1,breathing,1
1,speaking,1
1,coughing,1
1,sneezing,1
1,increases,1
1,crowded,1
1,poorly,1
1,ventilated,1
1,prolonged,1
1,combines,1
1,several,1
1,filtration,1
1,staying,1
1,acutely,1
1,ill,1
1,mask,1
1,layer,1
1,vulnerable,1
1,measure,1
1,prepares,1
1,risk-based,1
1,matched,1
1,hospitalizations,1
1,considering,1
1,intensity,1
1,own,1
1,risks,1
1,vulnerability,1
1,around,1
1,concepts,1
1,designed,1
1,stimulate,1
1,requiring,1
1,itself,1
1,platforms,1
1,ways,1
1,cells,1
1,recognize,1
1,components,1
1,mount,1
1,faster,1
1,later,1
1,will,1
1,never,1
1,varies,1
1,commonly,1
1,distinguishes,1
1,death,1
1,treated,1
1,interchangeable,1
1,contribute,1
1,producing,1
1,hybrid,1
1,develops,1
1,adverse-event,1
1,explanation,1
1,this,1
1,prevents,1
1,isolated,1
1,statistic,1
1,usually,1
1,estimated,1
1,comparing,1
1,vaccinated,1
1,cohort,1
1,case-control,1
1,test-negative,1
1,designs,1
1,healthcare-seeking,1
1,calendar,1
1,randomized,1
1,controlled,1
1,trials,1
1,strong,1
1,deployed,1
1,scale,1
1,trial,1
1,schedules,1
1,knowing,1
1,endpoint,1
1,waning,1
1,appear,1
1,differently,1
1,stratify,1
1,limitations,1
1,adjustment,1
1,biases,1
1,difference,1
1,measured,1
1,intervals,1
1,sample,1
1,aspects,1
1,occurrence,1
1,focuses,1
1,proportion,1
1,particular,1
1,reflect,1
1,short,1
1,substantial,1
1,low,1
1,point,1
1,conversely,1
1,chronic,1
1,long,1
1,epidemiologists,1
1,define,1
1,interval,1
1,measurement,1
1,method,1
1,representing,1
1,equivalent,1
1,true,1
1,widespread,1
1,made,1
1,difficult,1
1,including,1
1,positivity,1
1,broader,1
1,picture,1
1,growth,1
1,0,1
1,average,1
1,secondary,1
1,generated,1
1,fully,1
1,theoretical,1
1,fixed,1
1,property,1
1,written,1
1,rt,1
1,re,1
1,reflects,1
1,current,1
1,behavioral,1
1,above,1
1,below,1
1,tends,1
1,estimating,1
1,symptom,1
1,analysts,1
1,nowcasting,1
1,same,1
1,correspond,1
1,infectiousness,1
1,workflow,1
1,probable,1
1,determining,1
1,could,1
1,interviewing,1
1,tools,1
1,assist,1
1,notification,1
1,do,1
1,judgment,1
1,resources,1
1,privacy,1
1,confidentiality,1
1,contact-tracing,1
1,handle,1
1,decrease,1
1,extremely,1
1,asymptomatic,1
1,situations,1
1,complements,1
1,analyzes,1
1,sewage,1
1,presence,1
1,agents,1
1,within,1
1,shed,1
1,seeking,1
1,declines,1
1,straightforward,1
1,attention,1
1,served,1
1,rainfall,1
1,dilution,1
1,frequency,1
1,shedding,1
1,combined,1
1,nature,1
1,dependence,1
1,tool,1
1,diagnostic,1
1,monitors,1
1,assesses,1
1,emerging,1
1,specimens,1
1,databases,1
1,allow,1
1,laboratories,1
1,sequences,1
1,locations,1
1,newly,1
1,detected,1
1,transmissible,1
1,observations,1
1,mutations,1
1,helps,1
1,diagnostics,1
1,therapeutics,1
1,however,1
1,samples,1
1,representative,1
1,influence,1
1,linked,1
1,sequence,1
1,datasets,1
1,significance,1
1,those,1
1,seeks,1
1,unusual,1
1,characterize,1
1,likely,1
1,routes,1
1,confirmation,1
1,expected,1
1,construct,1
1,descriptive,1
1,summaries,1
1,place,1
1,epidemic,1
1,curve,1
1,clues,1
1,type,1
1,mapping,1
1,clustering,1
1,demographic,1
1,reveal,1
1,occupation,1
1,analytical,1
1,exposures,1
1,unexposed,1
1,recall,1
1,wait,1
1,until,1
1,scientific,1
1,resolved,1
1,circumstances,1
1,restrictions,1
1,continue,1
1,becomes,1
1,continuous,1
1,systematic,1
1,dissemination,1
1,action,1
1,monitor,1
1,records,1
1,community-level,1
1,objective,1
1,determines,1
1,counted,1
1,rules,1
1,submitted,1
1,consistency,1
1,representativeness,1
1,relies,1
1,efficient,1
1,miss,1
1,efforts,1
1,improve,1
1,collects,1
1,create,1
1,apparent,1
1,purely,1
1,decision-making,1
1,benefits,1
1,triangulating,1
1,infection-prevention,1
1,close-contact,1
1,core,1
1,cleaning,1
1,safe,1
1,placement,1
1,administrative,1
1,screening,1
1,triage,1
1,policies,1
1,managing,1
1,engineering,1
1,physical,1
1,separation,1
1,room,1
1,anticipated,1
1,task,1
1,track,1
1,healthcare-associated,1
1,compliance,1
1,repeated,1
1,no,1
1,sufficient,1
1,reduces,1
1,reliance,1
1,barrier,1
1,continues,1
1,authorized,1
1,licensed,1
1,very,1
1,rare,1
1,only,1
1,detectable,1
1,millions,1
1,doses,1
1,administered,1
1,collect,1
1,investigate,1
1,indicate,1
1,potential,1
1,following,1
1,immunization,1
1,coincidental,1
1,associated,1
1,another,1
1,potentially,1
1,related,1
1,considers,1
1,background,1
1,plausibility,1
1,valuable,1
1,underreporting,1
1,stimulated,1
1,causal,1
1,based,1
1,accumulated,1
1,report,1
1,lead,1
1,warnings,1
1,continued,1
1,supports,1
1,favorable,1
1,benefit-risk,1
1,profile,1
1,threat,1
1,make,1
1,informed,1
1,known,1
1,why,1
1,presented,1
1,denominator,1
1,communicators,1
1,implying,1
1,certainty,1
1,limited,1
1,trust,1
1,supported,1
1,acknowledging,1
1,hiding,1
1,evolve,1
1,explaining,1
1,reason,1
1,recommendation,1
1,guidance,1
1,earlier,1
1,was,1
1,intentionally,1
1,accessibility,1
1,cultural,1
1,messages,1
1,reliable,1
1,frequently,1
1,so,1
1,proportionate,1
1,needs,1
1,accumulation,1
1,indoors,1
1,outdoor,1
1,activities,1
1,lower-risk,1
1,alternatives,1
1,encouraging,1
1,acute,1
1,stay,1
1,national,1
1,responding,1
1,clusters,1
1,consultation,1
1,educational,1
1,continuity,1
1,closures,1
1,administrators,1
1,professionals,1
1,protecting,1
1,higher,1
1,pregnancy,1
1,harm,1
1,ensuring,1
1,involve,1
1,residential,1
1,precautions,1
1,family,1
1,caregivers,1
1,widely,1
1,determined,1
1,characteristic,1
1,strains,1
1,category,1
1,identical,1
1,equitable,1
1,part,1
1,barriers,1
1,transportation,1
1,able,1
1,services,1
1,inform,1
1,molecular,1
1,antigen,1
1,proteins,1
1,performance,1
1,specimen,1
1,stage,1
1,negative,1
1,result,1
1,exclude,1
1,history,1
1,specific,1
1,intended,1
1,eligibility,1
1,contraindications,1
1,drug,1
1,interactions,1
1,individualized,1
1,advice,1
1,unnecessary,1
1,delay,1
1,demand,1
1,ability,1
1,find,1
1,outbreaks,1
1,news,1
1,media,1
1,messaging,1
1,applications,1
1,informal,1
1,arise,1
1,incorrect,1
1,misunderstanding,1
1,outdated,1
1,presentation,1
1,facts,1
1,checks,1
1,source,1
1,date,1
1,claim,1
1,matches,1
1,presenting,1
1,preliminary,1
1,settled,1
1,experiment,1
1,answer,1
1,complementary,1
1,checking,1
1,recognized,1
1,looking,1
1,original,1
1,possible,1
1,distinguishing,1
1,proof,1
1,explanations,1
1,confusion,1
1,encountered,1
1,inaccurate,1
1,acting,1
1,bad,1
1,faith,1
1,global,1
1,building,1
1,assess,1
1,communicate,1
1,emergencies,1
1,trained,1
1,personnel,1
1,supplies,1
1,infrastructure,1
1,countries,1
1,institutions,1
1,event-based,1
1,cross-border,1
1,sharing,1
1,represent,1
1,further,1
1,required,1
1,roles,1
1,responsibilities,1
1,hospitals,1
1,need,1
1,surge,1
1,resource,1
1,allocation,1
1,exercises,1
1,simulations,1
1,weaknesses,1
1,real,1
1,ongoing,1
1,evaluations,1
1,worked,1
1,failed,1
1,institutionalized,1
1,investments,1
1,strengthen,1
1,mathematical,1
1,computational,1
1,explore,1
1,compartmental,1
1,sir,1
1,divide,1
1,categories,1
1,recovered,1
1,add,1
1,crystal,1
1,balls,1
1,parameter,1
1,being,1
1,examined,1
1,even,1
1,numerical,1
1,forecast,1
1,calibration,1
1,uses,1
1,parameters,1
1,simulated,1
1,trajectories,1
1,consistent,1
1,historical,1
1,validation,1
1,greatest,1
1,decision-makers,1
1,alongside,1
1,expert,1
1,projections,1
1,transparent,1
1,essential,1
1,responses,1
1,structured,1
1,examine,1
1,happened,1
1,were,1
1,implemented,1
1,responded,1
1,operational,1
1,economic,1
1,consequences,1
1,turnaround,1
1,coverage,1
1,reach,1
1,objectives,1
1,correlation,1
1,prove,1
1,due,1
1,seasonality,1
1,after-action,1
1,reviews,1
1,translate,1
1,concrete,1
1,updating,1
1,strengthening,1
1,interoperability,1
1,expanding,1
1,workforce,1
1,revising,1
1,goal,1
1,convert,1
1,future,1
2,and the,11
2,infectious disease,11
2,can be,10
2,can reduce,9
2,does not,8
2,a single,7
2,changes in,7
2,rather than,6
2,can provide,6
2,should be,6
2,surveillance systems,6
2,can identify,6
2,is a,5
2,to the,5
2,such as,5
2,vaccine effectiveness,5
2,may be,5
2,contact tracing,5
2,communication should,5
2,and when,4
2,may use,4
2,should not,4
2,the population,4
2,be interpreted,4
2,of a,4
2,can help,4
2,cases and,4
2,reproduction number,4
2,can also,4
2,wastewater surveillance,4
2,depend on,4
2,public health,4
2,depends on,4
2,or other,4
2,testing and,4
2,and healthcare,4
2,according to,4
2,after an,4
2,and community,3
2,when people,3
2,people are,3
2,of infectious,3
2,transmission is,3
2,is an,3
2,protection against,3
2,against infection,3
2,over time,3
2,vaccines are,3
2,vaccination and,3
2,and circulating,3
2,it is,3
2,relative risk,3
2,incidence and,3
2,of disease,3
2,for an,3
2,an infectious,3
2,of illness,3
2,case definition,3
2,in testing,3
2,can affect,3
2,disease activity,3
2,reproduction numbers,3
2,reporting and,3
2,on the,3
2,of the,3
2,respiratory infections,3
2,useful when,3
2,may provide,3
2,is not,3
2,than a,3
2,variant surveillance,3
2,not automatically,3
2,are not,3
2,not always,3
2,what is,3
2,an outbreak,3
2,control measures,3
2,and may,3
2,measures can,3
2,and can,3
2,surveillance data,3
2,infection prevention,3
2,when evidence,3
2,vaccine safety,3
2,should distinguish,3
2,risk communication,3
2,should consider,3
2,health literacy,3
2,community prevention,2
2,caused by,2
2,transmission can,2
2,can occur,2
2,infected person,2
2,respiratory particles,2
2,than relying,2
2,ventilation and,2
2,reduce the,2
2,reduce exposure,2
2,provide an,2
2,respiratory virus,2
2,hand hygiene,2
2,useful for,2
2,many infections,2
2,a major,2
2,for covid-19,2
2,covid-19 vaccination,2
2,an important,2
2,because it,2
2,the immune,2
2,immune system,2
2,respond to,2
2,can change,2
2,change over,2
2,time and,2
2,and across,2
2,severe disease,2
2,together with,2
2,clinical care,2
2,works best,2
2,best when,2
2,public-health authorities,2
2,reported cases,2
2,and outbreak,2
2,communication and,2
2,individuals can,2
2,a person,2
2,after vaccination,2
2,guarantee that,2
2,that a,2
2,population time,2
2,time since,2
2,since vaccination,2
2,not be,2
2,may also,2
2,recommendations may,2
2,absolute risk,2
2,a clear,2
2,comparison group,2
2,group time,2
2,time period,2
2,from a,2
2,comparison groups,2
2,observational studies,2
2,account for,2
2,especially useful,2
2,after vaccines,2
2,a useful,2
2,for example,2
2,effectiveness against,2
2,by age,2
2,confounding and,2
2,selection bias,2
2,are important,2
2,that every,2
2,should therefore,2
2,size and,2
2,population studied,2
2,and prevalence,2
2,new cases,2
2,in a,2
2,a population,2
2,during a,2
2,describes the,2
2,a defined,2
2,how quickly,2
2,infections are,2
2,may have,2
2,incidence but,2
2,definition and,2
2,carefully changes,2
2,case counts,2
2,other indicators,2
2,surveillance and,2
2,wastewater measurements,2
2,measurements can,2
2,number of,2
2,by a,2
2,a typical,2
2,in every,2
2,the effective,2
2,effective reproduction,2
2,interventions and,2
2,when the,2
2,infections can,2
2,assumptions and,2
2,numbers should,2
2,systems are,2
2,depending on,2
2,and exposure,2
2,tracing is,2
2,a public-health,2
2,to identify,2
2,for respiratory,2
2,a confirmed,2
2,the case,2
2,when appropriate,2
2,not replace,2
2,most effective,2
2,effective when,2
2,when cases,2
2,be identified,2
2,people have,2
2,have access,2
2,access to,2
2,or when,2
2,prevention measures,2
2,measures and,2
2,respiratory viruses,2
2,to estimate,2
2,viral genetic,2
2,genetic material,2
2,individual testing,2
2,the exact,2
2,by the,2
2,are most,2
2,clinical surveillance,2
2,data and,2
2,and other,2
2,sequencing can,2
2,from selected,2
2,mean that,2
2,public-health agencies,2
2,changes that,2
2,that may,2
2,or transmission,2
2,capacity can,2
2,clinical information,2
2,data can,2
2,disease outbreak,2
2,outbreak investigation,2
2,determine whether,2
2,begins with,2
2,with a,2
2,that the,2
2,can show,2
2,analysis can,2
2,other characteristics,2
2,and incomplete,2
2,genomic sequencing,2
2,not necessarily,2
2,the pathogen,2
2,can include,2
2,the outbreak,2
2,as new,2
2,health surveillance,2
2,of health,2
2,health information,2
2,systems can,2
2,infectious diseases,2
2,sites and,2
2,information is,2
2,data quality,2
2,active surveillance,2
2,be useful,2
2,reporting systems,2
2,prevention in,2
2,healthcare facilities,2
2,healthcare workers,2
2,may encounter,2
2,personal protective,2
2,protective equipment,2
2,respiratory illness,2
2,evidence or,2
2,and local,2
2,adverse event,2
2,to vaccination,2
2,signal detection,2
2,a reported,2
2,evidence rather,2
2,during infectious,2
2,disease events,2
2,people with,2
2,should explain,2
2,is uncertain,2
2,rapidly changing,2
2,as well,2
2,well as,2
2,risk of,2
2,of severe,2
2,other factors,2
2,vaccination status,2
2,access and,2
2,assuming that,2
2,antiviral treatment,2
2,detect viral,2
2,eligible patients,2
2,and treatment,2
2,outbreak preparedness,2
2,laboratory networks,2
2,identify which,2
2,models can,2
2,healthcare capacity,2
2,evaluation should,2
2,may include,2
2,covid-19 transmission,1
2,transmission and,1
2,prevention covid-19,1
2,covid-19 is,1
2,is caused,1
2,by infection,1
2,infection with,1
2,with sars-cov-2,1
2,sars-cov-2 transmission,1
2,occur when,1
2,when an,1
2,an infected,1
2,person releases,1
2,releases respiratory,1
2,particles while,1
2,while breathing,1
2,breathing speaking,1
2,speaking coughing,1
2,coughing or,1
2,or sneezing,1
2,sneezing risk,1
2,risk generally,1
2,generally increases,1
2,increases in,1
2,in crowded,1
2,crowded or,1
2,or poorly,1
2,poorly ventilated,1
2,ventilated indoor,1
2,indoor environments,1
2,environments and,1
2,are in,1
2,in close,1
2,close proximity,1
2,proximity for,1
2,for prolonged,1
2,prolonged periods,1
2,periods prevention,1
2,prevention therefore,1
2,therefore combines,1
2,combines several,1
2,several measures,1
2,measures rather,1
2,relying on,1
2,on a,1
2,single intervention,1
2,intervention improving,1
2,improving indoor,1
2,indoor ventilation,1
2,and filtration,1
2,filtration can,1
2,the concentration,1
2,concentration of,1
2,infectious particles,1
2,particles in,1
2,in shared,1
2,shared air,1
2,air staying,1
2,staying home,1
2,home when,1
2,when acutely,1
2,acutely ill,1
2,ill can,1
2,exposure to,1
2,to other,1
2,other people,1
2,people mask,1
2,mask use,1
2,use can,1
2,an additional,1
2,additional layer,1
2,layer of,1
2,of protection,1
2,protection in,1
2,in settings,1
2,settings where,1
2,where respiratory,1
2,virus transmission,1
2,is elevated,1
2,elevated or,1
2,or where,1
2,where vulnerable,1
2,vulnerable people,1
2,are present,1
2,present hand,1
2,hygiene remains,1
2,remains useful,1
2,for reducing,1
2,reducing transmission,1
2,transmission of,1
2,of many,1
2,infections although,1
2,although respiratory,1
2,respiratory transmission,1
2,major route,1
2,route for,1
2,vaccination is,1
2,important prevention,1
2,prevention measure,1
2,measure because,1
2,it prepares,1
2,prepares the,1
2,system to,1
2,to respond,1
2,the virus,1
2,virus vaccine,1
2,vaccine protection,1
2,infection can,1
2,across variants,1
2,variants while,1
2,while protection,1
2,against severe,1
2,disease can,1
2,can remain,1
2,remain stronger,1
2,stronger public-health,1
2,public-health programs,1
2,programs therefore,1
2,therefore consider,1
2,consider vaccination,1
2,vaccination together,1
2,with surveillance,1
2,surveillance clinical,1
2,care ventilation,1
2,and risk-based,1
2,risk-based protective,1
2,protective measures,1
2,measures community,1
2,prevention works,1
2,when measures,1
2,measures are,1
2,are matched,1
2,matched to,1
2,the local,1
2,local epidemiological,1
2,epidemiological situation,1
2,situation public-health,1
2,authorities may,1
2,use indicators,1
2,indicators such,1
2,as reported,1
2,cases hospitalizations,1
2,hospitalizations wastewater,1
2,wastewater signals,1
2,signals and,1
2,outbreak reports,1
2,reports to,1
2,to guide,1
2,guide communication,1
2,and interventions,1
2,interventions individuals,1
2,reduce risk,1
2,risk by,1
2,by considering,1
2,considering the,1
2,the intensity,1
2,intensity of,1
2,of local,1
2,local transmission,1
2,transmission their,1
2,their own,1
2,own health,1
2,health risks,1
2,risks and,1
2,the vulnerability,1
2,vulnerability of,1
2,of people,1
2,people around,1
2,around them,1
2,vaccination basic,1
2,basic concepts,1
2,concepts covid-19,1
2,covid-19 vaccines,1
2,are designed,1
2,designed to,1
2,to stimulate,1
2,stimulate an,1
2,an immune,1
2,immune response,1
2,response against,1
2,against sars-cov-2,1
2,sars-cov-2 without,1
2,without requiring,1
2,requiring a,1
2,person to,1
2,to experience,1
2,experience the,1
2,the disease,1
2,disease itself,1
2,itself different,1
2,different vaccine,1
2,vaccine platforms,1
2,platforms can,1
2,can present,1
2,present viral,1
2,viral information,1
2,information to,1
2,system in,1
2,in different,1
2,different ways,1
2,ways after,1
2,vaccination immune,1
2,immune cells,1
2,cells can,1
2,can recognize,1
2,recognize relevant,1
2,relevant viral,1
2,viral components,1
2,components and,1
2,and mount,1
2,mount a,1
2,a faster,1
2,faster response,1
2,response when,1
2,when exposed,1
2,exposed later,1
2,later vaccination,1
2,vaccination does,1
2,not guarantee,1
2,person will,1
2,will never,1
2,never become,1
2,become infected,1
2,infected vaccine,1
2,effectiveness varies,1
2,varies by,1
2,by outcome,1
2,outcome product,1
2,product population,1
2,circulating variant,1
2,variant public-health,1
2,public-health evaluation,1
2,evaluation commonly,1
2,commonly distinguishes,1
2,distinguishes protection,1
2,infection symptomatic,1
2,symptomatic disease,1
2,disease hospitalization,1
2,hospitalization and,1
2,and death,1
2,death these,1
2,these outcomes,1
2,outcomes should,1
2,be treated,1
2,treated as,1
2,as interchangeable,1
2,interchangeable immunity,1
2,immunity can,1
2,time previous,1
2,previous infection,1
2,infection may,1
2,also contribute,1
2,contribute to,1
2,to immune,1
2,immune protection,1
2,protection producing,1
2,producing what,1
2,what researchers,1
2,researchers often,1
2,often describe,1
2,describe as,1
2,as hybrid,1
2,hybrid immunity,1
2,immunity when,1
2,when vaccination,1
2,and infection,1
2,infection have,1
2,have both,1
2,both occurred,1
2,occurred because,1
2,because immunity,1
2,immunity and,1
2,circulating viruses,1
2,viruses change,1
2,change vaccination,1
2,vaccination recommendations,1
2,be updated,1
2,updated as,1
2,as evidence,1
2,evidence develops,1
2,develops when,1
2,when communicating,1
2,communicating about,1
2,about vaccines,1
2,vaccines it,1
2,is useful,1
2,useful to,1
2,to distinguish,1
2,distinguish relative,1
2,risk absolute,1
2,risk vaccine,1
2,effectiveness and,1
2,and adverse-event,1
2,adverse-event rates,1
2,rates a,1
2,clear explanation,1
2,explanation should,1
2,should specify,1
2,specify the,1
2,population comparison,1
2,period and,1
2,and health,1
2,health outcome,1
2,outcome this,1
2,this prevents,1
2,prevents misleading,1
2,misleading conclusions,1
2,conclusions from,1
2,single percentage,1
2,percentage or,1
2,or isolated,1
2,isolated statistic,1
2,evaluating vaccine,1
2,effectiveness vaccine,1
2,effectiveness is,1
2,is usually,1
2,usually estimated,1
2,estimated by,1
2,by comparing,1
2,comparing disease,1
2,disease outcomes,1
2,outcomes between,1
2,between vaccinated,1
2,vaccinated and,1
2,and comparison,1
2,groups under,1
2,under real-world,1
2,real-world conditions,1
2,conditions observational,1
2,studies may,1
2,use cohort,1
2,cohort case-control,1
2,case-control or,1
2,or test-negative,1
2,test-negative designs,1
2,designs researchers,1
2,researchers must,1
2,must account,1
2,for factors,1
2,factors such,1
2,as age,1
2,age prior,1
2,prior infection,1
2,infection underlying,1
2,underlying conditions,1
2,conditions healthcare-seeking,1
2,healthcare-seeking behavior,1
2,behavior exposure,1
2,exposure patterns,1
2,patterns and,1
2,and calendar,1
2,calendar period,1
2,period randomized,1
2,randomized controlled,1
2,controlled trials,1
2,trials can,1
2,provide strong,1
2,strong evidence,1
2,evidence about,1
2,about efficacy,1
2,efficacy under,1
2,under defined,1
2,defined study,1
2,study conditions,1
2,conditions while,1
2,while observational,1
2,studies are,1
2,are especially,1
2,useful after,1
2,are deployed,1
2,deployed at,1
2,at large,1
2,large scale,1
2,scale real-world,1
2,real-world effectiveness,1
2,effectiveness may,1
2,may differ,1
2,differ from,1
2,from trial,1
2,trial efficacy,1
2,efficacy because,1
2,because populations,1
2,populations exposure,1
2,exposure levels,1
2,levels circulating,1
2,circulating variants,1
2,variants and,1
2,and vaccination,1
2,vaccination schedules,1
2,schedules differ,1
2,differ a,1
2,useful interpretation,1
2,interpretation of,1
2,of vaccine,1
2,effectiveness requires,1
2,requires knowing,1
2,knowing the,1
2,the endpoint,1
2,endpoint for,1
2,example effectiveness,1
2,against hospitalization,1
2,hospitalization is,1
2,a different,1
2,different quantity,1
2,quantity from,1
2,from effectiveness,1
2,infection waning,1
2,waning protection,1
2,protection may,1
2,also appear,1
2,appear differently,1
2,differently for,1
2,for different,1
2,different outcomes,1
2,outcomes researchers,1
2,researchers may,1
2,may stratify,1
2,stratify results,1
2,results by,1
2,age time,1
2,vaccination product,1
2,product or,1
2,or variant,1
2,variant period,1
2,period confounding,1
2,and selection,1
2,bias are,1
2,important limitations,1
2,limitations in,1
2,in observational,1
2,observational vaccine,1
2,vaccine studies,1
2,studies statistical,1
2,statistical adjustment,1
2,adjustment can,1
2,reduce some,1
2,some biases,1
2,biases but,1
2,but it,1
2,it cannot,1
2,cannot guarantee,1
2,every relevant,1
2,relevant difference,1
2,difference between,1
2,between groups,1
2,groups has,1
2,has been,1
2,been measured,1
2,measured results,1
2,results should,1
2,therefore be,1
2,interpreted in,1
2,in the,1
2,the context,1
2,context of,1
2,of study,1
2,study design,1
2,design uncertainty,1
2,uncertainty intervals,1
2,intervals sample,1
2,sample size,1
2,prevalence in,1
2,in infectious,1
2,disease epidemiology,1
2,epidemiology incidence,1
2,prevalence describe,1
2,describe different,1
2,different aspects,1
2,aspects of,1
2,disease occurrence,1
2,occurrence incidence,1
2,incidence focuses,1
2,focuses on,1
2,on new,1
2,cases occurring,1
2,occurring in,1
2,population during,1
2,a specified,1
2,specified period,1
2,period prevalence,1
2,prevalence describes,1
2,the proportion,1
2,proportion of,1
2,population that,1
2,that has,1
2,has a,1
2,a condition,1
2,condition at,1
2,at a,1
2,a particular,1
2,particular time,1
2,time or,1
2,or over,1
2,over a,1
2,defined period,1
2,period for,1
2,disease incidence,1
2,incidence can,1
2,help describe,1
2,describe how,1
2,quickly new,1
2,new infections,1
2,are occurring,1
2,occurring prevalence,1
2,prevalence can,1
2,can reflect,1
2,reflect both,1
2,both new,1
2,the duration,1
2,duration of,1
2,illness a,1
2,a disease,1
2,disease with,1
2,with short,1
2,short duration,1
2,duration may,1
2,have substantial,1
2,substantial incidence,1
2,but relatively,1
2,relatively low,1
2,low point,1
2,point prevalence,1
2,prevalence conversely,1
2,conversely a,1
2,a chronic,1
2,chronic condition,1
2,condition can,1
2,can have,1
2,have lower,1
2,lower incidence,1
2,but high,1
2,high prevalence,1
2,prevalence because,1
2,because people,1
2,people remain,1
2,remain affected,1
2,affected for,1
2,for long,1
2,long periods,1
2,periods epidemiologists,1
2,epidemiologists define,1
2,define the,1
2,time interval,1
2,interval case,1
2,and measurement,1
2,measurement method,1
2,method carefully,1
2,testing availability,1
2,availability or,1
2,or reporting,1
2,reporting practices,1
2,practices can,1
2,affect observed,1
2,observed incidence,1
2,incidence without,1
2,without representing,1
2,representing an,1
2,an equivalent,1
2,equivalent change,1
2,change in,1
2,in true,1
2,true transmission,1
2,transmission for,1
2,covid-19 widespread,1
2,widespread changes,1
2,testing behavior,1
2,behavior made,1
2,made reported,1
2,reported case,1
2,counts difficult,1
2,difficult to,1
2,to interpret,1
2,interpret in,1
2,in isolation,1
2,isolation during,1
2,during some,1
2,some periods,1
2,periods other,1
2,indicators including,1
2,including hospitalization,1
2,hospitalization mortality,1
2,mortality test,1
2,test positivity,1
2,positivity syndromic,1
2,syndromic surveillance,1
2,and wastewater,1
2,can complement,1
2,complement reported,1
2,cases using,1
2,using multiple,1
2,multiple indicators,1
2,indicators provides,1
2,provides a,1
2,a broader,1
2,broader picture,1
2,picture of,1
2,numbers and,1
2,outbreak growth,1
2,growth the,1
2,the basic,1
2,basic reproduction,1
2,number 0,1
2,0 describes,1
2,the average,1
2,average number,1
2,of secondary,1
2,secondary infections,1
2,infections generated,1
2,generated by,1
2,typical infectious,1
2,infectious individual,1
2,individual in,1
2,a fully,1
2,fully susceptible,1
2,susceptible population,1
2,population under,1
2,under specified,1
2,specified assumptions,1
2,assumptions it,1
2,a theoretical,1
2,theoretical epidemiological,1
2,epidemiological quantity,1
2,quantity and,1
2,and should,1
2,interpreted as,1
2,as a,1
2,a fixed,1
2,fixed property,1
2,property of,1
2,a pathogen,1
2,pathogen in,1
2,every setting,1
2,setting the,1
2,number often,1
2,often written,1
2,written rt,1
2,rt or,1
2,or re,1
2,re reflects,1
2,reflects transmission,1
2,transmission under,1
2,under current,1
2,current conditions,1
2,conditions vaccination,1
2,vaccination prior,1
2,prior immunity,1
2,immunity behavioral,1
2,behavioral changes,1
2,changes public-health,1
2,public-health interventions,1
2,and population,1
2,population structure,1
2,structure can,1
2,can all,1
2,all affect,1
2,affect effective,1
2,effective transmission,1
2,transmission when,1
2,number is,1
2,is above,1
2,above one,1
2,one infections,1
2,can increase,1
2,increase under,1
2,under the,1
2,the relevant,1
2,relevant conditions,1
2,conditions when,1
2,when it,1
2,it remains,1
2,remains below,1
2,below one,1
2,one transmission,1
2,transmission tends,1
2,tends to,1
2,to decline,1
2,decline estimating,1
2,estimating reproduction,1
2,numbers requires,1
2,requires assumptions,1
2,and data,1
2,data delays,1
2,delays between,1
2,between infection,1
2,infection symptom,1
2,symptom onset,1
2,onset testing,1
2,testing reporting,1
2,and hospitalization,1
2,hospitalization can,1
2,affect estimates,1
2,estimates analysts,1
2,analysts may,1
2,may therefore,1
2,therefore use,1
2,use statistical,1
2,statistical models,1
2,models and,1
2,and nowcasting,1
2,nowcasting methods,1
2,methods to,1
2,to account,1
2,for reporting,1
2,reporting delays,1
2,delays reproduction,1
2,interpreted together,1
2,with other,1
2,indicators a,1
2,single estimate,1
2,estimate can,1
2,be uncertain,1
2,uncertain especially,1
2,especially when,1
2,when case,1
2,counts are,1
2,are small,1
2,small or,1
2,or surveillance,1
2,are changing,1
2,changing the,1
2,the same,1
2,same reproduction,1
2,number can,1
2,also correspond,1
2,correspond to,1
2,to different,1
2,different absolute,1
2,absolute levels,1
2,levels of,1
2,disease depending,1
2,the size,1
2,and immunity,1
2,immunity of,1
2,tracing and,1
2,exposure management,1
2,management contact,1
2,public-health process,1
2,process used,1
2,used to,1
2,identify people,1
2,people who,1
2,who may,1
2,have been,1
2,been exposed,1
2,exposed to,1
2,to an,1
2,disease and,1
2,and provide,1
2,provide them,1
2,them with,1
2,with relevant,1
2,relevant information,1
2,information and,1
2,and support,1
2,support for,1
2,infections contact,1
2,contact definitions,1
2,definitions may,1
2,may consider,1
2,consider proximity,1
2,proximity duration,1
2,duration setting,1
2,setting and,1
2,and timing,1
2,timing relative,1
2,relative to,1
2,to infectiousness,1
2,infectiousness a,1
2,typical workflow,1
2,workflow includes,1
2,includes identifying,1
2,identifying a,1
2,confirmed or,1
2,or probable,1
2,probable case,1
2,case determining,1
2,determining the,1
2,the period,1
2,period during,1
2,during which,1
2,which transmission,1
2,transmission could,1
2,could have,1
2,have occurred,1
2,occurred interviewing,1
2,interviewing the,1
2,case when,1
2,appropriate identifying,1
2,identifying contacts,1
2,contacts and,1
2,and communicating,1
2,communicating recommended,1
2,recommended actions,1
2,actions digital,1
2,digital tools,1
2,tools can,1
2,can assist,1
2,assist with,1
2,with notification,1
2,notification or,1
2,or data,1
2,data management,1
2,management but,1
2,but they,1
2,they do,1
2,do not,1
2,replace public-health,1
2,public-health judgment,1
2,judgment contact,1
2,is most,1
2,and contacts,1
2,contacts can,1
2,identified quickly,1
2,quickly and,1
2,to testing,1
2,testing healthcare,1
2,healthcare isolation,1
2,isolation resources,1
2,resources and,1
2,and accurate,1
2,accurate information,1
2,information privacy,1
2,privacy and,1
2,and confidentiality,1
2,confidentiality are,1
2,important because,1
2,because contact-tracing,1
2,contact-tracing systems,1
2,systems handle,1
2,handle sensitive,1
2,sensitive health,1
2,health and,1
2,exposure information,1
2,information the,1
2,the effectiveness,1
2,effectiveness of,1
2,of contact,1
2,tracing can,1
2,can decrease,1
2,decrease when,1
2,when community,1
2,community transmission,1
2,is extremely,1
2,extremely high,1
2,high when,1
2,when many,1
2,are asymptomatic,1
2,asymptomatic or,1
2,cases cannot,1
2,cannot be,1
2,identified promptly,1
2,promptly in,1
2,in such,1
2,such situations,1
2,situations broad,1
2,broad prevention,1
2,community surveillance,1
2,surveillance may,1
2,be more,1
2,more practical,1
2,practical complements,1
2,surveillance for,1
2,viruses wastewater,1
2,surveillance analyzes,1
2,analyzes biological,1
2,biological material,1
2,material in,1
2,in sewage,1
2,sewage to,1
2,estimate the,1
2,the presence,1
2,presence or,1
2,or trends,1
2,trends of,1
2,infectious agents,1
2,agents within,1
2,within a,1
2,a community,1
2,community because,1
2,because infected,1
2,infected individuals,1
2,can shed,1
2,shed viral,1
2,material into,1
2,into wastewater,1
2,wastewater wastewater,1
2,provide population-level,1
2,population-level information,1
2,information that,1
2,that does,1
2,not depend,1
2,on every,1
2,every infected,1
2,person seeking,1
2,seeking a,1
2,a clinical,1
2,clinical test,1
2,test wastewater,1
2,surveillance can,1
2,be especially,1
2,when individual,1
2,testing declines,1
2,declines trends,1
2,trends may,1
2,an early,1
2,early signal,1
2,signal of,1
2,of changing,1
2,changing transmission,1
2,transmission although,1
2,although the,1
2,the relationship,1
2,relationship between,1
2,between wastewater,1
2,wastewater concentration,1
2,concentration and,1
2,exact number,1
2,of infections,1
2,infections is,1
2,not straightforward,1
2,straightforward interpretation,1
2,interpretation requires,1
2,requires attention,1
2,attention to,1
2,to sampling,1
2,sampling location,1
2,location population,1
2,population served,1
2,served by,1
2,the treatment,1
2,treatment system,1
2,system rainfall,1
2,rainfall and,1
2,and dilution,1
2,dilution laboratory,1
2,laboratory methods,1
2,methods sampling,1
2,sampling frequency,1
2,frequency and,1
2,and changes,1
2,in shedding,1
2,shedding patterns,1
2,patterns wastewater,1
2,wastewater data,1
2,data are,1
2,most useful,1
2,when combined,1
2,combined with,1
2,with clinical,1
2,surveillance hospital,1
2,hospital data,1
2,other epidemiological,1
2,epidemiological indicators,1
2,indicators wastewater,1
2,surveillance generally,1
2,generally does,1
2,not identify,1
2,identify individual,1
2,individual infected,1
2,infected people,1
2,people its,1
2,its population-level,1
2,population-level nature,1
2,nature can,1
2,can therefore,1
2,therefore complement,1
2,complement other,1
2,other surveillance,1
2,systems while,1
2,while reducing,1
2,reducing dependence,1
2,dependence on,1
2,on individual,1
2,testing it,1
2,a monitoring,1
2,monitoring tool,1
2,tool rather,1
2,a direct,1
2,direct diagnostic,1
2,diagnostic test,1
2,test for,1
2,an individual,1
2,sars-cov-2 variant,1
2,surveillance variant,1
2,surveillance monitors,1
2,monitors genetic,1
2,genetic changes,1
2,in sars-cov-2,1
2,sars-cov-2 and,1
2,and assesses,1
2,assesses whether,1
2,whether emerging,1
2,emerging lineages,1
2,lineages have,1
2,have characteristics,1
2,characteristics relevant,1
2,relevant to,1
2,to public,1
2,health sequencing,1
2,identify viral,1
2,viral lineages,1
2,lineages from,1
2,selected clinical,1
2,clinical specimens,1
2,specimens while,1
2,while genomic,1
2,genomic databases,1
2,databases allow,1
2,allow laboratories,1
2,laboratories and,1
2,and researchers,1
2,researchers to,1
2,to compare,1
2,compare sequences,1
2,sequences over,1
2,across locations,1
2,locations a,1
2,a newly,1
2,newly detected,1
2,detected mutation,1
2,mutation does,1
2,automatically mean,1
2,a variant,1
2,variant is,1
2,is more,1
2,more transmissible,1
2,transmissible or,1
2,or more,1
2,more severe,1
2,severe researchers,1
2,researchers evaluate,1
2,evaluate changes,1
2,changes using,1
2,using laboratory,1
2,laboratory studies,1
2,studies epidemiological,1
2,epidemiological data,1
2,data clinical,1
2,clinical outcomes,1
2,outcomes and,1
2,and population-level,1
2,population-level observations,1
2,observations multiple,1
2,multiple mutations,1
2,mutations can,1
2,occur together,1
2,together and,1
2,the biological,1
2,biological effect,1
2,effect of,1
2,a mutation,1
2,mutation depends,1
2,on its,1
2,its location,1
2,location and,1
2,and context,1
2,context variant,1
2,surveillance helps,1
2,helps public-health,1
2,agencies detect,1
2,detect changes,1
2,may affect,1
2,affect diagnostics,1
2,diagnostics therapeutics,1
2,therapeutics vaccines,1
2,vaccines or,1
2,transmission patterns,1
2,patterns however,1
2,however sequencing,1
2,sequencing samples,1
2,samples are,1
2,always representative,1
2,representative of,1
2,of all,1
2,all infections,1
2,infections differences,1
2,differences in,1
2,in sampling,1
2,sampling and,1
2,and sequencing,1
2,sequencing capacity,1
2,can influence,1
2,influence which,1
2,which variants,1
2,variants are,1
2,are observed,1
2,observed genomic,1
2,genomic surveillance,1
2,surveillance works,1
2,when linked,1
2,linked with,1
2,with epidemiological,1
2,epidemiological and,1
2,and clinical,1
2,information sequence,1
2,sequence data,1
2,identify what,1
2,is circulating,1
2,circulating while,1
2,while other,1
2,other datasets,1
2,datasets help,1
2,help determine,1
2,determine the,1
2,the practical,1
2,practical public-health,1
2,public-health significance,1
2,significance of,1
2,of those,1
2,those lineages,1
2,investigation an,1
2,investigation seeks,1
2,seeks to,1
2,to determine,1
2,whether an,1
2,an unusual,1
2,unusual increase,1
2,increase in,1
2,in disease,1
2,disease has,1
2,has occurred,1
2,occurred characterize,1
2,characterize affected,1
2,affected people,1
2,people and,1
2,and settings,1
2,settings identify,1
2,identify likely,1
2,likely sources,1
2,sources or,1
2,transmission routes,1
2,routes and,1
2,and guide,1
2,guide control,1
2,measures the,1
2,the investigation,1
2,investigation begins,1
2,clear case,1
2,and confirmation,1
2,confirmation that,1
2,the observed,1
2,observed increase,1
2,increase is,1
2,is greater,1
2,greater than,1
2,than expected,1
2,expected investigators,1
2,investigators construct,1
2,construct descriptive,1
2,descriptive summaries,1
2,summaries by,1
2,by time,1
2,time place,1
2,place and,1
2,and person,1
2,person an,1
2,an epidemic,1
2,epidemic curve,1
2,curve can,1
2,show the,1
2,the timing,1
2,timing of,1
2,illness onset,1
2,onset and,1
2,provide clues,1
2,clues about,1
2,about the,1
2,the type,1
2,type of,1
2,of exposure,1
2,exposure mapping,1
2,mapping cases,1
2,cases can,1
2,identify geographic,1
2,geographic clustering,1
2,clustering while,1
2,while demographic,1
2,demographic analysis,1
2,can reveal,1
2,reveal differences,1
2,differences by,1
2,age occupation,1
2,occupation or,1
2,characteristics analytical,1
2,analytical epidemiology,1
2,epidemiology may,1
2,may compare,1
2,compare exposures,1
2,exposures among,1
2,among cases,1
2,and controls,1
2,controls or,1
2,or among,1
2,among exposed,1
2,exposed and,1
2,and unexposed,1
2,unexposed groups,1
2,groups investigators,1
2,investigators must,1
2,must consider,1
2,consider recall,1
2,recall bias,1
2,bias selection,1
2,bias confounding,1
2,incomplete reporting,1
2,reporting laboratory,1
2,laboratory testing,1
2,and genomic,1
2,provide additional,1
2,additional evidence,1
2,evidence control,1
2,measures should,1
2,necessarily wait,1
2,wait until,1
2,until every,1
2,every scientific,1
2,scientific question,1
2,question is,1
2,is resolved,1
2,resolved depending,1
2,pathogen and,1
2,and circumstances,1
2,circumstances measures,1
2,include isolation,1
2,isolation vaccination,1
2,vaccination environmental,1
2,environmental controls,1
2,controls communication,1
2,communication testing,1
2,and targeted,1
2,targeted restrictions,1
2,restrictions investigators,1
2,investigators continue,1
2,continue evaluating,1
2,evaluating the,1
2,outbreak as,1
2,new evidence,1
2,evidence becomes,1
2,becomes available,1
2,systems public,1
2,surveillance is,1
2,is the,1
2,the continuous,1
2,continuous and,1
2,and systematic,1
2,systematic collection,1
2,collection analysis,1
2,analysis interpretation,1
2,interpretation and,1
2,and dissemination,1
2,dissemination of,1
2,information for,1
2,for action,1
2,action surveillance,1
2,can monitor,1
2,monitor infectious,1
2,diseases through,1
2,through case,1
2,case reports,1
2,reports laboratory,1
2,laboratory results,1
2,results hospital,1
2,hospital records,1
2,records mortality,1
2,mortality data,1
2,data syndromic,1
2,syndromic indicators,1
2,indicators sentinel,1
2,sentinel sites,1
2,and community-level,1
2,community-level measurements,1
2,measurements a,1
2,a surveillance,1
2,surveillance system,1
2,system begins,1
2,defined objective,1
2,objective the,1
2,definition determines,1
2,determines which,1
2,which events,1
2,events are,1
2,are counted,1
2,counted while,1
2,while reporting,1
2,reporting rules,1
2,rules specify,1
2,specify how,1
2,how and,1
2,when information,1
2,is submitted,1
2,submitted data,1
2,quality depends,1
2,on completeness,1
2,completeness timeliness,1
2,timeliness consistency,1
2,consistency and,1
2,and representativeness,1
2,representativeness passive,1
2,passive surveillance,1
2,surveillance relies,1
2,relies on,1
2,on routine,1
2,routine reporting,1
2,be relatively,1
2,relatively efficient,1
2,efficient but,1
2,but may,1
2,may miss,1
2,miss cases,1
2,cases active,1
2,surveillance involves,1
2,involves more,1
2,more direct,1
2,direct efforts,1
2,efforts to,1
2,identify cases,1
2,can improve,1
2,improve completeness,1
2,completeness at,1
2,at greater,1
2,greater cost,1
2,cost sentinel,1
2,sentinel surveillance,1
2,surveillance collects,1
2,collects detailed,1
2,detailed information,1
2,information from,1
2,selected sites,1
2,for monitoring,1
2,monitoring trends,1
2,trends surveillance,1
2,data should,1
2,interpreted carefully,1
2,in reporting,1
2,systems testing,1
2,testing practices,1
2,practices healthcare,1
2,healthcare access,1
2,access or,1
2,or case,1
2,case definitions,1
2,definitions can,1
2,can create,1
2,create apparent,1
2,apparent changes,1
2,that are,1
2,not purely,1
2,purely epidemiological,1
2,epidemiological public-health,1
2,public-health decision-making,1
2,decision-making therefore,1
2,therefore benefits,1
2,benefits from,1
2,from triangulating,1
2,triangulating multiple,1
2,multiple data,1
2,data sources,1
2,in healthcare,1
2,healthcare settings,1
2,settings healthcare,1
2,facilities require,1
2,require layered,1
2,layered infection-prevention,1
2,infection-prevention measures,1
2,measures because,1
2,because patients,1
2,patients and,1
2,workers may,1
2,encounter infectious,1
2,infectious individuals,1
2,individuals in,1
2,in close-contact,1
2,close-contact environments,1
2,environments core,1
2,core practices,1
2,practices include,1
2,include hand,1
2,hygiene appropriate,1
2,appropriate use,1
2,use of,1
2,of personal,1
2,equipment environmental,1
2,environmental cleaning,1
2,cleaning respiratory,1
2,respiratory hygiene,1
2,hygiene and,1
2,and safe,1
2,safe patient,1
2,patient placement,1
2,placement administrative,1
2,administrative measures,1
2,include screening,1
2,screening or,1
2,or triage,1
2,triage procedures,1
2,procedures staff,1
2,staff training,1
2,training vaccination,1
2,vaccination programs,1
2,programs and,1
2,and policies,1
2,policies for,1
2,for managing,1
2,managing symptomatic,1
2,symptomatic healthcare,1
2,workers engineering,1
2,engineering controls,1
2,controls include,1
2,include ventilation,1
2,ventilation physical,1
2,physical separation,1
2,separation and,1
2,and room,1
2,room design,1
2,design personal,1
2,equipment is,1
2,is selected,1
2,selected according,1
2,the anticipated,1
2,anticipated exposure,1
2,exposure and,1
2,and task,1
2,task infection,1
2,prevention programs,1
2,programs also,1
2,also depend,1
2,on monitoring,1
2,monitoring facilities,1
2,facilities can,1
2,can track,1
2,track healthcare-associated,1
2,healthcare-associated infections,1
2,infections respiratory,1
2,illness among,1
2,among staff,1
2,staff compliance,1
2,compliance with,1
2,with selected,1
2,selected practices,1
2,practices and,1
2,and environmental,1
2,environmental indicators,1
2,indicators training,1
2,training should,1
2,be repeated,1
2,repeated and,1
2,and adapted,1
2,adapted when,1
2,or recommendations,1
2,recommendations change,1
2,change no,1
2,no single,1
2,single control,1
2,control is,1
2,is sufficient,1
2,sufficient in,1
2,every situation,1
2,situation layered,1
2,layered prevention,1
2,prevention reduces,1
2,reduces reliance,1
2,reliance on,1
2,on one,1
2,one barrier,1
2,barrier and,1
2,be adapted,1
2,adapted according,1
2,pathogen transmission,1
2,transmission route,1
2,route patient,1
2,patient population,1
2,population and,1
2,local outbreak,1
2,outbreak conditions,1
2,safety and,1
2,and adverse,1
2,event monitoring,1
2,monitoring vaccine,1
2,safety monitoring,1
2,monitoring continues,1
2,continues after,1
2,are authorized,1
2,authorized or,1
2,or licensed,1
2,licensed because,1
2,because very,1
2,very rare,1
2,rare adverse,1
2,adverse events,1
2,events may,1
2,may only,1
2,only become,1
2,become detectable,1
2,detectable when,1
2,when millions,1
2,millions of,1
2,of doses,1
2,doses are,1
2,are administered,1
2,administered surveillance,1
2,systems collect,1
2,collect reports,1
2,reports of,1
2,health events,1
2,events that,1
2,that occur,1
2,occur after,1
2,and investigate,1
2,investigate signals,1
2,signals that,1
2,may indicate,1
2,indicate a,1
2,a potential,1
2,potential association,1
2,association an,1
2,an adverse,1
2,event following,1
2,following immunization,1
2,immunization is,1
2,automatically caused,1
2,the vaccine,1
2,vaccine the,1
2,the event,1
2,event may,1
2,be coincidental,1
2,coincidental associated,1
2,associated with,1
2,with another,1
2,another medical,1
2,medical condition,1
2,condition or,1
2,or potentially,1
2,potentially related,1
2,related to,1
2,vaccination safety,1
2,safety assessment,1
2,assessment therefore,1
2,therefore considers,1
2,considers background,1
2,background rates,1
2,rates timing,1
2,timing biological,1
2,biological plausibility,1
2,plausibility comparison,1
2,groups and,1
2,other evidence,1
2,evidence passive,1
2,passive reporting,1
2,are valuable,1
2,valuable for,1
2,for signal,1
2,detection but,1
2,but can,1
2,be affected,1
2,affected by,1
2,by underreporting,1
2,underreporting stimulated,1
2,stimulated reporting,1
2,incomplete clinical,1
2,information active,1
2,and epidemiological,1
2,epidemiological studies,1
2,studies can,1
2,provide stronger,1
2,stronger estimates,1
2,estimates of,1
2,of incidence,1
2,and relative,1
2,risk clear,1
2,clear communication,1
2,distinguish a,1
2,reported event,1
2,event from,1
2,confirmed causal,1
2,causal relationship,1
2,relationship vaccine,1
2,safety decisions,1
2,decisions are,1
2,are based,1
2,based on,1
2,on accumulated,1
2,accumulated evidence,1
2,single report,1
2,report monitoring,1
2,monitoring can,1
2,can lead,1
2,lead to,1
2,to updated,1
2,updated warnings,1
2,warnings recommendations,1
2,recommendations or,1
2,or continued,1
2,continued use,1
2,use when,1
2,evidence supports,1
2,supports a,1
2,a favorable,1
2,favorable benefit-risk,1
2,benefit-risk profile,1
2,communication during,1
2,events risk,1
2,communication provides,1
2,provides people,1
2,with information,1
2,information needed,1
2,needed to,1
2,to understand,1
2,understand a,1
2,public-health threat,1
2,threat and,1
2,and make,1
2,make informed,1
2,informed decisions,1
2,decisions effective,1
2,effective communication,1
2,explain what,1
2,is known,1
2,known what,1
2,uncertain what,1
2,what actions,1
2,actions are,1
2,are recommended,1
2,recommended and,1
2,and why,1
2,why recommendations,1
2,may change,1
2,change numbers,1
2,be presented,1
2,presented with,1
2,with context,1
2,context for,1
2,example a,1
2,a percentage,1
2,percentage without,1
2,without a,1
2,a denominator,1
2,denominator comparison,1
2,period or,1
2,or outcome,1
2,outcome can,1
2,be misleading,1
2,misleading communicators,1
2,communicators should,1
2,distinguish absolute,1
2,risk from,1
2,from relative,1
2,risk and,1
2,and avoid,1
2,avoid implying,1
2,implying certainty,1
2,certainty when,1
2,evidence remains,1
2,remains limited,1
2,limited trust,1
2,trust can,1
2,be supported,1
2,supported by,1
2,by acknowledging,1
2,acknowledging uncertainty,1
2,uncertainty rather,1
2,than hiding,1
2,hiding it,1
2,it during,1
2,a rapidly,1
2,changing outbreak,1
2,outbreak evidence,1
2,evidence can,1
2,can evolve,1
2,evolve as,1
2,new studies,1
2,studies become,1
2,become available,1
2,available explaining,1
2,explaining the,1
2,the reason,1
2,reason for,1
2,an updated,1
2,updated recommendation,1
2,recommendation can,1
2,help people,1
2,people understand,1
2,understand that,1
2,that changing,1
2,changing guidance,1
2,guidance does,1
2,necessarily mean,1
2,that earlier,1
2,earlier information,1
2,information was,1
2,was intentionally,1
2,intentionally misleading,1
2,misleading communication,1
2,should also,1
2,also consider,1
2,consider language,1
2,language accessibility,1
2,accessibility cultural,1
2,cultural context,1
2,context and,1
2,and misinformation,1
2,misinformation public-health,1
2,public-health messages,1
2,messages are,1
2,are more,1
2,more useful,1
2,when they,1
2,they provide,1
2,provide practical,1
2,practical actions,1
2,actions and,1
2,and identify,1
2,identify reliable,1
2,reliable sources,1
2,sources for,1
2,for additional,1
2,additional information,1
2,respiratory infection,1
2,in schools,1
2,schools schools,1
2,schools are,1
2,are environments,1
2,environments where,1
2,where students,1
2,students and,1
2,and staff,1
2,staff interact,1
2,interact frequently,1
2,frequently so,1
2,so respiratory,1
2,can spread,1
2,spread through,1
2,through close,1
2,close contact,1
2,contact and,1
2,and shared,1
2,shared indoor,1
2,indoor air,1
2,air prevention,1
2,prevention strategies,1
2,strategies should,1
2,be proportionate,1
2,proportionate to,1
2,to local,1
2,local disease,1
2,activity and,1
2,the needs,1
2,needs of,1
2,the school,1
2,school community,1
2,community ventilation,1
2,ventilation can,1
2,reduce accumulation,1
2,accumulation of,1
2,infectious respiratory,1
2,particles indoors,1
2,indoors outdoor,1
2,outdoor activities,1
2,activities can,1
2,provide lower-risk,1
2,lower-risk alternatives,1
2,alternatives when,1
2,when practical,1
2,practical encouraging,1
2,encouraging people,1
2,with acute,1
2,acute respiratory,1
2,illness to,1
2,to stay,1
2,stay home,1
2,home can,1
2,reduce opportunities,1
2,opportunities for,1
2,for transmission,1
2,transmission schools,1
2,schools can,1
2,also support,1
2,support routine,1
2,routine vaccination,1
2,vaccination according,1
2,to national,1
2,national and,1
2,local recommendations,1
2,recommendations clear,1
2,clear procedures,1
2,procedures for,1
2,for responding,1
2,responding to,1
2,to clusters,1
2,clusters of,1
2,illness help,1
2,help staff,1
2,staff identify,1
2,identify when,1
2,when public-health,1
2,public-health consultation,1
2,consultation may,1
2,be needed,1
2,needed communication,1
2,communication with,1
2,with families,1
2,families should,1
2,explain symptoms,1
2,symptoms prevention,1
2,when students,1
2,students should,1
2,should remain,1
2,remain at,1
2,at home,1
2,home outbreak,1
2,outbreak response,1
2,response should,1
2,consider educational,1
2,educational continuity,1
2,continuity as,1
2,as disease,1
2,disease control,1
2,be targeted,1
2,targeted according,1
2,to evidence,1
2,relying automatically,1
2,automatically on,1
2,on broad,1
2,broad closures,1
2,closures coordination,1
2,coordination among,1
2,among school,1
2,school administrators,1
2,administrators healthcare,1
2,healthcare professionals,1
2,professionals families,1
2,families and,1
2,and public-health,1
2,authorities is,1
2,is important,1
2,protecting higher-risk,1
2,higher-risk populations,1
2,populations during,1
2,during respiratory,1
2,virus activity,1
2,activity some,1
2,some people,1
2,have a,1
2,a higher,1
2,higher risk,1
2,severe outcomes,1
2,outcomes from,1
2,from respiratory,1
2,infections because,1
2,because of,1
2,of age,1
2,age underlying,1
2,underlying medical,1
2,medical conditions,1
2,conditions immune,1
2,immune status,1
2,status pregnancy,1
2,pregnancy or,1
2,factors public-health,1
2,public-health planning,1
2,planning can,1
2,reduce harm,1
2,harm by,1
2,by ensuring,1
2,ensuring that,1
2,that higher-risk,1
2,higher-risk groups,1
2,groups have,1
2,vaccination timely,1
2,timely testing,1
2,testing when,1
2,appropriate clinical,1
2,care and,1
2,and clear,1
2,clear prevention,1
2,prevention information,1
2,information protection,1
2,protection can,1
2,can involve,1
2,involve individual,1
2,individual and,1
2,community measures,1
2,measures healthcare,1
2,facilities and,1
2,and residential,1
2,residential settings,1
2,settings may,1
2,use additional,1
2,additional precautions,1
2,precautions during,1
2,during periods,1
2,periods of,1
2,of elevated,1
2,elevated transmission,1
2,transmission family,1
2,family members,1
2,members and,1
2,and caregivers,1
2,caregivers can,1
2,exposure opportunities,1
2,opportunities when,1
2,when respiratory,1
2,viruses are,1
2,are circulating,1
2,circulating widely,1
2,widely risk,1
2,risk is,1
2,not determined,1
2,determined by,1
2,single characteristic,1
2,characteristic age,1
2,age vaccination,1
2,status previous,1
2,previous immunity,1
2,immunity treatment,1
2,treatment access,1
2,circulating viral,1
2,viral strains,1
2,strains can,1
2,can interact,1
2,interact public-health,1
2,public-health communication,1
2,therefore avoid,1
2,avoid assuming,1
2,that all,1
2,all members,1
2,members of,1
2,a broad,1
2,broad category,1
2,category have,1
2,have identical,1
2,identical risk,1
2,risk equitable,1
2,equitable access,1
2,access is,1
2,important part,1
2,part of,1
2,of prevention,1
2,prevention barriers,1
2,barriers such,1
2,as transportation,1
2,transportation cost,1
2,cost language,1
2,language digital,1
2,digital access,1
2,healthcare availability,1
2,availability can,1
2,affect whether,1
2,whether people,1
2,are able,1
2,able to,1
2,to use,1
2,use recommended,1
2,recommended services,1
2,and antiviral,1
2,treatment in,1
2,in covid-19,1
2,covid-19 care,1
2,care testing,1
2,testing can,1
2,help identify,1
2,identify sars-cov-2,1
2,sars-cov-2 infection,1
2,infection and,1
2,and inform,1
2,inform clinical,1
2,clinical or,1
2,or public-health,1
2,public-health decisions,1
2,decisions different,1
2,different tests,1
2,tests have,1
2,have different,1
2,different characteristics,1
2,characteristics molecular,1
2,molecular tests,1
2,tests can,1
2,can detect,1
2,material while,1
2,while antigen,1
2,antigen tests,1
2,tests detect,1
2,viral proteins,1
2,proteins and,1
2,provide rapid,1
2,rapid results,1
2,results test,1
2,test performance,1
2,performance depends,1
2,on timing,1
2,timing specimen,1
2,specimen collection,1
2,collection and,1
2,the stage,1
2,stage of,1
2,of infection,1
2,infection a,1
2,a negative,1
2,negative result,1
2,result does,1
2,always exclude,1
2,exclude infection,1
2,infection particularly,1
2,particularly when,1
2,when testing,1
2,testing occurs,1
2,occurs early,1
2,early or,1
2,the test,1
2,test has,1
2,has lower,1
2,lower sensitivity,1
2,sensitivity interpretation,1
2,interpretation should,1
2,consider symptoms,1
2,symptoms exposure,1
2,exposure history,1
2,history timing,1
2,timing and,1
2,the specific,1
2,specific test,1
2,test used,1
2,used antiviral,1
2,treatment is,1
2,is intended,1
2,intended to,1
2,to reduce,1
2,the risk,1
2,disease in,1
2,in eligible,1
2,patients eligibility,1
2,eligibility timing,1
2,timing contraindications,1
2,contraindications drug,1
2,drug interactions,1
2,interactions and,1
2,treatment selection,1
2,selection require,1
2,require clinical,1
2,clinical assessment,1
2,assessment public-health,1
2,public-health information,1
2,information should,1
2,replace individualized,1
2,individualized medical,1
2,medical advice,1
2,advice testing,1
2,treatment programs,1
2,programs are,1
2,people can,1
2,can access,1
2,access testing,1
2,testing promptly,1
2,promptly and,1
2,healthcare systems,1
2,can evaluate,1
2,evaluate eligible,1
2,patients without,1
2,without unnecessary,1
2,unnecessary delay,1
2,delay surveillance,1
2,also help,1
2,help authorities,1
2,authorities understand,1
2,understand changes,1
2,testing demand,1
2,demand and,1
2,and disease,1
2,literacy and,1
2,and infectious,1
2,disease misinformation,1
2,misinformation health,1
2,literacy involves,1
2,involves the,1
2,the ability,1
2,ability to,1
2,to find,1
2,find understand,1
2,understand evaluate,1
2,evaluate and,1
2,and use,1
2,use health,1
2,information during,1
2,disease outbreaks,1
2,outbreaks people,1
2,people may,1
2,encounter rapidly,1
2,changing information,1
2,information through,1
2,through news,1
2,news social,1
2,social media,1
2,media messaging,1
2,messaging applications,1
2,applications and,1
2,and informal,1
2,informal networks,1
2,networks misinformation,1
2,misinformation can,1
2,can arise,1
2,arise from,1
2,from incorrect,1
2,incorrect information,1
2,information misunderstanding,1
2,misunderstanding outdated,1
2,outdated evidence,1
2,or misleading,1
2,misleading presentation,1
2,presentation of,1
2,of accurate,1
2,accurate facts,1
2,facts a,1
2,useful evaluation,1
2,evaluation process,1
2,process checks,1
2,checks the,1
2,the source,1
2,source date,1
2,date evidence,1
2,evidence population,1
2,studied and,1
2,and whether,1
2,whether the,1
2,the claim,1
2,claim matches,1
2,matches the,1
2,the underlying,1
2,underlying data,1
2,data health,1
2,health communication,1
2,should avoid,1
2,avoid presenting,1
2,presenting preliminary,1
2,preliminary findings,1
2,findings as,1
2,as settled,1
2,settled conclusions,1
2,conclusions a,1
2,single laboratory,1
2,laboratory experiment,1
2,experiment or,1
2,or small,1
2,small observational,1
2,observational study,1
2,study may,1
2,may not,1
2,not answer,1
2,answer a,1
2,a population-level,1
2,population-level question,1
2,question stronger,1
2,stronger conclusions,1
2,conclusions generally,1
2,generally require,1
2,require evidence,1
2,evidence from,1
2,from multiple,1
2,multiple complementary,1
2,complementary studies,1
2,studies practical,1
2,practical health,1
2,literacy strategies,1
2,strategies include,1
2,include checking,1
2,checking information,1
2,information against,1
2,against recognized,1
2,recognized public-health,1
2,public-health or,1
2,or medical,1
2,medical sources,1
2,sources looking,1
2,looking for,1
2,for the,1
2,the original,1
2,original study,1
2,study when,1
2,when possible,1
2,possible and,1
2,and distinguishing,1
2,distinguishing a,1
2,reported association,1
2,association from,1
2,from proof,1
2,proof of,1
2,of causation,1
2,causation clear,1
2,clear explanations,1
2,explanations can,1
2,reduce confusion,1
2,confusion without,1
2,without assuming,1
2,every person,1
2,person who,1
2,who has,1
2,has encountered,1
2,encountered inaccurate,1
2,inaccurate information,1
2,is acting,1
2,acting in,1
2,in bad,1
2,bad faith,1
2,global outbreak,1
2,preparedness and,1
2,and response,1
2,response outbreak,1
2,preparedness involves,1
2,involves building,1
2,building the,1
2,the capacity,1
2,capacity to,1
2,to detect,1
2,detect assess,1
2,assess communicate,1
2,communicate about,1
2,about and,1
2,and respond,1
2,to infectious,1
2,disease threats,1
2,threats before,1
2,before they,1
2,they become,1
2,become large,1
2,large emergencies,1
2,emergencies preparedness,1
2,preparedness includes,1
2,includes laboratory,1
2,laboratory capacity,1
2,capacity surveillance,1
2,systems trained,1
2,trained personnel,1
2,personnel medical,1
2,medical supplies,1
2,supplies vaccination,1
2,vaccination infrastructure,1
2,infrastructure data,1
2,data systems,1
2,systems and,1
2,and emergency,1
2,emergency coordination,1
2,coordination mechanisms,1
2,mechanisms early,1
2,early detection,1
2,detection depends,1
2,on timely,1
2,timely information,1
2,information countries,1
2,countries and,1
2,and institutions,1
2,institutions may,1
2,use laboratory,1
2,networks clinical,1
2,surveillance event-based,1
2,event-based reporting,1
2,reporting genomic,1
2,sequencing and,1
2,and cross-border,1
2,cross-border information,1
2,information sharing,1
2,sharing a,1
2,a signal,1
2,signal does,1
2,always represent,1
2,represent a,1
2,major outbreak,1
2,outbreak but,1
2,but rapid,1
2,rapid assessment,1
2,assessment can,1
2,can determine,1
2,whether further,1
2,further investigation,1
2,investigation is,1
2,is required,1
2,required response,1
2,response planning,1
2,planning includes,1
2,includes clear,1
2,clear roles,1
2,roles and,1
2,and responsibilities,1
2,responsibilities hospitals,1
2,hospitals may,1
2,may need,1
2,need surge,1
2,surge plans,1
2,plans while,1
2,while public-health,1
2,agencies may,1
2,may require,1
2,require mechanisms,1
2,mechanisms for,1
2,for contact,1
2,tracing risk,1
2,and resource,1
2,resource allocation,1
2,allocation exercises,1
2,exercises and,1
2,and simulations,1
2,simulations can,1
2,identify weaknesses,1
2,weaknesses before,1
2,before a,1
2,a real,1
2,real emergency,1
2,emergency occurs,1
2,occurs preparedness,1
2,preparedness is,1
2,an ongoing,1
2,ongoing process,1
2,process after,1
2,outbreak evaluations,1
2,evaluations can,1
2,which systems,1
2,systems worked,1
2,worked which,1
2,which failed,1
2,failed and,1
2,and which,1
2,which improvements,1
2,improvements should,1
2,be institutionalized,1
2,institutionalized investments,1
2,investments in,1
2,in routine,1
2,routine public-health,1
2,public-health capacity,1
2,can strengthen,1
2,strengthen response,1
2,response to,1
2,to multiple,1
2,multiple infectious,1
2,infectious threats,1
2,threats rather,1
2,single pathogen,1
2,epidemiological models,1
2,models for,1
2,for infectious,1
2,disease planning,1
2,planning mathematical,1
2,mathematical and,1
2,and computational,1
2,computational models,1
2,help researchers,1
2,researchers explore,1
2,explore how,1
2,how infectious,1
2,diseases may,1
2,may spread,1
2,spread under,1
2,under different,1
2,different assumptions,1
2,assumptions compartmental,1
2,compartmental models,1
2,models such,1
2,as sir,1
2,sir divide,1
2,divide populations,1
2,populations into,1
2,into categories,1
2,categories such,1
2,as susceptible,1
2,susceptible infected,1
2,infected and,1
2,and recovered,1
2,recovered more,1
2,more detailed,1
2,detailed models,1
2,can add,1
2,add age,1
2,age groups,1
2,groups vaccination,1
2,status hospitalization,1
2,hospitalization geographic,1
2,geographic structure,1
2,structure or,1
2,characteristics models,1
2,models are,1
2,not crystal,1
2,crystal balls,1
2,balls their,1
2,their outputs,1
2,outputs depend,1
2,on assumptions,1
2,assumptions parameter,1
2,parameter estimates,1
2,estimates data,1
2,quality and,1
2,the scenario,1
2,scenario being,1
2,being examined,1
2,examined a,1
2,a model,1
2,model can,1
2,useful even,1
2,even when,1
2,when its,1
2,its exact,1
2,exact numerical,1
2,numerical forecast,1
2,forecast is,1
2,uncertain because,1
2,it can,1
2,show how,1
2,how outcomes,1
2,outcomes change,1
2,change when,1
2,when assumptions,1
2,assumptions change,1
2,change model,1
2,model calibration,1
2,calibration uses,1
2,uses observed,1
2,observed data,1
2,data to,1
2,estimate parameters,1
2,parameters or,1
2,or evaluate,1
2,evaluate whether,1
2,whether simulated,1
2,simulated trajectories,1
2,trajectories are,1
2,are consistent,1
2,consistent with,1
2,with historical,1
2,historical patterns,1
2,patterns validation,1
2,validation and,1
2,and sensitivity,1
2,sensitivity analysis,1
2,which assumptions,1
2,assumptions have,1
2,have the,1
2,the greatest,1
2,greatest effect,1
2,effect on,1
2,on results,1
2,results public-health,1
2,public-health decision-makers,1
2,decision-makers should,1
2,should interpret,1
2,interpret model,1
2,model outputs,1
2,outputs alongside,1
2,alongside surveillance,1
2,and expert,1
2,expert assessment,1
2,assessment scenario,1
2,scenario projections,1
2,projections are,1
2,are particularly,1
2,particularly sensitive,1
2,sensitive to,1
2,to changes,1
2,in behavior,1
2,behavior immunity,1
2,immunity viral,1
2,viral characteristics,1
2,characteristics interventions,1
2,capacity transparent,1
2,transparent reporting,1
2,reporting of,1
2,of assumptions,1
2,and uncertainty,1
2,uncertainty is,1
2,is therefore,1
2,therefore essential,1
2,evaluating public,1
2,health responses,1
2,responses after,1
2,outbreak after,1
2,outbreak a,1
2,a structured,1
2,structured evaluation,1
2,evaluation can,1
2,can examine,1
2,examine what,1
2,what happened,1
2,happened which,1
2,which interventions,1
2,interventions were,1
2,were implemented,1
2,implemented how,1
2,quickly systems,1
2,systems responded,1
2,responded and,1
2,and what,1
2,what improvements,1
2,improvements are,1
2,are needed,1
2,needed evaluation,1
2,consider epidemiological,1
2,epidemiological outcomes,1
2,outcomes as,1
2,as operational,1
2,operational social,1
2,social and,1
2,and economic,1
2,economic consequences,1
2,consequences useful,1
2,useful indicators,1
2,indicators may,1
2,include time,1
2,time from,1
2,from signal,1
2,detection to,1
2,to investigation,1
2,investigation testing,1
2,testing turnaround,1
2,turnaround time,1
2,time vaccination,1
2,vaccination coverage,1
2,coverage hospitalization,1
2,hospitalization trends,1
2,trends healthcare,1
2,capacity communication,1
2,communication reach,1
2,reach and,1
2,the timeliness,1
2,timeliness of,1
2,of public-health,1
2,public-health reporting,1
2,reporting the,1
2,exact measures,1
2,measures depend,1
2,outbreak and,1
2,the objectives,1
2,objectives of,1
2,the response,1
2,response evaluation,1
2,distinguish correlation,1
2,correlation from,1
2,from causation,1
2,causation a,1
2,a decline,1
2,decline in,1
2,in cases,1
2,cases after,1
2,an intervention,1
2,intervention does,1
2,automatically prove,1
2,prove that,1
2,the intervention,1
2,intervention caused,1
2,caused the,1
2,the decline,1
2,decline because,1
2,because transmission,1
2,also change,1
2,change due,1
2,due to,1
2,to immunity,1
2,immunity behavior,1
2,behavior seasonality,1
2,seasonality or,1
2,factors after-action,1
2,after-action reviews,1
2,reviews can,1
2,can translate,1
2,translate findings,1
2,findings into,1
2,into concrete,1
2,concrete improvements,1
2,improvements these,1
2,these may,1
2,include updating,1
2,updating response,1
2,response plans,1
2,plans strengthening,1
2,strengthening laboratory,1
2,networks improving,1
2,improving data,1
2,data interoperability,1
2,interoperability expanding,1
2,expanding workforce,1
2,workforce training,1
2,training or,1
2,or revising,1
2,revising communication,1
2,communication procedures,1
2,procedures the,1
2,the goal,1
2,goal is,1
2,is to,1
2,to convert,1
2,convert experience,1
2,experience into,1
2,into preparedness,1
2,preparedness for,1
2,for future,1
2,future infectious,1
3,an infectious disease,3
3,changes in testing,3
3,rather than a,3
3,and when people,2
3,rather than relying,2
3,can reduce exposure,2
3,is an important,2
3,the immune system,2
3,protection against infection,2
3,can change over,2
3,change over time,2
3,over time and,2
3,time and across,2
3,works best when,2
3,time since vaccination,2
3,should not be,2
3,comparison group time,2
3,group time period,2
3,after vaccines are,2
3,incidence and prevalence,2
3,case definition and,2
3,carefully changes in,2
3,wastewater measurements can,2
3,it is a,2
3,the effective reproduction,2
3,effective reproduction number,2
3,numbers should be,2
3,should be interpreted,2
3,depending on the,2
3,contact tracing is,2
3,most effective when,2
3,have access to,2
3,prevention measures and,2
3,viral genetic material,2
3,does not automatically,2
3,infectious disease outbreak,2
3,begins with a,2
3,and may provide,2
3,or other characteristics,2
3,measures can include,2
3,public health surveillance,2
3,and can be,2
3,infection prevention in,2
3,personal protective equipment,2
3,according to the,2
3,evidence rather than,2
3,than a single,2
3,during infectious disease,2
3,infectious disease events,2
3,as well as,2
3,risk of severe,2
3,or other factors,2
3,does not always,2
3,after an outbreak,2
3,can identify which,2
3,covid-19 transmission and,1
3,transmission and community,1
3,and community prevention,1
3,community prevention covid-19,1
3,prevention covid-19 is,1
3,covid-19 is caused,1
3,is caused by,1
3,caused by infection,1
3,by infection with,1
3,infection with sars-cov-2,1
3,with sars-cov-2 transmission,1
3,sars-cov-2 transmission can,1
3,transmission can occur,1
3,can occur when,1
3,occur when an,1
3,when an infected,1
3,an infected person,1
3,infected person releases,1
3,person releases respiratory,1
3,releases respiratory particles,1
3,respiratory particles while,1
3,particles while breathing,1
3,while breathing speaking,1
3,breathing speaking coughing,1
3,speaking coughing or,1
3,coughing or sneezing,1
3,or sneezing risk,1
3,sneezing risk generally,1
3,risk generally increases,1
3,generally increases in,1
3,increases in crowded,1
3,in crowded or,1
3,crowded or poorly,1
3,or poorly ventilated,1
3,poorly ventilated indoor,1
3,ventilated indoor environments,1
3,indoor environments and,1
3,environments and when,1
3,when people are,1
3,people are in,1
3,are in close,1
3,in close proximity,1
3,close proximity for,1
3,proximity for prolonged,1
3,for prolonged periods,1
3,prolonged periods prevention,1
3,periods prevention therefore,1
3,prevention therefore combines,1
3,therefore combines several,1
3,combines several measures,1
3,several measures rather,1
3,measures rather than,1
3,than relying on,1
3,relying on a,1
3,on a single,1
3,a single intervention,1
3,single intervention improving,1
3,intervention improving indoor,1
3,improving indoor ventilation,1
3,indoor ventilation and,1
3,ventilation and filtration,1
3,and filtration can,1
3,filtration can reduce,1
3,can reduce the,1
3,reduce the concentration,1
3,the concentration of,1
3,concentration of infectious,1
3,of infectious particles,1
3,infectious particles in,1
3,particles in shared,1
3,in shared air,1
3,shared air staying,1
3,air staying home,1
3,staying home when,1
3,home when acutely,1
3,when acutely ill,1
3,acutely ill can,1
3,ill can reduce,1
3,reduce exposure to,1
3,exposure to other,1
3,to other people,1
3,other people mask,1
3,people mask use,1
3,mask use can,1
3,use can provide,1
3,can provide an,1
3,provide an additional,1
3,an additional layer,1
3,additional layer of,1
3,layer of protection,1
3,of protection in,1
3,protection in settings,1
3,in settings where,1
3,settings where respiratory,1
3,where respiratory virus,1
3,respiratory virus transmission,1
3,virus transmission is,1
3,transmission is elevated,1
3,is elevated or,1
3,elevated or where,1
3,or where vulnerable,1
3,where vulnerable people,1
3,vulnerable people are,1
3,people are present,1
3,are present hand,1
3,present hand hygiene,1
3,hand hygiene remains,1
3,hygiene remains useful,1
3,remains useful for,1
3,useful for reducing,1
3,for reducing transmission,1
3,reducing transmission of,1
3,transmission of many,1
3,of many infections,1
3,many infections although,1
3,infections although respiratory,1
3,although respiratory transmission,1
3,respiratory transmission is,1
3,transmission is a,1
3,is a major,1
3,a major route,1
3,major route for,1
3,route for covid-19,1
3,for covid-19 vaccination,1
3,covid-19 vaccination is,1
3,vaccination is an,1
3,an important prevention,1
3,important prevention measure,1
3,prevention measure because,1
3,measure because it,1
3,because it prepares,1
3,it prepares the,1
3,prepares the immune,1
3,immune system to,1
3,system to respond,1
3,to respond to,1
3,respond to the,1
3,to the virus,1
3,the virus vaccine,1
3,virus vaccine protection,1
3,vaccine protection against,1
3,against infection can,1
3,infection can change,1
3,and across variants,1
3,across variants while,1
3,variants while protection,1
3,while protection against,1
3,protection against severe,1
3,against severe disease,1
3,severe disease can,1
3,disease can remain,1
3,can remain stronger,1
3,remain stronger public-health,1
3,stronger public-health programs,1
3,public-health programs therefore,1
3,programs therefore consider,1
3,therefore consider vaccination,1
3,consider vaccination together,1
3,vaccination together with,1
3,together with surveillance,1
3,with surveillance clinical,1
3,surveillance clinical care,1
3,clinical care ventilation,1
3,care ventilation and,1
3,ventilation and risk-based,1
3,and risk-based protective,1
3,risk-based protective measures,1
3,protective measures community,1
3,measures community prevention,1
3,community prevention works,1
3,prevention works best,1
3,best when measures,1
3,when measures are,1
3,measures are matched,1
3,are matched to,1
3,matched to the,1
3,to the local,1
3,the local epidemiological,1
3,local epidemiological situation,1
3,epidemiological situation public-health,1
3,situation public-health authorities,1
3,public-health authorities may,1
3,authorities may use,1
3,may use indicators,1
3,use indicators such,1
3,indicators such as,1
3,such as reported,1
3,as reported cases,1
3,reported cases hospitalizations,1
3,cases hospitalizations wastewater,1
3,hospitalizations wastewater signals,1
3,wastewater signals and,1
3,signals and outbreak,1
3,and outbreak reports,1
3,outbreak reports to,1
3,reports to guide,1
3,to guide communication,1
3,guide communication and,1
3,communication and interventions,1
3,and interventions individuals,1
3,interventions individuals can,1
3,individuals can reduce,1
3,can reduce risk,1
3,reduce risk by,1
3,risk by considering,1
3,by considering the,1
3,considering the intensity,1
3,the intensity of,1
3,intensity of local,1
3,of local transmission,1
3,local transmission their,1
3,transmission their own,1
3,their own health,1
3,own health risks,1
3,health risks and,1
3,risks and the,1
3,and the vulnerability,1
3,the vulnerability of,1
3,vulnerability of people,1
3,of people around,1
3,people around them,1
3,covid-19 vaccination basic,1
3,vaccination basic concepts,1
3,basic concepts covid-19,1
3,concepts covid-19 vaccines,1
3,covid-19 vaccines are,1
3,vaccines are designed,1
3,are designed to,1
3,designed to stimulate,1
3,to stimulate an,1
3,stimulate an immune,1
3,an immune response,1
3,immune response against,1
3,response against sars-cov-2,1
3,against sars-cov-2 without,1
3,sars-cov-2 without requiring,1
3,without requiring a,1
3,requiring a person,1
3,a person to,1
3,person to experience,1
3,to experience the,1
3,experience the disease,1
3,the disease itself,1
3,disease itself different,1
3,itself different vaccine,1
3,different vaccine platforms,1
3,vaccine platforms can,1
3,platforms can present,1
3,can present viral,1
3,present viral information,1
3,viral information to,1
3,information to the,1
3,to the immune,1
3,immune system in,1
3,system in different,1
3,in different ways,1
3,different ways after,1
3,ways after vaccination,1
3,after vaccination immune,1
3,vaccination immune cells,1
3,immune cells can,1
3,cells can recognize,1
3,can recognize relevant,1
3,recognize relevant viral,1
3,relevant viral components,1
3,viral components and,1
3,components and mount,1
3,and mount a,1
3,mount a faster,1
3,a faster response,1
3,faster response when,1
3,response when exposed,1
3,when exposed later,1
3,exposed later vaccination,1
3,later vaccination does,1
3,vaccination does not,1
3,does not guarantee,1
3,not guarantee that,1
3,guarantee that a,1
3,that a person,1
3,a person will,1
3,person will never,1
3,will never become,1
3,never become infected,1
3,become infected vaccine,1
3,infected vaccine effectiveness,1
3,vaccine effectiveness varies,1
3,effectiveness varies by,1
3,varies by outcome,1
3,by outcome product,1
3,outcome product population,1
3,product population time,1
3,population time since,1
3,since vaccination and,1
3,vaccination and circulating,1
3,and circulating variant,1
3,circulating variant public-health,1
3,variant public-health evaluation,1
3,public-health evaluation commonly,1
3,evaluation commonly distinguishes,1
3,commonly distinguishes protection,1
3,distinguishes protection against,1
3,against infection symptomatic,1
3,infection symptomatic disease,1
3,symptomatic disease hospitalization,1
3,disease hospitalization and,1
3,hospitalization and death,1
3,and death these,1
3,death these outcomes,1
3,these outcomes should,1
3,outcomes should not,1
3,not be treated,1
3,be treated as,1
3,treated as interchangeable,1
3,as interchangeable immunity,1
3,interchangeable immunity can,1
3,immunity can change,1
3,over time previous,1
3,time previous infection,1
3,previous infection may,1
3,infection may also,1
3,may also contribute,1
3,also contribute to,1
3,contribute to immune,1
3,to immune protection,1
3,immune protection producing,1
3,protection producing what,1
3,producing what researchers,1
3,what researchers often,1
3,researchers often describe,1
3,often describe as,1
3,describe as hybrid,1
3,as hybrid immunity,1
3,hybrid immunity when,1
3,immunity when vaccination,1
3,when vaccination and,1
3,vaccination and infection,1
3,and infection have,1
3,infection have both,1
3,have both occurred,1
3,both occurred because,1
3,occurred because immunity,1
3,because immunity and,1
3,immunity and circulating,1
3,and circulating viruses,1
3,circulating viruses change,1
3,viruses change vaccination,1
3,change vaccination recommendations,1
3,vaccination recommendations may,1
3,recommendations may be,1
3,may be updated,1
3,be updated as,1
3,updated as evidence,1
3,as evidence develops,1
3,evidence develops when,1
3,develops when communicating,1
3,when communicating about,1
3,communicating about vaccines,1
3,about vaccines it,1
3,vaccines it is,1
3,it is useful,1
3,is useful to,1
3,useful to distinguish,1
3,to distinguish relative,1
3,distinguish relative risk,1
3,relative risk absolute,1
3,risk absolute risk,1
3,absolute risk vaccine,1
3,risk vaccine effectiveness,1
3,vaccine effectiveness and,1
3,effectiveness and adverse-event,1
3,and adverse-event rates,1
3,adverse-event rates a,1
3,rates a clear,1
3,a clear explanation,1
3,clear explanation should,1
3,explanation should specify,1
3,should specify the,1
3,specify the population,1
3,the population comparison,1
3,population comparison group,1
3,time period and,1
3,period and health,1
3,and health outcome,1
3,health outcome this,1
3,outcome this prevents,1
3,this prevents misleading,1
3,prevents misleading conclusions,1
3,misleading conclusions from,1
3,conclusions from a,1
3,from a single,1
3,a single percentage,1
3,single percentage or,1
3,percentage or isolated,1
3,or isolated statistic,1
3,evaluating vaccine effectiveness,1
3,vaccine effectiveness vaccine,1
3,effectiveness vaccine effectiveness,1
3,vaccine effectiveness is,1
3,effectiveness is usually,1
3,is usually estimated,1
3,usually estimated by,1
3,estimated by comparing,1
3,by comparing disease,1
3,comparing disease outcomes,1
3,disease outcomes between,1
3,outcomes between vaccinated,1
3,between vaccinated and,1
3,vaccinated and comparison,1
3,and comparison groups,1
3,comparison groups under,1
3,groups under real-world,1
3,under real-world conditions,1
3,real-world conditions observational,1
3,conditions observational studies,1
3,observational studies may,1
3,studies may use,1
3,may use cohort,1
3,use cohort case-control,1
3,cohort case-control or,1
3,case-control or test-negative,1
3,or test-negative designs,1
3,test-negative designs researchers,1
3,designs researchers must,1
3,researchers must account,1
3,must account for,1
3,account for factors,1
3,for factors such,1
3,factors such as,1
3,such as age,1
3,as age prior,1
3,age prior infection,1
3,prior infection underlying,1
3,infection underlying conditions,1
3,underlying conditions healthcare-seeking,1
3,conditions healthcare-seeking behavior,1
3,healthcare-seeking behavior exposure,1
3,behavior exposure patterns,1
3,exposure patterns and,1
3,patterns and calendar,1
3,and calendar period,1
3,calendar period randomized,1
3,period randomized controlled,1
3,randomized controlled trials,1
3,controlled trials can,1
3,trials can provide,1
3,can provide strong,1
3,provide strong evidence,1
3,strong evidence about,1
3,evidence about efficacy,1
3,about efficacy under,1
3,efficacy under defined,1
3,under defined study,1
3,defined study conditions,1
3,study conditions while,1
3,conditions while observational,1
3,while observational studies,1
3,observational studies are,1
3,studies are especially,1
3,are especially useful,1
3,especially useful after,1
3,useful after vaccines,1
3,vaccines are deployed,1
3,are deployed at,1
3,deployed at large,1
3,at large scale,1
3,large scale real-world,1
3,scale real-world effectiveness,1
3,real-world effectiveness may,1
3,effectiveness may differ,1
3,may differ from,1
3,differ from trial,1
3,from trial efficacy,1
3,trial efficacy because,1
3,efficacy because populations,1
3,because populations exposure,1
3,populations exposure levels,1
3,exposure levels circulating,1
3,levels circulating variants,1
3,circulating variants and,1
3,variants and vaccination,1
3,and vaccination schedules,1
3,vaccination schedules differ,1
3,schedules differ a,1
3,differ a useful,1
3,a useful interpretation,1
3,useful interpretation of,1
3,interpretation of vaccine,1
3,of vaccine effectiveness,1
3,vaccine effectiveness requires,1
3,effectiveness requires knowing,1
3,requires knowing the,1
3,knowing the endpoint,1
3,the endpoint for,1
3,endpoint for example,1
3,for example effectiveness,1
3,example effectiveness against,1
3,effectiveness against hospitalization,1
3,against hospitalization is,1
3,hospitalization is a,1
3,is a different,1
3,a different quantity,1
3,different quantity from,1
3,quantity from effectiveness,1
3,from effectiveness against,1
3,effectiveness against infection,1
3,against infection waning,1
3,infection waning protection,1
3,waning protection may,1
3,protection may also,1
3,may also appear,1
3,also appear differently,1
3,appear differently for,1
3,differently for different,1
3,for different outcomes,1
3,different outcomes researchers,1
3,outcomes researchers may,1
3,researchers may stratify,1
3,may stratify results,1
3,stratify results by,1
3,results by age,1
3,by age time,1
3,age time since,1
3,since vaccination product,1
3,vaccination product or,1
3,product or variant,1
3,or variant period,1
3,variant period confounding,1
3,period confounding and,1
3,confounding and selection,1
3,and selection bias,1
3,selection bias are,1
3,bias are important,1
3,are important limitations,1
3,important limitations in,1
3,limitations in observational,1
3,in observational vaccine,1
3,observational vaccine studies,1
3,vaccine studies statistical,1
3,studies statistical adjustment,1
3,statistical adjustment can,1
3,adjustment can reduce,1
3,can reduce some,1
3,reduce some biases,1
3,some biases but,1
3,biases but it,1
3,but it cannot,1
3,it cannot guarantee,1
3,cannot guarantee that,1
3,guarantee that every,1
3,that every relevant,1
3,every relevant difference,1
3,relevant difference between,1
3,difference between groups,1
3,between groups has,1
3,groups has been,1
3,has been measured,1
3,been measured results,1
3,measured results should,1
3,results should therefore,1
3,should therefore be,1
3,therefore be interpreted,1
3,be interpreted in,1
3,interpreted in the,1
3,in the context,1
3,the context of,1
3,context of study,1
3,of study design,1
3,study design uncertainty,1
3,design uncertainty intervals,1
3,uncertainty intervals sample,1
3,intervals sample size,1
3,sample size and,1
3,size and the,1
3,and the population,1
3,the population studied,1
3,and prevalence in,1
3,prevalence in infectious,1
3,in infectious disease,1
3,infectious disease epidemiology,1
3,disease epidemiology incidence,1
3,epidemiology incidence and,1
3,and prevalence describe,1
3,prevalence describe different,1
3,describe different aspects,1
3,different aspects of,1
3,aspects of disease,1
3,of disease occurrence,1
3,disease occurrence incidence,1
3,occurrence incidence focuses,1
3,incidence focuses on,1
3,focuses on new,1
3,on new cases,1
3,new cases occurring,1
3,cases occurring in,1
3,occurring in a,1
3,in a population,1
3,a population during,1
3,population during a,1
3,during a specified,1
3,a specified period,1
3,specified period prevalence,1
3,period prevalence describes,1
3,prevalence describes the,1
3,describes the proportion,1
3,the proportion of,1
3,proportion of a,1
3,of a population,1
3,a population that,1
3,population that has,1
3,that has a,1
3,has a condition,1
3,a condition at,1
3,condition at a,1
3,at a particular,1
3,a particular time,1
3,particular time or,1
3,time or over,1
3,or over a,1
3,over a defined,1
3,a defined period,1
3,defined period for,1
3,period for an,1
3,for an infectious,1
3,infectious disease incidence,1
3,disease incidence can,1
3,incidence can help,1
3,can help describe,1
3,help describe how,1
3,describe how quickly,1
3,how quickly new,1
3,quickly new infections,1
3,new infections are,1
3,infections are occurring,1
3,are occurring prevalence,1
3,occurring prevalence can,1
3,prevalence can reflect,1
3,can reflect both,1
3,reflect both new,1
3,both new cases,1
3,new cases and,1
3,cases and the,1
3,and the duration,1
3,the duration of,1
3,duration of illness,1
3,of illness a,1
3,illness a disease,1
3,a disease with,1
3,disease with short,1
3,with short duration,1
3,short duration may,1
3,duration may have,1
3,may have substantial,1
3,have substantial incidence,1
3,substantial incidence but,1
3,incidence but relatively,1
3,but relatively low,1
3,relatively low point,1
3,low point prevalence,1
3,point prevalence conversely,1
3,prevalence conversely a,1
3,conversely a chronic,1
3,a chronic condition,1
3,chronic condition can,1
3,condition can have,1
3,can have lower,1
3,have lower incidence,1
3,lower incidence but,1
3,incidence but high,1
3,but high prevalence,1
3,high prevalence because,1
3,prevalence because people,1
3,because people remain,1
3,people remain affected,1
3,remain affected for,1
3,affected for long,1
3,for long periods,1
3,long periods epidemiologists,1
3,periods epidemiologists define,1
3,epidemiologists define the,1
3,define the population,1
3,the population time,1
3,population time interval,1
3,time interval case,1
3,interval case definition,1
3,definition and measurement,1
3,and measurement method,1
3,measurement method carefully,1
3,method carefully changes,1
3,in testing availability,1
3,testing availability or,1
3,availability or reporting,1
3,or reporting practices,1
3,reporting practices can,1
3,practices can affect,1
3,can affect observed,1
3,affect observed incidence,1
3,observed incidence without,1
3,incidence without representing,1
3,without representing an,1
3,representing an equivalent,1
3,an equivalent change,1
3,equivalent change in,1
3,change in true,1
3,in true transmission,1
3,true transmission for,1
3,transmission for covid-19,1
3,for covid-19 widespread,1
3,covid-19 widespread changes,1
3,widespread changes in,1
3,in testing behavior,1
3,testing behavior made,1
3,behavior made reported,1
3,made reported case,1
3,reported case counts,1
3,case counts difficult,1
3,counts difficult to,1
3,difficult to interpret,1
3,to interpret in,1
3,interpret in isolation,1
3,in isolation during,1
3,isolation during some,1
3,during some periods,1
3,some periods other,1
3,periods other indicators,1
3,other indicators including,1
3,indicators including hospitalization,1
3,including hospitalization mortality,1
3,hospitalization mortality test,1
3,mortality test positivity,1
3,test positivity syndromic,1
3,positivity syndromic surveillance,1
3,syndromic surveillance and,1
3,surveillance and wastewater,1
3,and wastewater measurements,1
3,measurements can complement,1
3,can complement reported,1
3,complement reported cases,1
3,reported cases using,1
3,cases using multiple,1
3,using multiple indicators,1
3,multiple indicators provides,1
3,indicators provides a,1
3,provides a broader,1
3,a broader picture,1
3,broader picture of,1
3,picture of disease,1
3,of disease activity,1
3,reproduction numbers and,1
3,numbers and outbreak,1
3,and outbreak growth,1
3,outbreak growth the,1
3,growth the basic,1
3,the basic reproduction,1
3,basic reproduction number,1
3,reproduction number 0,1
3,number 0 describes,1
3,0 describes the,1
3,describes the average,1
3,the average number,1
3,average number of,1
3,number of secondary,1
3,of secondary infections,1
3,secondary infections generated,1
3,infections generated by,1
3,generated by a,1
3,by a typical,1
3,a typical infectious,1
3,typical infectious individual,1
3,infectious individual in,1
3,individual in a,1
3,in a fully,1
3,a fully susceptible,1
3,fully susceptible population,1
3,susceptible population under,1
3,population under specified,1
3,under specified assumptions,1
3,specified assumptions it,1
3,assumptions it is,1
3,is a theoretical,1
3,a theoretical epidemiological,1
3,theoretical epidemiological quantity,1
3,epidemiological quantity and,1
3,quantity and should,1
3,and should not,1
3,not be interpreted,1
3,be interpreted as,1
3,interpreted as a,1
3,as a fixed,1
3,a fixed property,1
3,fixed property of,1
3,property of a,1
3,of a pathogen,1
3,a pathogen in,1
3,pathogen in every,1
3,in every setting,1
3,every setting the,1
3,setting the effective,1
3,reproduction number often,1
3,number often written,1
3,often written rt,1
3,written rt or,1
3,rt or re,1
3,or re reflects,1
3,re reflects transmission,1
3,reflects transmission under,1
3,transmission under current,1
3,under current conditions,1
3,current conditions vaccination,1
3,conditions vaccination prior,1
3,vaccination prior immunity,1
3,prior immunity behavioral,1
3,immunity behavioral changes,1
3,behavioral changes public-health,1
3,changes public-health interventions,1
3,public-health interventions and,1
3,interventions and population,1
3,and population structure,1
3,population structure can,1
3,structure can all,1
3,can all affect,1
3,all affect effective,1
3,affect effective transmission,1
3,effective transmission when,1
3,transmission when the,1
3,when the effective,1
3,reproduction number is,1
3,number is above,1
3,is above one,1
3,above one infections,1
3,one infections can,1
3,infections can increase,1
3,can increase under,1
3,increase under the,1
3,under the relevant,1
3,the relevant conditions,1
3,relevant conditions when,1
3,conditions when it,1
3,when it remains,1
3,it remains below,1
3,remains below one,1
3,below one transmission,1
3,one transmission tends,1
3,transmission tends to,1
3,tends to decline,1
3,to decline estimating,1
3,decline estimating reproduction,1
3,estimating reproduction numbers,1
3,reproduction numbers requires,1
3,numbers requires assumptions,1
3,requires assumptions and,1
3,assumptions and data,1
3,and data delays,1
3,data delays between,1
3,delays between infection,1
3,between infection symptom,1
3,infection symptom onset,1
3,symptom onset testing,1
3,onset testing reporting,1
3,testing reporting and,1
3,reporting and hospitalization,1
3,and hospitalization can,1
3,hospitalization can affect,1
3,can affect estimates,1
3,affect estimates analysts,1
3,estimates analysts may,1
3,analysts may therefore,1
3,may therefore use,1
3,therefore use statistical,1
3,use statistical models,1
3,statistical models and,1
3,models and nowcasting,1
3,and nowcasting methods,1
3,nowcasting methods to,1
3,methods to account,1
3,to account for,1
3,account for reporting,1
3,for reporting delays,1
3,reporting delays reproduction,1
3,delays reproduction numbers,1
3,reproduction numbers should,1
3,be interpreted together,1
3,interpreted together with,1
3,together with other,1
3,with other indicators,1
3,other indicators a,1
3,indicators a single,1
3,a single estimate,1
3,single estimate can,1
3,estimate can be,1
3,can be uncertain,1
3,be uncertain especially,1
3,uncertain especially when,1
3,especially when case,1
3,when case counts,1
3,case counts are,1
3,counts are small,1
3,are small or,1
3,small or surveillance,1
3,or surveillance systems,1
3,surveillance systems are,1
3,systems are changing,1
3,are changing the,1
3,changing the same,1
3,the same reproduction,1
3,same reproduction number,1
3,reproduction number can,1
3,number can also,1
3,can also correspond,1
3,also correspond to,1
3,correspond to different,1
3,to different absolute,1
3,different absolute levels,1
3,absolute levels of,1
3,levels of disease,1
3,of disease depending,1
3,disease depending on,1
3,on the size,1
3,the size and,1
3,size and immunity,1
3,and immunity of,1
3,immunity of the,1
3,of the population,1
3,contact tracing and,1
3,tracing and exposure,1
3,and exposure management,1
3,exposure management contact,1
3,management contact tracing,1
3,tracing is a,1
3,is a public-health,1
3,a public-health process,1
3,public-health process used,1
3,process used to,1
3,used to identify,1
3,to identify people,1
3,identify people who,1
3,people who may,1
3,who may have,1
3,may have been,1
3,have been exposed,1
3,been exposed to,1
3,exposed to an,1
3,to an infectious,1
3,infectious disease and,1
3,disease and provide,1
3,and provide them,1
3,provide them with,1
3,them with relevant,1
3,with relevant information,1
3,relevant information and,1
3,information and support,1
3,and support for,1
3,support for respiratory,1
3,for respiratory infections,1
3,respiratory infections contact,1
3,infections contact definitions,1
3,contact definitions may,1
3,definitions may consider,1
3,may consider proximity,1
3,consider proximity duration,1
3,proximity duration setting,1
3,duration setting and,1
3,setting and timing,1
3,and timing relative,1
3,timing relative to,1
3,relative to infectiousness,1
3,to infectiousness a,1
3,infectiousness a typical,1
3,a typical workflow,1
3,typical workflow includes,1
3,workflow includes identifying,1
3,includes identifying a,1
3,identifying a confirmed,1
3,a confirmed or,1
3,confirmed or probable,1
3,or probable case,1
3,probable case determining,1
3,case determining the,1
3,determining the period,1
3,the period during,1
3,period during which,1
3,during which transmission,1
3,which transmission could,1
3,transmission could have,1
3,could have occurred,1
3,have occurred interviewing,1
3,occurred interviewing the,1
3,interviewing the case,1
3,the case when,1
3,case when appropriate,1
3,when appropriate identifying,1
3,appropriate identifying contacts,1
3,identifying contacts and,1
3,contacts and communicating,1
3,and communicating recommended,1
3,communicating recommended actions,1
3,recommended actions digital,1
3,actions digital tools,1
3,digital tools can,1
3,tools can assist,1
3,can assist with,1
3,assist with notification,1
3,with notification or,1
3,notification or data,1
3,or data management,1
3,data management but,1
3,management but they,1
3,but they do,1
3,they do not,1
3,do not replace,1
3,not replace public-health,1
3,replace public-health judgment,1
3,public-health judgment contact,1
3,judgment contact tracing,1
3,tracing is most,1
3,is most effective,1
3,effective when cases,1
3,when cases and,1
3,cases and contacts,1
3,and contacts can,1
3,contacts can be,1
3,can be identified,1
3,be identified quickly,1
3,identified quickly and,1
3,quickly and when,1
3,when people have,1
3,people have access,1
3,access to testing,1
3,to testing healthcare,1
3,testing healthcare isolation,1
3,healthcare isolation resources,1
3,isolation resources and,1
3,resources and accurate,1
3,and accurate information,1
3,accurate information privacy,1
3,information privacy and,1
3,privacy and confidentiality,1
3,and confidentiality are,1
3,confidentiality are important,1
3,are important because,1
3,important because contact-tracing,1
3,because contact-tracing systems,1
3,contact-tracing systems handle,1
3,systems handle sensitive,1
3,handle sensitive health,1
3,sensitive health and,1
3,health and exposure,1
3,and exposure information,1
3,exposure information the,1
3,information the effectiveness,1
3,the effectiveness of,1
3,effectiveness of contact,1
3,of contact tracing,1
3,contact tracing can,1
3,tracing can decrease,1
3,can decrease when,1
3,decrease when community,1
3,when community transmission,1
3,community transmission is,1
3,transmission is extremely,1
3,is extremely high,1
3,extremely high when,1
3,high when many,1
3,when many infections,1
3,many infections are,1
3,infections are asymptomatic,1
3,are asymptomatic or,1
3,asymptomatic or when,1
3,or when cases,1
3,when cases cannot,1
3,cases cannot be,1
3,cannot be identified,1
3,be identified promptly,1
3,identified promptly in,1
3,promptly in such,1
3,in such situations,1
3,such situations broad,1
3,situations broad prevention,1
3,broad prevention measures,1
3,measures and community,1
3,and community surveillance,1
3,community surveillance may,1
3,surveillance may be,1
3,may be more,1
3,be more practical,1
3,more practical complements,1
3,wastewater surveillance for,1
3,surveillance for respiratory,1
3,for respiratory viruses,1
3,respiratory viruses wastewater,1
3,viruses wastewater surveillance,1
3,wastewater surveillance analyzes,1
3,surveillance analyzes biological,1
3,analyzes biological material,1
3,biological material in,1
3,material in sewage,1
3,in sewage to,1
3,sewage to estimate,1
3,to estimate the,1
3,estimate the presence,1
3,the presence or,1
3,presence or trends,1
3,or trends of,1
3,trends of infectious,1
3,of infectious agents,1
3,infectious agents within,1
3,agents within a,1
3,within a community,1
3,a community because,1
3,community because infected,1
3,because infected individuals,1
3,infected individuals can,1
3,individuals can shed,1
3,can shed viral,1
3,shed viral genetic,1
3,genetic material into,1
3,material into wastewater,1
3,into wastewater wastewater,1
3,wastewater wastewater measurements,1
3,measurements can provide,1
3,can provide population-level,1
3,provide population-level information,1
3,population-level information that,1
3,information that does,1
3,that does not,1
3,does not depend,1
3,not depend on,1
3,depend on every,1
3,on every infected,1
3,every infected person,1
3,infected person seeking,1
3,person seeking a,1
3,seeking a clinical,1
3,a clinical test,1
3,clinical test wastewater,1
3,test wastewater surveillance,1
3,wastewater surveillance can,1
3,surveillance can be,1
3,can be especially,1
3,be especially useful,1
3,especially useful when,1
3,useful when individual,1
3,when individual testing,1
3,individual testing declines,1
3,testing declines trends,1
3,declines trends may,1
3,trends may provide,1
3,may provide an,1
3,provide an early,1
3,an early signal,1
3,early signal of,1
3,signal of changing,1
3,of changing transmission,1
3,changing transmission although,1
3,transmission although the,1
3,although the relationship,1
3,the relationship between,1
3,relationship between wastewater,1
3,between wastewater concentration,1
3,wastewater concentration and,1
3,concentration and the,1
3,and the exact,1
3,the exact number,1
3,exact number of,1
3,number of infections,1
3,of infections is,1
3,infections is not,1
3,is not straightforward,1
3,not straightforward interpretation,1
3,straightforward interpretation requires,1
3,interpretation requires attention,1
3,requires attention to,1
3,attention to sampling,1
3,to sampling location,1
3,sampling location population,1
3,location population served,1
3,population served by,1
3,served by the,1
3,by the treatment,1
3,the treatment system,1
3,treatment system rainfall,1
3,system rainfall and,1
3,rainfall and dilution,1
3,and dilution laboratory,1
3,dilution laboratory methods,1
3,laboratory methods sampling,1
3,methods sampling frequency,1
3,sampling frequency and,1
3,frequency and changes,1
3,and changes in,1
3,changes in shedding,1
3,in shedding patterns,1
3,shedding patterns wastewater,1
3,patterns wastewater data,1
3,wastewater data are,1
3,data are most,1
3,are most useful,1
3,most useful when,1
3,useful when combined,1
3,when combined with,1
3,combined with clinical,1
3,with clinical surveillance,1
3,clinical surveillance hospital,1
3,surveillance hospital data,1
3,hospital data and,1
3,data and other,1
3,and other epidemiological,1
3,other epidemiological indicators,1
3,epidemiological indicators wastewater,1
3,indicators wastewater surveillance,1
3,wastewater surveillance generally,1
3,surveillance generally does,1
3,generally does not,1
3,does not identify,1
3,not identify individual,1
3,identify individual infected,1
3,individual infected people,1
3,infected people its,1
3,people its population-level,1
3,its population-level nature,1
3,population-level nature can,1
3,nature can therefore,1
3,can therefore complement,1
3,therefore complement other,1
3,complement other surveillance,1
3,other surveillance systems,1
3,surveillance systems while,1
3,systems while reducing,1
3,while reducing dependence,1
3,reducing dependence on,1
3,dependence on individual,1
3,on individual testing,1
3,individual testing it,1
3,testing it is,1
3,is a monitoring,1
3,a monitoring tool,1
3,monitoring tool rather,1
3,tool rather than,1
3,than a direct,1
3,a direct diagnostic,1
3,direct diagnostic test,1
3,diagnostic test for,1
3,test for an,1
3,for an individual,1
3,sars-cov-2 variant surveillance,1
3,variant surveillance variant,1
3,surveillance variant surveillance,1
3,variant surveillance monitors,1
3,surveillance monitors genetic,1
3,monitors genetic changes,1
3,genetic changes in,1
3,changes in sars-cov-2,1
3,in sars-cov-2 and,1
3,sars-cov-2 and assesses,1
3,and assesses whether,1
3,assesses whether emerging,1
3,whether emerging lineages,1
3,emerging lineages have,1
3,lineages have characteristics,1
3,have characteristics relevant,1
3,characteristics relevant to,1
3,relevant to public,1
3,to public health,1
3,public health sequencing,1
3,health sequencing can,1
3,sequencing can identify,1
3,can identify viral,1
3,identify viral lineages,1
3,viral lineages from,1
3,lineages from selected,1
3,from selected clinical,1
3,selected clinical specimens,1
3,clinical specimens while,1
3,specimens while genomic,1
3,while genomic databases,1
3,genomic databases allow,1
3,databases allow laboratories,1
3,allow laboratories and,1
3,laboratories and researchers,1
3,and researchers to,1
3,researchers to compare,1
3,to compare sequences,1
3,compare sequences over,1
3,sequences over time,1
3,and across locations,1
3,across locations a,1
3,locations a newly,1
3,a newly detected,1
3,newly detected mutation,1
3,detected mutation does,1
3,mutation does not,1
3,not automatically mean,1
3,automatically mean that,1
3,mean that a,1
3,that a variant,1
3,a variant is,1
3,variant is more,1
3,is more transmissible,1
3,more transmissible or,1
3,transmissible or more,1
3,or more severe,1
3,more severe researchers,1
3,severe researchers evaluate,1
3,researchers evaluate changes,1
3,evaluate changes using,1
3,changes using laboratory,1
3,using laboratory studies,1
3,laboratory studies epidemiological,1
3,studies epidemiological data,1
3,epidemiological data clinical,1
3,data clinical outcomes,1
3,clinical outcomes and,1
3,outcomes and population-level,1
3,and population-level observations,1
3,population-level observations multiple,1
3,observations multiple mutations,1
3,multiple mutations can,1
3,mutations can occur,1
3,can occur together,1
3,occur together and,1
3,together and the,1
3,and the biological,1
3,the biological effect,1
3,biological effect of,1
3,effect of a,1
3,of a mutation,1
3,a mutation depends,1
3,mutation depends on,1
3,depends on its,1
3,on its location,1
3,its location and,1
3,location and context,1
3,and context variant,1
3,context variant surveillance,1
3,variant surveillance helps,1
3,surveillance helps public-health,1
3,helps public-health agencies,1
3,public-health agencies detect,1
3,agencies detect changes,1
3,detect changes that,1
3,changes that may,1
3,that may affect,1
3,may affect diagnostics,1
3,affect diagnostics therapeutics,1
3,diagnostics therapeutics vaccines,1
3,therapeutics vaccines or,1
3,vaccines or transmission,1
3,or transmission patterns,1
3,transmission patterns however,1
3,patterns however sequencing,1
3,however sequencing samples,1
3,sequencing samples are,1
3,samples are not,1
3,are not always,1
3,not always representative,1
3,always representative of,1
3,representative of all,1
3,of all infections,1
3,all infections differences,1
3,infections differences in,1
3,differences in sampling,1
3,in sampling and,1
3,sampling and sequencing,1
3,and sequencing capacity,1
3,sequencing capacity can,1
3,capacity can influence,1
3,can influence which,1
3,influence which variants,1
3,which variants are,1
3,variants are observed,1
3,are observed genomic,1
3,observed genomic surveillance,1
3,genomic surveillance works,1
3,surveillance works best,1
3,best when linked,1
3,when linked with,1
3,linked with epidemiological,1
3,with epidemiological and,1
3,epidemiological and clinical,1
3,and clinical information,1
3,clinical information sequence,1
3,information sequence data,1
3,sequence data can,1
3,data can identify,1
3,can identify what,1
3,identify what is,1
3,what is circulating,1
3,is circulating while,1
3,circulating while other,1
3,while other datasets,1
3,other datasets help,1
3,datasets help determine,1
3,help determine the,1
3,determine the practical,1
3,the practical public-health,1
3,practical public-health significance,1
3,public-health significance of,1
3,significance of those,1
3,of those lineages,1
3,disease outbreak investigation,1
3,outbreak investigation an,1
3,investigation an outbreak,1
3,an outbreak investigation,1
3,outbreak investigation seeks,1
3,investigation seeks to,1
3,seeks to determine,1
3,to determine whether,1
3,determine whether an,1
3,whether an unusual,1
3,an unusual increase,1
3,unusual increase in,1
3,increase in disease,1
3,in disease has,1
3,disease has occurred,1
3,has occurred characterize,1
3,occurred characterize affected,1
3,characterize affected people,1
3,affected people and,1
3,people and settings,1
3,and settings identify,1
3,settings identify likely,1
3,identify likely sources,1
3,likely sources or,1
3,sources or transmission,1
3,or transmission routes,1
3,transmission routes and,1
3,routes and guide,1
3,and guide control,1
3,guide control measures,1
3,control measures the,1
3,measures the investigation,1
3,the investigation begins,1
3,investigation begins with,1
3,with a clear,1
3,a clear case,1
3,clear case definition,1
3,definition and confirmation,1
3,and confirmation that,1
3,confirmation that the,1
3,that the observed,1
3,the observed increase,1
3,observed increase is,1
3,increase is greater,1
3,is greater than,1
3,greater than expected,1
3,than expected investigators,1
3,expected investigators construct,1
3,investigators construct descriptive,1
3,construct descriptive summaries,1
3,descriptive summaries by,1
3,summaries by time,1
3,by time place,1
3,time place and,1
3,place and person,1
3,and person an,1
3,person an epidemic,1
3,an epidemic curve,1
3,epidemic curve can,1
3,curve can show,1
3,can show the,1
3,show the timing,1
3,the timing of,1
3,timing of illness,1
3,of illness onset,1
3,illness onset and,1
3,onset and may,1
3,may provide clues,1
3,provide clues about,1
3,clues about the,1
3,about the type,1
3,the type of,1
3,type of exposure,1
3,of exposure mapping,1
3,exposure mapping cases,1
3,mapping cases can,1
3,cases can identify,1
3,can identify geographic,1
3,identify geographic clustering,1
3,geographic clustering while,1
3,clustering while demographic,1
3,while demographic analysis,1
3,demographic analysis can,1
3,analysis can reveal,1
3,can reveal differences,1
3,reveal differences by,1
3,differences by age,1
3,by age occupation,1
3,age occupation or,1
3,occupation or other,1
3,other characteristics analytical,1
3,characteristics analytical epidemiology,1
3,analytical epidemiology may,1
3,epidemiology may compare,1
3,may compare exposures,1
3,compare exposures among,1
3,exposures among cases,1
3,among cases and,1
3,cases and controls,1
3,and controls or,1
3,controls or among,1
3,or among exposed,1
3,among exposed and,1
3,exposed and unexposed,1
3,and unexposed groups,1
3,unexposed groups investigators,1
3,groups investigators must,1
3,investigators must consider,1
3,must consider recall,1
3,consider recall bias,1
3,recall bias selection,1
3,bias selection bias,1
3,selection bias confounding,1
3,bias confounding and,1
3,confounding and incomplete,1
3,and incomplete reporting,1
3,incomplete reporting laboratory,1
3,reporting laboratory testing,1
3,laboratory testing and,1
3,testing and genomic,1
3,and genomic sequencing,1
3,genomic sequencing can,1
3,sequencing can provide,1
3,can provide additional,1
3,provide additional evidence,1
3,additional evidence control,1
3,evidence control measures,1
3,control measures should,1
3,measures should not,1
3,should not necessarily,1
3,not necessarily wait,1
3,necessarily wait until,1
3,wait until every,1
3,until every scientific,1
3,every scientific question,1
3,scientific question is,1
3,question is resolved,1
3,is resolved depending,1
3,resolved depending on,1
3,on the pathogen,1
3,the pathogen and,1
3,pathogen and circumstances,1
3,and circumstances measures,1
3,circumstances measures can,1
3,can include isolation,1
3,include isolation vaccination,1
3,isolation vaccination environmental,1
3,vaccination environmental controls,1
3,environmental controls communication,1
3,controls communication testing,1
3,communication testing and,1
3,testing and targeted,1
3,and targeted restrictions,1
3,targeted restrictions investigators,1
3,restrictions investigators continue,1
3,investigators continue evaluating,1
3,continue evaluating the,1
3,evaluating the outbreak,1
3,the outbreak as,1
3,outbreak as new,1
3,as new evidence,1
3,new evidence becomes,1
3,evidence becomes available,1
3,health surveillance systems,1
3,surveillance systems public,1
3,systems public health,1
3,health surveillance is,1
3,surveillance is the,1
3,is the continuous,1
3,the continuous and,1
3,continuous and systematic,1
3,and systematic collection,1
3,systematic collection analysis,1
3,collection analysis interpretation,1
3,analysis interpretation and,1
3,interpretation and dissemination,1
3,and dissemination of,1
3,dissemination of health,1
3,of health information,1
3,health information for,1
3,information for action,1
3,for action surveillance,1
3,action surveillance systems,1
3,surveillance systems can,1
3,systems can monitor,1
3,can monitor infectious,1
3,monitor infectious diseases,1
3,infectious diseases through,1
3,diseases through case,1
3,through case reports,1
3,case reports laboratory,1
3,reports laboratory results,1
3,laboratory results hospital,1
3,results hospital records,1
3,hospital records mortality,1
3,records mortality data,1
3,mortality data syndromic,1
3,data syndromic indicators,1
3,syndromic indicators sentinel,1
3,indicators sentinel sites,1
3,sentinel sites and,1
3,sites and community-level,1
3,and community-level measurements,1
3,community-level measurements a,1
3,measurements a surveillance,1
3,a surveillance system,1
3,surveillance system begins,1
3,system begins with,1
3,with a defined,1
3,a defined objective,1
3,defined objective the,1
3,objective the case,1
3,the case definition,1
3,case definition determines,1
3,definition determines which,1
3,determines which events,1
3,which events are,1
3,events are counted,1
3,are counted while,1
3,counted while reporting,1
3,while reporting rules,1
3,reporting rules specify,1
3,rules specify how,1
3,specify how and,1
3,how and when,1
3,and when information,1
3,when information is,1
3,information is submitted,1
3,is submitted data,1
3,submitted data quality,1
3,data quality depends,1
3,quality depends on,1
3,depends on completeness,1
3,on completeness timeliness,1
3,completeness timeliness consistency,1
3,timeliness consistency and,1
3,consistency and representativeness,1
3,and representativeness passive,1
3,representativeness passive surveillance,1
3,passive surveillance relies,1
3,surveillance relies on,1
3,relies on routine,1
3,on routine reporting,1
3,routine reporting and,1
3,reporting and can,1
3,can be relatively,1
3,be relatively efficient,1
3,relatively efficient but,1
3,efficient but may,1
3,but may miss,1
3,may miss cases,1
3,miss cases active,1
3,cases active surveillance,1
3,active surveillance involves,1
3,surveillance involves more,1
3,involves more direct,1
3,more direct efforts,1
3,direct efforts to,1
3,efforts to identify,1
3,to identify cases,1
3,identify cases and,1
3,cases and can,1
3,and can improve,1
3,can improve completeness,1
3,improve completeness at,1
3,completeness at greater,1
3,at greater cost,1
3,greater cost sentinel,1
3,cost sentinel surveillance,1
3,sentinel surveillance collects,1
3,surveillance collects detailed,1
3,collects detailed information,1
3,detailed information from,1
3,information from selected,1
3,from selected sites,1
3,selected sites and,1
3,sites and may,1
3,and may be,1
3,may be useful,1
3,be useful for,1
3,useful for monitoring,1
3,for monitoring trends,1
3,monitoring trends surveillance,1
3,trends surveillance data,1
3,surveillance data should,1
3,data should be,1
3,be interpreted carefully,1
3,interpreted carefully changes,1
3,changes in reporting,1
3,in reporting systems,1
3,reporting systems testing,1
3,systems testing practices,1
3,testing practices healthcare,1
3,practices healthcare access,1
3,healthcare access or,1
3,access or case,1
3,or case definitions,1
3,case definitions can,1
3,definitions can create,1
3,can create apparent,1
3,create apparent changes,1
3,apparent changes that,1
3,changes that are,1
3,that are not,1
3,are not purely,1
3,not purely epidemiological,1
3,purely epidemiological public-health,1
3,epidemiological public-health decision-making,1
3,public-health decision-making therefore,1
3,decision-making therefore benefits,1
3,therefore benefits from,1
3,benefits from triangulating,1
3,from triangulating multiple,1
3,triangulating multiple data,1
3,multiple data sources,1
3,prevention in healthcare,1
3,in healthcare settings,1
3,healthcare settings healthcare,1
3,settings healthcare facilities,1
3,healthcare facilities require,1
3,facilities require layered,1
3,require layered infection-prevention,1
3,layered infection-prevention measures,1
3,infection-prevention measures because,1
3,measures because patients,1
3,because patients and,1
3,patients and healthcare,1
3,and healthcare workers,1
3,healthcare workers may,1
3,workers may encounter,1
3,may encounter infectious,1
3,encounter infectious individuals,1
3,infectious individuals in,1
3,individuals in close-contact,1
3,in close-contact environments,1
3,close-contact environments core,1
3,environments core practices,1
3,core practices include,1
3,practices include hand,1
3,include hand hygiene,1
3,hand hygiene appropriate,1
3,hygiene appropriate use,1
3,appropriate use of,1
3,use of personal,1
3,of personal protective,1
3,protective equipment environmental,1
3,equipment environmental cleaning,1
3,environmental cleaning respiratory,1
3,cleaning respiratory hygiene,1
3,respiratory hygiene and,1
3,hygiene and safe,1
3,and safe patient,1
3,safe patient placement,1
3,patient placement administrative,1
3,placement administrative measures,1
3,administrative measures can,1
3,can include screening,1
3,include screening or,1
3,screening or triage,1
3,or triage procedures,1
3,triage procedures staff,1
3,procedures staff training,1
3,staff training vaccination,1
3,training vaccination programs,1
3,vaccination programs and,1
3,programs and policies,1
3,and policies for,1
3,policies for managing,1
3,for managing symptomatic,1
3,managing symptomatic healthcare,1
3,symptomatic healthcare workers,1
3,healthcare workers engineering,1
3,workers engineering controls,1
3,engineering controls include,1
3,controls include ventilation,1
3,include ventilation physical,1
3,ventilation physical separation,1
3,physical separation and,1
3,separation and room,1
3,and room design,1
3,room design personal,1
3,design personal protective,1
3,protective equipment is,1
3,equipment is selected,1
3,is selected according,1
3,selected according to,1
3,to the anticipated,1
3,the anticipated exposure,1
3,anticipated exposure and,1
3,exposure and task,1
3,and task infection,1
3,task infection prevention,1
3,infection prevention programs,1
3,prevention programs also,1
3,programs also depend,1
3,also depend on,1
3,depend on monitoring,1
3,on monitoring facilities,1
3,monitoring facilities can,1
3,facilities can track,1
3,can track healthcare-associated,1
3,track healthcare-associated infections,1
3,healthcare-associated infections respiratory,1
3,infections respiratory illness,1
3,respiratory illness among,1
3,illness among staff,1
3,among staff compliance,1
3,staff compliance with,1
3,compliance with selected,1
3,with selected practices,1
3,selected practices and,1
3,practices and environmental,1
3,and environmental indicators,1
3,environmental indicators training,1
3,indicators training should,1
3,training should be,1
3,should be repeated,1
3,be repeated and,1
3,repeated and adapted,1
3,and adapted when,1
3,adapted when evidence,1
3,when evidence or,1
3,evidence or recommendations,1
3,or recommendations change,1
3,recommendations change no,1
3,change no single,1
3,no single control,1
3,single control is,1
3,control is sufficient,1
3,is sufficient in,1
3,sufficient in every,1
3,in every situation,1
3,every situation layered,1
3,situation layered prevention,1
3,layered prevention reduces,1
3,prevention reduces reliance,1
3,reduces reliance on,1
3,reliance on one,1
3,on one barrier,1
3,one barrier and,1
3,barrier and can,1
3,can be adapted,1
3,be adapted according,1
3,adapted according to,1
3,to the pathogen,1
3,the pathogen transmission,1
3,pathogen transmission route,1
3,transmission route patient,1
3,route patient population,1
3,patient population and,1
3,population and local,1
3,and local outbreak,1
3,local outbreak conditions,1
3,vaccine safety and,1
3,safety and adverse,1
3,and adverse event,1
3,adverse event monitoring,1
3,event monitoring vaccine,1
3,monitoring vaccine safety,1
3,vaccine safety monitoring,1
3,safety monitoring continues,1
3,monitoring continues after,1
3,continues after vaccines,1
3,vaccines are authorized,1
3,are authorized or,1
3,authorized or licensed,1
3,or licensed because,1
3,licensed because very,1
3,because very rare,1
3,very rare adverse,1
3,rare adverse events,1
3,adverse events may,1
3,events may only,1
3,may only become,1
3,only become detectable,1
3,become detectable when,1
3,detectable when millions,1
3,when millions of,1
3,millions of doses,1
3,of doses are,1
3,doses are administered,1
3,are administered surveillance,1
3,administered surveillance systems,1
3,surveillance systems collect,1
3,systems collect reports,1
3,collect reports of,1
3,reports of health,1
3,of health events,1
3,health events that,1
3,events that occur,1
3,that occur after,1
3,occur after vaccination,1
3,after vaccination and,1
3,vaccination and investigate,1
3,and investigate signals,1
3,investigate signals that,1
3,signals that may,1
3,that may indicate,1
3,may indicate a,1
3,indicate a potential,1
3,a potential association,1
3,potential association an,1
3,association an adverse,1
3,an adverse event,1
3,adverse event following,1
3,event following immunization,1
3,following immunization is,1
3,immunization is not,1
3,is not automatically,1
3,not automatically caused,1
3,automatically caused by,1
3,caused by the,1
3,by the vaccine,1
3,the vaccine the,1
3,vaccine the event,1
3,the event may,1
3,event may be,1
3,may be coincidental,1
3,be coincidental associated,1
3,coincidental associated with,1
3,associated with another,1
3,with another medical,1
3,another medical condition,1
3,medical condition or,1
3,condition or potentially,1
3,or potentially related,1
3,potentially related to,1
3,related to vaccination,1
3,to vaccination safety,1
3,vaccination safety assessment,1
3,safety assessment therefore,1
3,assessment therefore considers,1
3,therefore considers background,1
3,considers background rates,1
3,background rates timing,1
3,rates timing biological,1
3,timing biological plausibility,1
3,biological plausibility comparison,1
3,plausibility comparison groups,1
3,comparison groups and,1
3,groups and other,1
3,and other evidence,1
3,other evidence passive,1
3,evidence passive reporting,1
3,passive reporting systems,1
3,reporting systems are,1
3,systems are valuable,1
3,are valuable for,1
3,valuable for signal,1
3,for signal detection,1
3,signal detection but,1
3,detection but can,1
3,but can be,1
3,can be affected,1
3,be affected by,1
3,affected by underreporting,1
3,by underreporting stimulated,1
3,underreporting stimulated reporting,1
3,stimulated reporting and,1
3,reporting and incomplete,1
3,and incomplete clinical,1
3,incomplete clinical information,1
3,clinical information active,1
3,information active surveillance,1
3,active surveillance and,1
3,surveillance and epidemiological,1
3,and epidemiological studies,1
3,epidemiological studies can,1
3,studies can provide,1
3,can provide stronger,1
3,provide stronger estimates,1
3,stronger estimates of,1
3,estimates of incidence,1
3,of incidence and,1
3,incidence and relative,1
3,and relative risk,1
3,relative risk clear,1
3,risk clear communication,1
3,clear communication should,1
3,communication should distinguish,1
3,should distinguish a,1
3,distinguish a reported,1
3,a reported event,1
3,reported event from,1
3,event from a,1
3,from a confirmed,1
3,a confirmed causal,1
3,confirmed causal relationship,1
3,causal relationship vaccine,1
3,relationship vaccine safety,1
3,vaccine safety decisions,1
3,safety decisions are,1
3,decisions are based,1
3,are based on,1
3,based on accumulated,1
3,on accumulated evidence,1
3,accumulated evidence rather,1
3,a single report,1
3,single report monitoring,1
3,report monitoring can,1
3,monitoring can lead,1
3,can lead to,1
3,lead to updated,1
3,to updated warnings,1
3,updated warnings recommendations,1
3,warnings recommendations or,1
3,recommendations or continued,1
3,or continued use,1
3,continued use when,1
3,use when evidence,1
3,when evidence supports,1
3,evidence supports a,1
3,supports a favorable,1
3,a favorable benefit-risk,1
3,favorable benefit-risk profile,1
3,risk communication during,1
3,communication during infectious,1
3,disease events risk,1
3,events risk communication,1
3,risk communication provides,1
3,communication provides people,1
3,provides people with,1
3,people with information,1
3,with information needed,1
3,information needed to,1
3,needed to understand,1
3,to understand a,1
3,understand a public-health,1
3,a public-health threat,1
3,public-health threat and,1
3,threat and make,1
3,and make informed,1
3,make informed decisions,1
3,informed decisions effective,1
3,decisions effective communication,1
3,effective communication should,1
3,communication should explain,1
3,should explain what,1
3,explain what is,1
3,what is known,1
3,is known what,1
3,known what is,1
3,what is uncertain,1
3,is uncertain what,1
3,uncertain what actions,1
3,what actions are,1
3,actions are recommended,1
3,are recommended and,1
3,recommended and why,1
3,and why recommendations,1
3,why recommendations may,1
3,recommendations may change,1
3,may change numbers,1
3,change numbers should,1
3,should be presented,1
3,be presented with,1
3,presented with context,1
3,with context for,1
3,context for example,1
3,for example a,1
3,example a percentage,1
3,a percentage without,1
3,percentage without a,1
3,without a denominator,1
3,a denominator comparison,1
3,denominator comparison group,1
3,time period or,1
3,period or outcome,1
3,or outcome can,1
3,outcome can be,1
3,can be misleading,1
3,be misleading communicators,1
3,misleading communicators should,1
3,communicators should distinguish,1
3,should distinguish absolute,1
3,distinguish absolute risk,1
3,absolute risk from,1
3,risk from relative,1
3,from relative risk,1
3,relative risk and,1
3,risk and avoid,1
3,and avoid implying,1
3,avoid implying certainty,1
3,implying certainty when,1
3,certainty when evidence,1
3,when evidence remains,1
3,evidence remains limited,1
3,remains limited trust,1
3,limited trust can,1
3,trust can be,1
3,can be supported,1
3,be supported by,1
3,supported by acknowledging,1
3,by acknowledging uncertainty,1
3,acknowledging uncertainty rather,1
3,uncertainty rather than,1
3,rather than hiding,1
3,than hiding it,1
3,hiding it during,1
3,it during a,1
3,during a rapidly,1
3,a rapidly changing,1
3,rapidly changing outbreak,1
3,changing outbreak evidence,1
3,outbreak evidence can,1
3,evidence can evolve,1
3,can evolve as,1
3,evolve as new,1
3,as new studies,1
3,new studies become,1
3,studies become available,1
3,become available explaining,1
3,available explaining the,1
3,explaining the reason,1
3,the reason for,1
3,reason for an,1
3,for an updated,1
3,an updated recommendation,1
3,updated recommendation can,1
3,recommendation can help,1
3,can help people,1
3,help people understand,1
3,people understand that,1
3,understand that changing,1
3,that changing guidance,1
3,changing guidance does,1
3,guidance does not,1
3,does not necessarily,1
3,not necessarily mean,1
3,necessarily mean that,1
3,mean that earlier,1
3,that earlier information,1
3,earlier information was,1
3,information was intentionally,1
3,was intentionally misleading,1
3,intentionally misleading communication,1
3,misleading communication should,1
3,communication should also,1
3,should also consider,1
3,also consider language,1
3,consider language accessibility,1
3,language accessibility cultural,1
3,accessibility cultural context,1
3,cultural context and,1
3,context and misinformation,1
3,and misinformation public-health,1
3,misinformation public-health messages,1
3,public-health messages are,1
3,messages are more,1
3,are more useful,1
3,more useful when,1
3,useful when they,1
3,when they provide,1
3,they provide practical,1
3,provide practical actions,1
3,practical actions and,1
3,actions and identify,1
3,and identify reliable,1
3,identify reliable sources,1
3,reliable sources for,1
3,sources for additional,1
3,for additional information,1
3,respiratory infection prevention,1
3,prevention in schools,1
3,in schools schools,1
3,schools schools are,1
3,schools are environments,1
3,are environments where,1
3,environments where students,1
3,where students and,1
3,students and staff,1
3,and staff interact,1
3,staff interact frequently,1
3,interact frequently so,1
3,frequently so respiratory,1
3,so respiratory infections,1
3,respiratory infections can,1
3,infections can spread,1
3,can spread through,1
3,spread through close,1
3,through close contact,1
3,close contact and,1
3,contact and shared,1
3,and shared indoor,1
3,shared indoor air,1
3,indoor air prevention,1
3,air prevention strategies,1
3,prevention strategies should,1
3,strategies should be,1
3,should be proportionate,1
3,be proportionate to,1
3,proportionate to local,1
3,to local disease,1
3,local disease activity,1
3,disease activity and,1
3,activity and the,1
3,and the needs,1
3,the needs of,1
3,needs of the,1
3,of the school,1
3,the school community,1
3,school community ventilation,1
3,community ventilation can,1
3,ventilation can reduce,1
3,can reduce accumulation,1
3,reduce accumulation of,1
3,accumulation of infectious,1
3,of infectious respiratory,1
3,infectious respiratory particles,1
3,respiratory particles indoors,1
3,particles indoors outdoor,1
3,indoors outdoor activities,1
3,outdoor activities can,1
3,activities can provide,1
3,can provide lower-risk,1
3,provide lower-risk alternatives,1
3,lower-risk alternatives when,1
3,alternatives when practical,1
3,when practical encouraging,1
3,practical encouraging people,1
3,encouraging people with,1
3,people with acute,1
3,with acute respiratory,1
3,acute respiratory illness,1
3,respiratory illness to,1
3,illness to stay,1
3,to stay home,1
3,stay home can,1
3,home can reduce,1
3,can reduce opportunities,1
3,reduce opportunities for,1
3,opportunities for transmission,1
3,for transmission schools,1
3,transmission schools can,1
3,schools can also,1
3,can also support,1
3,also support routine,1
3,support routine vaccination,1
3,routine vaccination according,1
3,vaccination according to,1
3,according to national,1
3,to national and,1
3,national and local,1
3,and local recommendations,1
3,local recommendations clear,1
3,recommendations clear procedures,1
3,clear procedures for,1
3,procedures for responding,1
3,for responding to,1
3,responding to clusters,1
3,to clusters of,1
3,clusters of illness,1
3,of illness help,1
3,illness help staff,1
3,help staff identify,1
3,staff identify when,1
3,identify when public-health,1
3,when public-health consultation,1
3,public-health consultation may,1
3,consultation may be,1
3,may be needed,1
3,be needed communication,1
3,needed communication with,1
3,communication with families,1
3,with families should,1
3,families should explain,1
3,should explain symptoms,1
3,explain symptoms prevention,1
3,symptoms prevention measures,1
3,measures and when,1
3,and when students,1
3,when students should,1
3,students should remain,1
3,should remain at,1
3,remain at home,1
3,at home outbreak,1
3,home outbreak response,1
3,outbreak response should,1
3,response should consider,1
3,should consider educational,1
3,consider educational continuity,1
3,educational continuity as,1
3,continuity as well,1
3,well as disease,1
3,as disease control,1
3,disease control measures,1
3,control measures can,1
3,measures can be,1
3,can be targeted,1
3,be targeted according,1
3,targeted according to,1
3,according to evidence,1
3,to evidence rather,1
3,than relying automatically,1
3,relying automatically on,1
3,automatically on broad,1
3,on broad closures,1
3,broad closures coordination,1
3,closures coordination among,1
3,coordination among school,1
3,among school administrators,1
3,school administrators healthcare,1
3,administrators healthcare professionals,1
3,healthcare professionals families,1
3,professionals families and,1
3,families and public-health,1
3,and public-health authorities,1
3,public-health authorities is,1
3,authorities is important,1
3,protecting higher-risk populations,1
3,higher-risk populations during,1
3,populations during respiratory,1
3,during respiratory virus,1
3,respiratory virus activity,1
3,virus activity some,1
3,activity some people,1
3,some people have,1
3,people have a,1
3,have a higher,1
3,a higher risk,1
3,higher risk of,1
3,of severe outcomes,1
3,severe outcomes from,1
3,outcomes from respiratory,1
3,from respiratory infections,1
3,respiratory infections because,1
3,infections because of,1
3,because of age,1
3,of age underlying,1
3,age underlying medical,1
3,underlying medical conditions,1
3,medical conditions immune,1
3,conditions immune status,1
3,immune status pregnancy,1
3,status pregnancy or,1
3,pregnancy or other,1
3,other factors public-health,1
3,factors public-health planning,1
3,public-health planning can,1
3,planning can reduce,1
3,can reduce harm,1
3,reduce harm by,1
3,harm by ensuring,1
3,by ensuring that,1
3,ensuring that higher-risk,1
3,that higher-risk groups,1
3,higher-risk groups have,1
3,groups have access,1
3,access to vaccination,1
3,to vaccination timely,1
3,vaccination timely testing,1
3,timely testing when,1
3,testing when appropriate,1
3,when appropriate clinical,1
3,appropriate clinical care,1
3,clinical care and,1
3,care and clear,1
3,and clear prevention,1
3,clear prevention information,1
3,prevention information protection,1
3,information protection can,1
3,protection can involve,1
3,can involve individual,1
3,involve individual and,1
3,individual and community,1
3,and community measures,1
3,community measures healthcare,1
3,measures healthcare facilities,1
3,healthcare facilities and,1
3,facilities and residential,1
3,and residential settings,1
3,residential settings may,1
3,settings may use,1
3,may use additional,1
3,use additional precautions,1
3,additional precautions during,1
3,precautions during periods,1
3,during periods of,1
3,periods of elevated,1
3,of elevated transmission,1
3,elevated transmission family,1
3,transmission family members,1
3,family members and,1
3,members and caregivers,1
3,and caregivers can,1
3,caregivers can reduce,1
3,reduce exposure opportunities,1
3,exposure opportunities when,1
3,opportunities when respiratory,1
3,when respiratory viruses,1
3,respiratory viruses are,1
3,viruses are circulating,1
3,are circulating widely,1
3,circulating widely risk,1
3,widely risk is,1
3,risk is not,1
3,is not determined,1
3,not determined by,1
3,determined by a,1
3,by a single,1
3,a single characteristic,1
3,single characteristic age,1
3,characteristic age vaccination,1
3,age vaccination status,1
3,vaccination status previous,1
3,status previous immunity,1
3,previous immunity treatment,1
3,immunity treatment access,1
3,treatment access and,1
3,access and circulating,1
3,and circulating viral,1
3,circulating viral strains,1
3,viral strains can,1
3,strains can interact,1
3,can interact public-health,1
3,interact public-health communication,1
3,public-health communication should,1
3,communication should therefore,1
3,should therefore avoid,1
3,therefore avoid assuming,1
3,avoid assuming that,1
3,assuming that all,1
3,that all members,1
3,all members of,1
3,members of a,1
3,of a broad,1
3,a broad category,1
3,broad category have,1
3,category have identical,1
3,have identical risk,1
3,identical risk equitable,1
3,risk equitable access,1
3,equitable access is,1
3,access is an,1
3,an important part,1
3,important part of,1
3,part of prevention,1
3,of prevention barriers,1
3,prevention barriers such,1
3,barriers such as,1
3,such as transportation,1
3,as transportation cost,1
3,transportation cost language,1
3,cost language digital,1
3,language digital access,1
3,digital access and,1
3,access and healthcare,1
3,and healthcare availability,1
3,healthcare availability can,1
3,availability can affect,1
3,can affect whether,1
3,affect whether people,1
3,whether people are,1
3,people are able,1
3,are able to,1
3,able to use,1
3,to use recommended,1
3,use recommended services,1
3,testing and antiviral,1
3,and antiviral treatment,1
3,antiviral treatment in,1
3,treatment in covid-19,1
3,in covid-19 care,1
3,covid-19 care testing,1
3,care testing can,1
3,testing can help,1
3,can help identify,1
3,help identify sars-cov-2,1
3,identify sars-cov-2 infection,1
3,sars-cov-2 infection and,1
3,infection and inform,1
3,and inform clinical,1
3,inform clinical or,1
3,clinical or public-health,1
3,or public-health decisions,1
3,public-health decisions different,1
3,decisions different tests,1
3,different tests have,1
3,tests have different,1
3,have different characteristics,1
3,different characteristics molecular,1
3,characteristics molecular tests,1
3,molecular tests can,1
3,tests can detect,1
3,can detect viral,1
3,detect viral genetic,1
3,genetic material while,1
3,material while antigen,1
3,while antigen tests,1
3,antigen tests detect,1
3,tests detect viral,1
3,detect viral proteins,1
3,viral proteins and,1
3,proteins and may,1
3,may provide rapid,1
3,provide rapid results,1
3,rapid results test,1
3,results test performance,1
3,test performance depends,1
3,performance depends on,1
3,depends on timing,1
3,on timing specimen,1
3,timing specimen collection,1
3,specimen collection and,1
3,collection and the,1
3,and the stage,1
3,the stage of,1
3,stage of infection,1
3,of infection a,1
3,infection a negative,1
3,a negative result,1
3,negative result does,1
3,result does not,1
3,not always exclude,1
3,always exclude infection,1
3,exclude infection particularly,1
3,infection particularly when,1
3,particularly when testing,1
3,when testing occurs,1
3,testing occurs early,1
3,occurs early or,1
3,early or when,1
3,or when the,1
3,when the test,1
3,the test has,1
3,test has lower,1
3,has lower sensitivity,1
3,lower sensitivity interpretation,1
3,sensitivity interpretation should,1
3,interpretation should consider,1
3,should consider symptoms,1
3,consider symptoms exposure,1
3,symptoms exposure history,1
3,exposure history timing,1
3,history timing and,1
3,timing and the,1
3,and the specific,1
3,the specific test,1
3,specific test used,1
3,test used antiviral,1
3,used antiviral treatment,1
3,antiviral treatment is,1
3,treatment is intended,1
3,is intended to,1
3,intended to reduce,1
3,to reduce the,1
3,reduce the risk,1
3,the risk of,1
3,of severe disease,1
3,severe disease in,1
3,disease in eligible,1
3,in eligible patients,1
3,eligible patients eligibility,1
3,patients eligibility timing,1
3,eligibility timing contraindications,1
3,timing contraindications drug,1
3,contraindications drug interactions,1
3,drug interactions and,1
3,interactions and treatment,1
3,and treatment selection,1
3,treatment selection require,1
3,selection require clinical,1
3,require clinical assessment,1
3,clinical assessment public-health,1
3,assessment public-health information,1
3,public-health information should,1
3,information should not,1
3,should not replace,1
3,not replace individualized,1
3,replace individualized medical,1
3,individualized medical advice,1
3,medical advice testing,1
3,advice testing and,1
3,testing and treatment,1
3,and treatment programs,1
3,treatment programs are,1
3,programs are most,1
3,are most effective,1
3,effective when people,1
3,when people can,1
3,people can access,1
3,can access testing,1
3,access testing promptly,1
3,testing promptly and,1
3,promptly and healthcare,1
3,and healthcare systems,1
3,healthcare systems can,1
3,systems can evaluate,1
3,can evaluate eligible,1
3,evaluate eligible patients,1
3,eligible patients without,1
3,patients without unnecessary,1
3,without unnecessary delay,1
3,unnecessary delay surveillance,1
3,delay surveillance data,1
3,surveillance data can,1
3,data can also,1
3,can also help,1
3,also help authorities,1
3,help authorities understand,1
3,authorities understand changes,1
3,understand changes in,1
3,in testing demand,1
3,testing demand and,1
3,demand and disease,1
3,and disease activity,1
3,health literacy and,1
3,literacy and infectious,1
3,and infectious disease,1
3,infectious disease misinformation,1
3,disease misinformation health,1
3,misinformation health literacy,1
3,health literacy involves,1
3,literacy involves the,1
3,involves the ability,1
3,the ability to,1
3,ability to find,1
3,to find understand,1
3,find understand evaluate,1
3,understand evaluate and,1
3,evaluate and use,1
3,and use health,1
3,use health information,1
3,health information during,1
3,information during infectious,1
3,infectious disease outbreaks,1
3,disease outbreaks people,1
3,outbreaks people may,1
3,people may encounter,1
3,may encounter rapidly,1
3,encounter rapidly changing,1
3,rapidly changing information,1
3,changing information through,1
3,information through news,1
3,through news social,1
3,news social media,1
3,social media messaging,1
3,media messaging applications,1
3,messaging applications and,1
3,applications and informal,1
3,and informal networks,1
3,informal networks misinformation,1
3,networks misinformation can,1
3,misinformation can arise,1
3,can arise from,1
3,arise from incorrect,1
3,from incorrect information,1
3,incorrect information misunderstanding,1
3,information misunderstanding outdated,1
3,misunderstanding outdated evidence,1
3,outdated evidence or,1
3,evidence or misleading,1
3,or misleading presentation,1
3,misleading presentation of,1
3,presentation of accurate,1
3,of accurate facts,1
3,accurate facts a,1
3,facts a useful,1
3,a useful evaluation,1
3,useful evaluation process,1
3,evaluation process checks,1
3,process checks the,1
3,checks the source,1
3,the source date,1
3,source date evidence,1
3,date evidence population,1
3,evidence population studied,1
3,population studied and,1
3,studied and whether,1
3,and whether the,1
3,whether the claim,1
3,the claim matches,1
3,claim matches the,1
3,matches the underlying,1
3,the underlying data,1
3,underlying data health,1
3,data health communication,1
3,health communication should,1
3,communication should avoid,1
3,should avoid presenting,1
3,avoid presenting preliminary,1
3,presenting preliminary findings,1
3,preliminary findings as,1
3,findings as settled,1
3,as settled conclusions,1
3,settled conclusions a,1
3,conclusions a single,1
3,a single laboratory,1
3,single laboratory experiment,1
3,laboratory experiment or,1
3,experiment or small,1
3,or small observational,1
3,small observational study,1
3,observational study may,1
3,study may not,1
3,may not answer,1
3,not answer a,1
3,answer a population-level,1
3,a population-level question,1
3,population-level question stronger,1
3,question stronger conclusions,1
3,stronger conclusions generally,1
3,conclusions generally require,1
3,generally require evidence,1
3,require evidence from,1
3,evidence from multiple,1
3,from multiple complementary,1
3,multiple complementary studies,1
3,complementary studies practical,1
3,studies practical health,1
3,practical health literacy,1
3,health literacy strategies,1
3,literacy strategies include,1
3,strategies include checking,1
3,include checking information,1
3,checking information against,1
3,information against recognized,1
3,against recognized public-health,1
3,recognized public-health or,1
3,public-health or medical,1
3,or medical sources,1
3,medical sources looking,1
3,sources looking for,1
3,looking for the,1
3,for the original,1
3,the original study,1
3,original study when,1
3,study when possible,1
3,when possible and,1
3,possible and distinguishing,1
3,and distinguishing a,1
3,distinguishing a reported,1
3,a reported association,1
3,reported association from,1
3,association from proof,1
3,from proof of,1
3,proof of causation,1
3,of causation clear,1
3,causation clear explanations,1
3,clear explanations can,1
3,explanations can reduce,1
3,can reduce confusion,1
3,reduce confusion without,1
3,confusion without assuming,1
3,without assuming that,1
3,assuming that every,1
3,that every person,1
3,every person who,1
3,person who has,1
3,who has encountered,1
3,has encountered inaccurate,1
3,encountered inaccurate information,1
3,inaccurate information is,1
3,information is acting,1
3,is acting in,1
3,acting in bad,1
3,in bad faith,1
3,global outbreak preparedness,1
3,outbreak preparedness and,1
3,preparedness and response,1
3,and response outbreak,1
3,response outbreak preparedness,1
3,outbreak preparedness involves,1
3,preparedness involves building,1
3,involves building the,1
3,building the capacity,1
3,the capacity to,1
3,capacity to detect,1
3,to detect assess,1
3,detect assess communicate,1
3,assess communicate about,1
3,communicate about and,1
3,about and respond,1
3,and respond to,1
3,respond to infectious,1
3,to infectious disease,1
3,infectious disease threats,1
3,disease threats before,1
3,threats before they,1
3,before they become,1
3,they become large,1
3,become large emergencies,1
3,large emergencies preparedness,1
3,emergencies preparedness includes,1
3,preparedness includes laboratory,1
3,includes laboratory capacity,1
3,laboratory capacity surveillance,1
3,capacity surveillance systems,1
3,surveillance systems trained,1
3,systems trained personnel,1
3,trained personnel medical,1
3,personnel medical supplies,1
3,medical supplies vaccination,1
3,supplies vaccination infrastructure,1
3,vaccination infrastructure data,1
3,infrastructure data systems,1
3,data systems and,1
3,systems and emergency,1
3,and emergency coordination,1
3,emergency coordination mechanisms,1
3,coordination mechanisms early,1
3,mechanisms early detection,1
3,early detection depends,1
3,detection depends on,1
3,depends on timely,1
3,on timely information,1
3,timely information countries,1
3,information countries and,1
3,countries and institutions,1
3,and institutions may,1
3,institutions may use,1
3,may use laboratory,1
3,use laboratory networks,1
3,laboratory networks clinical,1
3,networks clinical surveillance,1
3,clinical surveillance event-based,1
3,surveillance event-based reporting,1
3,event-based reporting genomic,1
3,reporting genomic sequencing,1
3,genomic sequencing and,1
3,sequencing and cross-border,1
3,and cross-border information,1
3,cross-border information sharing,1
3,information sharing a,1
3,sharing a signal,1
3,a signal does,1
3,signal does not,1
3,not always represent,1
3,always represent a,1
3,represent a major,1
3,a major outbreak,1
3,major outbreak but,1
3,outbreak but rapid,1
3,but rapid assessment,1
3,rapid assessment can,1
3,assessment can determine,1
3,can determine whether,1
3,determine whether further,1
3,whether further investigation,1
3,further investigation is,1
3,investigation is required,1
3,is required response,1
3,required response planning,1
3,response planning includes,1
3,planning includes clear,1
3,includes clear roles,1
3,clear roles and,1
3,roles and responsibilities,1
3,and responsibilities hospitals,1
3,responsibilities hospitals may,1
3,hospitals may need,1
3,may need surge,1
3,need surge plans,1
3,surge plans while,1
3,plans while public-health,1
3,while public-health agencies,1
3,public-health agencies may,1
3,agencies may require,1
3,may require mechanisms,1
3,require mechanisms for,1
3,mechanisms for contact,1
3,for contact tracing,1
3,contact tracing risk,1
3,tracing risk communication,1
3,risk communication and,1
3,communication and resource,1
3,and resource allocation,1
3,resource allocation exercises,1
3,allocation exercises and,1
3,exercises and simulations,1
3,and simulations can,1
3,simulations can identify,1
3,can identify weaknesses,1
3,identify weaknesses before,1
3,weaknesses before a,1
3,before a real,1
3,a real emergency,1
3,real emergency occurs,1
3,emergency occurs preparedness,1
3,occurs preparedness is,1
3,preparedness is an,1
3,is an ongoing,1
3,an ongoing process,1
3,ongoing process after,1
3,process after an,1
3,an outbreak evaluations,1
3,outbreak evaluations can,1
3,evaluations can identify,1
3,identify which systems,1
3,which systems worked,1
3,systems worked which,1
3,worked which failed,1
3,which failed and,1
3,failed and which,1
3,and which improvements,1
3,which improvements should,1
3,improvements should be,1
3,should be institutionalized,1
3,be institutionalized investments,1
3,institutionalized investments in,1
3,investments in routine,1
3,in routine public-health,1
3,routine public-health capacity,1
3,public-health capacity can,1
3,capacity can strengthen,1
3,can strengthen response,1
3,strengthen response to,1
3,response to multiple,1
3,to multiple infectious,1
3,multiple infectious threats,1
3,infectious threats rather,1
3,threats rather than,1
3,a single pathogen,1
3,epidemiological models for,1
3,models for infectious,1
3,for infectious disease,1
3,infectious disease planning,1
3,disease planning mathematical,1
3,planning mathematical and,1
3,mathematical and computational,1
3,and computational models,1
3,computational models can,1
3,models can help,1
3,can help researchers,1
3,help researchers explore,1
3,researchers explore how,1
3,explore how infectious,1
3,how infectious diseases,1
3,infectious diseases may,1
3,diseases may spread,1
3,may spread under,1
3,spread under different,1
3,under different assumptions,1
3,different assumptions compartmental,1
3,assumptions compartmental models,1
3,compartmental models such,1
3,models such as,1
3,such as sir,1
3,as sir divide,1
3,sir divide populations,1
3,divide populations into,1
3,populations into categories,1
3,into categories such,1
3,categories such as,1
3,such as susceptible,1
3,as susceptible infected,1
3,susceptible infected and,1
3,infected and recovered,1
3,and recovered more,1
3,recovered more detailed,1
3,more detailed models,1
3,detailed models can,1
3,models can add,1
3,can add age,1
3,add age groups,1
3,age groups vaccination,1
3,groups vaccination status,1
3,vaccination status hospitalization,1
3,status hospitalization geographic,1
3,hospitalization geographic structure,1
3,geographic structure or,1
3,structure or other,1
3,other characteristics models,1
3,characteristics models are,1
3,models are not,1
3,are not crystal,1
3,not crystal balls,1
3,crystal balls their,1
3,balls their outputs,1
3,their outputs depend,1
3,outputs depend on,1
3,depend on assumptions,1
3,on assumptions parameter,1
3,assumptions parameter estimates,1
3,parameter estimates data,1
3,estimates data quality,1
3,data quality and,1
3,quality and the,1
3,and the scenario,1
3,the scenario being,1
3,scenario being examined,1
3,being examined a,1
3,examined a model,1
3,a model can,1
3,model can be,1
3,can be useful,1
3,be useful even,1
3,useful even when,1
3,even when its,1
3,when its exact,1
3,its exact numerical,1
3,exact numerical forecast,1
3,numerical forecast is,1
3,forecast is uncertain,1
3,is uncertain because,1
3,uncertain because it,1
3,because it can,1
3,it can show,1
3,can show how,1
3,show how outcomes,1
3,how outcomes change,1
3,outcomes change when,1
3,change when assumptions,1
3,when assumptions change,1
3,assumptions change model,1
3,change model calibration,1
3,model calibration uses,1
3,calibration uses observed,1
3,uses observed data,1
3,observed data to,1
3,data to estimate,1
3,to estimate parameters,1
3,estimate parameters or,1
3,parameters or evaluate,1
3,or evaluate whether,1
3,evaluate whether simulated,1
3,whether simulated trajectories,1
3,simulated trajectories are,1
3,trajectories are consistent,1
3,are consistent with,1
3,consistent with historical,1
3,with historical patterns,1
3,historical patterns validation,1
3,patterns validation and,1
3,validation and sensitivity,1
3,and sensitivity analysis,1
3,sensitivity analysis can,1
3,analysis can identify,1
3,identify which assumptions,1
3,which assumptions have,1
3,assumptions have the,1
3,have the greatest,1
3,the greatest effect,1
3,greatest effect on,1
3,effect on results,1
3,on results public-health,1
3,results public-health decision-makers,1
3,public-health decision-makers should,1
3,decision-makers should interpret,1
3,should interpret model,1
3,interpret model outputs,1
3,model outputs alongside,1
3,outputs alongside surveillance,1
3,alongside surveillance data,1
3,surveillance data and,1
3,data and expert,1
3,and expert assessment,1
3,expert assessment scenario,1
3,assessment scenario projections,1
3,scenario projections are,1
3,projections are particularly,1
3,are particularly sensitive,1
3,particularly sensitive to,1
3,sensitive to changes,1
3,to changes in,1
3,changes in behavior,1
3,in behavior immunity,1
3,behavior immunity viral,1
3,immunity viral characteristics,1
3,viral characteristics interventions,1
3,characteristics interventions and,1
3,interventions and healthcare,1
3,and healthcare capacity,1
3,healthcare capacity transparent,1
3,capacity transparent reporting,1
3,transparent reporting of,1
3,reporting of assumptions,1
3,of assumptions and,1
3,assumptions and uncertainty,1
3,and uncertainty is,1
3,uncertainty is therefore,1
3,is therefore essential,1
3,evaluating public health,1
3,public health responses,1
3,health responses after,1
3,responses after an,1
3,an outbreak after,1
3,outbreak after an,1
3,after an infectious,1
3,disease outbreak a,1
3,outbreak a structured,1
3,a structured evaluation,1
3,structured evaluation can,1
3,evaluation can examine,1
3,can examine what,1
3,examine what happened,1
3,what happened which,1
3,happened which interventions,1
3,which interventions were,1
3,interventions were implemented,1
3,were implemented how,1
3,implemented how quickly,1
3,how quickly systems,1
3,quickly systems responded,1
3,systems responded and,1
3,responded and what,1
3,and what improvements,1
3,what improvements are,1
3,improvements are needed,1
3,are needed evaluation,1
3,needed evaluation should,1
3,evaluation should consider,1
3,should consider epidemiological,1
3,consider epidemiological outcomes,1
3,epidemiological outcomes as,1
3,outcomes as well,1
3,well as operational,1
3,as operational social,1
3,operational social and,1
3,social and economic,1
3,and economic consequences,1
3,economic consequences useful,1
3,consequences useful indicators,1
3,useful indicators may,1
3,indicators may include,1
3,may include time,1
3,include time from,1
3,time from signal,1
3,from signal detection,1
3,signal detection to,1
3,detection to investigation,1
3,to investigation testing,1
3,investigation testing turnaround,1
3,testing turnaround time,1
3,turnaround time vaccination,1
3,time vaccination coverage,1
3,vaccination coverage hospitalization,1
3,coverage hospitalization trends,1
3,hospitalization trends healthcare,1
3,trends healthcare capacity,1
3,healthcare capacity communication,1
3,capacity communication reach,1
3,communication reach and,1
3,reach and the,1
3,and the timeliness,1
3,the timeliness of,1
3,timeliness of public-health,1
3,of public-health reporting,1
3,public-health reporting the,1
3,reporting the exact,1
3,the exact measures,1
3,exact measures depend,1
3,measures depend on,1
3,depend on the,1
3,on the outbreak,1
3,the outbreak and,1
3,outbreak and the,1
3,and the objectives,1
3,the objectives of,1
3,objectives of the,1
3,of the response,1
3,the response evaluation,1
3,response evaluation should,1
3,evaluation should distinguish,1
3,should distinguish correlation,1
3,distinguish correlation from,1
3,correlation from causation,1
3,from causation a,1
3,causation a decline,1
3,a decline in,1
3,decline in cases,1
3,in cases after,1
3,cases after an,1
3,after an intervention,1
3,an intervention does,1
3,intervention does not,1
3,not automatically prove,1
3,automatically prove that,1
3,prove that the,1
3,that the intervention,1
3,the intervention caused,1
3,intervention caused the,1
3,caused the decline,1
3,the decline because,1
3,decline because transmission,1
3,because transmission can,1
3,transmission can also,1
3,can also change,1
3,also change due,1
3,change due to,1
3,due to immunity,1
3,to immunity behavior,1
3,immunity behavior seasonality,1
3,behavior seasonality or,1
3,seasonality or other,1
3,other factors after-action,1
3,factors after-action reviews,1
3,after-action reviews can,1
3,reviews can translate,1
3,can translate findings,1
3,translate findings into,1
3,findings into concrete,1
3,into concrete improvements,1
3,concrete improvements these,1
3,improvements these may,1
3,these may include,1
3,may include updating,1
3,include updating response,1
3,updating response plans,1
3,response plans strengthening,1
3,plans strengthening laboratory,1
3,strengthening laboratory networks,1
3,laboratory networks improving,1
3,networks improving data,1
3,improving data interoperability,1
3,data interoperability expanding,1
3,interoperability expanding workforce,1
3,expanding workforce training,1
3,workforce training or,1
3,training or revising,1
3,or revising communication,1
3,revising communication procedures,1
3,communication procedures the,1
3,procedures the goal,1
3,the goal is,1
3,goal is to,1
3,is to convert,1
3,to convert experience,1
3,convert experience into,1
3,experience into preparedness,1
3,into preparedness for,1
3,preparedness for future,1
3,for future infectious,1
3,future infectious disease,1
4,can change over time,2
4,over time and across,2
4,comparison group time period,2
4,the effective reproduction number,2
4,rather than a single,2
4,covid-19 transmission and community,1
4,transmission and community prevention,1
4,and community prevention covid-19,1
4,community prevention covid-19 is,1
4,prevention covid-19 is caused,1
4,covid-19 is caused by,1
4,is caused by infection,1
4,caused by infection with,1
4,by infection with sars-cov-2,1
4,infection with sars-cov-2 transmission,1
4,with sars-cov-2 transmission can,1
4,sars-cov-2 transmission can occur,1
4,transmission can occur when,1
4,can occur when an,1
4,occur when an infected,1
4,when an infected person,1
4,an infected person releases,1
4,infected person releases respiratory,1
4,person releases respiratory particles,1
4,releases respiratory particles while,1
4,respiratory particles while breathing,1
4,particles while breathing speaking,1
4,while breathing speaking coughing,1
4,breathing speaking coughing or,1
4,speaking coughing or sneezing,1
4,coughing or sneezing risk,1
4,or sneezing risk generally,1
4,sneezing risk generally increases,1
4,risk generally increases in,1
4,generally increases in crowded,1
4,increases in crowded or,1
4,in crowded or poorly,1
4,crowded or poorly ventilated,1
4,or poorly ventilated indoor,1
4,poorly ventilated indoor environments,1
4,ventilated indoor environments and,1
4,indoor environments and when,1
4,environments and when people,1
4,and when people are,1
4,when people are in,1
4,people are in close,1
4,are in close proximity,1
4,in close proximity for,1
4,close proximity for prolonged,1
4,proximity for prolonged periods,1
4,for prolonged periods prevention,1
4,prolonged periods prevention therefore,1
4,periods prevention therefore combines,1
4,prevention therefore combines several,1
4,therefore combines several measures,1
4,combines several measures rather,1
4,several measures rather than,1
4,measures rather than relying,1
4,rather than relying on,1
4,than relying on a,1
4,relying on a single,1
4,on a single intervention,1
4,a single intervention improving,1
4,single intervention improving indoor,1
4,intervention improving indoor ventilation,1
4,improving indoor ventilation and,1
4,indoor ventilation and filtration,1
4,ventilation and filtration can,1
4,and filtration can reduce,1
4,filtration can reduce the,1
4,can reduce the concentration,1
4,reduce the concentration of,1
4,the concentration of infectious,1
4,concentration of infectious particles,1
4,of infectious particles in,1
4,infectious particles in shared,1
4,particles in shared air,1
4,in shared air staying,1
4,shared air staying home,1
4,air staying home when,1
4,staying home when acutely,1
4,home when acutely ill,1
4,when acutely ill can,1
4,acutely ill can reduce,1
4,ill can reduce exposure,1
4,can reduce exposure to,1
4,reduce exposure to other,1
4,exposure to other people,1
4,to other people mask,1
4,other people mask use,1
4,people mask use can,1
4,mask use can provide,1
4,use can provide an,1
4,can provide an additional,1
4,provide an additional layer,1
4,an additional layer of,1
4,additional layer of protection,1
4,layer of protection in,1
4,of protection in settings,1
4,protection in settings where,1
4,in settings where respiratory,1
4,settings where respiratory virus,1
4,where respiratory virus transmission,1
4,respiratory virus transmission is,1
4,virus transmission is elevated,1
4,transmission is elevated or,1
4,is elevated or where,1
4,elevated or where vulnerable,1
4,or where vulnerable people,1
4,where vulnerable people are,1
4,vulnerable people are present,1
4,people are present hand,1
4,are present hand hygiene,1
4,present hand hygiene remains,1
4,hand hygiene remains useful,1
4,hygiene remains useful for,1
4,remains useful for reducing,1
4,useful for reducing transmission,1
4,for reducing transmission of,1
4,reducing transmission of many,1
4,transmission of many infections,1
4,of many infections although,1
4,many infections although respiratory,1
4,infections although respiratory transmission,1
4,although respiratory transmission is,1
4,respiratory transmission is a,1
4,transmission is a major,1
4,is a major route,1
4,a major route for,1
4,major route for covid-19,1
4,route for covid-19 vaccination,1
4,for covid-19 vaccination is,1
4,covid-19 vaccination is an,1
4,vaccination is an important,1
4,is an important prevention,1
4,an important prevention measure,1
4,important prevention measure because,1
4,prevention measure because it,1
4,measure because it prepares,1
4,because it prepares the,1
4,it prepares the immune,1
4,prepares the immune system,1
4,the immune system to,1
4,immune system to respond,1
4,system to respond to,1
4,to respond to the,1
4,respond to the virus,1
4,to the virus vaccine,1
4,the virus vaccine protection,1
4,virus vaccine protection against,1
4,vaccine protection against infection,1
4,protection against infection can,1
4,against infection can change,1
4,infection can change over,1
4,change over time and,1
4,time and across variants,1
4,and across variants while,1
4,across variants while protection,1
4,variants while protection against,1
4,while protection against severe,1
4,protection against severe disease,1
4,against severe disease can,1
4,severe disease can remain,1
4,disease can remain stronger,1
4,can remain stronger public-health,1
4,remain stronger public-health programs,1
4,stronger public-health programs therefore,1
4,public-health programs therefore consider,1
4,programs therefore consider vaccination,1
4,therefore consider vaccination together,1
4,consider vaccination together with,1
4,vaccination together with surveillance,1
4,together with surveillance clinical,1
4,with surveillance clinical care,1
4,surveillance clinical care ventilation,1
4,clinical care ventilation and,1
4,care ventilation and risk-based,1
4,ventilation and risk-based protective,1
4,and risk-based protective measures,1
4,risk-based protective measures community,1
4,protective measures community prevention,1
4,measures community prevention works,1
4,community prevention works best,1
4,prevention works best when,1
4,works best when measures,1
4,best when measures are,1
4,when measures are matched,1
4,measures are matched to,1
4,are matched to the,1
4,matched to the local,1
4,to the local epidemiological,1
4,the local epidemiological situation,1
4,local epidemiological situation public-health,1
4,epidemiological situation public-health authorities,1
4,situation public-health authorities may,1
4,public-health authorities may use,1
4,authorities may use indicators,1
4,may use indicators such,1
4,use indicators such as,1
4,indicators such as reported,1
4,such as reported cases,1
4,as reported cases hospitalizations,1
4,reported cases hospitalizations wastewater,1
4,cases hospitalizations wastewater signals,1
4,hospitalizations wastewater signals and,1
4,wastewater signals and outbreak,1
4,signals and outbreak reports,1
4,and outbreak reports to,1
4,outbreak reports to guide,1
4,reports to guide communication,1
4,to guide communication and,1
4,guide communication and interventions,1
4,communication and interventions individuals,1
4,and interventions individuals can,1
4,interventions individuals can reduce,1
4,individuals can reduce risk,1
4,can reduce risk by,1
4,reduce risk by considering,1
4,risk by considering the,1
4,by considering the intensity,1
4,considering the intensity of,1
4,the intensity of local,1
4,intensity of local transmission,1
4,of local transmission their,1
4,local transmission their own,1
4,transmission their own health,1
4,their own health risks,1
4,own health risks and,1
4,health risks and the,1
4,risks and the vulnerability,1
4,and the vulnerability of,1
4,the vulnerability of people,1
4,vulnerability of people around,1
4,of people around them,1
4,covid-19 vaccination basic concepts,1
4,vaccination basic concepts covid-19,1
4,basic concepts covid-19 vaccines,1
4,concepts covid-19 vaccines are,1
4,covid-19 vaccines are designed,1
4,vaccines are designed to,1
4,are designed to stimulate,1
4,designed to stimulate an,1
4,to stimulate an immune,1
4,stimulate an immune response,1
4,an immune response against,1
4,immune response against sars-cov-2,1
4,response against sars-cov-2 without,1
4,against sars-cov-2 without requiring,1
4,sars-cov-2 without requiring a,1
4,without requiring a person,1
4,requiring a person to,1
4,a person to experience,1
4,person to experience the,1
4,to experience the disease,1
4,experience the disease itself,1
4,the disease itself different,1
4,disease itself different vaccine,1
4,itself different vaccine platforms,1
4,different vaccine platforms can,1
4,vaccine platforms can present,1
4,platforms can present viral,1
4,can present viral information,1
4,present viral information to,1
4,viral information to the,1
4,information to the immune,1
4,to the immune system,1
4,the immune system in,1
4,immune system in different,1
4,system in different ways,1
4,in different ways after,1
4,different ways after vaccination,1
4,ways after vaccination immune,1
4,after vaccination immune cells,1
4,vaccination immune cells can,1
4,immune cells can recognize,1
4,cells can recognize relevant,1
4,can recognize relevant viral,1
4,recognize relevant viral components,1
4,relevant viral components and,1
4,viral components and mount,1
4,components and mount a,1
4,and mount a faster,1
4,mount a faster response,1
4,a faster response when,1
4,faster response when exposed,1
4,response when exposed later,1
4,when exposed later vaccination,1
4,exposed later vaccination does,1
4,later vaccination does not,1
4,vaccination does not guarantee,1
4,does not guarantee that,1
4,not guarantee that a,1
4,guarantee that a person,1
4,that a person will,1
4,a person will never,1
4,person will never become,1
4,will never become infected,1
4,never become infected vaccine,1
4,become infected vaccine effectiveness,1
4,infected vaccine effectiveness varies,1
4,vaccine effectiveness varies by,1
4,effectiveness varies by outcome,1
4,varies by outcome product,1
4,by outcome product population,1
4,outcome product population time,1
4,product population time since,1
4,population time since vaccination,1
4,time since vaccination and,1
4,since vaccination and circulating,1
4,vaccination and circulating variant,1
4,and circulating variant public-health,1
4,circulating variant public-health evaluation,1
4,variant public-health evaluation commonly,1
4,public-health evaluation commonly distinguishes,1
4,evaluation commonly distinguishes protection,1
4,commonly distinguishes protection against,1
4,distinguishes protection against infection,1
4,protection against infection symptomatic,1
4,against infection symptomatic disease,1
4,infection symptomatic disease hospitalization,1
4,symptomatic disease hospitalization and,1
4,disease hospitalization and death,1
4,hospitalization and death these,1
4,and death these outcomes,1
4,death these outcomes should,1
4,these outcomes should not,1
4,outcomes should not be,1
4,should not be treated,1
4,not be treated as,1
4,be treated as interchangeable,1
4,treated as interchangeable immunity,1
4,as interchangeable immunity can,1
4,interchangeable immunity can change,1
4,immunity can change over,1
4,change over time previous,1
4,over time previous infection,1
4,time previous infection may,1
4,previous infection may also,1
4,infection may also contribute,1
4,may also contribute to,1
4,also contribute to immune,1
4,contribute to immune protection,1
4,to immune protection producing,1
4,immune protection producing what,1
4,protection producing what researchers,1
4,producing what researchers often,1
4,what researchers often describe,1
4,researchers often describe as,1
4,often describe as hybrid,1
4,describe as hybrid immunity,1
4,as hybrid immunity when,1
4,hybrid immunity when vaccination,1
4,immunity when vaccination and,1
4,when vaccination and infection,1
4,vaccination and infection have,1
4,and infection have both,1
4,infection have both occurred,1
4,have both occurred because,1
4,both occurred because immunity,1
4,occurred because immunity and,1
4,because immunity and circulating,1
4,immunity and circulating viruses,1
4,and circulating viruses change,1
4,circulating viruses change vaccination,1
4,viruses change vaccination recommendations,1
4,change vaccination recommendations may,1
4,vaccination recommendations may be,1
4,recommendations may be updated,1
4,may be updated as,1
4,be updated as evidence,1
4,updated as evidence develops,1
4,as evidence develops when,1
4,evidence develops when communicating,1
4,develops when communicating about,1
4,when communicating about vaccines,1
4,communicating about vaccines it,1
4,about vaccines it is,1
4,vaccines it is useful,1
4,it is useful to,1
4,is useful to distinguish,1
4,useful to distinguish relative,1
4,to distinguish relative risk,1
4,distinguish relative risk absolute,1
4,relative risk absolute risk,1
4,risk absolute risk vaccine,1
4,absolute risk vaccine effectiveness,1
4,risk vaccine effectiveness and,1
4,vaccine effectiveness and adverse-event,1
4,effectiveness and adverse-event rates,1
4,and adverse-event rates a,1
4,adverse-event rates a clear,1
4,rates a clear explanation,1
4,a clear explanation should,1
4,clear explanation should specify,1
4,explanation should specify the,1
4,should specify the population,1
4,specify the population comparison,1
4,the population comparison group,1
4,population comparison group time,1
4,group time period and,1
4,time period and health,1
4,period and health outcome,1
4,and health outcome this,1
4,health outcome this prevents,1
4,outcome this prevents misleading,1
4,this prevents misleading conclusions,1
4,prevents misleading conclusions from,1
4,misleading conclusions from a,1
4,conclusions from a single,1
4,from a single percentage,1
4,a single percentage or,1
4,single percentage or isolated,1
4,percentage or isolated statistic,1
4,evaluating vaccine effectiveness vaccine,1
4,vaccine effectiveness vaccine effectiveness,1
4,effectiveness vaccine effectiveness is,1
4,vaccine effectiveness is usually,1
4,effectiveness is usually estimated,1
4,is usually estimated by,1
4,usually estimated by comparing,1
4,estimated by comparing disease,1
4,by comparing disease outcomes,1
4,comparing disease outcomes between,1
4,disease outcomes between vaccinated,1
4,outcomes between vaccinated and,1
4,between vaccinated and comparison,1
4,vaccinated and comparison groups,1
4,and comparison groups under,1
4,comparison groups under real-world,1
4,groups under real-world conditions,1
4,under real-world conditions observational,1
4,real-world conditions observational studies,1
4,conditions observational studies may,1
4,observational studies may use,1
4,studies may use cohort,1
4,may use cohort case-control,1
4,use cohort case-control or,1
4,cohort case-control or test-negative,1
4,case-control or test-negative designs,1
4,or test-negative designs researchers,1
4,test-negative designs researchers must,1
4,designs researchers must account,1
4,researchers must account for,1
4,must account for factors,1
4,account for factors such,1
4,for factors such as,1
4,factors such as age,1
4,such as age prior,1
4,as age prior infection,1
4,age prior infection underlying,1
4,prior infection underlying conditions,1
4,infection underlying conditions healthcare-seeking,1
4,underlying conditions healthcare-seeking behavior,1
4,conditions healthcare-seeking behavior exposure,1
4,healthcare-seeking behavior exposure patterns,1
4,behavior exposure patterns and,1
4,exposure patterns and calendar,1
4,patterns and calendar period,1
4,and calendar period randomized,1
4,calendar period randomized controlled,1
4,period randomized controlled trials,1
4,randomized controlled trials can,1
4,controlled trials can provide,1
4,trials can provide strong,1
4,can provide strong evidence,1
4,provide strong evidence about,1
4,strong evidence about efficacy,1
4,evidence about efficacy under,1
4,about efficacy under defined,1
4,efficacy under defined study,1
4,under defined study conditions,1
4,defined study conditions while,1
4,study conditions while observational,1
4,conditions while observational studies,1
4,while observational studies are,1
4,observational studies are especially,1
4,studies are especially useful,1
4,are especially useful after,1
4,especially useful after vaccines,1
4,useful after vaccines are,1
4,after vaccines are deployed,1
4,vaccines are deployed at,1
4,are deployed at large,1
4,deployed at large scale,1
4,at large scale real-world,1
4,large scale real-world effectiveness,1
4,scale real-world effectiveness may,1
4,real-world effectiveness may differ,1
4,effectiveness may differ from,1
4,may differ from trial,1
4,differ from trial efficacy,1
4,from trial efficacy because,1
4,trial efficacy because populations,1
4,efficacy because populations exposure,1
4,because populations exposure levels,1
4,populations exposure levels circulating,1
4,exposure levels circulating variants,1
4,levels circulating variants and,1
4,circulating variants and vaccination,1
4,variants and vaccination schedules,1
4,and vaccination schedules differ,1
4,vaccination schedules differ a,1
4,schedules differ a useful,1
4,differ a useful interpretation,1
4,a useful interpretation of,1
4,useful interpretation of vaccine,1
4,interpretation of vaccine effectiveness,1
4,of vaccine effectiveness requires,1
4,vaccine effectiveness requires knowing,1
4,effectiveness requires knowing the,1
4,requires knowing the endpoint,1
4,knowing the endpoint for,1
4,the endpoint for example,1
4,endpoint for example effectiveness,1
4,for example effectiveness against,1
4,example effectiveness against hospitalization,1
4,effectiveness against hospitalization is,1
4,against hospitalization is a,1
4,hospitalization is a different,1
4,is a different quantity,1
4,a different quantity from,1
4,different quantity from effectiveness,1
4,quantity from effectiveness against,1
4,from effectiveness against infection,1
4,effectiveness against infection waning,1
4,against infection waning protection,1
4,infection waning protection may,1
4,waning protection may also,1
4,protection may also appear,1
4,may also appear differently,1
4,also appear differently for,1
4,appear differently for different,1
4,differently for different outcomes,1
4,for different outcomes researchers,1
4,different outcomes researchers may,1
4,outcomes researchers may stratify,1
4,researchers may stratify results,1
4,may stratify results by,1
4,stratify results by age,1
4,results by age time,1
4,by age time since,1
4,age time since vaccination,1
4,time since vaccination product,1
4,since vaccination product or,1
4,vaccination product or variant,1
4,product or variant period,1
4,or variant period confounding,1
4,variant period confounding and,1
4,period confounding and selection,1
4,confounding and selection bias,1
4,and selection bias are,1
4,selection bias are important,1
4,bias are important limitations,1
4,are important limitations in,1
4,important limitations in observational,1
4,limitations in observational vaccine,1
4,in observational vaccine studies,1
4,observational vaccine studies statistical,1
4,vaccine studies statistical adjustment,1
4,studies statistical adjustment can,1
4,statistical adjustment can reduce,1
4,adjustment can reduce some,1
4,can reduce some biases,1
4,reduce some biases but,1
4,some biases but it,1
4,biases but it cannot,1
4,but it cannot guarantee,1
4,it cannot guarantee that,1
4,cannot guarantee that every,1
4,guarantee that every relevant,1
4,that every relevant difference,1
4,every relevant difference between,1
4,relevant difference between groups,1
4,difference between groups has,1
4,between groups has been,1
4,groups has been measured,1
4,has been measured results,1
4,been measured results should,1
4,measured results should therefore,1
4,results should therefore be,1
4,should therefore be interpreted,1
4,therefore be interpreted in,1
4,be interpreted in the,1
4,interpreted in the context,1
4,in the context of,1
4,the context of study,1
4,context of study design,1
4,of study design uncertainty,1
4,study design uncertainty intervals,1
4,design uncertainty intervals sample,1
4,uncertainty intervals sample size,1
4,intervals sample size and,1
4,sample size and the,1
4,size and the population,1
4,and the population studied,1
4,incidence and prevalence in,1
4,and prevalence in infectious,1
4,prevalence in infectious disease,1
4,in infectious disease epidemiology,1
4,infectious disease epidemiology incidence,1
4,disease epidemiology incidence and,1
4,epidemiology incidence and prevalence,1
4,incidence and prevalence describe,1
4,and prevalence describe different,1
4,prevalence describe different aspects,1
4,describe different aspects of,1
4,different aspects of disease,1
4,aspects of disease occurrence,1
4,of disease occurrence incidence,1
4,disease occurrence incidence focuses,1
4,occurrence incidence focuses on,1
4,incidence focuses on new,1
4,focuses on new cases,1
4,on new cases occurring,1
4,new cases occurring in,1
4,cases occurring in a,1
4,occurring in a population,1
4,in a population during,1
4,a population during a,1
4,population during a specified,1
4,during a specified period,1
4,a specified period prevalence,1
4,specified period prevalence describes,1
4,period prevalence describes the,1
4,prevalence describes the proportion,1
4,describes the proportion of,1
4,the proportion of a,1
4,proportion of a population,1
4,of a population that,1
4,a population that has,1
4,population that has a,1
4,that has a condition,1
4,has a condition at,1
4,a condition at a,1
4,condition at a particular,1
4,at a particular time,1
4,a particular time or,1
4,particular time or over,1
4,time or over a,1
4,or over a defined,1
4,over a defined period,1
4,a defined period for,1
4,defined period for an,1
4,period for an infectious,1
4,for an infectious disease,1
4,an infectious disease incidence,1
4,infectious disease incidence can,1
4,disease incidence can help,1
4,incidence can help describe,1
4,can help describe how,1
4,help describe how quickly,1
4,describe how quickly new,1
4,how quickly new infections,1
4,quickly new infections are,1
4,new infections are occurring,1
4,infections are occurring prevalence,1
4,are occurring prevalence can,1
4,occurring prevalence can reflect,1
4,prevalence can reflect both,1
4,can reflect both new,1
4,reflect both new cases,1
4,both new cases and,1
4,new cases and the,1
4,cases and the duration,1
4,and the duration of,1
4,the duration of illness,1
4,duration of illness a,1
4,of illness a disease,1
4,illness a disease with,1
4,a disease with short,1
4,disease with short duration,1
4,with short duration may,1
4,short duration may have,1
4,duration may have substantial,1
4,may have substantial incidence,1
4,have substantial incidence but,1
4,substantial incidence but relatively,1
4,incidence but relatively low,1
4,but relatively low point,1
4,relatively low point prevalence,1
4,low point prevalence conversely,1
4,point prevalence conversely a,1
4,prevalence conversely a chronic,1
4,conversely a chronic condition,1
4,a chronic condition can,1
4,chronic condition can have,1
4,condition can have lower,1
4,can have lower incidence,1
4,have lower incidence but,1
4,lower incidence but high,1
4,incidence but high prevalence,1
4,but high prevalence because,1
4,high prevalence because people,1
4,prevalence because people remain,1
4,because people remain affected,1
4,people remain affected for,1
4,remain affected for long,1
4,affected for long periods,1
4,for long periods epidemiologists,1
4,long periods epidemiologists define,1
4,periods epidemiologists define the,1
4,epidemiologists define the population,1
4,define the population time,1
4,the population time interval,1
4,population time interval case,1
4,time interval case definition,1
4,interval case definition and,1
4,case definition and measurement,1
4,definition and measurement method,1
4,and measurement method carefully,1
4,measurement method carefully changes,1
4,method carefully changes in,1
4,carefully changes in testing,1
4,changes in testing availability,1
4,in testing availability or,1
4,testing availability or reporting,1
4,availability or reporting practices,1
4,or reporting practices can,1
4,reporting practices can affect,1
4,practices can affect observed,1
4,can affect observed incidence,1
4,affect observed incidence without,1
4,observed incidence without representing,1
4,incidence without representing an,1
4,without representing an equivalent,1
4,representing an equivalent change,1
4,an equivalent change in,1
4,equivalent change in true,1
4,change in true transmission,1
4,in true transmission for,1
4,true transmission for covid-19,1
4,transmission for covid-19 widespread,1
4,for covid-19 widespread changes,1
4,covid-19 widespread changes in,1
4,widespread changes in testing,1
4,changes in testing behavior,1
4,in testing behavior made,1
4,testing behavior made reported,1
4,behavior made reported case,1
4,made reported case counts,1
4,reported case counts difficult,1
4,case counts difficult to,1
4,counts difficult to interpret,1
4,difficult to interpret in,1
4,to interpret in isolation,1
4,interpret in isolation during,1
4,in isolation during some,1
4,isolation during some periods,1
4,during some periods other,1
4,some periods other indicators,1
4,periods other indicators including,1
4,other indicators including hospitalization,1
4,indicators including hospitalization mortality,1
4,including hospitalization mortality test,1
4,hospitalization mortality test positivity,1
4,mortality test positivity syndromic,1
4,test positivity syndromic surveillance,1
4,positivity syndromic surveillance and,1
4,syndromic surveillance and wastewater,1
4,surveillance and wastewater measurements,1
4,and wastewater measurements can,1
4,wastewater measurements can complement,1
4,measurements can complement reported,1
4,can complement reported cases,1
4,complement reported cases using,1
4,reported cases using multiple,1
4,cases using multiple indicators,1
4,using multiple indicators provides,1
4,multiple indicators provides a,1
4,indicators provides a broader,1
4,provides a broader picture,1
4,a broader picture of,1
4,broader picture of disease,1
4,picture of disease activity,1
4,reproduction numbers and outbreak,1
4,numbers and outbreak growth,1
4,and outbreak growth the,1
4,outbreak growth the basic,1
4,growth the basic reproduction,1
4,the basic reproduction number,1
4,basic reproduction number 0,1
4,reproduction number 0 describes,1
4,number 0 describes the,1
4,0 describes the average,1
4,describes the average number,1
4,the average number of,1
4,average number of secondary,1
4,number of secondary infections,1
4,of secondary infections generated,1
4,secondary infections generated by,1
4,infections generated by a,1
4,generated by a typical,1
4,by a typical infectious,1
4,a typical infectious individual,1
4,typical infectious individual in,1
4,infectious individual in a,1
4,individual in a fully,1
4,in a fully susceptible,1
4,a fully susceptible population,1
4,fully susceptible population under,1
4,susceptible population under specified,1
4,population under specified assumptions,1
4,under specified assumptions it,1
4,specified assumptions it is,1
4,assumptions it is a,1
4,it is a theoretical,1
4,is a theoretical epidemiological,1
4,a theoretical epidemiological quantity,1
4,theoretical epidemiological quantity and,1
4,epidemiological quantity and should,1
4,quantity and should not,1
4,and should not be,1
4,should not be interpreted,1
4,not be interpreted as,1
4,be interpreted as a,1
4,interpreted as a fixed,1
4,as a fixed property,1
4,a fixed property of,1
4,fixed property of a,1
4,property of a pathogen,1
4,of a pathogen in,1
4,a pathogen in every,1
4,pathogen in every setting,1
4,in every setting the,1
4,every setting the effective,1
4,setting the effective reproduction,1
4,effective reproduction number often,1
4,reproduction number often written,1
4,number often written rt,1
4,often written rt or,1
4,written rt or re,1
4,rt or re reflects,1
4,or re reflects transmission,1
4,re reflects transmission under,1
4,reflects transmission under current,1
4,transmission under current conditions,1
4,under current conditions vaccination,1
4,current conditions vaccination prior,1
4,conditions vaccination prior immunity,1
4,vaccination prior immunity behavioral,1
4,prior immunity behavioral changes,1
4,immunity behavioral changes public-health,1
4,behavioral changes public-health interventions,1
4,changes public-health interventions and,1
4,public-health interventions and population,1
4,interventions and population structure,1
4,and population structure can,1
4,population structure can all,1
4,structure can all affect,1
4,can all affect effective,1
4,all affect effective transmission,1
4,affect effective transmission when,1
4,effective transmission when the,1
4,transmission when the effective,1
4,when the effective reproduction,1
4,effective reproduction number is,1
4,reproduction number is above,1
4,number is above one,1
4,is above one infections,1
4,above one infections can,1
4,one infections can increase,1
4,infections can increase under,1
4,can increase under the,1
4,increase under the relevant,1
4,under the relevant conditions,1
4,the relevant conditions when,1
4,relevant conditions when it,1
4,conditions when it remains,1
4,when it remains below,1
4,it remains below one,1
4,remains below one transmission,1
4,below one transmission tends,1
4,one transmission tends to,1
4,transmission tends to decline,1
4,tends to decline estimating,1
4,to decline estimating reproduction,1
4,decline estimating reproduction numbers,1
4,estimating reproduction numbers requires,1
4,reproduction numbers requires assumptions,1
4,numbers requires assumptions and,1
4,requires assumptions and data,1
4,assumptions and data delays,1
4,and data delays between,1
4,data delays between infection,1
4,delays between infection symptom,1
4,between infection symptom onset,1
4,infection symptom onset testing,1
4,symptom onset testing reporting,1
4,onset testing reporting and,1
4,testing reporting and hospitalization,1
4,reporting and hospitalization can,1
4,and hospitalization can affect,1
4,hospitalization can affect estimates,1
4,can affect estimates analysts,1
4,affect estimates analysts may,1
4,estimates analysts may therefore,1
4,analysts may therefore use,1
4,may therefore use statistical,1
4,therefore use statistical models,1
4,use statistical models and,1
4,statistical models and nowcasting,1
4,models and nowcasting methods,1
4,and nowcasting methods to,1
4,nowcasting methods to account,1
4,methods to account for,1
4,to account for reporting,1
4,account for reporting delays,1
4,for reporting delays reproduction,1
4,reporting delays reproduction numbers,1
4,delays reproduction numbers should,1
4,reproduction numbers should be,1
4,numbers should be interpreted,1
4,should be interpreted together,1
4,be interpreted together with,1
4,interpreted together with other,1
4,together with other indicators,1
4,with other indicators a,1
4,other indicators a single,1
4,indicators a single estimate,1
4,a single estimate can,1
4,single estimate can be,1
4,estimate can be uncertain,1
4,can be uncertain especially,1
4,be uncertain especially when,1
4,uncertain especially when case,1
4,especially when case counts,1
4,when case counts are,1
4,case counts are small,1
4,counts are small or,1
4,are small or surveillance,1
4,small or surveillance systems,1
4,or surveillance systems are,1
4,surveillance systems are changing,1
4,systems are changing the,1
4,are changing the same,1
4,changing the same reproduction,1
4,the same reproduction number,1
4,same reproduction number can,1
4,reproduction number can also,1
4,number can also correspond,1
4,can also correspond to,1
4,also correspond to different,1
4,correspond to different absolute,1
4,to different absolute levels,1
4,different absolute levels of,1
4,absolute levels of disease,1
4,levels of disease depending,1
4,of disease depending on,1
4,disease depending on the,1
4,depending on the size,1
4,on the size and,1
4,the size and immunity,1
4,size and immunity of,1
4,and immunity of the,1
4,immunity of the population,1
4,contact tracing and exposure,1
4,tracing and exposure management,1
4,and exposure management contact,1
4,exposure management contact tracing,1
4,management contact tracing is,1
4,contact tracing is a,1
4,tracing is a public-health,1
4,is a public-health process,1
4,a public-health process used,1
4,public-health process used to,1
4,process used to identify,1
4,used to identify people,1
4,to identify people who,1
4,identify people who may,1
4,people who may have,1
4,who may have been,1
4,may have been exposed,1
4,have been exposed to,1
4,been exposed to an,1
4,exposed to an infectious,1
4,to an infectious disease,1
4,an infectious disease and,1
4,infectious disease and provide,1
4,disease and provide them,1
4,and provide them with,1
4,provide them with relevant,1
4,them with relevant information,1
4,with relevant information and,1
4,relevant information and support,1
4,information and support for,1
4,and support for respiratory,1
4,support for respiratory infections,1
4,for respiratory infections contact,1
4,respiratory infections contact definitions,1
4,infections contact definitions may,1
4,contact definitions may consider,1
4,definitions may consider proximity,1
4,may consider proximity duration,1
4,consider proximity duration setting,1
4,proximity duration setting and,1
4,duration setting and timing,1
4,setting and timing relative,1
4,and timing relative to,1
4,timing relative to infectiousness,1
4,relative to infectiousness a,1
4,to infectiousness a typical,1
4,infectiousness a typical workflow,1
4,a typical workflow includes,1
4,typical workflow includes identifying,1
4,workflow includes identifying a,1
4,includes identifying a confirmed,1
4,identifying a confirmed or,1
4,a confirmed or probable,1
4,confirmed or probable case,1
4,or probable case determining,1
4,probable case determining the,1
4,case determining the period,1
4,determining the period during,1
4,the period during which,1
4,period during which transmission,1
4,during which transmission could,1
4,which transmission could have,1
4,transmission could have occurred,1
4,could have occurred interviewing,1
4,have occurred interviewing the,1
4,occurred interviewing the case,1
4,interviewing the case when,1
4,the case when appropriate,1
4,case when appropriate identifying,1
4,when appropriate identifying contacts,1
4,appropriate identifying contacts and,1
4,identifying contacts and communicating,1
4,contacts and communicating recommended,1
4,and communicating recommended actions,1
4,communicating recommended actions digital,1
4,recommended actions digital tools,1
4,actions digital tools can,1
4,digital tools can assist,1
4,tools can assist with,1
4,can assist with notification,1
4,assist with notification or,1
4,with notification or data,1
4,notification or data management,1
4,or data management but,1
4,data management but they,1
4,management but they do,1
4,but they do not,1
4,they do not replace,1
4,do not replace public-health,1
4,not replace public-health judgment,1
4,replace public-health judgment contact,1
4,public-health judgment contact tracing,1
4,judgment contact tracing is,1
4,contact tracing is most,1
4,tracing is most effective,1
4,is most effective when,1
4,most effective when cases,1
4,effective when cases and,1
4,when cases and contacts,1
4,cases and contacts can,1
4,and contacts can be,1
4,contacts can be identified,1
4,can be identified quickly,1
4,be identified quickly and,1
4,identified quickly and when,1
4,quickly and when people,1
4,and when people have,1
4,when people have access,1
4,people have access to,1
4,have access to testing,1
4,access to testing healthcare,1
4,to testing healthcare isolation,1
4,testing healthcare isolation resources,1
4,healthcare isolation resources and,1
4,isolation resources and accurate,1
4,resources and accurate information,1
4,and accurate information privacy,1
4,accurate information privacy and,1
4,information privacy and confidentiality,1
4,privacy and confidentiality are,1
4,and confidentiality are important,1
4,confidentiality are important because,1
4,are important because contact-tracing,1
4,important because contact-tracing systems,1
4,because contact-tracing systems handle,1
4,contact-tracing systems handle sensitive,1
4,systems handle sensitive health,1
4,handle sensitive health and,1
4,sensitive health and exposure,1
4,health and exposure information,1
4,and exposure information the,1
4,exposure information the effectiveness,1
4,information the effectiveness of,1
4,the effectiveness of contact,1
4,effectiveness of contact tracing,1
4,of contact tracing can,1
4,contact tracing can decrease,1
4,tracing can decrease when,1
4,can decrease when community,1
4,decrease when community transmission,1
4,when community transmission is,1
4,community transmission is extremely,1
4,transmission is extremely high,1
4,is extremely high when,1
4,extremely high when many,1
4,high when many infections,1
4,when many infections are,1
4,many infections are asymptomatic,1
4,infections are asymptomatic or,1
4,are asymptomatic or when,1
4,asymptomatic or when cases,1
4,or when cases cannot,1
4,when cases cannot be,1
4,cases cannot be identified,1
4,cannot be identified promptly,1
4,be identified promptly in,1
4,identified promptly in such,1
4,promptly in such situations,1
4,in such situations broad,1
4,such situations broad prevention,1
4,situations broad prevention measures,1
4,broad prevention measures and,1
4,prevention measures and community,1
4,measures and community surveillance,1
4,and community surveillance may,1
4,community surveillance may be,1
4,surveillance may be more,1
4,may be more practical,1
4,be more practical complements,1
4,wastewater surveillance for respiratory,1
4,surveillance for respiratory viruses,1
4,for respiratory viruses wastewater,1
4,respiratory viruses wastewater surveillance,1
4,viruses wastewater surveillance analyzes,1
4,wastewater surveillance analyzes biological,1
4,surveillance analyzes biological material,1
4,analyzes biological material in,1
4,biological material in sewage,1
4,material in sewage to,1
4,in sewage to estimate,1
4,sewage to estimate the,1
4,to estimate the presence,1
4,estimate the presence or,1
4,the presence or trends,1
4,presence or trends of,1
4,or trends of infectious,1
4,trends of infectious agents,1
4,of infectious agents within,1
4,infectious agents within a,1
4,agents within a community,1
4,within a community because,1
4,a community because infected,1
4,community because infected individuals,1
4,because infected individuals can,1
4,infected individuals can shed,1
4,individuals can shed viral,1
4,can shed viral genetic,1
4,shed viral genetic material,1
4,viral genetic material into,1
4,genetic material into wastewater,1
4,material into wastewater wastewater,1
4,into wastewater wastewater measurements,1
4,wastewater wastewater measurements can,1
4,wastewater measurements can provide,1
4,measurements can provide population-level,1
4,can provide population-level information,1
4,provide population-level information that,1
4,population-level information that does,1
4,information that does not,1
4,that does not depend,1
4,does not depend on,1
4,not depend on every,1
4,depend on every infected,1
4,on every infected person,1
4,every infected person seeking,1
4,infected person seeking a,1
4,person seeking a clinical,1
4,seeking a clinical test,1
4,a clinical test wastewater,1
4,clinical test wastewater surveillance,1
4,test wastewater surveillance can,1
4,wastewater surveillance can be,1
4,surveillance can be especially,1
4,can be especially useful,1
4,be especially useful when,1
4,especially useful when individual,1
4,useful when individual testing,1
4,when individual testing declines,1
4,individual testing declines trends,1
4,testing declines trends may,1
4,declines trends may provide,1
4,trends may provide an,1
4,may provide an early,1
4,provide an early signal,1
4,an early signal of,1
4,early signal of changing,1
4,signal of changing transmission,1
4,of changing transmission although,1
4,changing transmission although the,1
4,transmission although the relationship,1
4,although the relationship between,1
4,the relationship between wastewater,1
4,relationship between wastewater concentration,1
4,between wastewater concentration and,1
4,wastewater concentration and the,1
4,concentration and the exact,1
4,and the exact number,1
4,the exact number of,1
4,exact number of infections,1
4,number of infections is,1
4,of infections is not,1
4,infections is not straightforward,1
4,is not straightforward interpretation,1
4,not straightforward interpretation requires,1
4,straightforward interpretation requires attention,1
4,interpretation requires attention to,1
4,requires attention to sampling,1
4,attention to sampling location,1
4,to sampling location population,1
4,sampling location population served,1
4,location population served by,1
4,population served by the,1
4,served by the treatment,1
4,by the treatment system,1
4,the treatment system rainfall,1
4,treatment system rainfall and,1
4,system rainfall and dilution,1
4,rainfall and dilution laboratory,1
4,and dilution laboratory methods,1
4,dilution laboratory methods sampling,1
4,laboratory methods sampling frequency,1
4,methods sampling frequency and,1
4,sampling frequency and changes,1
4,frequency and changes in,1
4,and changes in shedding,1
4,changes in shedding patterns,1
4,in shedding patterns wastewater,1
4,shedding patterns wastewater data,1
4,patterns wastewater data are,1
4,wastewater data are most,1
4,data are most useful,1
4,are most useful when,1
4,most useful when combined,1
4,useful when combined with,1
4,when combined with clinical,1
4,combined with clinical surveillance,1
4,with clinical surveillance hospital,1
4,clinical surveillance hospital data,1
4,surveillance hospital data and,1
4,hospital data and other,1
4,data and other epidemiological,1
4,and other epidemiological indicators,1
4,other epidemiological indicators wastewater,1
4,epidemiological indicators wastewater surveillance,1
4,indicators wastewater surveillance generally,1
4,wastewater surveillance generally does,1
4,surveillance generally does not,1
4,generally does not identify,1
4,does not identify individual,1
4,not identify individual infected,1
4,identify individual infected people,1
4,individual infected people its,1
4,infected people its population-level,1
4,people its population-level nature,1
4,its population-level nature can,1
4,population-level nature can therefore,1
4,nature can therefore complement,1
4,can therefore complement other,1
4,therefore complement other surveillance,1
4,complement other surveillance systems,1
4,other surveillance systems while,1
4,surveillance systems while reducing,1
4,systems while reducing dependence,1
4,while reducing dependence on,1
4,reducing dependence on individual,1
4,dependence on individual testing,1
4,on individual testing it,1
4,individual testing it is,1
4,testing it is a,1
4,it is a monitoring,1
4,is a monitoring tool,1
4,a monitoring tool rather,1
4,monitoring tool rather than,1
4,tool rather than a,1
4,rather than a direct,1
4,than a direct diagnostic,1
4,a direct diagnostic test,1
4,direct diagnostic test for,1
4,diagnostic test for an,1
4,test for an individual,1
4,sars-cov-2 variant surveillance variant,1
4,variant surveillance variant surveillance,1
4,surveillance variant surveillance monitors,1
4,variant surveillance monitors genetic,1
4,surveillance monitors genetic changes,1
4,monitors genetic changes in,1
4,genetic changes in sars-cov-2,1
4,changes in sars-cov-2 and,1
4,in sars-cov-2 and assesses,1
4,sars-cov-2 and assesses whether,1
4,and assesses whether emerging,1
4,assesses whether emerging lineages,1
4,whether emerging lineages have,1
4,emerging lineages have characteristics,1
4,lineages have characteristics relevant,1
4,have characteristics relevant to,1
4,characteristics relevant to public,1
4,relevant to public health,1
4,to public health sequencing,1
4,public health sequencing can,1
4,health sequencing can identify,1
4,sequencing can identify viral,1
4,can identify viral lineages,1
4,identify viral lineages from,1
4,viral lineages from selected,1
4,lineages from selected clinical,1
4,from selected clinical specimens,1
4,selected clinical specimens while,1
4,clinical specimens while genomic,1
4,specimens while genomic databases,1
4,while genomic databases allow,1
4,genomic databases allow laboratories,1
4,databases allow laboratories and,1
4,allow laboratories and researchers,1
4,laboratories and researchers to,1
4,and researchers to compare,1
4,researchers to compare sequences,1
4,to compare sequences over,1
4,compare sequences over time,1
4,sequences over time and,1
4,time and across locations,1
4,and across locations a,1
4,across locations a newly,1
4,locations a newly detected,1
4,a newly detected mutation,1
4,newly detected mutation does,1
4,detected mutation does not,1
4,mutation does not automatically,1
4,does not automatically mean,1
4,not automatically mean that,1
4,automatically mean that a,1
4,mean that a variant,1
4,that a variant is,1
4,a variant is more,1
4,variant is more transmissible,1
4,is more transmissible or,1
4,more transmissible or more,1
4,transmissible or more severe,1
4,or more severe researchers,1
4,more severe researchers evaluate,1
4,severe researchers evaluate changes,1
4,researchers evaluate changes using,1
4,evaluate changes using laboratory,1
4,changes using laboratory studies,1
4,using laboratory studies epidemiological,1
4,laboratory studies epidemiological data,1
4,studies epidemiological data clinical,1
4,epidemiological data clinical outcomes,1
4,data clinical outcomes and,1
4,clinical outcomes and population-level,1
4,outcomes and population-level observations,1
4,and population-level observations multiple,1
4,population-level observations multiple mutations,1
4,observations multiple mutations can,1
4,multiple mutations can occur,1
4,mutations can occur together,1
4,can occur together and,1
4,occur together and the,1
4,together and the biological,1
4,and the biological effect,1
4,the biological effect of,1
4,biological effect of a,1
4,effect of a mutation,1
4,of a mutation depends,1
4,a mutation depends on,1
4,mutation depends on its,1
4,depends on its location,1
4,on its location and,1
4,its location and context,1
4,location and context variant,1
4,and context variant surveillance,1
4,context variant surveillance helps,1
4,variant surveillance helps public-health,1
4,surveillance helps public-health agencies,1
4,helps public-health agencies detect,1
4,public-health agencies detect changes,1
4,agencies detect changes that,1
4,detect changes that may,1
4,changes that may affect,1
4,that may affect diagnostics,1
4,may affect diagnostics therapeutics,1
4,affect diagnostics therapeutics vaccines,1
4,diagnostics therapeutics vaccines or,1
4,therapeutics vaccines or transmission,1
4,vaccines or transmission patterns,1
4,or transmission patterns however,1
4,transmission patterns however sequencing,1
4,patterns however sequencing samples,1
4,however sequencing samples are,1
4,sequencing samples are not,1
4,samples are not always,1
4,are not always representative,1
4,not always representative of,1
4,always representative of all,1
4,representative of all infections,1
4,of all infections differences,1
4,all infections differences in,1
4,infections differences in sampling,1
4,differences in sampling and,1
4,in sampling and sequencing,1
4,sampling and sequencing capacity,1
4,and sequencing capacity can,1
4,sequencing capacity can influence,1
4,capacity can influence which,1
4,can influence which variants,1
4,influence which variants are,1
4,which variants are observed,1
4,variants are observed genomic,1
4,are observed genomic surveillance,1
4,observed genomic surveillance works,1
4,genomic surveillance works best,1
4,surveillance works best when,1
4,works best when linked,1
4,best when linked with,1
4,when linked with epidemiological,1
4,linked with epidemiological and,1
4,with epidemiological and clinical,1
4,epidemiological and clinical information,1
4,and clinical information sequence,1
4,clinical information sequence data,1
4,information sequence data can,1
4,sequence data can identify,1
4,data can identify what,1
4,can identify what is,1
4,identify what is circulating,1
4,what is circulating while,1
4,is circulating while other,1
4,circulating while other datasets,1
4,while other datasets help,1
4,other datasets help determine,1
4,datasets help determine the,1
4,help determine the practical,1
4,determine the practical public-health,1
4,the practical public-health significance,1
4,practical public-health significance of,1
4,public-health significance of those,1
4,significance of those lineages,1
4,infectious disease outbreak investigation,1
4,disease outbreak investigation an,1
4,outbreak investigation an outbreak,1
4,investigation an outbreak investigation,1
4,an outbreak investigation seeks,1
4,outbreak investigation seeks to,1
4,investigation seeks to determine,1
4,seeks to determine whether,1
4,to determine whether an,1
4,determine whether an unusual,1
4,whether an unusual increase,1
4,an unusual increase in,1
4,unusual increase in disease,1
4,increase in disease has,1
4,in disease has occurred,1
4,disease has occurred characterize,1
4,has occurred characterize affected,1
4,occurred characterize affected people,1
4,characterize affected people and,1
4,affected people and settings,1
4,people and settings identify,1
4,and settings identify likely,1
4,settings identify likely sources,1
4,identify likely sources or,1
4,likely sources or transmission,1
4,sources or transmission routes,1
4,or transmission routes and,1
4,transmission routes and guide,1
4,routes and guide control,1
4,and guide control measures,1
4,guide control measures the,1
4,control measures the investigation,1
4,measures the investigation begins,1
4,the investigation begins with,1
4,investigation begins with a,1
4,begins with a clear,1
4,with a clear case,1
4,a clear case definition,1
4,clear case definition and,1
4,case definition and confirmation,1
4,definition and confirmation that,1
4,and confirmation that the,1
4,confirmation that the observed,1
4,that the observed increase,1
4,the observed increase is,1
4,observed increase is greater,1
4,increase is greater than,1
4,is greater than expected,1
4,greater than expected investigators,1
4,than expected investigators construct,1
4,expected investigators construct descriptive,1
4,investigators construct descriptive summaries,1
4,construct descriptive summaries by,1
4,descriptive summaries by time,1
4,summaries by time place,1
4,by time place and,1
4,time place and person,1
4,place and person an,1
4,and person an epidemic,1
4,person an epidemic curve,1
4,an epidemic curve can,1
4,epidemic curve can show,1
4,curve can show the,1
4,can show the timing,1
4,show the timing of,1
4,the timing of illness,1
4,timing of illness onset,1
4,of illness onset and,1
4,illness onset and may,1
4,onset and may provide,1
4,and may provide clues,1
4,may provide clues about,1
4,provide clues about the,1
4,clues about the type,1
4,about the type of,1
4,the type of exposure,1
4,type of exposure mapping,1
4,of exposure mapping cases,1
4,exposure mapping cases can,1
4,mapping cases can identify,1
4,cases can identify geographic,1
4,can identify geographic clustering,1
4,identify geographic clustering while,1
4,geographic clustering while demographic,1
4,clustering while demographic analysis,1
4,while demographic analysis can,1
4,demographic analysis can reveal,1
4,analysis can reveal differences,1
4,can reveal differences by,1
4,reveal differences by age,1
4,differences by age occupation,1
4,by age occupation or,1
4,age occupation or other,1
4,occupation or other characteristics,1
4,or other characteristics analytical,1
4,other characteristics analytical epidemiology,1
4,characteristics analytical epidemiology may,1
4,analytical epidemiology may compare,1
4,epidemiology may compare exposures,1
4,may compare exposures among,1
4,compare exposures among cases,1
4,exposures among cases and,1
4,among cases and controls,1
4,cases and controls or,1
4,and controls or among,1
4,controls or among exposed,1
4,or among exposed and,1
4,among exposed and unexposed,1
4,exposed and unexposed groups,1
4,and unexposed groups investigators,1
4,unexposed groups investigators must,1
4,groups investigators must consider,1
4,investigators must consider recall,1
4,must consider recall bias,1
4,consider recall bias selection,1
4,recall bias selection bias,1
4,bias selection bias confounding,1
4,selection bias confounding and,1
4,bias confounding and incomplete,1
4,confounding and incomplete reporting,1
4,and incomplete reporting laboratory,1
4,incomplete reporting laboratory testing,1
4,reporting laboratory testing and,1
4,laboratory testing and genomic,1
4,testing and genomic sequencing,1
4,and genomic sequencing can,1
4,genomic sequencing can provide,1
4,sequencing can provide additional,1
4,can provide additional evidence,1
4,provide additional evidence control,1
4,additional evidence control measures,1
4,evidence control measures should,1
4,control measures should not,1
4,measures should not necessarily,1
4,should not necessarily wait,1
4,not necessarily wait until,1
4,necessarily wait until every,1
4,wait until every scientific,1
4,until every scientific question,1
4,every scientific question is,1
4,scientific question is resolved,1
4,question is resolved depending,1
4,is resolved depending on,1
4,resolved depending on the,1
4,depending on the pathogen,1
4,on the pathogen and,1
4,the pathogen and circumstances,1
4,pathogen and circumstances measures,1
4,and circumstances measures can,1
4,circumstances measures can include,1
4,measures can include isolation,1
4,can include isolation vaccination,1
4,include isolation vaccination environmental,1
4,isolation vaccination environmental controls,1
4,vaccination environmental controls communication,1
4,environmental controls communication testing,1
4,controls communication testing and,1
4,communication testing and targeted,1
4,testing and targeted restrictions,1
4,and targeted restrictions investigators,1
4,targeted restrictions investigators continue,1
4,restrictions investigators continue evaluating,1
4,investigators continue evaluating the,1
4,continue evaluating the outbreak,1
4,evaluating the outbreak as,1
4,the outbreak as new,1
4,outbreak as new evidence,1
4,as new evidence becomes,1
4,new evidence becomes available,1
4,public health surveillance systems,1
4,health surveillance systems public,1
4,surveillance systems public health,1
4,systems public health surveillance,1
4,public health surveillance is,1
4,health surveillance is the,1
4,surveillance is the continuous,1
4,is the continuous and,1
4,the continuous and systematic,1
4,continuous and systematic collection,1
4,and systematic collection analysis,1
4,systematic collection analysis interpretation,1
4,collection analysis interpretation and,1
4,analysis interpretation and dissemination,1
4,interpretation and dissemination of,1
4,and dissemination of health,1
4,dissemination of health information,1
4,of health information for,1
4,health information for action,1
4,information for action surveillance,1
4,for action surveillance systems,1
4,action surveillance systems can,1
4,surveillance systems can monitor,1
4,systems can monitor infectious,1
4,can monitor infectious diseases,1
4,monitor infectious diseases through,1
4,infectious diseases through case,1
4,diseases through case reports,1
4,through case reports laboratory,1
4,case reports laboratory results,1
4,reports laboratory results hospital,1
4,laboratory results hospital records,1
4,results hospital records mortality,1
4,hospital records mortality data,1
4,records mortality data syndromic,1
4,mortality data syndromic indicators,1
4,data syndromic indicators sentinel,1
4,syndromic indicators sentinel sites,1
4,indicators sentinel sites and,1
4,sentinel sites and community-level,1
4,sites and community-level measurements,1
4,and community-level measurements a,1
4,community-level measurements a surveillance,1
4,measurements a surveillance system,1
4,a surveillance system begins,1
4,surveillance system begins with,1
4,system begins with a,1
4,begins with a defined,1
4,with a defined objective,1
4,a defined objective the,1
4,defined objective the case,1
4,objective the case definition,1
4,the case definition determines,1
4,case definition determines which,1
4,definition determines which events,1
4,determines which events are,1
4,which events are counted,1
4,events are counted while,1
4,are counted while reporting,1
4,counted while reporting rules,1
4,while reporting rules specify,1
4,reporting rules specify how,1
4,rules specify how and,1
4,specify how and when,1
4,how and when information,1
4,and when information is,1
4,when information is submitted,1
4,information is submitted data,1
4,is submitted data quality,1
4,submitted data quality depends,1
4,data quality depends on,1
4,quality depends on completeness,1
4,depends on completeness timeliness,1
4,on completeness timeliness consistency,1
4,completeness timeliness consistency and,1
4,timeliness consistency and representativeness,1
4,consistency and representativeness passive,1
4,and representativeness passive surveillance,1
4,representativeness passive surveillance relies,1
4,passive surveillance relies on,1
4,surveillance relies on routine,1
4,relies on routine reporting,1
4,on routine reporting and,1
4,routine reporting and can,1
4,reporting and can be,1
4,and can be relatively,1
4,can be relatively efficient,1
4,be relatively efficient but,1
4,relatively efficient but may,1
4,efficient but may miss,1
4,but may miss cases,1
4,may miss cases active,1
4,miss cases active surveillance,1
4,cases active surveillance involves,1
4,active surveillance involves more,1
4,surveillance involves more direct,1
4,involves more direct efforts,1
4,more direct efforts to,1
4,direct efforts to identify,1
4,efforts to identify cases,1
4,to identify cases and,1
4,identify cases and can,1
4,cases and can improve,1
4,and can improve completeness,1
4,can improve completeness at,1
4,improve completeness at greater,1
4,completeness at greater cost,1
4,at greater cost sentinel,1
4,greater cost sentinel surveillance,1
4,cost sentinel surveillance collects,1
4,sentinel surveillance collects detailed,1
4,surveillance collects detailed information,1
4,collects detailed information from,1
4,detailed information from selected,1
4,information from selected sites,1
4,from selected sites and,1
4,selected sites and may,1
4,sites and may be,1
4,and may be useful,1
4,may be useful for,1
4,be useful for monitoring,1
4,useful for monitoring trends,1
4,for monitoring trends surveillance,1
4,monitoring trends surveillance data,1
4,trends surveillance data should,1
4,surveillance data should be,1
4,data should be interpreted,1
4,should be interpreted carefully,1
4,be interpreted carefully changes,1
4,interpreted carefully changes in,1
4,carefully changes in reporting,1
4,changes in reporting systems,1
4,in reporting systems testing,1
4,reporting systems testing practices,1
4,systems testing practices healthcare,1
4,testing practices healthcare access,1
4,practices healthcare access or,1
4,healthcare access or case,1
4,access or case definitions,1
4,or case definitions can,1
4,case definitions can create,1
4,definitions can create apparent,1
4,can create apparent changes,1
4,create apparent changes that,1
4,apparent changes that are,1
4,changes that are not,1
4,that are not purely,1
4,are not purely epidemiological,1
4,not purely epidemiological public-health,1
4,purely epidemiological public-health decision-making,1
4,epidemiological public-health decision-making therefore,1
4,public-health decision-making therefore benefits,1
4,decision-making therefore benefits from,1
4,therefore benefits from triangulating,1
4,benefits from triangulating multiple,1
4,from triangulating multiple data,1
4,triangulating multiple data sources,1
4,infection prevention in healthcare,1
4,prevention in healthcare settings,1
4,in healthcare settings healthcare,1
4,healthcare settings healthcare facilities,1
4,settings healthcare facilities require,1
4,healthcare facilities require layered,1
4,facilities require layered infection-prevention,1
4,require layered infection-prevention measures,1
4,layered infection-prevention measures because,1
4,infection-prevention measures because patients,1
4,measures because patients and,1
4,because patients and healthcare,1
4,patients and healthcare workers,1
4,and healthcare workers may,1
4,healthcare workers may encounter,1
4,workers may encounter infectious,1
4,may encounter infectious individuals,1
4,encounter infectious individuals in,1
4,infectious individuals in close-contact,1
4,individuals in close-contact environments,1
4,in close-contact environments core,1
4,close-contact environments core practices,1
4,environments core practices include,1
4,core practices include hand,1
4,practices include hand hygiene,1
4,include hand hygiene appropriate,1
4,hand hygiene appropriate use,1
4,hygiene appropriate use of,1
4,appropriate use of personal,1
4,use of personal protective,1
4,of personal protective equipment,1
4,personal protective equipment environmental,1
4,protective equipment environmental cleaning,1
4,equipment environmental cleaning respiratory,1
4,environmental cleaning respiratory hygiene,1
4,cleaning respiratory hygiene and,1
4,respiratory hygiene and safe,1
4,hygiene and safe patient,1
4,and safe patient placement,1
4,safe patient placement administrative,1
4,patient placement administrative measures,1
4,placement administrative measures can,1
4,administrative measures can include,1
4,measures can include screening,1
4,can include screening or,1
4,include screening or triage,1
4,screening or triage procedures,1
4,or triage procedures staff,1
4,triage procedures staff training,1
4,procedures staff training vaccination,1
4,staff training vaccination programs,1
4,training vaccination programs and,1
4,vaccination programs and policies,1
4,programs and policies for,1
4,and policies for managing,1
4,policies for managing symptomatic,1
4,for managing symptomatic healthcare,1
4,managing symptomatic healthcare workers,1
4,symptomatic healthcare workers engineering,1
4,healthcare workers engineering controls,1
4,workers engineering controls include,1
4,engineering controls include ventilation,1
4,controls include ventilation physical,1
4,include ventilation physical separation,1
4,ventilation physical separation and,1
4,physical separation and room,1
4,separation and room design,1
4,and room design personal,1
4,room design personal protective,1
4,design personal protective equipment,1
4,personal protective equipment is,1
4,protective equipment is selected,1
4,equipment is selected according,1
4,is selected according to,1
4,selected according to the,1
4,according to the anticipated,1
4,to the anticipated exposure,1
4,the anticipated exposure and,1
4,anticipated exposure and task,1
4,exposure and task infection,1
4,and task infection prevention,1
4,task infection prevention programs,1
4,infection prevention programs also,1
4,prevention programs also depend,1
4,programs also depend on,1
4,also depend on monitoring,1
4,depend on monitoring facilities,1
4,on monitoring facilities can,1
4,monitoring facilities can track,1
4,facilities can track healthcare-associated,1
4,can track healthcare-associated infections,1
4,track healthcare-associated infections respiratory,1
4,healthcare-associated infections respiratory illness,1
4,infections respiratory illness among,1
4,respiratory illness among staff,1
4,illness among staff compliance,1
4,among staff compliance with,1
4,staff compliance with selected,1
4,compliance with selected practices,1
4,with selected practices and,1
4,selected practices and environmental,1
4,practices and environmental indicators,1
4,and environmental indicators training,1
4,environmental indicators training should,1
4,indicators training should be,1
4,training should be repeated,1
4,should be repeated and,1
4,be repeated and adapted,1
4,repeated and adapted when,1
4,and adapted when evidence,1
4,adapted when evidence or,1
4,when evidence or recommendations,1
4,evidence or recommendations change,1
4,or recommendations change no,1
4,recommendations change no single,1
4,change no single control,1
4,no single control is,1
4,single control is sufficient,1
4,control is sufficient in,1
4,is sufficient in every,1
4,sufficient in every situation,1
4,in every situation layered,1
4,every situation layered prevention,1
4,situation layered prevention reduces,1
4,layered prevention reduces reliance,1
4,prevention reduces reliance on,1
4,reduces reliance on one,1
4,reliance on one barrier,1
4,on one barrier and,1
4,one barrier and can,1
4,barrier and can be,1
4,and can be adapted,1
4,can be adapted according,1
4,be adapted according to,1
4,adapted according to the,1
4,according to the pathogen,1
4,to the pathogen transmission,1
4,the pathogen transmission route,1
4,pathogen transmission route patient,1
4,transmission route patient population,1
4,route patient population and,1
4,patient population and local,1
4,population and local outbreak,1
4,and local outbreak conditions,1
4,vaccine safety and adverse,1
4,safety and adverse event,1
4,and adverse event monitoring,1
4,adverse event monitoring vaccine,1
4,event monitoring vaccine safety,1
4,monitoring vaccine safety monitoring,1
4,vaccine safety monitoring continues,1
4,safety monitoring continues after,1
4,monitoring continues after vaccines,1
4,continues after vaccines are,1
4,after vaccines are authorized,1
4,vaccines are authorized or,1
4,are authorized or licensed,1
4,authorized or licensed because,1
4,or licensed because very,1
4,licensed because very rare,1
4,because very rare adverse,1
4,very rare adverse events,1
4,rare adverse events may,1
4,adverse events may only,1
4,events may only become,1
4,may only become detectable,1
4,only become detectable when,1
4,become detectable when millions,1
4,detectable when millions of,1
4,when millions of doses,1
4,millions of doses are,1
4,of doses are administered,1
4,doses are administered surveillance,1
4,are administered surveillance systems,1
4,administered surveillance systems collect,1
4,surveillance systems collect reports,1
4,systems collect reports of,1
4,collect reports of health,1
4,reports of health events,1
4,of health events that,1
4,health events that occur,1
4,events that occur after,1
4,that occur after vaccination,1
4,occur after vaccination and,1
4,after vaccination and investigate,1
4,vaccination and investigate signals,1
4,and investigate signals that,1
4,investigate signals that may,1
4,signals that may indicate,1
4,that may indicate a,1
4,may indicate a potential,1
4,indicate a potential association,1
4,a potential association an,1
4,potential association an adverse,1
4,association an adverse event,1
4,an adverse event following,1
4,adverse event following immunization,1
4,event following immunization is,1
4,following immunization is not,1
4,immunization is not automatically,1
4,is not automatically caused,1
4,not automatically caused by,1
4,automatically caused by the,1
4,caused by the vaccine,1
4,by the vaccine the,1
4,the vaccine the event,1
4,vaccine the event may,1
4,the event may be,1
4,event may be coincidental,1
4,may be coincidental associated,1
4,be coincidental associated with,1
4,coincidental associated with another,1
4,associated with another medical,1
4,with another medical condition,1
4,another medical condition or,1
4,medical condition or potentially,1
4,condition or potentially related,1
4,or potentially related to,1
4,potentially related to vaccination,1
4,related to vaccination safety,1
4,to vaccination safety assessment,1
4,vaccination safety assessment therefore,1
4,safety assessment therefore considers,1
4,assessment therefore considers background,1
4,therefore considers background rates,1
4,considers background rates timing,1
4,background rates timing biological,1
4,rates timing biological plausibility,1
4,timing biological plausibility comparison,1
4,biological plausibility comparison groups,1
4,plausibility comparison groups and,1
4,comparison groups and other,1
4,groups and other evidence,1
4,and other evidence passive,1
4,other evidence passive reporting,1
4,evidence passive reporting systems,1
4,passive reporting systems are,1
4,reporting systems are valuable,1
4,systems are valuable for,1
4,are valuable for signal,1
4,valuable for signal detection,1
4,for signal detection but,1
4,signal detection but can,1
4,detection but can be,1
4,but can be affected,1
4,can be affected by,1
4,be affected by underreporting,1
4,affected by underreporting stimulated,1
4,by underreporting stimulated reporting,1
4,underreporting stimulated reporting and,1
4,stimulated reporting and incomplete,1
4,reporting and incomplete clinical,1
4,and incomplete clinical information,1
4,incomplete clinical information active,1
4,clinical information active surveillance,1
4,information active surveillance and,1
4,active surveillance and epidemiological,1
4,surveillance and epidemiological studies,1
4,and epidemiological studies can,1
4,epidemiological studies can provide,1
4,studies can provide stronger,1
4,can provide stronger estimates,1
4,provide stronger estimates of,1
4,stronger estimates of incidence,1
4,estimates of incidence and,1
4,of incidence and relative,1
4,incidence and relative risk,1
4,and relative risk clear,1
4,relative risk clear communication,1
4,risk clear communication should,1
4,clear communication should distinguish,1
4,communication should distinguish a,1
4,should distinguish a reported,1
4,distinguish a reported event,1
4,a reported event from,1
4,reported event from a,1
4,event from a confirmed,1
4,from a confirmed causal,1
4,a confirmed causal relationship,1
4,confirmed causal relationship vaccine,1
4,causal relationship vaccine safety,1
4,relationship vaccine safety decisions,1
4,vaccine safety decisions are,1
4,safety decisions are based,1
4,decisions are based on,1
4,are based on accumulated,1
4,based on accumulated evidence,1
4,on accumulated evidence rather,1
4,accumulated evidence rather than,1
4,evidence rather than a,1
4,than a single report,1
4,a single report monitoring,1
4,single report monitoring can,1
4,report monitoring can lead,1
4,monitoring can lead to,1
4,can lead to updated,1
4,lead to updated warnings,1
4,to updated warnings recommendations,1
4,updated warnings recommendations or,1
4,warnings recommendations or continued,1
4,recommendations or continued use,1
4,or continued use when,1
4,continued use when evidence,1
4,use when evidence supports,1
4,when evidence supports a,1
4,evidence supports a favorable,1
4,supports a favorable benefit-risk,1
4,a favorable benefit-risk profile,1
4,risk communication during infectious,1
4,communication during infectious disease,1
4,during infectious disease events,1
4,infectious disease events risk,1
4,disease events risk communication,1
4,events risk communication provides,1
4,risk communication provides people,1
4,communication provides people with,1
4,provides people with information,1
4,people with information needed,1
4,with information needed to,1
4,information needed to understand,1
4,needed to understand a,1
4,to understand a public-health,1
4,understand a public-health threat,1
4,a public-health threat and,1
4,public-health threat and make,1
4,threat and make informed,1
4,and make informed decisions,1
4,make informed decisions effective,1
4,informed decisions effective communication,1
4,decisions effective communication should,1
4,effective communication should explain,1
4,communication should explain what,1
4,should explain what is,1
4,explain what is known,1
4,what is known what,1
4,is known what is,1
4,known what is uncertain,1
4,what is uncertain what,1
4,is uncertain what actions,1
4,uncertain what actions are,1
4,what actions are recommended,1
4,actions are recommended and,1
4,are recommended and why,1
4,recommended and why recommendations,1
4,and why recommendations may,1
4,why recommendations may change,1
4,recommendations may change numbers,1
4,may change numbers should,1
4,change numbers should be,1
4,numbers should be presented,1
4,should be presented with,1
4,be presented with context,1
4,presented with context for,1
4,with context for example,1
4,context for example a,1
4,for example a percentage,1
4,example a percentage without,1
4,a percentage without a,1
4,percentage without a denominator,1
4,without a denominator comparison,1
4,a denominator comparison group,1
4,denominator comparison group time,1
4,group time period or,1
4,time period or outcome,1
4,period or outcome can,1
4,or outcome can be,1
4,outcome can be misleading,1
4,can be misleading communicators,1
4,be misleading communicators should,1
4,misleading communicators should distinguish,1
4,communicators should distinguish absolute,1
4,should distinguish absolute risk,1
4,distinguish absolute risk from,1
4,absolute risk from relative,1
4,risk from relative risk,1
4,from relative risk and,1
4,relative risk and avoid,1
4,risk and avoid implying,1
4,and avoid implying certainty,1
4,avoid implying certainty when,1
4,implying certainty when evidence,1
4,certainty when evidence remains,1
4,when evidence remains limited,1
4,evidence remains limited trust,1
4,remains limited trust can,1
4,limited trust can be,1
4,trust can be supported,1
4,can be supported by,1
4,be supported by acknowledging,1
4,supported by acknowledging uncertainty,1
4,by acknowledging uncertainty rather,1
4,acknowledging uncertainty rather than,1
4,uncertainty rather than hiding,1
4,rather than hiding it,1
4,than hiding it during,1
4,hiding it during a,1
4,it during a rapidly,1
4,during a rapidly changing,1
4,a rapidly changing outbreak,1
4,rapidly changing outbreak evidence,1
4,changing outbreak evidence can,1
4,outbreak evidence can evolve,1
4,evidence can evolve as,1
4,can evolve as new,1
4,evolve as new studies,1
4,as new studies become,1
4,new studies become available,1
4,studies become available explaining,1
4,become available explaining the,1
4,available explaining the reason,1
4,explaining the reason for,1
4,the reason for an,1
4,reason for an updated,1
4,for an updated recommendation,1
4,an updated recommendation can,1
4,updated recommendation can help,1
4,recommendation can help people,1
4,can help people understand,1
4,help people understand that,1
4,people understand that changing,1
4,understand that changing guidance,1
4,that changing guidance does,1
4,changing guidance does not,1
4,guidance does not necessarily,1
4,does not necessarily mean,1
4,not necessarily mean that,1
4,necessarily mean that earlier,1
4,mean that earlier information,1
4,that earlier information was,1
4,earlier information was intentionally,1
4,information was intentionally misleading,1
4,was intentionally misleading communication,1
4,intentionally misleading communication should,1
4,misleading communication should also,1
4,communication should also consider,1
4,should also consider language,1
4,also consider language accessibility,1
4,consider language accessibility cultural,1
4,language accessibility cultural context,1
4,accessibility cultural context and,1
4,cultural context and misinformation,1
4,context and misinformation public-health,1
4,and misinformation public-health messages,1
4,misinformation public-health messages are,1
4,public-health messages are more,1
4,messages are more useful,1
4,are more useful when,1
4,more useful when they,1
4,useful when they provide,1
4,when they provide practical,1
4,they provide practical actions,1
4,provide practical actions and,1
4,practical actions and identify,1
4,actions and identify reliable,1
4,and identify reliable sources,1
4,identify reliable sources for,1
4,reliable sources for additional,1
4,sources for additional information,1
4,respiratory infection prevention in,1
4,infection prevention in schools,1
4,prevention in schools schools,1
4,in schools schools are,1
4,schools schools are environments,1
4,schools are environments where,1
4,are environments where students,1
4,environments where students and,1
4,where students and staff,1
4,students and staff interact,1
4,and staff interact frequently,1
4,staff interact frequently so,1
4,interact frequently so respiratory,1
4,frequently so respiratory infections,1
4,so respiratory infections can,1
4,respiratory infections can spread,1
4,infections can spread through,1
4,can spread through close,1
4,spread through close contact,1
4,through close contact and,1
4,close contact and shared,1
4,contact and shared indoor,1
4,and shared indoor air,1
4,shared indoor air prevention,1
4,indoor air prevention strategies,1
4,air prevention strategies should,1
4,prevention strategies should be,1
4,strategies should be proportionate,1
4,should be proportionate to,1
4,be proportionate to local,1
4,proportionate to local disease,1
4,to local disease activity,1
4,local disease activity and,1
4,disease activity and the,1
4,activity and the needs,1
4,and the needs of,1
4,the needs of the,1
4,needs of the school,1
4,of the school community,1
4,the school community ventilation,1
4,school community ventilation can,1
4,community ventilation can reduce,1
4,ventilation can reduce accumulation,1
4,can reduce accumulation of,1
4,reduce accumulation of infectious,1
4,accumulation of infectious respiratory,1
4,of infectious respiratory particles,1
4,infectious respiratory particles indoors,1
4,respiratory particles indoors outdoor,1
4,particles indoors outdoor activities,1
4,indoors outdoor activities can,1
4,outdoor activities can provide,1
4,activities can provide lower-risk,1
4,can provide lower-risk alternatives,1
4,provide lower-risk alternatives when,1
4,lower-risk alternatives when practical,1
4,alternatives when practical encouraging,1
4,when practical encouraging people,1
4,practical encouraging people with,1
4,encouraging people with acute,1
4,people with acute respiratory,1
4,with acute respiratory illness,1
4,acute respiratory illness to,1
4,respiratory illness to stay,1
4,illness to stay home,1
4,to stay home can,1
4,stay home can reduce,1
4,home can reduce opportunities,1
4,can reduce opportunities for,1
4,reduce opportunities for transmission,1
4,opportunities for transmission schools,1
4,for transmission schools can,1
4,transmission schools can also,1
4,schools can also support,1
4,can also support routine,1
4,also support routine vaccination,1
4,support routine vaccination according,1
4,routine vaccination according to,1
4,vaccination according to national,1
4,according to national and,1
4,to national and local,1
4,national and local recommendations,1
4,and local recommendations clear,1
4,local recommendations clear procedures,1
4,recommendations clear procedures for,1
4,clear procedures for responding,1
4,procedures for responding to,1
4,for responding to clusters,1
4,responding to clusters of,1
4,to clusters of illness,1
4,clusters of illness help,1
4,of illness help staff,1
4,illness help staff identify,1
4,help staff identify when,1
4,staff identify when public-health,1
4,identify when public-health consultation,1
4,when public-health consultation may,1
4,public-health consultation may be,1
4,consultation may be needed,1
4,may be needed communication,1
4,be needed communication with,1
4,needed communication with families,1
4,communication with families should,1
4,with families should explain,1
4,families should explain symptoms,1
4,should explain symptoms prevention,1
4,explain symptoms prevention measures,1
4,symptoms prevention measures and,1
4,prevention measures and when,1
4,measures and when students,1
4,and when students should,1
4,when students should remain,1
4,students should remain at,1
4,should remain at home,1
4,remain at home outbreak,1
4,at home outbreak response,1
4,home outbreak response should,1
4,outbreak response should consider,1
4,response should consider educational,1
4,should consider educational continuity,1
4,consider educational continuity as,1
4,educational continuity as well,1
4,continuity as well as,1
4,as well as disease,1
4,well as disease control,1
4,as disease control measures,1
4,disease control measures can,1
4,control measures can be,1
4,measures can be targeted,1
4,can be targeted according,1
4,be targeted according to,1
4,targeted according to evidence,1
4,according to evidence rather,1
4,to evidence rather than,1
4,evidence rather than relying,1
4,rather than relying automatically,1
4,than relying automatically on,1
4,relying automatically on broad,1
4,automatically on broad closures,1
4,on broad closures coordination,1
4,broad closures coordination among,1
4,closures coordination among school,1
4,coordination among school administrators,1
4,among school administrators healthcare,1
4,school administrators healthcare professionals,1
4,administrators healthcare professionals families,1
4,healthcare professionals families and,1
4,professionals families and public-health,1
4,families and public-health authorities,1
4,and public-health authorities is,1
4,public-health authorities is important,1
4,protecting higher-risk populations during,1
4,higher-risk populations during respiratory,1
4,populations during respiratory virus,1
4,during respiratory virus activity,1
4,respiratory virus activity some,1
4,virus activity some people,1
4,activity some people have,1
4,some people have a,1
4,people have a higher,1
4,have a higher risk,1
4,a higher risk of,1
4,higher risk of severe,1
4,risk of severe outcomes,1
4,of severe outcomes from,1
4,severe outcomes from respiratory,1
4,outcomes from respiratory infections,1
4,from respiratory infections because,1
4,respiratory infections because of,1
4,infections because of age,1
4,because of age underlying,1
4,of age underlying medical,1
4,age underlying medical conditions,1
4,underlying medical conditions immune,1
4,medical conditions immune status,1
4,conditions immune status pregnancy,1
4,immune status pregnancy or,1
4,status pregnancy or other,1
4,pregnancy or other factors,1
4,or other factors public-health,1
4,other factors public-health planning,1
4,factors public-health planning can,1
4,public-health planning can reduce,1
4,planning can reduce harm,1
4,can reduce harm by,1
4,reduce harm by ensuring,1
4,harm by ensuring that,1
4,by ensuring that higher-risk,1
4,ensuring that higher-risk groups,1
4,that higher-risk groups have,1
4,higher-risk groups have access,1
4,groups have access to,1
4,have access to vaccination,1
4,access to vaccination timely,1
4,to vaccination timely testing,1
4,vaccination timely testing when,1
4,timely testing when appropriate,1
4,testing when appropriate clinical,1
4,when appropriate clinical care,1
4,appropriate clinical care and,1
4,clinical care and clear,1
4,care and clear prevention,1
4,and clear prevention information,1
4,clear prevention information protection,1
4,prevention information protection can,1
4,information protection can involve,1
4,protection can involve individual,1
4,can involve individual and,1
4,involve individual and community,1
4,individual and community measures,1
4,and community measures healthcare,1
4,community measures healthcare facilities,1
4,measures healthcare facilities and,1
4,healthcare facilities and residential,1
4,facilities and residential settings,1
4,and residential settings may,1
4,residential settings may use,1
4,settings may use additional,1
4,may use additional precautions,1
4,use additional precautions during,1
4,additional precautions during periods,1
4,precautions during periods of,1
4,during periods of elevated,1
4,periods of elevated transmission,1
4,of elevated transmission family,1
4,elevated transmission family members,1
4,transmission family members and,1
4,family members and caregivers,1
4,members and caregivers can,1
4,and caregivers can reduce,1
4,caregivers can reduce exposure,1
4,can reduce exposure opportunities,1
4,reduce exposure opportunities when,1
4,exposure opportunities when respiratory,1
4,opportunities when respiratory viruses,1
4,when respiratory viruses are,1
4,respiratory viruses are circulating,1
4,viruses are circulating widely,1
4,are circulating widely risk,1
4,circulating widely risk is,1
4,widely risk is not,1
4,risk is not determined,1
4,is not determined by,1
4,not determined by a,1
4,determined by a single,1
4,by a single characteristic,1
4,a single characteristic age,1
4,single characteristic age vaccination,1
4,characteristic age vaccination status,1
4,age vaccination status previous,1
4,vaccination status previous immunity,1
4,status previous immunity treatment,1
4,previous immunity treatment access,1
4,immunity treatment access and,1
4,treatment access and circulating,1
4,access and circulating viral,1
4,and circulating viral strains,1
4,circulating viral strains can,1
4,viral strains can interact,1
4,strains can interact public-health,1
4,can interact public-health communication,1
4,interact public-health communication should,1
4,public-health communication should therefore,1
4,communication should therefore avoid,1
4,should therefore avoid assuming,1
4,therefore avoid assuming that,1
4,avoid assuming that all,1
4,assuming that all members,1
4,that all members of,1
4,all members of a,1
4,members of a broad,1
4,of a broad category,1
4,a broad category have,1
4,broad category have identical,1
4,category have identical risk,1
4,have identical risk equitable,1
4,identical risk equitable access,1
4,risk equitable access is,1
4,equitable access is an,1
4,access is an important,1
4,is an important part,1
4,an important part of,1
4,important part of prevention,1
4,part of prevention barriers,1
4,of prevention barriers such,1
4,prevention barriers such as,1
4,barriers such as transportation,1
4,such as transportation cost,1
4,as transportation cost language,1
4,transportation cost language digital,1
4,cost language digital access,1
4,language digital access and,1
4,digital access and healthcare,1
4,access and healthcare availability,1
4,and healthcare availability can,1
4,healthcare availability can affect,1
4,availability can affect whether,1
4,can affect whether people,1
4,affect whether people are,1
4,whether people are able,1
4,people are able to,1
4,are able to use,1
4,able to use recommended,1
4,to use recommended services,1
4,testing and antiviral treatment,1
4,and antiviral treatment in,1
4,antiviral treatment in covid-19,1
4,treatment in covid-19 care,1
4,in covid-19 care testing,1
4,covid-19 care testing can,1
4,care testing can help,1
4,testing can help identify,1
4,can help identify sars-cov-2,1
4,help identify sars-cov-2 infection,1
4,identify sars-cov-2 infection and,1
4,sars-cov-2 infection and inform,1
4,infection and inform clinical,1
4,and inform clinical or,1
4,inform clinical or public-health,1
4,clinical or public-health decisions,1
4,or public-health decisions different,1
4,public-health decisions different tests,1
4,decisions different tests have,1
4,different tests have different,1
4,tests have different characteristics,1
4,have different characteristics molecular,1
4,different characteristics molecular tests,1
4,characteristics molecular tests can,1
4,molecular tests can detect,1
4,tests can detect viral,1
4,can detect viral genetic,1
4,detect viral genetic material,1
4,viral genetic material while,1
4,genetic material while antigen,1
4,material while antigen tests,1
4,while antigen tests detect,1
4,antigen tests detect viral,1
4,tests detect viral proteins,1
4,detect viral proteins and,1
4,viral proteins and may,1
4,proteins and may provide,1
4,and may provide rapid,1
4,may provide rapid results,1
4,provide rapid results test,1
4,rapid results test performance,1
4,results test performance depends,1
4,test performance depends on,1
4,performance depends on timing,1
4,depends on timing specimen,1
4,on timing specimen collection,1
4,timing specimen collection and,1
4,specimen collection and the,1
4,collection and the stage,1
4,and the stage of,1
4,the stage of infection,1
4,stage of infection a,1
4,of infection a negative,1
4,infection a negative result,1
4,a negative result does,1
4,negative result does not,1
4,result does not always,1
4,does not always exclude,1
4,not always exclude infection,1
4,always exclude infection particularly,1
4,exclude infection particularly when,1
4,infection particularly when testing,1
4,particularly when testing occurs,1
4,when testing occurs early,1
4,testing occurs early or,1
4,occurs early or when,1
4,early or when the,1
4,or when the test,1
4,when the test has,1
4,the test has lower,1
4,test has lower sensitivity,1
4,has lower sensitivity interpretation,1
4,lower sensitivity interpretation should,1
4,sensitivity interpretation should consider,1
4,interpretation should consider symptoms,1
4,should consider symptoms exposure,1
4,consider symptoms exposure history,1
4,symptoms exposure history timing,1
4,exposure history timing and,1
4,history timing and the,1
4,timing and the specific,1
4,and the specific test,1
4,the specific test used,1
4,specific test used antiviral,1
4,test used antiviral treatment,1
4,used antiviral treatment is,1
4,antiviral treatment is intended,1
4,treatment is intended to,1
4,is intended to reduce,1
4,intended to reduce the,1
4,to reduce the risk,1
4,reduce the risk of,1
4,the risk of severe,1
4,risk of severe disease,1
4,of severe disease in,1
4,severe disease in eligible,1
4,disease in eligible patients,1
4,in eligible patients eligibility,1
4,eligible patients eligibility timing,1
4,patients eligibility timing contraindications,1
4,eligibility timing contraindications drug,1
4,timing contraindications drug interactions,1
4,contraindications drug interactions and,1
4,drug interactions and treatment,1
4,interactions and treatment selection,1
4,and treatment selection require,1
4,treatment selection require clinical,1
4,selection require clinical assessment,1
4,require clinical assessment public-health,1
4,clinical assessment public-health information,1
4,assessment public-health information should,1
4,public-health information should not,1
4,information should not replace,1
4,should not replace individualized,1
4,not replace individualized medical,1
4,replace individualized medical advice,1
4,individualized medical advice testing,1
4,medical advice testing and,1
4,advice testing and treatment,1
4,testing and treatment programs,1
4,and treatment programs are,1
4,treatment programs are most,1
4,programs are most effective,1
4,are most effective when,1
4,most effective when people,1
4,effective when people can,1
4,when people can access,1
4,people can access testing,1
4,can access testing promptly,1
4,access testing promptly and,1
4,testing promptly and healthcare,1
4,promptly and healthcare systems,1
4,and healthcare systems can,1
4,healthcare systems can evaluate,1
4,systems can evaluate eligible,1
4,can evaluate eligible patients,1
4,evaluate eligible patients without,1
4,eligible patients without unnecessary,1
4,patients without unnecessary delay,1
4,without unnecessary delay surveillance,1
4,unnecessary delay surveillance data,1
4,delay surveillance data can,1
4,surveillance data can also,1
4,data can also help,1
4,can also help authorities,1
4,also help authorities understand,1
4,help authorities understand changes,1
4,authorities understand changes in,1
4,understand changes in testing,1
4,changes in testing demand,1
4,in testing demand and,1
4,testing demand and disease,1
4,demand and disease activity,1
4,health literacy and infectious,1
4,literacy and infectious disease,1
4,and infectious disease misinformation,1
4,infectious disease misinformation health,1
4,disease misinformation health literacy,1
4,misinformation health literacy involves,1
4,health literacy involves the,1
4,literacy involves the ability,1
4,involves the ability to,1
4,the ability to find,1
4,ability to find understand,1
4,to find understand evaluate,1
4,find understand evaluate and,1
4,understand evaluate and use,1
4,evaluate and use health,1
4,and use health information,1
4,use health information during,1
4,health information during infectious,1
4,information during infectious disease,1
4,during infectious disease outbreaks,1
4,infectious disease outbreaks people,1
4,disease outbreaks people may,1
4,outbreaks people may encounter,1
4,people may encounter rapidly,1
4,may encounter rapidly changing,1
4,encounter rapidly changing information,1
4,rapidly changing information through,1
4,changing information through news,1
4,information through news social,1
4,through news social media,1
4,news social media messaging,1
4,social media messaging applications,1
4,media messaging applications and,1
4,messaging applications and informal,1
4,applications and informal networks,1
4,and informal networks misinformation,1
4,informal networks misinformation can,1
4,networks misinformation can arise,1
4,misinformation can arise from,1
4,can arise from incorrect,1
4,arise from incorrect information,1
4,from incorrect information misunderstanding,1
4,incorrect information misunderstanding outdated,1
4,information misunderstanding outdated evidence,1
4,misunderstanding outdated evidence or,1
4,outdated evidence or misleading,1
4,evidence or misleading presentation,1
4,or misleading presentation of,1
4,misleading presentation of accurate,1
4,presentation of accurate facts,1
4,of accurate facts a,1
4,accurate facts a useful,1
4,facts a useful evaluation,1
4,a useful evaluation process,1
4,useful evaluation process checks,1
4,evaluation process checks the,1
4,process checks the source,1
4,checks the source date,1
4,the source date evidence,1
4,source date evidence population,1
4,date evidence population studied,1
4,evidence population studied and,1
4,population studied and whether,1
4,studied and whether the,1
4,and whether the claim,1
4,whether the claim matches,1
4,the claim matches the,1
4,claim matches the underlying,1
4,matches the underlying data,1
4,the underlying data health,1
4,underlying data health communication,1
4,data health communication should,1
4,health communication should avoid,1
4,communication should avoid presenting,1
4,should avoid presenting preliminary,1
4,avoid presenting preliminary findings,1
4,presenting preliminary findings as,1
4,preliminary findings as settled,1
4,findings as settled conclusions,1
4,as settled conclusions a,1
4,settled conclusions a single,1
4,conclusions a single laboratory,1
4,a single laboratory experiment,1
4,single laboratory experiment or,1
4,laboratory experiment or small,1
4,experiment or small observational,1
4,or small observational study,1
4,small observational study may,1
4,observational study may not,1
4,study may not answer,1
4,may not answer a,1
4,not answer a population-level,1
4,answer a population-level question,1
4,a population-level question stronger,1
4,population-level question stronger conclusions,1
4,question stronger conclusions generally,1
4,stronger conclusions generally require,1
4,conclusions generally require evidence,1
4,generally require evidence from,1
4,require evidence from multiple,1
4,evidence from multiple complementary,1
4,from multiple complementary studies,1
4,multiple complementary studies practical,1
4,complementary studies practical health,1
4,studies practical health literacy,1
4,practical health literacy strategies,1
4,health literacy strategies include,1
4,literacy strategies include checking,1
4,strategies include checking information,1
4,include checking information against,1
4,checking information against recognized,1
4,information against recognized public-health,1
4,against recognized public-health or,1
4,recognized public-health or medical,1
4,public-health or medical sources,1
4,or medical sources looking,1
4,medical sources looking for,1
4,sources looking for the,1
4,looking for the original,1
4,for the original study,1
4,the original study when,1
4,original study when possible,1
4,study when possible and,1
4,when possible and distinguishing,1
4,possible and distinguishing a,1
4,and distinguishing a reported,1
4,distinguishing a reported association,1
4,a reported association from,1
4,reported association from proof,1
4,association from proof of,1
4,from proof of causation,1
4,proof of causation clear,1
4,of causation clear explanations,1
4,causation clear explanations can,1
4,clear explanations can reduce,1
4,explanations can reduce confusion,1
4,can reduce confusion without,1
4,reduce confusion without assuming,1
4,confusion without assuming that,1
4,without assuming that every,1
4,assuming that every person,1
4,that every person who,1
4,every person who has,1
4,person who has encountered,1
4,who has encountered inaccurate,1
4,has encountered inaccurate information,1
4,encountered inaccurate information is,1
4,inaccurate information is acting,1
4,information is acting in,1
4,is acting in bad,1
4,acting in bad faith,1
4,global outbreak preparedness and,1
4,outbreak preparedness and response,1
4,preparedness and response outbreak,1
4,and response outbreak preparedness,1
4,response outbreak preparedness involves,1
4,outbreak preparedness involves building,1
4,preparedness involves building the,1
4,involves building the capacity,1
4,building the capacity to,1
4,the capacity to detect,1
4,capacity to detect assess,1
4,to detect assess communicate,1
4,detect assess communicate about,1
4,assess communicate about and,1
4,communicate about and respond,1
4,about and respond to,1
4,and respond to infectious,1
4,respond to infectious disease,1
4,to infectious disease threats,1
4,infectious disease threats before,1
4,disease threats before they,1
4,threats before they become,1
4,before they become large,1
4,they become large emergencies,1
4,become large emergencies preparedness,1
4,large emergencies preparedness includes,1
4,emergencies preparedness includes laboratory,1
4,preparedness includes laboratory capacity,1
4,includes laboratory capacity surveillance,1
4,laboratory capacity surveillance systems,1
4,capacity surveillance systems trained,1
4,surveillance systems trained personnel,1
4,systems trained personnel medical,1
4,trained personnel medical supplies,1
4,personnel medical supplies vaccination,1
4,medical supplies vaccination infrastructure,1
4,supplies vaccination infrastructure data,1
4,vaccination infrastructure data systems,1
4,infrastructure data systems and,1
4,data systems and emergency,1
4,systems and emergency coordination,1
4,and emergency coordination mechanisms,1
4,emergency coordination mechanisms early,1
4,coordination mechanisms early detection,1
4,mechanisms early detection depends,1
4,early detection depends on,1
4,detection depends on timely,1
4,depends on timely information,1
4,on timely information countries,1
4,timely information countries and,1
4,information countries and institutions,1
4,countries and institutions may,1
4,and institutions may use,1
4,institutions may use laboratory,1
4,may use laboratory networks,1
4,use laboratory networks clinical,1
4,laboratory networks clinical surveillance,1
4,networks clinical surveillance event-based,1
4,clinical surveillance event-based reporting,1
4,surveillance event-based reporting genomic,1
4,event-based reporting genomic sequencing,1
4,reporting genomic sequencing and,1
4,genomic sequencing and cross-border,1
4,sequencing and cross-border information,1
4,and cross-border information sharing,1
4,cross-border information sharing a,1
4,information sharing a signal,1
4,sharing a signal does,1
4,a signal does not,1
4,signal does not always,1
4,does not always represent,1
4,not always represent a,1
4,always represent a major,1
4,represent a major outbreak,1
4,a major outbreak but,1
4,major outbreak but rapid,1
4,outbreak but rapid assessment,1
4,but rapid assessment can,1
4,rapid assessment can determine,1
4,assessment can determine whether,1
4,can determine whether further,1
4,determine whether further investigation,1
4,whether further investigation is,1
4,further investigation is required,1
4,investigation is required response,1
4,is required response planning,1
4,required response planning includes,1
4,response planning includes clear,1
4,planning includes clear roles,1
4,includes clear roles and,1
4,clear roles and responsibilities,1
4,roles and responsibilities hospitals,1
4,and responsibilities hospitals may,1
4,responsibilities hospitals may need,1
4,hospitals may need surge,1
4,may need surge plans,1
4,need surge plans while,1
4,surge plans while public-health,1
4,plans while public-health agencies,1
4,while public-health agencies may,1
4,public-health agencies may require,1
4,agencies may require mechanisms,1
4,may require mechanisms for,1
4,require mechanisms for contact,1
4,mechanisms for contact tracing,1
4,for contact tracing risk,1
4,contact tracing risk communication,1
4,tracing risk communication and,1
4,risk communication and resource,1
4,communication and resource allocation,1
4,and resource allocation exercises,1
4,resource allocation exercises and,1
4,allocation exercises and simulations,1
4,exercises and simulations can,1
4,and simulations can identify,1
4,simulations can identify weaknesses,1
4,can identify weaknesses before,1
4,identify weaknesses before a,1
4,weaknesses before a real,1
4,before a real emergency,1
4,a real emergency occurs,1
4,real emergency occurs preparedness,1
4,emergency occurs preparedness is,1
4,occurs preparedness is an,1
4,preparedness is an ongoing,1
4,is an ongoing process,1
4,an ongoing process after,1
4,ongoing process after an,1
4,process after an outbreak,1
4,after an outbreak evaluations,1
4,an outbreak evaluations can,1
4,outbreak evaluations can identify,1
4,evaluations can identify which,1
4,can identify which systems,1
4,identify which systems worked,1
4,which systems worked which,1
4,systems worked which failed,1
4,worked which failed and,1
4,which failed and which,1
4,failed and which improvements,1
4,and which improvements should,1
4,which improvements should be,1
4,improvements should be institutionalized,1
4,should be institutionalized investments,1
4,be institutionalized investments in,1
4,institutionalized investments in routine,1
4,investments in routine public-health,1
4,in routine public-health capacity,1
4,routine public-health capacity can,1
4,public-health capacity can strengthen,1
4,capacity can strengthen response,1
4,can strengthen response to,1
4,strengthen response to multiple,1
4,response to multiple infectious,1
4,to multiple infectious threats,1
4,multiple infectious threats rather,1
4,infectious threats rather than,1
4,threats rather than a,1
4,than a single pathogen,1
4,epidemiological models for infectious,1
4,models for infectious disease,1
4,for infectious disease planning,1
4,infectious disease planning mathematical,1
4,disease planning mathematical and,1
4,planning mathematical and computational,1
4,mathematical and computational models,1
4,and computational models can,1
4,computational models can help,1
4,models can help researchers,1
4,can help researchers explore,1
4,help researchers explore how,1
4,researchers explore how infectious,1
4,explore how infectious diseases,1
4,how infectious diseases may,1
4,infectious diseases may spread,1
4,diseases may spread under,1
4,may spread under different,1
4,spread under different assumptions,1
4,under different assumptions compartmental,1
4,different assumptions compartmental models,1
4,assumptions compartmental models such,1
4,compartmental models such as,1
4,models such as sir,1
4,such as sir divide,1
4,as sir divide populations,1
4,sir divide populations into,1
4,divide populations into categories,1
4,populations into categories such,1
4,into categories such as,1
4,categories such as susceptible,1
4,such as susceptible infected,1
4,as susceptible infected and,1
4,susceptible infected and recovered,1
4,infected and recovered more,1
4,and recovered more detailed,1
4,recovered more detailed models,1
4,more detailed models can,1
4,detailed models can add,1
4,models can add age,1
4,can add age groups,1
4,add age groups vaccination,1
4,age groups vaccination status,1
4,groups vaccination status hospitalization,1
4,vaccination status hospitalization geographic,1
4,status hospitalization geographic structure,1
4,hospitalization geographic structure or,1
4,geographic structure or other,1
4,structure or other characteristics,1
4,or other characteristics models,1
4,other characteristics models are,1
4,characteristics models are not,1
4,models are not crystal,1
4,are not crystal balls,1
4,not crystal balls their,1
4,crystal balls their outputs,1
4,balls their outputs depend,1
4,their outputs depend on,1
4,outputs depend on assumptions,1
4,depend on assumptions parameter,1
4,on assumptions parameter estimates,1
4,assumptions parameter estimates data,1
4,parameter estimates data quality,1
4,estimates data quality and,1
4,data quality and the,1
4,quality and the scenario,1
4,and the scenario being,1
4,the scenario being examined,1
4,scenario being examined a,1
4,being examined a model,1
4,examined a model can,1
4,a model can be,1
4,model can be useful,1
4,can be useful even,1
4,be useful even when,1
4,useful even when its,1
4,even when its exact,1
4,when its exact numerical,1
4,its exact numerical forecast,1
4,exact numerical forecast is,1
4,numerical forecast is uncertain,1
4,forecast is uncertain because,1
4,is uncertain because it,1
4,uncertain because it can,1
4,because it can show,1
4,it can show how,1
4,can show how outcomes,1
4,show how outcomes change,1
4,how outcomes change when,1
4,outcomes change when assumptions,1
4,change when assumptions change,1
4,when assumptions change model,1
4,assumptions change model calibration,1
4,change model calibration uses,1
4,model calibration uses observed,1
4,calibration uses observed data,1
4,uses observed data to,1
4,observed data to estimate,1
4,data to estimate parameters,1
4,to estimate parameters or,1
4,estimate parameters or evaluate,1
4,parameters or evaluate whether,1
4,or evaluate whether simulated,1
4,evaluate whether simulated trajectories,1
4,whether simulated trajectories are,1
4,simulated trajectories are consistent,1
4,trajectories are consistent with,1
4,are consistent with historical,1
4,consistent with historical patterns,1
4,with historical patterns validation,1
4,historical patterns validation and,1
4,patterns validation and sensitivity,1
4,validation and sensitivity analysis,1
4,and sensitivity analysis can,1
4,sensitivity analysis can identify,1
4,analysis can identify which,1
4,can identify which assumptions,1
4,identify which assumptions have,1
4,which assumptions have the,1
4,assumptions have the greatest,1
4,have the greatest effect,1
4,the greatest effect on,1
4,greatest effect on results,1
4,effect on results public-health,1
4,on results public-health decision-makers,1
4,results public-health decision-makers should,1
4,public-health decision-makers should interpret,1
4,decision-makers should interpret model,1
4,should interpret model outputs,1
4,interpret model outputs alongside,1
4,model outputs alongside surveillance,1
4,outputs alongside surveillance data,1
4,alongside surveillance data and,1
4,surveillance data and expert,1
4,data and expert assessment,1
4,and expert assessment scenario,1
4,expert assessment scenario projections,1
4,assessment scenario projections are,1
4,scenario projections are particularly,1
4,projections are particularly sensitive,1
4,are particularly sensitive to,1
4,particularly sensitive to changes,1
4,sensitive to changes in,1
4,to changes in behavior,1
4,changes in behavior immunity,1
4,in behavior immunity viral,1
4,behavior immunity viral characteristics,1
4,immunity viral characteristics interventions,1
4,viral characteristics interventions and,1
4,characteristics interventions and healthcare,1
4,interventions and healthcare capacity,1
4,and healthcare capacity transparent,1
4,healthcare capacity transparent reporting,1
4,capacity transparent reporting of,1
4,transparent reporting of assumptions,1
4,reporting of assumptions and,1
4,of assumptions and uncertainty,1
4,assumptions and uncertainty is,1
4,and uncertainty is therefore,1
4,uncertainty is therefore essential,1
4,evaluating public health responses,1
4,public health responses after,1
4,health responses after an,1
4,responses after an outbreak,1
4,after an outbreak after,1
4,an outbreak after an,1
4,outbreak after an infectious,1
4,after an infectious disease,1
4,an infectious disease outbreak,1
4,infectious disease outbreak a,1
4,disease outbreak a structured,1
4,outbreak a structured evaluation,1
4,a structured evaluation can,1
4,structured evaluation can examine,1
4,evaluation can examine what,1
4,can examine what happened,1
4,examine what happened which,1
4,what happened which interventions,1
4,happened which interventions were,1
4,which interventions were implemented,1
4,interventions were implemented how,1
4,were implemented how quickly,1
4,implemented how quickly systems,1
4,how quickly systems responded,1
4,quickly systems responded and,1
4,systems responded and what,1
4,responded and what improvements,1
4,and what improvements are,1
4,what improvements are needed,1
4,improvements are needed evaluation,1
4,are needed evaluation should,1
4,needed evaluation should consider,1
4,evaluation should consider epidemiological,1
4,should consider epidemiological outcomes,1
4,consider epidemiological outcomes as,1
4,epidemiological outcomes as well,1
4,outcomes as well as,1
4,as well as operational,1
4,well as operational social,1
4,as operational social and,1
4,operational social and economic,1
4,social and economic consequences,1
4,and economic consequences useful,1
4,economic consequences useful indicators,1
4,consequences useful indicators may,1
4,useful indicators may include,1
4,indicators may include time,1
4,may include time from,1
4,include time from signal,1
4,time from signal detection,1
4,from signal detection to,1
4,signal detection to investigation,1
4,detection to investigation testing,1
4,to investigation testing turnaround,1
4,investigation testing turnaround time,1
4,testing turnaround time vaccination,1
4,turnaround time vaccination coverage,1
4,time vaccination coverage hospitalization,1
4,vaccination coverage hospitalization trends,1
4,coverage hospitalization trends healthcare,1
4,hospitalization trends healthcare capacity,1
4,trends healthcare capacity communication,1
4,healthcare capacity communication reach,1
4,capacity communication reach and,1
4,communication reach and the,1
4,reach and the timeliness,1
4,and the timeliness of,1
4,the timeliness of public-health,1
4,timeliness of public-health reporting,1
4,of public-health reporting the,1
4,public-health reporting the exact,1
4,reporting the exact measures,1
4,the exact measures depend,1
4,exact measures depend on,1
4,measures depend on the,1
4,depend on the outbreak,1
4,on the outbreak and,1
4,the outbreak and the,1
4,outbreak and the objectives,1
4,and the objectives of,1
4,the objectives of the,1
4,objectives of the response,1
4,of the response evaluation,1
4,the response evaluation should,1
4,response evaluation should distinguish,1
4,evaluation should distinguish correlation,1
4,should distinguish correlation from,1
4,distinguish correlation from causation,1
4,correlation from causation a,1
4,from causation a decline,1
4,causation a decline in,1
4,a decline in cases,1
4,decline in cases after,1
4,in cases after an,1
4,cases after an intervention,1
4,after an intervention does,1
4,an intervention does not,1
4,intervention does not automatically,1
4,does not automatically prove,1
4,not automatically prove that,1
4,automatically prove that the,1
4,prove that the intervention,1
4,that the intervention caused,1
4,the intervention caused the,1
4,intervention caused the decline,1
4,caused the decline because,1
4,the decline because transmission,1
4,decline because transmission can,1
4,because transmission can also,1
4,transmission can also change,1
4,can also change due,1
4,also change due to,1
4,change due to immunity,1
4,due to immunity behavior,1
4,to immunity behavior seasonality,1
4,immunity behavior seasonality or,1
4,behavior seasonality or other,1
4,seasonality or other factors,1
4,or other factors after-action,1
4,other factors after-action reviews,1
4,factors after-action reviews can,1
4,after-action reviews can translate,1
4,reviews can translate findings,1
4,can translate findings into,1
4,translate findings into concrete,1
4,findings into concrete improvements,1
4,into concrete improvements these,1
4,concrete improvements these may,1
4,improvements these may include,1
4,these may include updating,1
4,may include updating response,1
4,include updating response plans,1
4,updating response plans strengthening,1
4,response plans strengthening laboratory,1
4,plans strengthening laboratory networks,1
4,strengthening laboratory networks improving,1
4,laboratory networks improving data,1
4,networks improving data interoperability,1
4,improving data interoperability expanding,1
4,data interoperability expanding workforce,1
4,interoperability expanding workforce training,1
4,expanding workforce training or,1
4,workforce training or revising,1
4,training or revising communication,1
4,or revising communication procedures,1
4,revising communication procedures the,1
4,communication procedures the goal,1
4,procedures the goal is,1
4,the goal is to,1
4,goal is to convert,1
4,is to convert experience,1
4,to convert experience into,1
4,convert experience into preparedness,1
4,experience into preparedness for,1
4,into preparedness for future,1
4,preparedness for future infectious,1
4,for future infectious disease,1
4,future infectious disease events,1
5,covid-19 transmission and community prevention,1
5,transmission and community prevention covid-19,1
5,and community prevention covid-19 is,1
5,community prevention covid-19 is caused,1
5,prevention covid-19 is caused by,1
5,covid-19 is caused by infection,1
5,is caused by infection with,1
5,caused by infection with sars-cov-2,1
5,by infection with sars-cov-2 transmission,1
5,infection with sars-cov-2 transmission can,1
5,with sars-cov-2 transmission can occur,1
5,sars-cov-2 transmission can occur when,1
5,transmission can occur when an,1
5,can occur when an infected,1
5,occur when an infected person,1
5,when an infected person releases,1
5,an infected person releases respiratory,1
5,infected person releases respiratory particles,1
5,person releases respiratory particles while,1
5,releases respiratory particles while breathing,1
5,respiratory particles while breathing speaking,1
5,particles while breathing speaking coughing,1
5,while breathing speaking coughing or,1
5,breathing speaking coughing or sneezing,1
5,speaking coughing or sneezing risk,1
5,coughing or sneezing risk generally,1
5,or sneezing risk generally increases,1
5,sneezing risk generally increases in,1
5,risk generally increases in crowded,1
5,generally increases in crowded or,1
5,increases in crowded or poorly,1
5,in crowded or poorly ventilated,1
5,crowded or poorly ventilated indoor,1
5,or poorly ventilated indoor environments,1
5,poorly ventilated indoor environments and,1
5,ventilated indoor environments and when,1
5,indoor environments and when people,1
5,environments and when people are,1
5,and when people are in,1
5,when people are in close,1
5,people are in close proximity,1
5,are in close proximity for,1
5,in close proximity for prolonged,1
5,close proximity for prolonged periods,1
5,proximity for prolonged periods prevention,1
5,for prolonged periods prevention therefore,1
5,prolonged periods prevention therefore combines,1
5,periods prevention therefore combines several,1
5,prevention therefore combines several measures,1
5,therefore combines several measures rather,1
5,combines several measures rather than,1
5,several measures rather than relying,1
5,measures rather than relying on,1
5,rather than relying on a,1
5,than relying on a single,1
5,relying on a single intervention,1
5,on a single intervention improving,1
5,a single intervention improving indoor,1
5,single intervention improving indoor ventilation,1
5,intervention improving indoor ventilation and,1
5,improving indoor ventilation and filtration,1
5,indoor ventilation and filtration can,1
5,ventilation and filtration can reduce,1
5,and filtration can reduce the,1
5,filtration can reduce the concentration,1
5,can reduce the concentration of,1
5,reduce the concentration of infectious,1
5,the concentration of infectious particles,1
5,concentration of infectious particles in,1
5,of infectious particles in shared,1
5,infectious particles in shared air,1
5,particles in shared air staying,1
5,in shared air staying home,1
5,shared air staying home when,1
5,air staying home when acutely,1
5,staying home when acutely ill,1
5,home when acutely ill can,1
5,when acutely ill can reduce,1
5,acutely ill can reduce exposure,1
5,ill can reduce exposure to,1
5,can reduce exposure to other,1
5,reduce exposure to other people,1
5,exposure to other people mask,1
5,to other people mask use,1
5,other people mask use can,1
5,people mask use can provide,1
5,mask use can provide an,1
5,use can provide an additional,1
5,can provide an additional layer,1
5,provide an additional layer of,1
5,an additional layer of protection,1
5,additional layer of protection in,1
5,layer of protection in settings,1
5,of protection in settings where,1
5,protection in settings where respiratory,1
5,in settings where respiratory virus,1
5,settings where respiratory virus transmission,1
5,where respiratory virus transmission is,1
5,respiratory virus transmission is elevated,1
5,virus transmission is elevated or,1
5,transmission is elevated or where,1
5,is elevated or where vulnerable,1
5,elevated or where vulnerable people,1
5,or where vulnerable people are,1
5,where vulnerable people are present,1
5,vulnerable people are present hand,1
5,people are present hand hygiene,1
5,are present hand hygiene remains,1
5,present hand hygiene remains useful,1
5,hand hygiene remains useful for,1
5,hygiene remains useful for reducing,1
5,remains useful for reducing transmission,1
5,useful for reducing transmission of,1
5,for reducing transmission of many,1
5,reducing transmission of many infections,1
5,transmission of many infections although,1
5,of many infections although respiratory,1
5,many infections although respiratory transmission,1
5,infections although respiratory transmission is,1
5,although respiratory transmission is a,1
5,respiratory transmission is a major,1
5,transmission is a major route,1
5,is a major route for,1
5,a major route for covid-19,1
5,major route for covid-19 vaccination,1
5,route for covid-19 vaccination is,1
5,for covid-19 vaccination is an,1
5,covid-19 vaccination is an important,1
5,vaccination is an important prevention,1
5,is an important prevention measure,1
5,an important prevention measure because,1
5,important prevention measure because it,1
5,prevention measure because it prepares,1
5,measure because it prepares the,1
5,because it prepares the immune,1
5,it prepares the immune system,1
5,prepares the immune system to,1
5,the immune system to respond,1
5,immune system to respond to,1
5,system to respond to the,1
5,to respond to the virus,1
5,respond to the virus vaccine,1
5,to the virus vaccine protection,1
5,the virus vaccine protection against,1
5,virus vaccine protection against infection,1
5,vaccine protection against infection can,1
5,protection against infection can change,1
5,against infection can change over,1
5,infection can change over time,1
5,can change over time and,1
5,change over time and across,1
5,over time and across variants,1
5,time and across variants while,1
5,and across variants while protection,1
5,across variants while protection against,1
5,variants while protection against severe,1
5,while protection against severe disease,1
5,protection against severe disease can,1
5,against severe disease can remain,1
5,severe disease can remain stronger,1
5,disease can remain stronger public-health,1
5,can remain stronger public-health programs,1
5,remain stronger public-health programs therefore,1
5,stronger public-health programs therefore consider,1
5,public-health programs therefore consider vaccination,1
5,programs therefore consider vaccination together,1
5,therefore consider vaccination together with,1
5,consider vaccination together with surveillance,1
5,vaccination together with surveillance clinical,1
5,together with surveillance clinical care,1
5,with surveillance clinical care ventilation,1
5,surveillance clinical care ventilation and,1
5,clinical care ventilation and risk-based,1
5,care ventilation and risk-based protective,1
5,ventilation and risk-based protective measures,1
5,and risk-based protective measures community,1
5,risk-based protective measures community prevention,1
5,protective measures community prevention works,1
5,measures community prevention works best,1
5,community prevention works best when,1
5,prevention works best when measures,1
5,works best when measures are,1
5,best when measures are matched,1
5,when measures are matched to,1
5,measures are matched to the,1
5,are matched to the local,1
5,matched to the local epidemiological,1
5,to the local epidemiological situation,1
5,the local epidemiological situation public-health,1
5,local epidemiological situation public-health authorities,1
5,epidemiological situation public-health authorities may,1
5,situation public-health authorities may use,1
5,public-health authorities may use indicators,1
5,authorities may use indicators such,1
5,may use indicators such as,1
5,use indicators such as reported,1
5,indicators such as reported cases,1
5,such as reported cases hospitalizations,1
5,as reported cases hospitalizations wastewater,1
5,reported cases hospitalizations wastewater signals,1
5,cases hospitalizations wastewater signals and,1
5,hospitalizations wastewater signals and outbreak,1
5,wastewater signals and outbreak reports,1
5,signals and outbreak reports to,1
5,and outbreak reports to guide,1
5,outbreak reports to guide communication,1
5,reports to guide communication and,1
5,to guide communication and interventions,1
5,guide communication and interventions individuals,1
5,communication and interventions individuals can,1
5,and interventions individuals can reduce,1
5,interventions individuals can reduce risk,1
5,individuals can reduce risk by,1
5,can reduce risk by considering,1
5,reduce risk by considering the,1
5,risk by considering the intensity,1
5,by considering the intensity of,1
5,considering the intensity of local,1
5,the intensity of local transmission,1
5,intensity of local transmission their,1
5,of local transmission their own,1
5,local transmission their own health,1
5,transmission their own health risks,1
5,their own health risks and,1
5,own health risks and the,1
5,health risks and the vulnerability,1
5,risks and the vulnerability of,1
5,and the vulnerability of people,1
5,the vulnerability of people around,1
5,vulnerability of people around them,1
5,covid-19 vaccination basic concepts covid-19,1
5,vaccination basic concepts covid-19 vaccines,1
5,basic concepts covid-19 vaccines are,1
5,concepts covid-19 vaccines are designed,1
5,covid-19 vaccines are designed to,1
5,vaccines are designed to stimulate,1
5,are designed to stimulate an,1
5,designed to stimulate an immune,1
5,to stimulate an immune response,1
5,stimulate an immune response against,1
5,an immune response against sars-cov-2,1
5,immune response against sars-cov-2 without,1
5,response against sars-cov-2 without requiring,1
5,against sars-cov-2 without requiring a,1
5,sars-cov-2 without requiring a person,1
5,without requiring a person to,1
5,requiring a person to experience,1
5,a person to experience the,1
5,person to experience the disease,1
5,to experience the disease itself,1
5,experience the disease itself different,1
5,the disease itself different vaccine,1
5,disease itself different vaccine platforms,1
5,itself different vaccine platforms can,1
5,different vaccine platforms can present,1
5,vaccine platforms can present viral,1
5,platforms can present viral information,1
5,can present viral information to,1
5,present viral information to the,1
5,viral information to the immune,1
5,information to the immune system,1
5,to the immune system in,1
5,the immune system in different,1
5,immune system in different ways,1
5,system in different ways after,1
5,in different ways after vaccination,1
5,different ways after vaccination immune,1
5,ways after vaccination immune cells,1
5,after vaccination immune cells can,1
5,vaccination immune cells can recognize,1
5,immune cells can recognize relevant,1
5,cells can recognize relevant viral,1
5,can recognize relevant viral components,1
5,recognize relevant viral components and,1
5,relevant viral components and mount,1
5,viral components and mount a,1
5,components and mount a faster,1
5,and mount a faster response,1
5,mount a faster response when,1
5,a faster response when exposed,1
5,faster response when exposed later,1
5,response when exposed later vaccination,1
5,when exposed later vaccination does,1
5,exposed later vaccination does not,1
5,later vaccination does not guarantee,1
5,vaccination does not guarantee that,1
5,does not guarantee that a,1
5,not guarantee that a person,1
5,guarantee that a person will,1
5,that a person will never,1
5,a person will never become,1
5,person will never become infected,1
5,will never become infected vaccine,1
5,never become infected vaccine effectiveness,1
5,become infected vaccine effectiveness varies,1
5,infected vaccine effectiveness varies by,1
5,vaccine effectiveness varies by outcome,1
5,effectiveness varies by outcome product,1
5,varies by outcome product population,1
5,by outcome product population time,1
5,outcome product population time since,1
5,product population time since vaccination,1
5,population time since vaccination and,1
5,time since vaccination and circulating,1
5,since vaccination and circulating variant,1
5,vaccination and circulating variant public-health,1
5,and circulating variant public-health evaluation,1
5,circulating variant public-health evaluation commonly,1
5,variant public-health evaluation commonly distinguishes,1
5,public-health evaluation commonly distinguishes protection,1
5,evaluation commonly distinguishes protection against,1
5,commonly distinguishes protection against infection,1
5,distinguishes protection against infection symptomatic,1
5,protection against infection symptomatic disease,1
5,against infection symptomatic disease hospitalization,1
5,infection symptomatic disease hospitalization and,1
5,symptomatic disease hospitalization and death,1
5,disease hospitalization and death these,1
5,hospitalization and death these outcomes,1
5,and death these outcomes should,1
5,death these outcomes should not,1
5,these outcomes should not be,1
5,outcomes should not be treated,1
5,should not be treated as,1
5,not be treated as interchangeable,1
5,be treated as interchangeable immunity,1
5,treated as interchangeable immunity can,1
5,as interchangeable immunity can change,1
5,interchangeable immunity can change over,1
5,immunity can change over time,1
5,can change over time previous,1
5,change over time previous infection,1
5,over time previous infection may,1
5,time previous infection may also,1
5,previous infection may also contribute,1
5,infection may also contribute to,1
5,may also contribute to immune,1
5,also contribute to immune protection,1
5,contribute to immune protection producing,1
5,to immune protection producing what,1
5,immune protection producing what researchers,1
5,protection producing what researchers often,1
5,producing what researchers often describe,1
5,what researchers often describe as,1
5,researchers often describe as hybrid,1
5,often describe as hybrid immunity,1
5,describe as hybrid immunity when,1
5,as hybrid immunity when vaccination,1
5,hybrid immunity when vaccination and,1
5,immunity when vaccination and infection,1
5,when vaccination and infection have,1
5,vaccination and infection have both,1
5,and infection have both occurred,1
5,infection have both occurred because,1
5,have both occurred because immunity,1
5,both occurred because immunity and,1
5,occurred because immunity and circulating,1
5,because immunity and circulating viruses,1
5,immunity and circulating viruses change,1
5,and circulating viruses change vaccination,1
5,circulating viruses change vaccination recommendations,1
5,viruses change vaccination recommendations may,1
5,change vaccination recommendations may be,1
5,vaccination recommendations may be updated,1
5,recommendations may be updated as,1
5,may be updated as evidence,1
5,be updated as evidence develops,1
5,updated as evidence develops when,1
5,as evidence develops when communicating,1
5,evidence develops when communicating about,1
5,develops when communicating about vaccines,1
5,when communicating about vaccines it,1
5,communicating about vaccines it is,1
5,about vaccines it is useful,1
5,vaccines it is useful to,1
5,it is useful to distinguish,1
5,is useful to distinguish relative,1
5,useful to distinguish relative risk,1
5,to distinguish relative risk absolute,1
5,distinguish relative risk absolute risk,1
5,relative risk absolute risk vaccine,1
5,risk absolute risk vaccine effectiveness,1
5,absolute risk vaccine effectiveness and,1
5,risk vaccine effectiveness and adverse-event,1
5,vaccine effectiveness and adverse-event rates,1
5,effectiveness and adverse-event rates a,1
5,and adverse-event rates a clear,1
5,adverse-event rates a clear explanation,1
5,rates a clear explanation should,1
5,a clear explanation should specify,1
5,clear explanation should specify the,1
5,explanation should specify the population,1
5,should specify the population comparison,1
5,specify the population comparison group,1
5,the population comparison group time,1
5,population comparison group time period,1
5,comparison group time period and,1
5,group time period and health,1
5,time period and health outcome,1
5,period and health outcome this,1
5,and health outcome this prevents,1
5,health outcome this prevents misleading,1
5,outcome this prevents misleading conclusions,1
5,this prevents misleading conclusions from,1
5,prevents misleading conclusions from a,1
5,misleading conclusions from a single,1
5,conclusions from a single percentage,1
5,from a single percentage or,1
5,a single percentage or isolated,1
5,single percentage or isolated statistic,1
5,evaluating vaccine effectiveness vaccine effectiveness,1
5,vaccine effectiveness vaccine effectiveness is,1
5,effectiveness vaccine effectiveness is usually,1
5,vaccine effectiveness is usually estimated,1
5,effectiveness is usually estimated by,1
5,is usually estimated by comparing,1
5,usually estimated by comparing disease,1
5,estimated by comparing disease outcomes,1
5,by comparing disease outcomes between,1
5,comparing disease outcomes between vaccinated,1
5,disease outcomes between vaccinated and,1
5,outcomes between vaccinated and comparison,1
5,between vaccinated and comparison groups,1
5,vaccinated and comparison groups under,1
5,and comparison groups under real-world,1
5,comparison groups under real-world conditions,1
5,groups under real-world conditions observational,1
5,under real-world conditions observational studies,1
5,real-world conditions observational studies may,1
5,conditions observational studies may use,1
5,observational studies may use cohort,1
5,studies may use cohort case-control,1
5,may use cohort case-control or,1
5,use cohort case-control or test-negative,1
5,cohort case-control or test-negative designs,1
5,case-control or test-negative designs researchers,1
5,or test-negative designs researchers must,1
5,test-negative designs researchers must account,1
5,designs researchers must account for,1
5,researchers must account for factors,1
5,must account for factors such,1
5,account for factors such as,1
5,for factors such as age,1
5,factors such as age prior,1
5,such as age prior infection,1
5,as age prior infection underlying,1
5,age prior infection underlying conditions,1
5,prior infection underlying conditions healthcare-seeking,1
5,infection underlying conditions healthcare-seeking behavior,1
5,underlying conditions healthcare-seeking behavior exposure,1
5,conditions healthcare-seeking behavior exposure patterns,1
5,healthcare-seeking behavior exposure patterns and,1
5,behavior exposure patterns and calendar,1
5,exposure patterns and calendar period,1
5,patterns and calendar period randomized,1
5,and calendar period randomized controlled,1
5,calendar period randomized controlled trials,1
5,period randomized controlled trials can,1
5,randomized controlled trials can provide,1
5,controlled trials can provide strong,1
5,trials can provide strong evidence,1
5,can provide strong evidence about,1
5,provide strong evidence about efficacy,1
5,strong evidence about efficacy under,1
5,evidence about efficacy under defined,1
5,about efficacy under defined study,1
5,efficacy under defined study conditions,1
5,under defined study conditions while,1
5,defined study conditions while observational,1
5,study conditions while observational studies,1
5,conditions while observational studies are,1
5,while observational studies are especially,1
5,observational studies are especially useful,1
5,studies are especially useful after,1
5,are especially useful after vaccines,1
5,especially useful after vaccines are,1
5,useful after vaccines are deployed,1
5,after vaccines are deployed at,1
5,vaccines are deployed at large,1
5,are deployed at large scale,1
5,deployed at large scale real-world,1
5,at large scale real-world effectiveness,1
5,large scale real-world effectiveness may,1
5,scale real-world effectiveness may differ,1
5,real-world effectiveness may differ from,1
5,effectiveness may differ from trial,1
5,may differ from trial efficacy,1
5,differ from trial efficacy because,1
5,from trial efficacy because populations,1
5,trial efficacy because populations exposure,1
5,efficacy because populations exposure levels,1
5,because populations exposure levels circulating,1
5,populations exposure levels circulating variants,1
5,exposure levels circulating variants and,1
5,levels circulating variants and vaccination,1
5,circulating variants and vaccination schedules,1
5,variants and vaccination schedules differ,1
5,and vaccination schedules differ a,1
5,vaccination schedules differ a useful,1
5,schedules differ a useful interpretation,1
5,differ a useful interpretation of,1
5,a useful interpretation of vaccine,1
5,useful interpretation of vaccine effectiveness,1
5,interpretation of vaccine effectiveness requires,1
5,of vaccine effectiveness requires knowing,1
5,vaccine effectiveness requires knowing the,1
5,effectiveness requires knowing the endpoint,1
5,requires knowing the endpoint for,1
5,knowing the endpoint for example,1
5,the endpoint for example effectiveness,1
5,endpoint for example effectiveness against,1
5,for example effectiveness against hospitalization,1
5,example effectiveness against hospitalization is,1
5,effectiveness against hospitalization is a,1
5,against hospitalization is a different,1
5,hospitalization is a different quantity,1
5,is a different quantity from,1
5,a different quantity from effectiveness,1
5,different quantity from effectiveness against,1
5,quantity from effectiveness against infection,1
5,from effectiveness against infection waning,1
5,effectiveness against infection waning protection,1
5,against infection waning protection may,1
5,infection waning protection may also,1
5,waning protection may also appear,1
5,protection may also appear differently,1
5,may also appear differently for,1
5,also appear differently for different,1
5,appear differently for different outcomes,1
5,differently for different outcomes researchers,1
5,for different outcomes researchers may,1
5,different outcomes researchers may stratify,1
5,outcomes researchers may stratify results,1
5,researchers may stratify results by,1
5,may stratify results by age,1
5,stratify results by age time,1
5,results by age time since,1
5,by age time since vaccination,1
5,age time since vaccination product,1
5,time since vaccination product or,1
5,since vaccination product or variant,1
5,vaccination product or variant period,1
5,product or variant period confounding,1
5,or variant period confounding and,1
5,variant period confounding and selection,1
5,period confounding and selection bias,1
5,confounding and selection bias are,1
5,and selection bias are important,1
5,selection bias are important limitations,1
5,bias are important limitations in,1
5,are important limitations in observational,1
5,important limitations in observational vaccine,1
5,limitations in observational vaccine studies,1
5,in observational vaccine studies statistical,1
5,observational vaccine studies statistical adjustment,1
5,vaccine studies statistical adjustment can,1
5,studies statistical adjustment can reduce,1
5,statistical adjustment can reduce some,1
5,adjustment can reduce some biases,1
5,can reduce some biases but,1
5,reduce some biases but it,1
5,some biases but it cannot,1
5,biases but it cannot guarantee,1
5,but it cannot guarantee that,1
5,it cannot guarantee that every,1
5,cannot guarantee that every relevant,1
5,guarantee that every relevant difference,1
5,that every relevant difference between,1
5,every relevant difference between groups,1
5,relevant difference between groups has,1
5,difference between groups has been,1
5,between groups has been measured,1
5,groups has been measured results,1
5,has been measured results should,1
5,been measured results should therefore,1
5,measured results should therefore be,1
5,results should therefore be interpreted,1
5,should therefore be interpreted in,1
5,therefore be interpreted in the,1
5,be interpreted in the context,1
5,interpreted in the context of,1
5,in the context of study,1
5,the context of study design,1
5,context of study design uncertainty,1
5,of study design uncertainty intervals,1
5,study design uncertainty intervals sample,1
5,design uncertainty intervals sample size,1
5,uncertainty intervals sample size and,1
5,intervals sample size and the,1
5,sample size and the population,1
5,size and the population studied,1
5,incidence and prevalence in infectious,1
5,and prevalence in infectious disease,1
5,prevalence in infectious disease epidemiology,1
5,in infectious disease epidemiology incidence,1
5,infectious disease epidemiology incidence and,1
5,disease epidemiology incidence and prevalence,1
5,epidemiology incidence and prevalence describe,1
5,incidence and prevalence describe different,1
5,and prevalence describe different aspects,1
5,prevalence describe different aspects of,1
5,describe different aspects of disease,1
5,different aspects of disease occurrence,1
5,aspects of disease occurrence incidence,1
5,of disease occurrence incidence focuses,1
5,disease occurrence incidence focuses on,1
5,occurrence incidence focuses on new,1
5,incidence focuses on new cases,1
5,focuses on new cases occurring,1
5,on new cases occurring in,1
5,new cases occurring in a,1
5,cases occurring in a population,1
5,occurring in a population during,1
5,in a population during a,1
5,a population during a specified,1
5,population during a specified period,1
5,during a specified period prevalence,1
5,a specified period prevalence describes,1
5,specified period prevalence describes the,1
5,period prevalence describes the proportion,1
5,prevalence describes the proportion of,1
5,describes the proportion of a,1
5,the proportion of a population,1
5,proportion of a population that,1
5,of a population that has,1
5,a population that has a,1
5,population that has a condition,1
5,that has a condition at,1
5,has a condition at a,1
5,a condition at a particular,1
5,condition at a particular time,1
5,at a particular time or,1
5,a particular time or over,1
5,particular time or over a,1
5,time or over a defined,1
5,or over a defined period,1
5,over a defined period for,1
5,a defined period for an,1
5,defined period for an infectious,1
5,period for an infectious disease,1
5,for an infectious disease incidence,1
5,an infectious disease incidence can,1
5,infectious disease incidence can help,1
5,disease incidence can help describe,1
5,incidence can help describe how,1
5,can help describe how quickly,1
5,help describe how quickly new,1
5,describe how quickly new infections,1
5,how quickly new infections are,1
5,quickly new infections are occurring,1
5,new infections are occurring prevalence,1
5,infections are occurring prevalence can,1
5,are occurring prevalence can reflect,1
5,occurring prevalence can reflect both,1
5,prevalence can reflect both new,1
5,can reflect both new cases,1
5,reflect both new cases and,1
5,both new cases and the,1
5,new cases and the duration,1
5,cases and the duration of,1
5,and the duration of illness,1
5,the duration of illness a,1
5,duration of illness a disease,1
5,of illness a disease with,1
5,illness a disease with short,1
5,a disease with short duration,1
5,disease with short duration may,1
5,with short duration may have,1
5,short duration may have substantial,1
5,duration may have substantial incidence,1
5,may have substantial incidence but,1
5,have substantial incidence but relatively,1
5,substantial incidence but relatively low,1
5,incidence but relatively low point,1
5,but relatively low point prevalence,1
5,relatively low point prevalence conversely,1
5,low point prevalence conversely a,1
5,point prevalence conversely a chronic,1
5,prevalence conversely a chronic condition,1
5,conversely a chronic condition can,1
5,a chronic condition can have,1
5,chronic condition can have lower,1
5,condition can have lower incidence,1
5,can have lower incidence but,1
5,have lower incidence but high,1
5,lower incidence but high prevalence,1
5,incidence but high prevalence because,1
5,but high prevalence because people,1
5,high prevalence because people remain,1
5,prevalence because people remain affected,1
5,because people remain affected for,1
5,people remain affected for long,1
5,remain affected for long periods,1
5,affected for long periods epidemiologists,1
5,for long periods epidemiologists define,1
5,long periods epidemiologists define the,1
5,periods epidemiologists define the population,1
5,epidemiologists define the population time,1
5,define the population time interval,1
5,the population time interval case,1
5,population time interval case definition,1
5,time interval case definition and,1
5,interval case definition and measurement,1
5,case definition and measurement method,1
5,definition and measurement method carefully,1
5,and measurement method carefully changes,1
5,measurement method carefully changes in,1
5,method carefully changes in testing,1
5,carefully changes in testing availability,1
5,changes in testing availability or,1
5,in testing availability or reporting,1
5,testing availability or reporting practices,1
5,availability or reporting practices can,1
5,or reporting practices can affect,1
5,reporting practices can affect observed,1
5,practices can affect observed incidence,1
5,can affect observed incidence without,1
5,affect observed incidence without representing,1
5,observed incidence without representing an,1
5,incidence without representing an equivalent,1
5,without representing an equivalent change,1
5,representing an equivalent change in,1
5,an equivalent change in true,1
5,equivalent change in true transmission,1
5,change in true transmission for,1
5,in true transmission for covid-19,1
5,true transmission for covid-19 widespread,1
5,transmission for covid-19 widespread changes,1
5,for covid-19 widespread changes in,1
5,covid-19 widespread changes in testing,1
5,widespread changes in testing behavior,1
5,changes in testing behavior made,1
5,in testing behavior made reported,1
5,testing behavior made reported case,1
5,behavior made reported case counts,1
5,made reported case counts difficult,1
5,reported case counts difficult to,1
5,case counts difficult to interpret,1
5,counts difficult to interpret in,1
5,difficult to interpret in isolation,1
5,to interpret in isolation during,1
5,interpret in isolation during some,1
5,in isolation during some periods,1
5,isolation during some periods other,1
5,during some periods other indicators,1
5,some periods other indicators including,1
5,periods other indicators including hospitalization,1
5,other indicators including hospitalization mortality,1
5,indicators including hospitalization mortality test,1
5,including hospitalization mortality test positivity,1
5,hospitalization mortality test positivity syndromic,1
5,mortality test positivity syndromic surveillance,1
5,test positivity syndromic surveillance and,1
5,positivity syndromic surveillance and wastewater,1
5,syndromic surveillance and wastewater measurements,1
5,surveillance and wastewater measurements can,1
5,and wastewater measurements can complement,1
5,wastewater measurements can complement reported,1
5,measurements can complement reported cases,1
5,can complement reported cases using,1
5,complement reported cases using multiple,1
5,reported cases using multiple indicators,1
5,cases using multiple indicators provides,1
5,using multiple indicators provides a,1
5,multiple indicators provides a broader,1
5,indicators provides a broader picture,1
5,provides a broader picture of,1
5,a broader picture of disease,1
5,broader picture of disease activity,1
5,reproduction numbers and outbreak growth,1
5,numbers and outbreak growth the,1
5,and outbreak growth the basic,1
5,outbreak growth the basic reproduction,1
5,growth the basic reproduction number,1
5,the basic reproduction number 0,1
5,basic reproduction number 0 describes,1
5,reproduction number 0 describes the,1
5,number 0 describes the average,1
5,0 describes the average number,1
5,describes the average number of,1
5,the average number of secondary,1
5,average number of secondary infections,1
5,number of secondary infections generated,1
5,of secondary infections generated by,1
5,secondary infections generated by a,1
5,infections generated by a typical,1
5,generated by a typical infectious,1
5,by a typical infectious individual,1
5,a typical infectious individual in,1
5,typical infectious individual in a,1
5,infectious individual in a fully,1
5,individual in a fully susceptible,1
5,in a fully susceptible population,1
5,a fully susceptible population under,1
5,fully susceptible population under specified,1
5,susceptible population under specified assumptions,1
5,population under specified assumptions it,1
5,under specified assumptions it is,1
5,specified assumptions it is a,1
5,assumptions it is a theoretical,1
5,it is a theoretical epidemiological,1
5,is a theoretical epidemiological quantity,1
5,a theoretical epidemiological quantity and,1
5,theoretical epidemiological quantity and should,1
5,epidemiological quantity and should not,1
5,quantity and should not be,1
5,and should not be interpreted,1
5,should not be interpreted as,1
5,not be interpreted as a,1
5,be interpreted as a fixed,1
5,interpreted as a fixed property,1
5,as a fixed property of,1
5,a fixed property of a,1
5,fixed property of a pathogen,1
5,property of a pathogen in,1
5,of a pathogen in every,1
5,a pathogen in every setting,1
5,pathogen in every setting the,1
5,in every setting the effective,1
5,every setting the effective reproduction,1
5,setting the effective reproduction number,1
5,the effective reproduction number often,1
5,effective reproduction number often written,1
5,reproduction number often written rt,1
5,number often written rt or,1
5,often written rt or re,1
5,written rt or re reflects,1
5,rt or re reflects transmission,1
5,or re reflects transmission under,1
5,re reflects transmission under current,1
5,reflects transmission under current conditions,1
5,transmission under current conditions vaccination,1
5,under current conditions vaccination prior,1
5,current conditions vaccination prior immunity,1
5,conditions vaccination prior immunity behavioral,1
5,vaccination prior immunity behavioral changes,1
5,prior immunity behavioral changes public-health,1
5,immunity behavioral changes public-health interventions,1
5,behavioral changes public-health interventions and,1
5,changes public-health interventions and population,1
5,public-health interventions and population structure,1
5,interventions and population structure can,1
5,and population structure can all,1
5,population structure can all affect,1
5,structure can all affect effective,1
5,can all affect effective transmission,1
5,all affect effective transmission when,1
5,affect effective transmission when the,1
5,effective transmission when the effective,1
5,transmission when the effective reproduction,1
5,when the effective reproduction number,1
5,the effective reproduction number is,1
5,effective reproduction number is above,1
5,reproduction number is above one,1
5,number is above one infections,1
5,is above one infections can,1
5,above one infections can increase,1
5,one infections can increase under,1
5,infections can increase under the,1
5,can increase under the relevant,1
5,increase under the relevant conditions,1
5,under the relevant conditions when,1
5,the relevant conditions when it,1
5,relevant conditions when it remains,1
5,conditions when it remains below,1
5,when it remains below one,1
5,it remains below one transmission,1
5,remains below one transmission tends,1
5,below one transmission tends to,1
5,one transmission tends to decline,1
5,transmission tends to decline estimating,1
5,tends to decline estimating reproduction,1
5,to decline estimating reproduction numbers,1
5,decline estimating reproduction numbers requires,1
5,estimating reproduction numbers requires assumptions,1
5,reproduction numbers requires assumptions and,1
5,numbers requires assumptions and data,1
5,requires assumptions and data delays,1
5,assumptions and data delays between,1
5,and data delays between infection,1
5,data delays between infection symptom,1
5,delays between infection symptom onset,1
5,between infection symptom onset testing,1
5,infection symptom onset testing reporting,1
5,symptom onset testing reporting and,1
5,onset testing reporting and hospitalization,1
5,testing reporting and hospitalization can,1
5,reporting and hospitalization can affect,1
5,and hospitalization can affect estimates,1
5,hospitalization can affect estimates analysts,1
5,can affect estimates analysts may,1
5,affect estimates analysts may therefore,1
5,estimates analysts may therefore use,1
5,analysts may therefore use statistical,1
5,may therefore use statistical models,1
5,therefore use statistical models and,1
5,use statistical models and nowcasting,1
5,statistical models and nowcasting methods,1
5,models and nowcasting methods to,1
5,and nowcasting methods to account,1
5,nowcasting methods to account for,1
5,methods to account for reporting,1
5,to account for reporting delays,1
5,account for reporting delays reproduction,1
5,for reporting delays reproduction numbers,1
5,reporting delays reproduction numbers should,1
5,delays reproduction numbers should be,1
5,reproduction numbers should be interpreted,1
5,numbers should be interpreted together,1
5,should be interpreted together with,1
5,be interpreted together with other,1
5,interpreted together with other indicators,1
5,together with other indicators a,1
5,with other indicators a single,1
5,other indicators a single estimate,1
5,indicators a single estimate can,1
5,a single estimate can be,1
5,single estimate can be uncertain,1
5,estimate can be uncertain especially,1
5,can be uncertain especially when,1
5,be uncertain especially when case,1
5,uncertain especially when case counts,1
5,especially when case counts are,1
5,when case counts are small,1
5,case counts are small or,1
5,counts are small or surveillance,1
5,are small or surveillance systems,1
5,small or surveillance systems are,1
5,or surveillance systems are changing,1
5,surveillance systems are changing the,1
5,systems are changing the same,1
5,are changing the same reproduction,1
5,changing the same reproduction number,1
5,the same reproduction number can,1
5,same reproduction number can also,1
5,reproduction number can also correspond,1
5,number can also correspond to,1
5,can also correspond to different,1
5,also correspond to different absolute,1
5,correspond to different absolute levels,1
5,to different absolute levels of,1
5,different absolute levels of disease,1
5,absolute levels of disease depending,1
5,levels of disease depending on,1
5,of disease depending on the,1
5,disease depending on the size,1
5,depending on the size and,1
5,on the size and immunity,1
5,the size and immunity of,1
5,size and immunity of the,1
5,and immunity of the population,1
5,contact tracing and exposure management,1
5,tracing and exposure management contact,1
5,and exposure management contact tracing,1
5,exposure management contact tracing is,1
5,management contact tracing is a,1
5,contact tracing is a public-health,1
5,tracing is a public-health process,1
5,is a public-health process used,1
5,a public-health process used to,1
5,public-health process used to identify,1
5,process used to identify people,1
5,used to identify people who,1
5,to identify people who may,1
5,identify people who may have,1
5,people who may have been,1
5,who may have been exposed,1
5,may have been exposed to,1
5,have been exposed to an,1
5,been exposed to an infectious,1
5,exposed to an infectious disease,1
5,to an infectious disease and,1
5,an infectious disease and provide,1
5,infectious disease and provide them,1
5,disease and provide them with,1
5,and provide them with relevant,1
5,provide them with relevant information,1
5,them with relevant information and,1
5,with relevant information and support,1
5,relevant information and support for,1
5,information and support for respiratory,1
5,and support for respiratory infections,1
5,support for respiratory infections contact,1
5,for respiratory infections contact definitions,1
5,respiratory infections contact definitions may,1
5,infections contact definitions may consider,1
5,contact definitions may consider proximity,1
5,definitions may consider proximity duration,1
5,may consider proximity duration setting,1
5,consider proximity duration setting and,1
5,proximity duration setting and timing,1
5,duration setting and timing relative,1
5,setting and timing relative to,1
5,and timing relative to infectiousness,1
5,timing relative to infectiousness a,1
5,relative to infectiousness a typical,1
5,to infectiousness a typical workflow,1
5,infectiousness a typical workflow includes,1
5,a typical workflow includes identifying,1
5,typical workflow includes identifying a,1
5,workflow includes identifying a confirmed,1
5,includes identifying a confirmed or,1
5,identifying a confirmed or probable,1
5,a confirmed or probable case,1
5,confirmed or probable case determining,1
5,or probable case determining the,1
5,probable case determining the period,1
5,case determining the period during,1
5,determining the period during which,1
5,the period during which transmission,1
5,period during which transmission could,1
5,during which transmission could have,1
5,which transmission could have occurred,1
5,transmission could have occurred interviewing,1
5,could have occurred interviewing the,1
5,have occurred interviewing the case,1
5,occurred interviewing the case when,1
5,interviewing the case when appropriate,1
5,the case when appropriate identifying,1
5,case when appropriate identifying contacts,1
5,when appropriate identifying contacts and,1
5,appropriate identifying contacts and communicating,1
5,identifying contacts and communicating recommended,1
5,contacts and communicating recommended actions,1
5,and communicating recommended actions digital,1
5,communicating recommended actions digital tools,1
5,recommended actions digital tools can,1
5,actions digital tools can assist,1
5,digital tools can assist with,1
5,tools can assist with notification,1
5,can assist with notification or,1
5,assist with notification or data,1
5,with notification or data management,1
5,notification or data management but,1
5,or data management but they,1
5,data management but they do,1
5,management but they do not,1
5,but they do not replace,1
5,they do not replace public-health,1
5,do not replace public-health judgment,1
5,not replace public-health judgment contact,1
5,replace public-health judgment contact tracing,1
5,public-health judgment contact tracing is,1
5,judgment contact tracing is most,1
5,contact tracing is most effective,1
5,tracing is most effective when,1
5,is most effective when cases,1
5,most effective when cases and,1
5,effective when cases and contacts,1
5,when cases and contacts can,1
5,cases and contacts can be,1
5,and contacts can be identified,1
5,contacts can be identified quickly,1
5,can be identified quickly and,1
5,be identified quickly and when,1
5,identified quickly and when people,1
5,quickly and when people have,1
5,and when people have access,1
5,when people have access to,1
5,people have access to testing,1
5,have access to testing healthcare,1
5,access to testing healthcare isolation,1
5,to testing healthcare isolation resources,1
5,testing healthcare isolation resources and,1
5,healthcare isolation resources and accurate,1
5,isolation resources and accurate information,1
5,resources and accurate information privacy,1
5,and accurate information privacy and,1
5,accurate information privacy and confidentiality,1
5,information privacy and confidentiality are,1
5,privacy and confidentiality are important,1
5,and confidentiality are important because,1
5,confidentiality are important because contact-tracing,1
5,are important because contact-tracing systems,1
5,important because contact-tracing systems handle,1
5,because contact-tracing systems handle sensitive,1
5,contact-tracing systems handle sensitive health,1
5,systems handle sensitive health and,1
5,handle sensitive health and exposure,1
5,sensitive health and exposure information,1
5,health and exposure information the,1
5,and exposure information the effectiveness,1
5,exposure information the effectiveness of,1
5,information the effectiveness of contact,1
5,the effectiveness of contact tracing,1
5,effectiveness of contact tracing can,1
5,of contact tracing can decrease,1
5,contact tracing can decrease when,1
5,tracing can decrease when community,1
5,can decrease when community transmission,1
5,decrease when community transmission is,1
5,when community transmission is extremely,1
5,community transmission is extremely high,1
5,transmission is extremely high when,1
5,is extremely high when many,1
5,extremely high when many infections,1
5,high when many infections are,1
5,when many infections are asymptomatic,1
5,many infections are asymptomatic or,1
5,infections are asymptomatic or when,1
5,are asymptomatic or when cases,1
5,asymptomatic or when cases cannot,1
5,or when cases cannot be,1
5,when cases cannot be identified,1
5,cases cannot be identified promptly,1
5,cannot be identified promptly in,1
5,be identified promptly in such,1
5,identified promptly in such situations,1
5,promptly in such situations broad,1
5,in such situations broad prevention,1
5,such situations broad prevention measures,1
5,situations broad prevention measures and,1
5,broad prevention measures and community,1
5,prevention measures and community surveillance,1
5,measures and community surveillance may,1
5,and community surveillance may be,1
5,community surveillance may be more,1
5,surveillance may be more practical,1
5,may be more practical complements,1
5,wastewater surveillance for respiratory viruses,1
5,surveillance for respiratory viruses wastewater,1
5,for respiratory viruses wastewater surveillance,1
5,respiratory viruses wastewater surveillance analyzes,1
5,viruses wastewater surveillance analyzes biological,1
5,wastewater surveillance analyzes biological material,1
5,surveillance analyzes biological material in,1
5,analyzes biological material in sewage,1
5,biological material in sewage to,1
5,material in sewage to estimate,1
5,in sewage to estimate the,1
5,sewage to estimate the presence,1
5,to estimate the presence or,1
5,estimate the presence or trends,1
5,the presence or trends of,1
5,presence or trends of infectious,1
5,or trends of infectious agents,1
5,trends of infectious agents within,1
5,of infectious agents within a,1
5,infectious agents within a community,1
5,agents within a community because,1
5,within a community because infected,1
5,a community because infected individuals,1
5,community because infected individuals can,1
5,because infected individuals can shed,1
5,infected individuals can shed viral,1
5,individuals can shed viral genetic,1
5,can shed viral genetic material,1
5,shed viral genetic material into,1
5,viral genetic material into wastewater,1
5,genetic material into wastewater wastewater,1
5,material into wastewater wastewater measurements,1
5,into wastewater wastewater measurements can,1
5,wastewater wastewater measurements can provide,1
5,wastewater measurements can provide population-level,1
5,measurements can provide population-level information,1
5,can provide population-level information that,1
5,provide population-level information that does,1
5,population-level information that does not,1
5,information that does not depend,1
5,that does not depend on,1
5,does not depend on every,1
5,not depend on every infected,1
5,depend on every infected person,1
5,on every infected person seeking,1
5,every infected person seeking a,1
5,infected person seeking a clinical,1
5,person seeking a clinical test,1
5,seeking a clinical test wastewater,1
5,a clinical test wastewater surveillance,1
5,clinical test wastewater surveillance can,1
5,test wastewater surveillance can be,1
5,wastewater surveillance can be especially,1
5,surveillance can be especially useful,1
5,can be especially useful when,1
5,be especially useful when individual,1
5,especially useful when individual testing,1
5,useful when individual testing declines,1
5,when individual testing declines trends,1
5,individual testing declines trends may,1
5,testing declines trends may provide,1
5,declines trends may provide an,1
5,trends may provide an early,1
5,may provide an early signal,1
5,provide an early signal of,1
5,an early signal of changing,1
5,early signal of changing transmission,1
5,signal of changing transmission although,1
5,of changing transmission although the,1
5,changing transmission although the relationship,1
5,transmission although the relationship between,1
5,although the relationship between wastewater,1
5,the relationship between wastewater concentration,1
5,relationship between wastewater concentration and,1
5,between wastewater concentration and the,1
5,wastewater concentration and the exact,1
5,concentration and the exact number,1
5,and the exact number of,1
5,the exact number of infections,1
5,exact number of infections is,1
5,number of infections is not,1
5,of infections is not straightforward,1
5,infections is not straightforward interpretation,1
5,is not straightforward interpretation requires,1
5,not straightforward interpretation requires attention,1
5,straightforward interpretation requires attention to,1
5,interpretation requires attention to sampling,1
5,requires attention to sampling location,1
5,attention to sampling location population,1
5,to sampling location population served,1
5,sampling location population served by,1
5,location population served by the,1
5,population served by the treatment,1
5,served by the treatment system,1
5,by the treatment system rainfall,1
5,the treatment system rainfall and,1
5,treatment system rainfall and dilution,1
5,system rainfall and dilution laboratory,1
5,rainfall and dilution laboratory methods,1
5,and dilution laboratory methods sampling,1
5,dilution laboratory methods sampling frequency,1
5,laboratory methods sampling frequency and,1
5,methods sampling frequency and changes,1
5,sampling frequency and changes in,1
5,frequency and changes in shedding,1
5,and changes in shedding patterns,1
5,changes in shedding patterns wastewater,1
5,in shedding patterns wastewater data,1
5,shedding patterns wastewater data are,1
5,patterns wastewater data are most,1
5,wastewater data are most useful,1
5,data are most useful when,1
5,are most useful when combined,1
5,most useful when combined with,1
5,useful when combined with clinical,1
5,when combined with clinical surveillance,1
5,combined with clinical surveillance hospital,1
5,with clinical surveillance hospital data,1
5,clinical surveillance hospital data and,1
5,surveillance hospital data and other,1
5,hospital data and other epidemiological,1
5,data and other epidemiological indicators,1
5,and other epidemiological indicators wastewater,1
5,other epidemiological indicators wastewater surveillance,1
5,epidemiological indicators wastewater surveillance generally,1
5,indicators wastewater surveillance generally does,1
5,wastewater surveillance generally does not,1
5,surveillance generally does not identify,1
5,generally does not identify individual,1
5,does not identify individual infected,1
5,not identify individual infected people,1
5,identify individual infected people its,1
5,individual infected people its population-level,1
5,infected people its population-level nature,1
5,people its population-level nature can,1
5,its population-level nature can therefore,1
5,population-level nature can therefore complement,1
5,nature can therefore complement other,1
5,can therefore complement other surveillance,1
5,therefore complement other surveillance systems,1
5,complement other surveillance systems while,1
5,other surveillance systems while reducing,1
5,surveillance systems while reducing dependence,1
5,systems while reducing dependence on,1
5,while reducing dependence on individual,1
5,reducing dependence on individual testing,1
5,dependence on individual testing it,1
5,on individual testing it is,1
5,individual testing it is a,1
5,testing it is a monitoring,1
5,it is a monitoring tool,1
5,is a monitoring tool rather,1
5,a monitoring tool rather than,1
5,monitoring tool rather than a,1
5,tool rather than a direct,1
5,rather than a direct diagnostic,1
5,than a direct diagnostic test,1
5,a direct diagnostic test for,1
5,direct diagnostic test for an,1
5,diagnostic test for an individual,1
5,sars-cov-2 variant surveillance variant surveillance,1
5,variant surveillance variant surveillance monitors,1
5,surveillance variant surveillance monitors genetic,1
5,variant surveillance monitors genetic changes,1
5,surveillance monitors genetic changes in,1
5,monitors genetic changes in sars-cov-2,1
5,genetic changes in sars-cov-2 and,1
5,changes in sars-cov-2 and assesses,1
5,in sars-cov-2 and assesses whether,1
5,sars-cov-2 and assesses whether emerging,1
5,and assesses whether emerging lineages,1
5,assesses whether emerging lineages have,1
5,whether emerging lineages have characteristics,1
5,emerging lineages have characteristics relevant,1
5,lineages have characteristics relevant to,1
5,have characteristics relevant to public,1
5,characteristics relevant to public health,1
5,relevant to public health sequencing,1
5,to public health sequencing can,1
5,public health sequencing can identify,1
5,health sequencing can identify viral,1
5,sequencing can identify viral lineages,1
5,can identify viral lineages from,1
5,identify viral lineages from selected,1
5,viral lineages from selected clinical,1
5,lineages from selected clinical specimens,1
5,from selected clinical specimens while,1
5,selected clinical specimens while genomic,1
5,clinical specimens while genomic databases,1
5,specimens while genomic databases allow,1
5,while genomic databases allow laboratories,1
5,genomic databases allow laboratories and,1
5,databases allow laboratories and researchers,1
5,allow laboratories and researchers to,1
5,laboratories and researchers to compare,1
5,and researchers to compare sequences,1
5,researchers to compare sequences over,1
5,to compare sequences over time,1
5,compare sequences over time and,1
5,sequences over time and across,1
5,over time and across locations,1
5,time and across locations a,1
5,and across locations a newly,1
5,across locations a newly detected,1
5,locations a newly detected mutation,1
5,a newly detected mutation does,1
5,newly detected mutation does not,1
5,detected mutation does not automatically,1
5,mutation does not automatically mean,1
5,does not automatically mean that,1
5,not automatically mean that a,1
5,automatically mean that a variant,1
5,mean that a variant is,1
5,that a variant is more,1
5,a variant is more transmissible,1
5,variant is more transmissible or,1
5,is more transmissible or more,1
5,more transmissible or more severe,1
5,transmissible or more severe researchers,1
5,or more severe researchers evaluate,1
5,more severe researchers evaluate changes,1
5,severe researchers evaluate changes using,1
5,researchers evaluate changes using laboratory,1
5,evaluate changes using laboratory studies,1
5,changes using laboratory studies epidemiological,1
5,using laboratory studies epidemiological data,1
5,laboratory studies epidemiological data clinical,1
5,studies epidemiological data clinical outcomes,1
5,epidemiological data clinical outcomes and,1
5,data clinical outcomes and population-level,1
5,clinical outcomes and population-level observations,1
5,outcomes and population-level observations multiple,1
5,and population-level observations multiple mutations,1
5,population-level observations multiple mutations can,1
5,observations multiple mutations can occur,1
5,multiple mutations can occur together,1
5,mutations can occur together and,1
5,can occur together and the,1
5,occur together and the biological,1
5,together and the biological effect,1
5,and the biological effect of,1
5,the biological effect of a,1
5,biological effect of a mutation,1
5,effect of a mutation depends,1
5,of a mutation depends on,1
5,a mutation depends on its,1
5,mutation depends on its location,1
5,depends on its location and,1
5,on its location and context,1
5,its location and context variant,1
5,location and context variant surveillance,1
5,and context variant surveillance helps,1
5,context variant surveillance helps public-health,1
5,variant surveillance helps public-health agencies,1
5,surveillance helps public-health agencies detect,1
5,helps public-health agencies detect changes,1
5,public-health agencies detect changes that,1
5,agencies detect changes that may,1
5,detect changes that may affect,1
5,changes that may affect diagnostics,1
5,that may affect diagnostics therapeutics,1
5,may affect diagnostics therapeutics vaccines,1
5,affect diagnostics therapeutics vaccines or,1
5,diagnostics therapeutics vaccines or transmission,1
5,therapeutics vaccines or transmission patterns,1
5,vaccines or transmission patterns however,1
5,or transmission patterns however sequencing,1
5,transmission patterns however sequencing samples,1
5,patterns however sequencing samples are,1
5,however sequencing samples are not,1
5,sequencing samples are not always,1
5,samples are not always representative,1
5,are not always representative of,1
5,not always representative of all,1
5,always representative of all infections,1
5,representative of all infections differences,1
5,of all infections differences in,1
5,all infections differences in sampling,1
5,infections differences in sampling and,1
5,differences in sampling and sequencing,1
5,in sampling and sequencing capacity,1
5,sampling and sequencing capacity can,1
5,and sequencing capacity can influence,1
5,sequencing capacity can influence which,1
5,capacity can influence which variants,1
5,can influence which variants are,1
5,influence which variants are observed,1
5,which variants are observed genomic,1
5,variants are observed genomic surveillance,1
5,are observed genomic surveillance works,1
5,observed genomic surveillance works best,1
5,genomic surveillance works best when,1
5,surveillance works best when linked,1
5,works best when linked with,1
5,best when linked with epidemiological,1
5,when linked with epidemiological and,1
5,linked with epidemiological and clinical,1
5,with epidemiological and clinical information,1
5,epidemiological and clinical information sequence,1
5,and clinical information sequence data,1
5,clinical information sequence data can,1
5,information sequence data can identify,1
5,sequence data can identify what,1
5,data can identify what is,1
5,can identify what is circulating,1
5,identify what is circulating while,1
5,what is circulating while other,1
5,is circulating while other datasets,1
5,circulating while other datasets help,1
5,while other datasets help determine,1
5,other datasets help determine the,1
5,datasets help determine the practical,1
5,help determine the practical public-health,1
5,determine the practical public-health significance,1
5,the practical public-health significance of,1
5,practical public-health significance of those,1
5,public-health significance of those lineages,1
5,infectious disease outbreak investigation an,1
5,disease outbreak investigation an outbreak,1
5,outbreak investigation an outbreak investigation,1
5,investigation an outbreak investigation seeks,1
5,an outbreak investigation seeks to,1
5,outbreak investigation seeks to determine,1
5,investigation seeks to determine whether,1
5,seeks to determine whether an,1
5,to determine whether an unusual,1
5,determine whether an unusual increase,1
5,whether an unusual increase in,1
5,an unusual increase in disease,1
5,unusual increase in disease has,1
5,increase in disease has occurred,1
5,in disease has occurred characterize,1
5,disease has occurred characterize affected,1
5,has occurred characterize affected people,1
5,occurred characterize affected people and,1
5,characterize affected people and settings,1
5,affected people and settings identify,1
5,people and settings identify likely,1
5,and settings identify likely sources,1
5,settings identify likely sources or,1
5,identify likely sources or transmission,1
5,likely sources or transmission routes,1
5,sources or transmission routes and,1
5,or transmission routes and guide,1
5,transmission routes and guide control,1
5,routes and guide control measures,1
5,and guide control measures the,1
5,guide control measures the investigation,1
5,control measures the investigation begins,1
5,measures the investigation begins with,1
5,the investigation begins with a,1
5,investigation begins with a clear,1
5,begins with a clear case,1
5,with a clear case definition,1
5,a clear case definition and,1
5,clear case definition and confirmation,1
5,case definition and confirmation that,1
5,definition and confirmation that the,1
5,and confirmation that the observed,1
5,confirmation that the observed increase,1
5,that the observed increase is,1
5,the observed increase is greater,1
5,observed increase is greater than,1
5,increase is greater than expected,1
5,is greater than expected investigators,1
5,greater than expected investigators construct,1
5,than expected investigators construct descriptive,1
5,expected investigators construct descriptive summaries,1
5,investigators construct descriptive summaries by,1
5,construct descriptive summaries by time,1
5,descriptive summaries by time place,1
5,summaries by time place and,1
5,by time place and person,1
5,time place and person an,1
5,place and person an epidemic,1
5,and person an epidemic curve,1
5,person an epidemic curve can,1
5,an epidemic curve can show,1
5,epidemic curve can show the,1
5,curve can show the timing,1
5,can show the timing of,1
5,show the timing of illness,1
5,the timing of illness onset,1
5,timing of illness onset and,1
5,of illness onset and may,1
5,illness onset and may provide,1
5,onset and may provide clues,1
5,and may provide clues about,1
5,may provide clues about the,1
5,provide clues about the type,1
5,clues about the type of,1
5,about the type of exposure,1
5,the type of exposure mapping,1
5,type of exposure mapping cases,1
5,of exposure mapping cases can,1
5,exposure mapping cases can identify,1
5,mapping cases can identify geographic,1
5,cases can identify geographic clustering,1
5,can identify geographic clustering while,1
5,identify geographic clustering while demographic,1
5,geographic clustering while demographic analysis,1
5,clustering while demographic analysis can,1
5,while demographic analysis can reveal,1
5,demographic analysis can reveal differences,1
5,analysis can reveal differences by,1
5,can reveal differences by age,1
5,reveal differences by age occupation,1
5,differences by age occupation or,1
5,by age occupation or other,1
5,age occupation or other characteristics,1
5,occupation or other characteristics analytical,1
5,or other characteristics analytical epidemiology,1
5,other characteristics analytical epidemiology may,1
5,characteristics analytical epidemiology may compare,1
5,analytical epidemiology may compare exposures,1
5,epidemiology may compare exposures among,1
5,may compare exposures among cases,1
5,compare exposures among cases and,1
5,exposures among cases and controls,1
5,among cases and controls or,1
5,cases and controls or among,1
5,and controls or among exposed,1
5,controls or among exposed and,1
5,or among exposed and unexposed,1
5,among exposed and unexposed groups,1
5,exposed and unexposed groups investigators,1
5,and unexposed groups investigators must,1
5,unexposed groups investigators must consider,1
5,groups investigators must consider recall,1
5,investigators must consider recall bias,1
5,must consider recall bias selection,1
5,consider recall bias selection bias,1
5,recall bias selection bias confounding,1
5,bias selection bias confounding and,1
5,selection bias confounding and incomplete,1
5,bias confounding and incomplete reporting,1
5,confounding and incomplete reporting laboratory,1
5,and incomplete reporting laboratory testing,1
5,incomplete reporting laboratory testing and,1
5,reporting laboratory testing and genomic,1
5,laboratory testing and genomic sequencing,1
5,testing and genomic sequencing can,1
5,and genomic sequencing can provide,1
5,genomic sequencing can provide additional,1
5,sequencing can provide additional evidence,1
5,can provide additional evidence control,1
5,provide additional evidence control measures,1
5,additional evidence control measures should,1
5,evidence control measures should not,1
5,control measures should not necessarily,1
5,measures should not necessarily wait,1
5,should not necessarily wait until,1
5,not necessarily wait until every,1
5,necessarily wait until every scientific,1
5,wait until every scientific question,1
5,until every scientific question is,1
5,every scientific question is resolved,1
5,scientific question is resolved depending,1
5,question is resolved depending on,1
5,is resolved depending on the,1
5,resolved depending on the pathogen,1
5,depending on the pathogen and,1
5,on the pathogen and circumstances,1
5,the pathogen and circumstances measures,1
5,pathogen and circumstances measures can,1
5,and circumstances measures can include,1
5,circumstances measures can include isolation,1
5,measures can include isolation vaccination,1
5,can include isolation vaccination environmental,1
5,include isolation vaccination environmental controls,1
5,isolation vaccination environmental controls communication,1
5,vaccination environmental controls communication testing,1
5,environmental controls communication testing and,1
5,controls communication testing and targeted,1
5,communication testing and targeted restrictions,1
5,testing and targeted restrictions investigators,1
5,and targeted restrictions investigators continue,1
5,targeted restrictions investigators continue evaluating,1
5,restrictions investigators continue evaluating the,1
5,investigators continue evaluating the outbreak,1
5,continue evaluating the outbreak as,1
5,evaluating the outbreak as new,1
5,the outbreak as new evidence,1
5,outbreak as new evidence becomes,1
5,as new evidence becomes available,1
5,public health surveillance systems public,1
5,health surveillance systems public health,1
5,surveillance systems public health surveillance,1
5,systems public health surveillance is,1
5,public health surveillance is the,1
5,health surveillance is the continuous,1
5,surveillance is the continuous and,1
5,is the continuous and systematic,1
5,the continuous and systematic collection,1
5,continuous and systematic collection analysis,1
5,and systematic collection analysis interpretation,1
5,systematic collection analysis interpretation and,1
5,collection analysis interpretation and dissemination,1
5,analysis interpretation and dissemination of,1
5,interpretation and dissemination of health,1
5,and dissemination of health information,1
5,dissemination of health information for,1
5,of health information for action,1
5,health information for action surveillance,1
5,information for action surveillance systems,1
5,for action surveillance systems can,1
5,action surveillance systems can monitor,1
5,surveillance systems can monitor infectious,1
5,systems can monitor infectious diseases,1
5,can monitor infectious diseases through,1
5,monitor infectious diseases through case,1
5,infectious diseases through case reports,1
5,diseases through case reports laboratory,1
5,through case reports laboratory results,1
5,case reports laboratory results hospital,1
5,reports laboratory results hospital records,1
5,laboratory results hospital records mortality,1
5,results hospital records mortality data,1
5,hospital records mortality data syndromic,1
5,records mortality data syndromic indicators,1
5,mortality data syndromic indicators sentinel,1
5,data syndromic indicators sentinel sites,1
5,syndromic indicators sentinel sites and,1
5,indicators sentinel sites and community-level,1
5,sentinel sites and community-level measurements,1
5,sites and community-level measurements a,1
5,and community-level measurements a surveillance,1
5,community-level measurements a surveillance system,1
5,measurements a surveillance system begins,1
5,a surveillance system begins with,1
5,surveillance system begins with a,1
5,system begins with a defined,1
5,begins with a defined objective,1
5,with a defined objective the,1
5,a defined objective the case,1
5,defined objective the case definition,1
5,objective the case definition determines,1
5,the case definition determines which,1
5,case definition determines which events,1
5,definition determines which events are,1
5,determines which events are counted,1
5,which events are counted while,1
5,events are counted while reporting,1
5,are counted while reporting rules,1
5,counted while reporting rules specify,1
5,while reporting rules specify how,1
5,reporting rules specify how and,1
5,rules specify how and when,1
5,specify how and when information,1
5,how and when information is,1
5,and when information is submitted,1
5,when information is submitted data,1
5,information is submitted data quality,1
5,is submitted data quality depends,1
5,submitted data quality depends on,1
5,data quality depends on completeness,1
5,quality depends on completeness timeliness,1
5,depends on completeness timeliness consistency,1
5,on completeness timeliness consistency and,1
5,completeness timeliness consistency and representativeness,1
5,timeliness consistency and representativeness passive,1
5,consistency and representativeness passive surveillance,1
5,and representativeness passive surveillance relies,1
5,representativeness passive surveillance relies on,1
5,passive surveillance relies on routine,1
5,surveillance relies on routine reporting,1
5,relies on routine reporting and,1
5,on routine reporting and can,1
5,routine reporting and can be,1
5,reporting and can be relatively,1
5,and can be relatively efficient,1
5,can be relatively efficient but,1
5,be relatively efficient but may,1
5,relatively efficient but may miss,1
5,efficient but may miss cases,1
5,but may miss cases active,1
5,may miss cases active surveillance,1
5,miss cases active surveillance involves,1
5,cases active surveillance involves more,1
5,active surveillance involves more direct,1
5,surveillance involves more direct efforts,1
5,involves more direct efforts to,1
5,more direct efforts to identify,1
5,direct efforts to identify cases,1
5,efforts to identify cases and,1
5,to identify cases and can,1
5,identify cases and can improve,1
5,cases and can improve completeness,1
5,and can improve completeness at,1
5,can improve completeness at greater,1
5,improve completeness at greater cost,1
5,completeness at greater cost sentinel,1
5,at greater cost sentinel surveillance,1
5,greater cost sentinel surveillance collects,1
5,cost sentinel surveillance collects detailed,1
5,sentinel surveillance collects detailed information,1
5,surveillance collects detailed information from,1
5,collects detailed information from selected,1
5,detailed information from selected sites,1
5,information from selected sites and,1
5,from selected sites and may,1
5,selected sites and may be,1
5,sites and may be useful,1
5,and may be useful for,1
5,may be useful for monitoring,1
5,be useful for monitoring trends,1
5,useful for monitoring trends surveillance,1
5,for monitoring trends surveillance data,1
5,monitoring trends surveillance data should,1
5,trends surveillance data should be,1
5,surveillance data should be interpreted,1
5,data should be interpreted carefully,1
5,should be interpreted carefully changes,1
5,be interpreted carefully changes in,1
5,interpreted carefully changes in reporting,1
5,carefully changes in reporting systems,1
5,changes in reporting systems testing,1
5,in reporting systems testing practices,1
5,reporting systems testing practices healthcare,1
5,systems testing practices healthcare access,1
5,testing practices healthcare access or,1
5,practices healthcare access or case,1
5,healthcare access or case definitions,1
5,access or case definitions can,1
5,or case definitions can create,1
5,case definitions can create apparent,1
5,definitions can create apparent changes,1
5,can create apparent changes that,1
5,create apparent changes that are,1
5,apparent changes that are not,1
5,changes that are not purely,1
5,that are not purely epidemiological,1
5,are not purely epidemiological public-health,1
5,not purely epidemiological public-health decision-making,1
5,purely epidemiological public-health decision-making therefore,1
5,epidemiological public-health decision-making therefore benefits,1
5,public-health decision-making therefore benefits from,1
5,decision-making therefore benefits from triangulating,1
5,therefore benefits from triangulating multiple,1
5,benefits from triangulating multiple data,1
5,from triangulating multiple data sources,1
5,infection prevention in healthcare settings,1
5,prevention in healthcare settings healthcare,1
5,in healthcare settings healthcare facilities,1
5,healthcare settings healthcare facilities require,1
5,settings healthcare facilities require layered,1
5,healthcare facilities require layered infection-prevention,1
5,facilities require layered infection-prevention measures,1
5,require layered infection-prevention measures because,1
5,layered infection-prevention measures because patients,1
5,infection-prevention measures because patients and,1
5,measures because patients and healthcare,1
5,because patients and healthcare workers,1
5,patients and healthcare workers may,1
5,and healthcare workers may encounter,1
5,healthcare workers may encounter infectious,1
5,workers may encounter infectious individuals,1
5,may encounter infectious individuals in,1
5,encounter infectious individuals in close-contact,1
5,infectious individuals in close-contact environments,1
5,individuals in close-contact environments core,1
5,in close-contact environments core practices,1
5,close-contact environments core practices include,1
5,environments core practices include hand,1
5,core practices include hand hygiene,1
5,practices include hand hygiene appropriate,1
5,include hand hygiene appropriate use,1
5,hand hygiene appropriate use of,1
5,hygiene appropriate use of personal,1
5,appropriate use of personal protective,1
5,use of personal protective equipment,1
5,of personal protective equipment environmental,1
5,personal protective equipment environmental cleaning,1
5,protective equipment environmental cleaning respiratory,1
5,equipment environmental cleaning respiratory hygiene,1
5,environmental cleaning respiratory hygiene and,1
5,cleaning respiratory hygiene and safe,1
5,respiratory hygiene and safe patient,1
5,hygiene and safe patient placement,1
5,and safe patient placement administrative,1
5,safe patient placement administrative measures,1
5,patient placement administrative measures can,1
5,placement administrative measures can include,1
5,administrative measures can include screening,1
5,measures can include screening or,1
5,can include screening or triage,1
5,include screening or triage procedures,1
5,screening or triage procedures staff,1
5,or triage procedures staff training,1
5,triage procedures staff training vaccination,1
5,procedures staff training vaccination programs,1
5,staff training vaccination programs and,1
5,training vaccination programs and policies,1
5,vaccination programs and policies for,1
5,programs and policies for managing,1
5,and policies for managing symptomatic,1
5,policies for managing symptomatic healthcare,1
5,for managing symptomatic healthcare workers,1
5,managing symptomatic healthcare workers engineering,1
5,symptomatic healthcare workers engineering controls,1
5,healthcare workers engineering controls include,1
5,workers engineering controls include ventilation,1
5,engineering controls include ventilation physical,1
5,controls include ventilation physical separation,1
5,include ventilation physical separation and,1
5,ventilation physical separation and room,1
5,physical separation and room design,1
5,separation and room design personal,1
5,and room design personal protective,1
5,room design personal protective equipment,1
5,design personal protective equipment is,1
5,personal protective equipment is selected,1
5,protective equipment is selected according,1
5,equipment is selected according to,1
5,is selected according to the,1
5,selected according to the anticipated,1
5,according to the anticipated exposure,1
5,to the anticipated exposure and,1
5,the anticipated exposure and task,1
5,anticipated exposure and task infection,1
5,exposure and task infection prevention,1
5,and task infection prevention programs,1
5,task infection prevention programs also,1
5,infection prevention programs also depend,1
5,prevention programs also depend on,1
5,programs also depend on monitoring,1
5,also depend on monitoring facilities,1
5,depend on monitoring facilities can,1
5,on monitoring facilities can track,1
5,monitoring facilities can track healthcare-associated,1
5,facilities can track healthcare-associated infections,1
5,can track healthcare-associated infections respiratory,1
5,track healthcare-associated infections respiratory illness,1
5,healthcare-associated infections respiratory illness among,1
5,infections respiratory illness among staff,1
5,respiratory illness among staff compliance,1
5,illness among staff compliance with,1
5,among staff compliance with selected,1
5,staff compliance with selected practices,1
5,compliance with selected practices and,1
5,with selected practices and environmental,1
5,selected practices and environmental indicators,1
5,practices and environmental indicators training,1
5,and environmental indicators training should,1
5,environmental indicators training should be,1
5,indicators training should be repeated,1
5,training should be repeated and,1
5,should be repeated and adapted,1
5,be repeated and adapted when,1
5,repeated and adapted when evidence,1
5,and adapted when evidence or,1
5,adapted when evidence or recommendations,1
5,when evidence or recommendations change,1
5,evidence or recommendations change no,1
5,or recommendations change no single,1
5,recommendations change no single control,1
5,change no single control is,1
5,no single control is sufficient,1
5,single control is sufficient in,1
5,control is sufficient in every,1
5,is sufficient in every situation,1
5,sufficient in every situation layered,1
5,in every situation layered prevention,1
5,every situation layered prevention reduces,1
5,situation layered prevention reduces reliance,1
5,layered prevention reduces reliance on,1
5,prevention reduces reliance on one,1
5,reduces reliance on one barrier,1
5,reliance on one barrier and,1
5,on one barrier and can,1
5,one barrier and can be,1
5,barrier and can be adapted,1
5,and can be adapted according,1
5,can be adapted according to,1
5,be adapted according to the,1
5,adapted according to the pathogen,1
5,according to the pathogen transmission,1
5,to the pathogen transmission route,1
5,the pathogen transmission route patient,1
5,pathogen transmission route patient population,1
5,transmission route patient population and,1
5,route patient population and local,1
5,patient population and local outbreak,1
5,population and local outbreak conditions,1
5,vaccine safety and adverse event,1
5,safety and adverse event monitoring,1
5,and adverse event monitoring vaccine,1
5,adverse event monitoring vaccine safety,1
5,event monitoring vaccine safety monitoring,1
5,monitoring vaccine safety monitoring continues,1
5,vaccine safety monitoring continues after,1
5,safety monitoring continues after vaccines,1
5,monitoring continues after vaccines are,1
5,continues after vaccines are authorized,1
5,after vaccines are authorized or,1
5,vaccines are authorized or licensed,1
5,are authorized or licensed because,1
5,authorized or licensed because very,1
5,or licensed because very rare,1
5,licensed because very rare adverse,1
5,because very rare adverse events,1
5,very rare adverse events may,1
5,rare adverse events may only,1
5,adverse events may only become,1
5,events may only become detectable,1
5,may only become detectable when,1
5,only become detectable when millions,1
5,become detectable when millions of,1
5,detectable when millions of doses,1
5,when millions of doses are,1
5,millions of doses are administered,1
5,of doses are administered surveillance,1
5,doses are administered surveillance systems,1
5,are administered surveillance systems collect,1
5,administered surveillance systems collect reports,1
5,surveillance systems collect reports of,1
5,systems collect reports of health,1
5,collect reports of health events,1
5,reports of health events that,1
5,of health events that occur,1
5,health events that occur after,1
5,events that occur after vaccination,1
5,that occur after vaccination and,1
5,occur after vaccination and investigate,1
5,after vaccination and investigate signals,1
5,vaccination and investigate signals that,1
5,and investigate signals that may,1
5,investigate signals that may indicate,1
5,signals that may indicate a,1
5,that may indicate a potential,1
5,may indicate a potential association,1
5,indicate a potential association an,1
5,a potential association an adverse,1
5,potential association an adverse event,1
5,association an adverse event following,1
5,an adverse event following immunization,1
5,adverse event following immunization is,1
5,event following immunization is not,1
5,following immunization is not automatically,1
5,immunization is not automatically caused,1
5,is not automatically caused by,1
5,not automatically caused by the,1
5,automatically caused by the vaccine,1
5,caused by the vaccine the,1
5,by the vaccine the event,1
5,the vaccine the event may,1
5,vaccine the event may be,1
5,the event may be coincidental,1
5,event may be coincidental associated,1
5,may be coincidental associated with,1
5,be coincidental associated with another,1
5,coincidental associated with another medical,1
5,associated with another medical condition,1
5,with another medical condition or,1
5,another medical condition or potentially,1
5,medical condition or potentially related,1
5,condition or potentially related to,1
5,or potentially related to vaccination,1
5,potentially related to vaccination safety,1
5,related to vaccination safety assessment,1
5,to vaccination safety assessment therefore,1
5,vaccination safety assessment therefore considers,1
5,safety assessment therefore considers background,1
5,assessment therefore considers background rates,1
5,therefore considers background rates timing,1
5,considers background rates timing biological,1
5,background rates timing biological plausibility,1
5,rates timing biological plausibility comparison,1
5,timing biological plausibility comparison groups,1
5,biological plausibility comparison groups and,1
5,plausibility comparison groups and other,1
5,comparison groups and other evidence,1
5,groups and other evidence passive,1
5,and other evidence passive reporting,1
5,other evidence passive reporting systems,1
5,evidence passive reporting systems are,1
5,passive reporting systems are valuable,1
5,reporting systems are valuable for,1
5,systems are valuable for signal,1
5,are valuable for signal detection,1
5,valuable for signal detection but,1
5,for signal detection but can,1
5,signal detection but can be,1
5,detection but can be affected,1
5,but can be affected by,1
5,can be affected by underreporting,1
5,be affected by underreporting stimulated,1
5,affected by underreporting stimulated reporting,1
5,by underreporting stimulated reporting and,1
5,underreporting stimulated reporting and incomplete,1
5,stimulated reporting and incomplete clinical,1
5,reporting and incomplete clinical information,1
5,and incomplete clinical information active,1
5,incomplete clinical information active surveillance,1
5,clinical information active surveillance and,1
5,information active surveillance and epidemiological,1
5,active surveillance and epidemiological studies,1
5,surveillance and epidemiological studies can,1
5,and epidemiological studies can provide,1
5,epidemiological studies can provide stronger,1
5,studies can provide stronger estimates,1
5,can provide stronger estimates of,1
5,provide stronger estimates of incidence,1
5,stronger estimates of incidence and,1
5,estimates of incidence and relative,1
5,of incidence and relative risk,1
5,incidence and relative risk clear,1
5,and relative risk clear communication,1
5,relative risk clear communication should,1
5,risk clear communication should distinguish,1
5,clear communication should distinguish a,1
5,communication should distinguish a reported,1
5,should distinguish a reported event,1
5,distinguish a reported event from,1
5,a reported event from a,1
5,reported event from a confirmed,1
5,event from a confirmed causal,1
5,from a confirmed causal relationship,1
5,a confirmed causal relationship vaccine,1
5,confirmed causal relationship vaccine safety,1
5,causal relationship vaccine safety decisions,1
5,relationship vaccine safety decisions are,1
5,vaccine safety decisions are based,1
5,safety decisions are based on,1
5,decisions are based on accumulated,1
5,are based on accumulated evidence,1
5,based on accumulated evidence rather,1
5,on accumulated evidence rather than,1
5,accumulated evidence rather than a,1
5,evidence rather than a single,1
5,rather than a single report,1
5,than a single report monitoring,1
5,a single report monitoring can,1
5,single report monitoring can lead,1
5,report monitoring can lead to,1
5,monitoring can lead to updated,1
5,can lead to updated warnings,1
5,lead to updated warnings recommendations,1
5,to updated warnings recommendations or,1
5,updated warnings recommendations or continued,1
5,warnings recommendations or continued use,1
5,recommendations or continued use when,1
5,or continued use when evidence,1
5,continued use when evidence supports,1
5,use when evidence supports a,1
5,when evidence supports a favorable,1
5,evidence supports a favorable benefit-risk,1
5,supports a favorable benefit-risk profile,1
5,risk communication during infectious disease,1
5,communication during infectious disease events,1
5,during infectious disease events risk,1
5,infectious disease events risk communication,1
5,disease events risk communication provides,1
5,events risk communication provides people,1
5,risk communication provides people with,1
5,communication provides people with information,1
5,provides people with information needed,1
5,people with information needed to,1
5,with information needed to understand,1
5,information needed to understand a,1
5,needed to understand a public-health,1
5,to understand a public-health threat,1
5,understand a public-health threat and,1
5,a public-health threat and make,1
5,public-health threat and make informed,1
5,threat and make informed decisions,1
5,and make informed decisions effective,1
5,make informed decisions effective communication,1
5,informed decisions effective communication should,1
5,decisions effective communication should explain,1
5,effective communication should explain what,1
5,communication should explain what is,1
5,should explain what is known,1
5,explain what is known what,1
5,what is known what is,1
5,is known what is uncertain,1
5,known what is uncertain what,1
5,what is uncertain what actions,1
5,is uncertain what actions are,1
5,uncertain what actions are recommended,1
5,what actions are recommended and,1
5,actions are recommended and why,1
5,are recommended and why recommendations,1
5,recommended and why recommendations may,1
5,and why recommendations may change,1
5,why recommendations may change numbers,1
5,recommendations may change numbers should,1
5,may change numbers should be,1
5,change numbers should be presented,1
5,numbers should be presented with,1
5,should be presented with context,1
5,be presented with context for,1
5,presented with context for example,1
5,with context for example a,1
5,context for example a percentage,1
5,for example a percentage without,1
5,example a percentage without a,1
5,a percentage without a denominator,1
5,percentage without a denominator comparison,1
5,without a denominator comparison group,1
5,a denominator comparison group time,1
5,denominator comparison group time period,1
5,comparison group time period or,1
5,group time period or outcome,1
5,time period or outcome can,1
5,period or outcome can be,1
5,or outcome can be misleading,1
5,outcome can be misleading communicators,1
5,can be misleading communicators should,1
5,be misleading communicators should distinguish,1
5,misleading communicators should distinguish absolute,1
5,communicators should distinguish absolute risk,1
5,should distinguish absolute risk from,1
5,distinguish absolute risk from relative,1
5,absolute risk from relative risk,1
5,risk from relative risk and,1
5,from relative risk and avoid,1
5,relative risk and avoid implying,1
5,risk and avoid implying certainty,1
5,and avoid implying certainty when,1
5,avoid implying certainty when evidence,1
5,implying certainty when evidence remains,1
5,certainty when evidence remains limited,1
5,when evidence remains limited trust,1
5,evidence remains limited trust can,1
5,remains limited trust can be,1
5,limited trust can be supported,1
5,trust can be supported by,1
5,can be supported by acknowledging,1
5,be supported by acknowledging uncertainty,1
5,supported by acknowledging uncertainty rather,1
5,by acknowledging uncertainty rather than,1
5,acknowledging uncertainty rather than hiding,1
5,uncertainty rather than hiding it,1
5,rather than hiding it during,1
5,than hiding it during a,1
5,hiding it during a rapidly,1
5,it during a rapidly changing,1
5,during a rapidly changing outbreak,1
5,a rapidly changing outbreak evidence,1
5,rapidly changing outbreak evidence can,1
5,changing outbreak evidence can evolve,1
5,outbreak evidence can evolve as,1
5,evidence can evolve as new,1
5,can evolve as new studies,1
5,evolve as new studies become,1
5,as new studies become available,1
5,new studies become available explaining,1
5,studies become available explaining the,1
5,become available explaining the reason,1
5,available explaining the reason for,1
5,explaining the reason for an,1
5,the reason for an updated,1
5,reason for an updated recommendation,1
5,for an updated recommendation can,1
5,an updated recommendation can help,1
5,updated recommendation can help people,1
5,recommendation can help people understand,1
5,can help people understand that,1
5,help people understand that changing,1
5,people understand that changing guidance,1
5,understand that changing guidance does,1
5,that changing guidance does not,1
5,changing guidance does not necessarily,1
5,guidance does not necessarily mean,1
5,does not necessarily mean that,1
5,not necessarily mean that earlier,1
5,necessarily mean that earlier information,1
5,mean that earlier information was,1
5,that earlier information was intentionally,1
5,earlier information was intentionally misleading,1
5,information was intentionally misleading communication,1
5,was intentionally misleading communication should,1
5,intentionally misleading communication should also,1
5,misleading communication should also consider,1
5,communication should also consider language,1
5,should also consider language accessibility,1
5,also consider language accessibility cultural,1
5,consider language accessibility cultural context,1
5,language accessibility cultural context and,1
5,accessibility cultural context and misinformation,1
5,cultural context and misinformation public-health,1
5,context and misinformation public-health messages,1
5,and misinformation public-health messages are,1
5,misinformation public-health messages are more,1
5,public-health messages are more useful,1
5,messages are more useful when,1
5,are more useful when they,1
5,more useful when they provide,1
5,useful when they provide practical,1
5,when they provide practical actions,1
5,they provide practical actions and,1
5,provide practical actions and identify,1
5,practical actions and identify reliable,1
5,actions and identify reliable sources,1
5,and identify reliable sources for,1
5,identify reliable sources for additional,1
5,reliable sources for additional information,1
5,respiratory infection prevention in schools,1
5,infection prevention in schools schools,1
5,prevention in schools schools are,1
5,in schools schools are environments,1
5,schools schools are environments where,1
5,schools are environments where students,1
5,are environments where students and,1
5,environments where students and staff,1
5,where students and staff interact,1
5,students and staff interact frequently,1
5,and staff interact frequently so,1
5,staff interact frequently so respiratory,1
5,interact frequently so respiratory infections,1
5,frequently so respiratory infections can,1
5,so respiratory infections can spread,1
5,respiratory infections can spread through,1
5,infections can spread through close,1
5,can spread through close contact,1
5,spread through close contact and,1
5,through close contact and shared,1
5,close contact and shared indoor,1
5,contact and shared indoor air,1
5,and shared indoor air prevention,1
5,shared indoor air prevention strategies,1
5,indoor air prevention strategies should,1
5,air prevention strategies should be,1
5,prevention strategies should be proportionate,1
5,strategies should be proportionate to,1
5,should be proportionate to local,1
5,be proportionate to local disease,1
5,proportionate to local disease activity,1
5,to local disease activity and,1
5,local disease activity and the,1
5,disease activity and the needs,1
5,activity and the needs of,1
5,and the needs of the,1
5,the needs of the school,1
5,needs of the school community,1
5,of the school community ventilation,1
5,the school community ventilation can,1
5,school community ventilation can reduce,1
5,community ventilation can reduce accumulation,1
5,ventilation can reduce accumulation of,1
5,can reduce accumulation of infectious,1
5,reduce accumulation of infectious respiratory,1
5,accumulation of infectious respiratory particles,1
5,of infectious respiratory particles indoors,1
5,infectious respiratory particles indoors outdoor,1
5,respiratory particles indoors outdoor activities,1
5,particles indoors outdoor activities can,1
5,indoors outdoor activities can provide,1
5,outdoor activities can provide lower-risk,1
5,activities can provide lower-risk alternatives,1
5,can provide lower-risk alternatives when,1
5,provide lower-risk alternatives when practical,1
5,lower-risk alternatives when practical encouraging,1
5,alternatives when practical encouraging people,1
5,when practical encouraging people with,1
5,practical encouraging people with acute,1
5,encouraging people with acute respiratory,1
5,people with acute respiratory illness,1
5,with acute respiratory illness to,1
5,acute respiratory illness to stay,1
5,respiratory illness to stay home,1
5,illness to stay home can,1
5,to stay home can reduce,1
5,stay home can reduce opportunities,1
5,home can reduce opportunities for,1
5,can reduce opportunities for transmission,1
5,reduce opportunities for transmission schools,1
5,opportunities for transmission schools can,1
5,for transmission schools can also,1
5,transmission schools can also support,1
5,schools can also support routine,1
5,can also support routine vaccination,1
5,also support routine vaccination according,1
5,support routine vaccination according to,1
5,routine vaccination according to national,1
5,vaccination according to national and,1
5,according to national and local,1
5,to national and local recommendations,1
5,national and local recommendations clear,1
5,and local recommendations clear procedures,1
5,local recommendations clear procedures for,1
5,recommendations clear procedures for responding,1
5,clear procedures for responding to,1
5,procedures for responding to clusters,1
5,for responding to clusters of,1
5,responding to clusters of illness,1
5,to clusters of illness help,1
5,clusters of illness help staff,1
5,of illness help staff identify,1
5,illness help staff identify when,1
5,help staff identify when public-health,1
5,staff identify when public-health consultation,1
5,identify when public-health consultation may,1
5,when public-health consultation may be,1
5,public-health consultation may be needed,1
5,consultation may be needed communication,1
5,may be needed communication with,1
5,be needed communication with families,1
5,needed communication with families should,1
5,communication with families should explain,1
5,with families should explain symptoms,1
5,families should explain symptoms prevention,1
5,should explain symptoms prevention measures,1
5,explain symptoms prevention measures and,1
5,symptoms prevention measures and when,1
5,prevention measures and when students,1
5,measures and when students should,1
5,and when students should remain,1
5,when students should remain at,1
5,students should remain at home,1
5,should remain at home outbreak,1
5,remain at home outbreak response,1
5,at home outbreak response should,1
5,home outbreak response should consider,1
5,outbreak response should consider educational,1
5,response should consider educational continuity,1
5,should consider educational continuity as,1
5,consider educational continuity as well,1
5,educational continuity as well as,1
5,continuity as well as disease,1
5,as well as disease control,1
5,well as disease control measures,1
5,as disease control measures can,1
5,disease control measures can be,1
5,control measures can be targeted,1
5,measures can be targeted according,1
5,can be targeted according to,1
5,be targeted according to evidence,1
5,targeted according to evidence rather,1
5,according to evidence rather than,1
5,to evidence rather than relying,1
5,evidence rather than relying automatically,1
5,rather than relying automatically on,1
5,than relying automatically on broad,1
5,relying automatically on broad closures,1
5,automatically on broad closures coordination,1
5,on broad closures coordination among,1
5,broad closures coordination among school,1
5,closures coordination among school administrators,1
5,coordination among school administrators healthcare,1
5,among school administrators healthcare professionals,1
5,school administrators healthcare professionals families,1
5,administrators healthcare professionals families and,1
5,healthcare professionals families and public-health,1
5,professionals families and public-health authorities,1
5,families and public-health authorities is,1
5,and public-health authorities is important,1
5,protecting higher-risk populations during respiratory,1
5,higher-risk populations during respiratory virus,1
5,populations during respiratory virus activity,1
5,during respiratory virus activity some,1
5,respiratory virus activity some people,1
5,virus activity some people have,1
5,activity some people have a,1
5,some people have a higher,1
5,people have a higher risk,1
5,have a higher risk of,1
5,a higher risk of severe,1
5,higher risk of severe outcomes,1
5,risk of severe outcomes from,1
5,of severe outcomes from respiratory,1
5,severe outcomes from respiratory infections,1
5,outcomes from respiratory infections because,1
5,from respiratory infections because of,1
5,respiratory infections because of age,1
5,infections because of age underlying,1
5,because of age underlying medical,1
5,of age underlying medical conditions,1
5,age underlying medical conditions immune,1
5,underlying medical conditions immune status,1
5,medical conditions immune status pregnancy,1
5,conditions immune status pregnancy or,1
5,immune status pregnancy or other,1
5,status pregnancy or other factors,1
5,pregnancy or other factors public-health,1
5,or other factors public-health planning,1
5,other factors public-health planning can,1
5,factors public-health planning can reduce,1
5,public-health planning can reduce harm,1
5,planning can reduce harm by,1
5,can reduce harm by ensuring,1
5,reduce harm by ensuring that,1
5,harm by ensuring that higher-risk,1
5,by ensuring that higher-risk groups,1
5,ensuring that higher-risk groups have,1
5,that higher-risk groups have access,1
5,higher-risk groups have access to,1
5,groups have access to vaccination,1
5,have access to vaccination timely,1
5,access to vaccination timely testing,1
5,to vaccination timely testing when,1
5,vaccination timely testing when appropriate,1
5,timely testing when appropriate clinical,1
5,testing when appropriate clinical care,1
5,when appropriate clinical care and,1
5,appropriate clinical care and clear,1
5,clinical care and clear prevention,1
5,care and clear prevention information,1
5,and clear prevention information protection,1
5,clear prevention information protection can,1
5,prevention information protection can involve,1
5,information protection can involve individual,1
5,protection can involve individual and,1
5,can involve individual and community,1
5,involve individual and community measures,1
5,individual and community measures healthcare,1
5,and community measures healthcare facilities,1
5,community measures healthcare facilities and,1
5,measures healthcare facilities and residential,1
5,healthcare facilities and residential settings,1
5,facilities and residential settings may,1
5,and residential settings may use,1
5,residential settings may use additional,1
5,settings may use additional precautions,1
5,may use additional precautions during,1
5,use additional precautions during periods,1
5,additional precautions during periods of,1
5,precautions during periods of elevated,1
5,during periods of elevated transmission,1
5,periods of elevated transmission family,1
5,of elevated transmission family members,1
5,elevated transmission family members and,1
5,transmission family members and caregivers,1
5,family members and caregivers can,1
5,members and caregivers can reduce,1
5,and caregivers can reduce exposure,1
5,caregivers can reduce exposure opportunities,1
5,can reduce exposure opportunities when,1
5,reduce exposure opportunities when respiratory,1
5,exposure opportunities when respiratory viruses,1
5,opportunities when respiratory viruses are,1
5,when respiratory viruses are circulating,1
5,respiratory viruses are circulating widely,1
5,viruses are circulating widely risk,1
5,are circulating widely risk is,1
5,circulating widely risk is not,1
5,widely risk is not determined,1
5,risk is not determined by,1
5,is not determined by a,1
5,not determined by a single,1
5,determined by a single characteristic,1
5,by a single characteristic age,1
5,a single characteristic age vaccination,1
5,single characteristic age vaccination status,1
5,characteristic age vaccination status previous,1
5,age vaccination status previous immunity,1
5,vaccination status previous immunity treatment,1
5,status previous immunity treatment access,1
5,previous immunity treatment access and,1
5,immunity treatment access and circulating,1
5,treatment access and circulating viral,1
5,access and circulating viral strains,1
5,and circulating viral strains can,1
5,circulating viral strains can interact,1
5,viral strains can interact public-health,1
5,strains can interact public-health communication,1
5,can interact public-health communication should,1
5,interact public-health communication should therefore,1
5,public-health communication should therefore avoid,1
5,communication should therefore avoid assuming,1
5,should therefore avoid assuming that,1
5,therefore avoid assuming that all,1
5,avoid assuming that all members,1
5,assuming that all members of,1
5,that all members of a,1
5,all members of a broad,1
5,members of a broad category,1
5,of a broad category have,1
5,a broad category have identical,1
5,broad category have identical risk,1
5,category have identical risk equitable,1
5,have identical risk equitable access,1
5,identical risk equitable access is,1
5,risk equitable access is an,1
5,equitable access is an important,1
5,access is an important part,1
5,is an important part of,1
5,an important part of prevention,1
5,important part of prevention barriers,1
5,part of prevention barriers such,1
5,of prevention barriers such as,1
5,prevention barriers such as transportation,1
5,barriers such as transportation cost,1
5,such as transportation cost language,1
5,as transportation cost language digital,1
5,transportation cost language digital access,1
5,cost language digital access and,1
5,language digital access and healthcare,1
5,digital access and healthcare availability,1
5,access and healthcare availability can,1
5,and healthcare availability can affect,1
5,healthcare availability can affect whether,1
5,availability can affect whether people,1
5,can affect whether people are,1
5,affect whether people are able,1
5,whether people are able to,1
5,people are able to use,1
5,are able to use recommended,1
5,able to use recommended services,1
5,testing and antiviral treatment in,1
5,and antiviral treatment in covid-19,1
5,antiviral treatment in covid-19 care,1
5,treatment in covid-19 care testing,1
5,in covid-19 care testing can,1
5,covid-19 care testing can help,1
5,care testing can help identify,1
5,testing can help identify sars-cov-2,1
5,can help identify sars-cov-2 infection,1
5,help identify sars-cov-2 infection and,1
5,identify sars-cov-2 infection and inform,1
5,sars-cov-2 infection and inform clinical,1
5,infection and inform clinical or,1
5,and inform clinical or public-health,1
5,inform clinical or public-health decisions,1
5,clinical or public-health decisions different,1
5,or public-health decisions different tests,1
5,public-health decisions different tests have,1
5,decisions different tests have different,1
5,different tests have different characteristics,1
5,tests have different characteristics molecular,1
5,have different characteristics molecular tests,1
5,different characteristics molecular tests can,1
5,characteristics molecular tests can detect,1
5,molecular tests can detect viral,1
5,tests can detect viral genetic,1
5,can detect viral genetic material,1
5,detect viral genetic material while,1
5,viral genetic material while antigen,1
5,genetic material while antigen tests,1
5,material while antigen tests detect,1
5,while antigen tests detect viral,1
5,antigen tests detect viral proteins,1
5,tests detect viral proteins and,1
5,detect viral proteins and may,1
5,viral proteins and may provide,1
5,proteins and may provide rapid,1
5,and may provide rapid results,1
5,may provide rapid results test,1
5,provide rapid results test performance,1
5,rapid results test performance depends,1
5,results test performance depends on,1
5,test performance depends on timing,1
5,performance depends on timing specimen,1
5,depends on timing specimen collection,1
5,on timing specimen collection and,1
5,timing specimen collection and the,1
5,specimen collection and the stage,1
5,collection and the stage of,1
5,and the stage of infection,1
5,the stage of infection a,1
5,stage of infection a negative,1
5,of infection a negative result,1
5,infection a negative result does,1
5,a negative result does not,1
5,negative result does not always,1
5,result does not always exclude,1
5,does not always exclude infection,1
5,not always exclude infection particularly,1
5,always exclude infection particularly when,1
5,exclude infection particularly when testing,1
5,infection particularly when testing occurs,1
5,particularly when testing occurs early,1
5,when testing occurs early or,1
5,testing occurs early or when,1
5,occurs early or when the,1
5,early or when the test,1
5,or when the test has,1
5,when the test has lower,1
5,the test has lower sensitivity,1
5,test has lower sensitivity interpretation,1
5,has lower sensitivity interpretation should,1
5,lower sensitivity interpretation should consider,1
5,sensitivity interpretation should consider symptoms,1
5,interpretation should consider symptoms exposure,1
5,should consider symptoms exposure history,1
5,consider symptoms exposure history timing,1
5,symptoms exposure history timing and,1
5,exposure history timing and the,1
5,history timing and the specific,1
5,timing and the specific test,1
5,and the specific test used,1
5,the specific test used antiviral,1
5,specific test used antiviral treatment,1
5,test used antiviral treatment is,1
5,used antiviral treatment is intended,1
5,antiviral treatment is intended to,1
5,treatment is intended to reduce,1
5,is intended to reduce the,1
5,intended to reduce the risk,1
5,to reduce the risk of,1
5,reduce the risk of severe,1
5,the risk of severe disease,1
5,risk of severe disease in,1
5,of severe disease in eligible,1
5,severe disease in eligible patients,1
5,disease in eligible patients eligibility,1
5,in eligible patients eligibility timing,1
5,eligible patients eligibility timing contraindications,1
5,patients eligibility timing contraindications drug,1
5,eligibility timing contraindications drug interactions,1
5,timing contraindications drug interactions and,1
5,contraindications drug interactions and treatment,1
5,drug interactions and treatment selection,1
5,interactions and treatment selection require,1
5,and treatment selection require clinical,1
5,treatment selection require clinical assessment,1
5,selection require clinical assessment public-health,1
5,require clinical assessment public-health information,1
5,clinical assessment public-health information should,1
5,assessment public-health information should not,1
5,public-health information should not replace,1
5,information should not replace individualized,1
5,should not replace individualized medical,1
5,not replace individualized medical advice,1
5,replace individualized medical advice testing,1
5,individualized medical advice testing and,1
5,medical advice testing and treatment,1
5,advice testing and treatment programs,1
5,testing and treatment programs are,1
5,and treatment programs are most,1
5,treatment programs are most effective,1
5,programs are most effective when,1
5,are most effective when people,1
5,most effective when people can,1
5,effective when people can access,1
5,when people can access testing,1
5,people can access testing promptly,1
5,can access testing promptly and,1
5,access testing promptly and healthcare,1
5,testing promptly and healthcare systems,1
5,promptly and healthcare systems can,1
5,and healthcare systems can evaluate,1
5,healthcare systems can evaluate eligible,1
5,systems can evaluate eligible patients,1
5,can evaluate eligible patients without,1
5,evaluate eligible patients without unnecessary,1
5,eligible patients without unnecessary delay,1
5,patients without unnecessary delay surveillance,1
5,without unnecessary delay surveillance data,1
5,unnecessary delay surveillance data can,1
5,delay surveillance data can also,1
5,surveillance data can also help,1
5,data can also help authorities,1
5,can also help authorities understand,1
5,also help authorities understand changes,1
5,help authorities understand changes in,1
5,authorities understand changes in testing,1
5,understand changes in testing demand,1
5,changes in testing demand and,1
5,in testing demand and disease,1
5,testing demand and disease activity,1
5,health literacy and infectious disease,1
5,literacy and infectious disease misinformation,1
5,and infectious disease misinformation health,1
5,infectious disease misinformation health literacy,1
5,disease misinformation health literacy involves,1
5,misinformation health literacy involves the,1
5,health literacy involves the ability,1
5,literacy involves the ability to,1
5,involves the ability to find,1
5,the ability to find understand,1
5,ability to find understand evaluate,1
5,to find understand evaluate and,1
5,find understand evaluate and use,1
5,understand evaluate and use health,1
5,evaluate and use health information,1
5,and use health information during,1
5,use health information during infectious,1
5,health information during infectious disease,1
5,information during infectious disease outbreaks,1
5,during infectious disease outbreaks people,1
5,infectious disease outbreaks people may,1
5,disease outbreaks people may encounter,1
5,outbreaks people may encounter rapidly,1
5,people may encounter rapidly changing,1
5,may encounter rapidly changing information,1
5,encounter rapidly changing information through,1
5,rapidly changing information through news,1
5,changing information through news social,1
5,information through news social media,1
5,through news social media messaging,1
5,news social media messaging applications,1
5,social media messaging applications and,1
5,media messaging applications and informal,1
5,messaging applications and informal networks,1
5,applications and informal networks misinformation,1
5,and informal networks misinformation can,1
5,informal networks misinformation can arise,1
5,networks misinformation can arise from,1
5,misinformation can arise from incorrect,1
5,can arise from incorrect information,1
5,arise from incorrect information misunderstanding,1
5,from incorrect information misunderstanding outdated,1
5,incorrect information misunderstanding outdated evidence,1
5,information misunderstanding outdated evidence or,1
5,misunderstanding outdated evidence or misleading,1
5,outdated evidence or misleading presentation,1
5,evidence or misleading presentation of,1
5,or misleading presentation of accurate,1
5,misleading presentation of accurate facts,1
5,presentation of accurate facts a,1
5,of accurate facts a useful,1
5,accurate facts a useful evaluation,1
5,facts a useful evaluation process,1
5,a useful evaluation process checks,1
5,useful evaluation process checks the,1
5,evaluation process checks the source,1
5,process checks the source date,1
5,checks the source date evidence,1
5,the source date evidence population,1
5,source date evidence population studied,1
5,date evidence population studied and,1
5,evidence population studied and whether,1
5,population studied and whether the,1
5,studied and whether the claim,1
5,and whether the claim matches,1
5,whether the claim matches the,1
5,the claim matches the underlying,1
5,claim matches the underlying data,1
5,matches the underlying data health,1
5,the underlying data health communication,1
5,underlying data health communication should,1
5,data health communication should avoid,1
5,health communication should avoid presenting,1
5,communication should avoid presenting preliminary,1
5,should avoid presenting preliminary findings,1
5,avoid presenting preliminary findings as,1
5,presenting preliminary findings as settled,1
5,preliminary findings as settled conclusions,1
5,findings as settled conclusions a,1
5,as settled conclusions a single,1
5,settled conclusions a single laboratory,1
5,conclusions a single laboratory experiment,1
5,a single laboratory experiment or,1
5,single laboratory experiment or small,1
5,laboratory experiment or small observational,1
5,experiment or small observational study,1
5,or small observational study may,1
5,small observational study may not,1
5,observational study may not answer,1
5,study may not answer a,1
5,may not answer a population-level,1
5,not answer a population-level question,1
5,answer a population-level question stronger,1
5,a population-level question stronger conclusions,1
5,population-level question stronger conclusions generally,1
5,question stronger conclusions generally require,1
5,stronger conclusions generally require evidence,1
5,conclusions generally require evidence from,1
5,generally require evidence from multiple,1
5,require evidence from multiple complementary,1
5,evidence from multiple complementary studies,1
5,from multiple complementary studies practical,1
5,multiple complementary studies practical health,1
5,complementary studies practical health literacy,1
5,studies practical health literacy strategies,1
5,practical health literacy strategies include,1
5,health literacy strategies include checking,1
5,literacy strategies include checking information,1
5,strategies include checking information against,1
5,include checking information against recognized,1
5,checking information against recognized public-health,1
5,information against recognized public-health or,1
5,against recognized public-health or medical,1
5,recognized public-health or medical sources,1
5,public-health or medical sources looking,1
5,or medical sources looking for,1
5,medical sources looking for the,1
5,sources looking for the original,1
5,looking for the original study,1
5,for the original study when,1
5,the original study when possible,1
5,original study when possible and,1
5,study when possible and distinguishing,1
5,when possible and distinguishing a,1
5,possible and distinguishing a reported,1
5,and distinguishing a reported association,1
5,distinguishing a reported association from,1
5,a reported association from proof,1
5,reported association from proof of,1
5,association from proof of causation,1
5,from proof of causation clear,1
5,proof of causation clear explanations,1
5,of causation clear explanations can,1
5,causation clear explanations can reduce,1
5,clear explanations can reduce confusion,1
5,explanations can reduce confusion without,1
5,can reduce confusion without assuming,1
5,reduce confusion without assuming that,1
5,confusion without assuming that every,1
5,without assuming that every person,1
5,assuming that every person who,1
5,that every person who has,1
5,every person who has encountered,1
5,person who has encountered inaccurate,1
5,who has encountered inaccurate information,1
5,has encountered inaccurate information is,1
5,encountered inaccurate information is acting,1
5,inaccurate information is acting in,1
5,information is acting in bad,1
5,is acting in bad faith,1
5,global outbreak preparedness and response,1
5,outbreak preparedness and response outbreak,1
5,preparedness and response outbreak preparedness,1
5,and response outbreak preparedness involves,1
5,response outbreak preparedness involves building,1
5,outbreak preparedness involves building the,1
5,preparedness involves building the capacity,1
5,involves building the capacity to,1
5,building the capacity to detect,1
5,the capacity to detect assess,1
5,capacity to detect assess communicate,1
5,to detect assess communicate about,1
5,detect assess communicate about and,1
5,assess communicate about and respond,1
5,communicate about and respond to,1
5,about and respond to infectious,1
5,and respond to infectious disease,1
5,respond to infectious disease threats,1
5,to infectious disease threats before,1
5,infectious disease threats before they,1
5,disease threats before they become,1
5,threats before they become large,1
5,before they become large emergencies,1
5,they become large emergencies preparedness,1
5,become large emergencies preparedness includes,1
5,large emergencies preparedness includes laboratory,1
5,emergencies preparedness includes laboratory capacity,1
5,preparedness includes laboratory capacity surveillance,1
5,includes laboratory capacity surveillance systems,1
5,laboratory capacity surveillance systems trained,1
5,capacity surveillance systems trained personnel,1
5,surveillance systems trained personnel medical,1
5,systems trained personnel medical supplies,1
5,trained personnel medical supplies vaccination,1
5,personnel medical supplies vaccination infrastructure,1
5,medical supplies vaccination infrastructure data,1
5,supplies vaccination infrastructure data systems,1
5,vaccination infrastructure data systems and,1
5,infrastructure data systems and emergency,1
5,data systems and emergency coordination,1
5,systems and emergency coordination mechanisms,1
5,and emergency coordination mechanisms early,1
5,emergency coordination mechanisms early detection,1
5,coordination mechanisms early detection depends,1
5,mechanisms early detection depends on,1
5,early detection depends on timely,1
5,detection depends on timely information,1
5,depends on timely information countries,1
5,on timely information countries and,1
5,timely information countries and institutions,1
5,information countries and institutions may,1
5,countries and institutions may use,1
5,and institutions may use laboratory,1
5,institutions may use laboratory networks,1
5,may use laboratory networks clinical,1
5,use laboratory networks clinical surveillance,1
5,laboratory networks clinical surveillance event-based,1
5,networks clinical surveillance event-based reporting,1
5,clinical surveillance event-based reporting genomic,1
5,surveillance event-based reporting genomic sequencing,1
5,event-based reporting genomic sequencing and,1
5,reporting genomic sequencing and cross-border,1
5,genomic sequencing and cross-border information,1
5,sequencing and cross-border information sharing,1
5,and cross-border information sharing a,1
5,cross-border information sharing a signal,1
5,information sharing a signal does,1
5,sharing a signal does not,1
5,a signal does not always,1
5,signal does not always represent,1
5,does not always represent a,1
5,not always represent a major,1
5,always represent a major outbreak,1
5,represent a major outbreak but,1
5,a major outbreak but rapid,1
5,major outbreak but rapid assessment,1
5,outbreak but rapid assessment can,1
5,but rapid assessment can determine,1
5,rapid assessment can determine whether,1
5,assessment can determine whether further,1
5,can determine whether further investigation,1
5,determine whether further investigation is,1
5,whether further investigation is required,1
5,further investigation is required response,1
5,investigation is required response planning,1
5,is required response planning includes,1
5,required response planning includes clear,1
5,response planning includes clear roles,1
5,planning includes clear roles and,1
5,includes clear roles and responsibilities,1
5,clear roles and responsibilities hospitals,1
5,roles and responsibilities hospitals may,1
5,and responsibilities hospitals may need,1
5,responsibilities hospitals may need surge,1
5,hospitals may need surge plans,1
5,may need surge plans while,1
5,need surge plans while public-health,1
5,surge plans while public-health agencies,1
5,plans while public-health agencies may,1
5,while public-health agencies may require,1
5,public-health agencies may require mechanisms,1
5,agencies may require mechanisms for,1
5,may require mechanisms for contact,1
5,require mechanisms for contact tracing,1
5,mechanisms for contact tracing risk,1
5,for contact tracing risk communication,1
5,contact tracing risk communication and,1
5,tracing risk communication and resource,1
5,risk communication and resource allocation,1
5,communication and resource allocation exercises,1
5,and resource allocation exercises and,1
5,resource allocation exercises and simulations,1
5,allocation exercises and simulations can,1
5,exercises and simulations can identify,1
5,and simulations can identify weaknesses,1
5,simulations can identify weaknesses before,1
5,can identify weaknesses before a,1
5,identify weaknesses before a real,1
5,weaknesses before a real emergency,1
5,before a real emergency occurs,1
5,a real emergency occurs preparedness,1
5,real emergency occurs preparedness is,1
5,emergency occurs preparedness is an,1
5,occurs preparedness is an ongoing,1
5,preparedness is an ongoing process,1
5,is an ongoing process after,1
5,an ongoing process after an,1
5,ongoing process after an outbreak,1
5,process after an outbreak evaluations,1
5,after an outbreak evaluations can,1
5,an outbreak evaluations can identify,1
5,outbreak evaluations can identify which,1
5,evaluations can identify which systems,1
5,can identify which systems worked,1
5,identify which systems worked which,1
5,which systems worked which failed,1
5,systems worked which failed and,1
5,worked which failed and which,1
5,which failed and which improvements,1
5,failed and which improvements should,1
5,and which improvements should be,1
5,which improvements should be institutionalized,1
5,improvements should be institutionalized investments,1
5,should be institutionalized investments in,1
5,be institutionalized investments in routine,1
5,institutionalized investments in routine public-health,1
5,investments in routine public-health capacity,1
5,in routine public-health capacity can,1
5,routine public-health capacity can strengthen,1
5,public-health capacity can strengthen response,1
5,capacity can strengthen response to,1
5,can strengthen response to multiple,1
5,strengthen response to multiple infectious,1
5,response to multiple infectious threats,1
5,to multiple infectious threats rather,1
5,multiple infectious threats rather than,1
5,infectious threats rather than a,1
5,threats rather than a single,1
5,rather than a single pathogen,1
5,epidemiological models for infectious disease,1
5,models for infectious disease planning,1
5,for infectious disease planning mathematical,1
5,infectious disease planning mathematical and,1
5,disease planning mathematical and computational,1
5,planning mathematical and computational models,1
5,mathematical and computational models can,1
5,and computational models can help,1
5,computational models can help researchers,1
5,models can help researchers explore,1
5,can help researchers explore how,1
5,help researchers explore how infectious,1
5,researchers explore how infectious diseases,1
5,explore how infectious diseases may,1
5,how infectious diseases may spread,1
5,infectious diseases may spread under,1
5,diseases may spread under different,1
5,may spread under different assumptions,1
5,spread under different assumptions compartmental,1
5,under different assumptions compartmental models,1
5,different assumptions compartmental models such,1
5,assumptions compartmental models such as,1
5,compartmental models such as sir,1
5,models such as sir divide,1
5,such as sir divide populations,1
5,as sir divide populations into,1
5,sir divide populations into categories,1
5,divide populations into categories such,1
5,populations into categories such as,1
5,into categories such as susceptible,1
5,categories such as susceptible infected,1
5,such as susceptible infected and,1
5,as susceptible infected and recovered,1
5,susceptible infected and recovered more,1
5,infected and recovered more detailed,1
5,and recovered more detailed models,1
5,recovered more detailed models can,1
5,more detailed models can add,1
5,detailed models can add age,1
5,models can add age groups,1
5,can add age groups vaccination,1
5,add age groups vaccination status,1
5,age groups vaccination status hospitalization,1
5,groups vaccination status hospitalization geographic,1
5,vaccination status hospitalization geographic structure,1
5,status hospitalization geographic structure or,1
5,hospitalization geographic structure or other,1
5,geographic structure or other characteristics,1
5,structure or other characteristics models,1
5,or other characteristics models are,1
5,other characteristics models are not,1
5,characteristics models are not crystal,1
5,models are not crystal balls,1
5,are not crystal balls their,1
5,not crystal balls their outputs,1
5,crystal balls their outputs depend,1
5,balls their outputs depend on,1
5,their outputs depend on assumptions,1
5,outputs depend on assumptions parameter,1
5,depend on assumptions parameter estimates,1
5,on assumptions parameter estimates data,1
5,assumptions parameter estimates data quality,1
5,parameter estimates data quality and,1
5,estimates data quality and the,1
5,data quality and the scenario,1
5,quality and the scenario being,1
5,and the scenario being examined,1
5,the scenario being examined a,1
5,scenario being examined a model,1
5,being examined a model can,1
5,examined a model can be,1
5,a model can be useful,1
5,model can be useful even,1
5,can be useful even when,1
5,be useful even when its,1
5,useful even when its exact,1
5,even when its exact numerical,1
5,when its exact numerical forecast,1
5,its exact numerical forecast is,1
5,exact numerical forecast is uncertain,1
5,numerical forecast is uncertain because,1
5,forecast is uncertain because it,1
5,is uncertain because it can,1
5,uncertain because it can show,1
5,because it can show how,1
5,it can show how outcomes,1
5,can show how outcomes change,1
5,show how outcomes change when,1
5,how outcomes change when assumptions,1
5,outcomes change when assumptions change,1
5,change when assumptions change model,1
5,when assumptions change model calibration,1
5,assumptions change model calibration uses,1
5,change model calibration uses observed,1
5,model calibration uses observed data,1
5,calibration uses observed data to,1
5,uses observed data to estimate,1
5,observed data to estimate parameters,1
5,data to estimate parameters or,1
5,to estimate parameters or evaluate,1
5,estimate parameters or evaluate whether,1
5,parameters or evaluate whether simulated,1
5,or evaluate whether simulated trajectories,1
5,evaluate whether simulated trajectories are,1
5,whether simulated trajectories are consistent,1
5,simulated trajectories are consistent with,1
5,trajectories are consistent with historical,1
5,are consistent with historical patterns,1
5,consistent with historical patterns validation,1
5,with historical patterns validation and,1
5,historical patterns validation and sensitivity,1
5,patterns validation and sensitivity analysis,1
5,validation and sensitivity analysis can,1
5,and sensitivity analysis can identify,1
5,sensitivity analysis can identify which,1
5,analysis can identify which assumptions,1
5,can identify which assumptions have,1
5,identify which assumptions have the,1
5,which assumptions have the greatest,1
5,assumptions have the greatest effect,1
5,have the greatest effect on,1
5,the greatest effect on results,1
5,greatest effect on results public-health,1
5,effect on results public-health decision-makers,1
5,on results public-health decision-makers should,1
5,results public-health decision-makers should interpret,1
5,public-health decision-makers should interpret model,1
5,decision-makers should interpret model outputs,1
5,should interpret model outputs alongside,1
5,interpret model outputs alongside surveillance,1
5,model outputs alongside surveillance data,1
5,outputs alongside surveillance data and,1
5,alongside surveillance data and expert,1
5,surveillance data and expert assessment,1
5,data and expert assessment scenario,1
5,and expert assessment scenario projections,1
5,expert assessment scenario projections are,1
5,assessment scenario projections are particularly,1
5,scenario projections are particularly sensitive,1
5,projections are particularly sensitive to,1
5,are particularly sensitive to changes,1
5,particularly sensitive to changes in,1
5,sensitive to changes in behavior,1
5,to changes in behavior immunity,1
5,changes in behavior immunity viral,1
5,in behavior immunity viral characteristics,1
5,behavior immunity viral characteristics interventions,1
5,immunity viral characteristics interventions and,1
5,viral characteristics interventions and healthcare,1
5,characteristics interventions and healthcare capacity,1
5,interventions and healthcare capacity transparent,1
5,and healthcare capacity transparent reporting,1
5,healthcare capacity transparent reporting of,1
5,capacity transparent reporting of assumptions,1
5,transparent reporting of assumptions and,1
5,reporting of assumptions and uncertainty,1
5,of assumptions and uncertainty is,1
5,assumptions and uncertainty is therefore,1
5,and uncertainty is therefore essential,1
5,evaluating public health responses after,1
5,public health responses after an,1
5,health responses after an outbreak,1
5,responses after an outbreak after,1
5,after an outbreak after an,1
5,an outbreak after an infectious,1
5,outbreak after an infectious disease,1
5,after an infectious disease outbreak,1
5,an infectious disease outbreak a,1
5,infectious disease outbreak a structured,1
5,disease outbreak a structured evaluation,1
5,outbreak a structured evaluation can,1
5,a structured evaluation can examine,1
5,structured evaluation can examine what,1
5,evaluation can examine what happened,1
5,can examine what happened which,1
5,examine what happened which interventions,1
5,what happened which interventions were,1
5,happened which interventions were implemented,1
5,which interventions were implemented how,1
5,interventions were implemented how quickly,1
5,were implemented how quickly systems,1
5,implemented how quickly systems responded,1
5,how quickly systems responded and,1
5,quickly systems responded and what,1
5,systems responded and what improvements,1
5,responded and what improvements are,1
5,and what improvements are needed,1
5,what improvements are needed evaluation,1
5,improvements are needed evaluation should,1
5,are needed evaluation should consider,1
5,needed evaluation should consider epidemiological,1
5,evaluation should consider epidemiological outcomes,1
5,should consider epidemiological outcomes as,1
5,consider epidemiological outcomes as well,1
5,epidemiological outcomes as well as,1
5,outcomes as well as operational,1
5,as well as operational social,1
5,well as operational social and,1
5,as operational social and economic,1
5,operational social and economic consequences,1
5,social and economic consequences useful,1
5,and economic consequences useful indicators,1
5,economic consequences useful indicators may,1
5,consequences useful indicators may include,1
5,useful indicators may include time,1
5,indicators may include time from,1
5,may include time from signal,1
5,include time from signal detection,1
5,time from signal detection to,1
5,from signal detection to investigation,1
5,signal detection to investigation testing,1
5,detection to investigation testing turnaround,1
5,to investigation testing turnaround time,1
5,investigation testing turnaround time vaccination,1
5,testing turnaround time vaccination coverage,1
5,turnaround time vaccination coverage hospitalization,1
5,time vaccination coverage hospitalization trends,1
5,vaccination coverage hospitalization trends healthcare,1
5,coverage hospitalization trends healthcare capacity,1
5,hospitalization trends healthcare capacity communication,1
5,trends healthcare capacity communication reach,1
5,healthcare capacity communication reach and,1
5,capacity communication reach and the,1
5,communication reach and the timeliness,1
5,reach and the timeliness of,1
5,and the timeliness of public-health,1
5,the timeliness of public-health reporting,1
5,timeliness of public-health reporting the,1
5,of public-health reporting the exact,1
5,public-health reporting the exact measures,1
5,reporting the exact measures depend,1
5,the exact measures depend on,1
5,exact measures depend on the,1
5,measures depend on the outbreak,1
5,depend on the outbreak and,1
5,on the outbreak and the,1
5,the outbreak and the objectives,1
5,outbreak and the objectives of,1
5,and the objectives of the,1
5,the objectives of the response,1
5,objectives of the response evaluation,1
5,of the response evaluation should,1
5,the response evaluation should distinguish,1
5,response evaluation should distinguish correlation,1
5,evaluation should distinguish correlation from,1
5,should distinguish correlation from causation,1
5,distinguish correlation from causation a,1
5,correlation from causation a decline,1
5,from causation a decline in,1
5,causation a decline in cases,1
5,a decline in cases after,1
5,decline in cases after an,1
5,in cases after an intervention,1
5,cases after an intervention does,1
5,after an intervention does not,1
5,an intervention does not automatically,1
5,intervention does not automatically prove,1
5,does not automatically prove that,1
5,not automatically prove that the,1
5,automatically prove that the intervention,1
5,prove that the intervention caused,1
5,that the intervention caused the,1
5,the intervention caused the decline,1
5,intervention caused the decline because,1
5,caused the decline because transmission,1
5,the decline because transmission can,1
5,decline because transmission can also,1
5,because transmission can also change,1
5,transmission can also change due,1
5,can also change due to,1
5,also change due to immunity,1
5,change due to immunity behavior,1
5,due to immunity behavior seasonality,1
5,to immunity behavior seasonality or,1
5,immunity behavior seasonality or other,1
5,behavior seasonality or other factors,1
5,seasonality or other factors after-action,1
5,or other factors after-action reviews,1
5,other factors after-action reviews can,1
5,factors after-action reviews can translate,1
5,after-action reviews can translate findings,1
5,reviews can translate findings into,1
5,can translate findings into concrete,1
5,translate findings into concrete improvements,1
5,findings into concrete improvements these,1
5,into concrete improvements these may,1
5,concrete improvements these may include,1
5,improvements these may include updating,1
5,these may include updating response,1
5,may include updating response plans,1
5,include updating response plans strengthening,1
5,updating response plans strengthening laboratory,1
5,response plans strengthening laboratory networks,1
5,plans strengthening laboratory networks improving,1
5,strengthening laboratory networks improving data,1
5,laboratory networks improving data interoperability,1
5,networks improving data interoperability expanding,1
5,improving data interoperability expanding workforce,1
5,data interoperability expanding workforce training,1
5,interoperability expanding workforce training or,1
5,expanding workforce training or revising,1
5,workforce training or revising communication,1
5,training or revising communication procedures,1
5,or revising communication procedures the,1
5,revising communication procedures the goal,1
5,communication procedures the goal is,1
5,procedures the goal is to,1
5,the goal is to convert,1
5,goal is to convert experience,1
5,is to convert experience into,1
5,to convert experience into preparedness,1
5,convert experience into preparedness for,1
5,experience into preparedness for future,1
5,into preparedness for future infectious,1
5,preparedness for future infectious disease,1
5,for future infectious disease events,1
