query,expected_document,pipeline,retrieved_documents,retrieved_count,precision,recall,f1
What are the main routes of COVID-19 transmission?,01_covid_transmission_and_prevention.txt,Pipeline_A_Stemming,"[""D01"", ""D02"", ""D04"", ""D05"", ""D06"", ""D07"", ""D08"", ""D09"", ""D11"", ""D13"", ""D14"", ""D15"", ""D16"", ""D20""]",14,0.0,0.0,0.0
What are the main routes of COVID-19 transmission?,01_covid_transmission_and_prevention.txt,Pipeline_B_Lemmatization,"[""D01"", ""D02"", ""D04"", ""D05"", ""D06"", ""D07"", ""D08"", ""D09"", ""D11"", ""D13"", ""D14"", ""D15"", ""D16"", ""D20""]",14,0.0,0.0,0.0
Why is ventilation important for COVID-19 prevention?,01_covid_transmission_and_prevention.txt,Pipeline_A_Stemming,"[""D01"", ""D02"", ""D03"", ""D04"", ""D06"", ""D11"", ""D13"", ""D14"", ""D15"", ""D16""]",10,0.0,0.0,0.0
Why is ventilation important for COVID-19 prevention?,01_covid_transmission_and_prevention.txt,Pipeline_B_Lemmatization,"[""D01"", ""D02"", ""D03"", ""D04"", ""D06"", ""D11"", ""D13"", ""D14"", ""D15"", ""D16""]",10,0.0,0.0,0.0
How do respiratory particles contribute to SARS-CoV-2 spread?,01_covid_transmission_and_prevention.txt,Pipeline_A_Stemming,"[""D01"", ""D02"", ""D04"", ""D06"", ""D07"", ""D08"", ""D10"", ""D11"", ""D14"", ""D15"", ""D16"", ""D19"", ""D20""]",13,0.0,0.0,0.0
How do respiratory particles contribute to SARS-CoV-2 spread?,01_covid_transmission_and_prevention.txt,Pipeline_B_Lemmatization,"[""D01"", ""D02"", ""D04"", ""D06"", ""D07"", ""D08"", ""D10"", ""D11"", ""D14"", ""D15"", ""D16"", ""D19"", ""D20""]",13,0.0,0.0,0.0
What prevention measures can reduce COVID-19 transmission indoors?,01_covid_transmission_and_prevention.txt,Pipeline_A_Stemming,"[""D01"", ""D02"", ""D03"", ""D04"", ""D05"", ""D06"", ""D07"", ""D08"", ""D09"", ""D10"", ""D11"", ""D12"", ""D13"", ""D14"", ""D15"", ""D16"", ""D17"", ""D18"", ""D19"", ""D20""]",20,0.0,0.0,0.0
What prevention measures can reduce COVID-19 transmission indoors?,01_covid_transmission_and_prevention.txt,Pipeline_B_Lemmatization,"[""D01"", ""D02"", ""D03"", ""D04"", ""D05"", ""D06"", ""D07"", ""D08"", ""D09"", ""D10"", ""D11"", ""D12"", ""D13"", ""D14"", ""D15"", ""D16"", ""D17"", ""D18"", ""D19"", ""D20""]",20,0.0,0.0,0.0
Why should people stay home when acutely ill?,01_covid_transmission_and_prevention.txt,Pipeline_A_Stemming,"[""D01"", ""D02"", ""D03"", ""D04"", ""D05"", ""D06"", ""D07"", ""D08"", ""D09"", ""D10"", ""D11"", ""D12"", ""D13"", ""D14"", ""D15"", ""D16"", ""D17"", ""D18"", ""D19"", ""D20""]",20,0.0,0.0,0.0
Why should people stay home when acutely ill?,01_covid_transmission_and_prevention.txt,Pipeline_B_Lemmatization,"[""D01"", ""D02"", ""D03"", ""D04"", ""D05"", ""D06"", ""D07"", ""D08"", ""D09"", ""D10"", ""D11"", ""D12"", ""D13"", ""D14"", ""D15"", ""D16"", ""D17"", ""D18"", ""D19"", ""D20""]",20,0.0,0.0,0.0
How does masking contribute to respiratory infection prevention?,01_covid_transmission_and_prevention.txt,Pipeline_A_Stemming,"[""D01"", ""D02"", ""D03"", ""D04"", ""D05"", ""D06"", ""D07"", ""D08"", ""D10"", ""D11"", ""D13"", ""D14"", ""D15"", ""D16"", ""D18"", ""D19"", ""D20""]",17,0.0,0.0,0.0
How does masking contribute to respiratory infection prevention?,01_covid_transmission_and_prevention.txt,Pipeline_B_Lemmatization,"[""D01"", ""D02"", ""D03"", ""D04"", ""D05"", ""D06"", ""D07"", ""D08"", ""D10"", ""D11"", ""D13"", ""D14"", ""D15"", ""D16"", ""D18"", ""D19"", ""D20""]",17,0.0,0.0,0.0
Is hand hygiene the only important COVID-19 prevention measure?,01_covid_transmission_and_prevention.txt,Pipeline_A_Stemming,"[""D01"", ""D02"", ""D03"", ""D04"", ""D06"", ""D07"", ""D09"", ""D10"", ""D11"", ""D12"", ""D14"", ""D15"", ""D16"", ""D20""]",14,0.0,0.0,0.0
Is hand hygiene the only important COVID-19 prevention measure?,01_covid_transmission_and_prevention.txt,Pipeline_B_Lemmatization,"[""D01"", ""D02"", ""D03"", ""D04"", ""D06"", ""D09"", ""D11"", ""D12"", ""D14"", ""D15"", ""D16"", ""D20""]",12,0.0,0.0,0.0
How does vaccination fit into a layered prevention strategy?,01_covid_transmission_and_prevention.txt,Pipeline_A_Stemming,"[""D01"", ""D02"", ""D03"", ""D04"", ""D05"", ""D06"", ""D07"", ""D08"", ""D09"", ""D10"", ""D11"", ""D12"", ""D13"", ""D14"", ""D15"", ""D16"", ""D17"", ""D18"", ""D19"", ""D20""]",20,0.0,0.0,0.0
How does vaccination fit into a layered prevention strategy?,01_covid_transmission_and_prevention.txt,Pipeline_B_Lemmatization,"[""D01"", ""D02"", ""D03"", ""D04"", ""D05"", ""D06"", ""D07"", ""D08"", ""D09"", ""D10"", ""D11"", ""D12"", ""D13"", ""D14"", ""D15"", ""D16"", ""D17"", ""D18"", ""D19"", ""D20""]",20,0.0,0.0,0.0
Why should COVID-19 prevention measures be adjusted to local transmission?,01_covid_transmission_and_prevention.txt,Pipeline_A_Stemming,"[""D01"", ""D02"", ""D03"", ""D04"", ""D05"", ""D06"", ""D07"", ""D08"", ""D09"", ""D10"", ""D11"", ""D12"", ""D13"", ""D14"", ""D15"", ""D16"", ""D17"", ""D18"", ""D19"", ""D20""]",20,0.0,0.0,0.0
Why should COVID-19 prevention measures be adjusted to local transmission?,01_covid_transmission_and_prevention.txt,Pipeline_B_Lemmatization,"[""D01"", ""D02"", ""D03"", ""D04"", ""D05"", ""D06"", ""D07"", ""D08"", ""D09"", ""D10"", ""D11"", ""D12"", ""D13"", ""D14"", ""D15"", ""D16"", ""D17"", ""D18"", ""D19"", ""D20""]",20,0.0,0.0,0.0
What indicators can public-health authorities use to assess COVID-19 activity?,01_covid_transmission_and_prevention.txt,Pipeline_A_Stemming,"[""D01"", ""D02"", ""D03"", ""D04"", ""D05"", ""D06"", ""D07"", ""D08"", ""D09"", ""D10"", ""D11"", ""D12"", ""D13"", ""D14"", ""D15"", ""D16"", ""D17"", ""D18"", ""D19"", ""D20""]",20,0.0,0.0,0.0
What indicators can public-health authorities use to assess COVID-19 activity?,01_covid_transmission_and_prevention.txt,Pipeline_B_Lemmatization,"[""D01"", ""D02"", ""D03"", ""D04"", ""D05"", ""D06"", ""D07"", ""D08"", ""D09"", ""D10"", ""D11"", ""D12"", ""D13"", ""D14"", ""D15"", ""D16"", ""D17"", ""D18"", ""D19"", ""D20""]",20,0.0,0.0,0.0
How do crowded indoor environments affect transmission risk?,01_covid_transmission_and_prevention.txt,Pipeline_A_Stemming,"[""D01"", ""D02"", ""D04"", ""D05"", ""D06"", ""D07"", ""D08"", ""D09"", ""D10"", ""D11"", ""D12"", ""D13"", ""D14"", ""D15"", ""D16"", ""D18"", ""D19"", ""D20""]",18,0.0,0.0,0.0
How do crowded indoor environments affect transmission risk?,01_covid_transmission_and_prevention.txt,Pipeline_B_Lemmatization,"[""D01"", ""D02"", ""D04"", ""D05"", ""D06"", ""D07"", ""D08"", ""D09"", ""D10"", ""D11"", ""D12"", ""D13"", ""D14"", ""D15"", ""D16"", ""D18"", ""D19"", ""D20""]",18,0.0,0.0,0.0
What role does filtration play in reducing respiratory virus exposure?,01_covid_transmission_and_prevention.txt,Pipeline_A_Stemming,"[""D01"", ""D02"", ""D03"", ""D06"", ""D07"", ""D08"", ""D09"", ""D11"", ""D13"", ""D14"", ""D15"", ""D16"", ""D17"", ""D18"", ""D20""]",15,0.0,0.0,0.0
What role does filtration play in reducing respiratory virus exposure?,01_covid_transmission_and_prevention.txt,Pipeline_B_Lemmatization,"[""D01"", ""D02"", ""D03"", ""D06"", ""D07"", ""D08"", ""D09"", ""D11"", ""D13"", ""D14"", ""D15"", ""D16"", ""D18"", ""D20""]",14,0.0,0.0,0.0
Why is no single prevention measure sufficient?,01_covid_transmission_and_prevention.txt,Pipeline_A_Stemming,"[""D01"", ""D02"", ""D03"", ""D04"", ""D05"", ""D06"", ""D07"", ""D09"", ""D10"", ""D11"", ""D12"", ""D13"", ""D14"", ""D15"", ""D17"", ""D18"", ""D20""]",17,0.0,0.0,0.0
Why is no single prevention measure sufficient?,01_covid_transmission_and_prevention.txt,Pipeline_B_Lemmatization,"[""D01"", ""D02"", ""D05"", ""D06"", ""D09"", ""D11"", ""D12"", ""D13"", ""D14"", ""D15"", ""D17"", ""D18"", ""D20""]",13,0.0,0.0,0.0
How can community-level surveillance guide prevention?,01_covid_transmission_and_prevention.txt,Pipeline_A_Stemming,"[""D01"", ""D02"", ""D03"", ""D04"", ""D05"", ""D06"", ""D07"", ""D08"", ""D09"", ""D10"", ""D11"", ""D12"", ""D13"", ""D14"", ""D15"", ""D16"", ""D17"", ""D18"", ""D19"", ""D20""]",20,0.0,0.0,0.0
How can community-level surveillance guide prevention?,01_covid_transmission_and_prevention.txt,Pipeline_B_Lemmatization,"[""D01"", ""D02"", ""D03"", ""D04"", ""D05"", ""D06"", ""D07"", ""D08"", ""D09"", ""D10"", ""D11"", ""D12"", ""D13"", ""D14"", ""D15"", ""D16"", ""D17"", ""D18"", ""D19"", ""D20""]",20,0.0,0.0,0.0
How does vaccination differ from ventilation as a prevention measure?,01_covid_transmission_and_prevention.txt,Pipeline_A_Stemming,"[""D01"", ""D02"", ""D03"", ""D04"", ""D05"", ""D06"", ""D07"", ""D08"", ""D09"", ""D10"", ""D11"", ""D12"", ""D13"", ""D14"", ""D15"", ""D16"", ""D18"", ""D19"", ""D20""]",19,0.0,0.0,0.0
How does vaccination differ from ventilation as a prevention measure?,01_covid_transmission_and_prevention.txt,Pipeline_B_Lemmatization,"[""D01"", ""D02"", ""D03"", ""D04"", ""D05"", ""D06"", ""D07"", ""D08"", ""D09"", ""D10"", ""D11"", ""D12"", ""D13"", ""D14"", ""D15"", ""D16"", ""D18"", ""D19"", ""D20""]",19,0.0,0.0,0.0
What factors should individuals consider when assessing respiratory infection risk?,01_covid_transmission_and_prevention.txt,Pipeline_A_Stemming,"[""D01"", ""D02"", ""D03"", ""D04"", ""D05"", ""D06"", ""D07"", ""D08"", ""D09"", ""D10"", ""D11"", ""D12"", ""D13"", ""D14"", ""D15"", ""D16"", ""D17"", ""D18"", ""D19"", ""D20""]",20,0.0,0.0,0.0
What factors should individuals consider when assessing respiratory infection risk?,01_covid_transmission_and_prevention.txt,Pipeline_B_Lemmatization,"[""D01"", ""D02"", ""D03"", ""D04"", ""D05"", ""D06"", ""D07"", ""D08"", ""D09"", ""D10"", ""D11"", ""D12"", ""D13"", ""D14"", ""D15"", ""D16"", ""D17"", ""D18"", ""D19"", ""D20""]",20,0.0,0.0,0.0
Why can reported COVID-19 cases be only one part of disease surveillance?,01_covid_transmission_and_prevention.txt,Pipeline_A_Stemming,"[""D01"", ""D02"", ""D03"", ""D04"", ""D05"", ""D06"", ""D07"", ""D08"", ""D09"", ""D10"", ""D11"", ""D12"", ""D13"", ""D14"", ""D15"", ""D16"", ""D17"", ""D18"", ""D19"", ""D20""]",20,0.0,0.0,0.0
Why can reported COVID-19 cases be only one part of disease surveillance?,01_covid_transmission_and_prevention.txt,Pipeline_B_Lemmatization,"[""D01"", ""D02"", ""D03"", ""D04"", ""D05"", ""D06"", ""D07"", ""D08"", ""D09"", ""D10"", ""D11"", ""D12"", ""D13"", ""D14"", ""D15"", ""D16"", ""D17"", ""D18"", ""D19"", ""D20""]",20,0.0,0.0,0.0
How can public-health measures be combined rather than used separately?,01_covid_transmission_and_prevention.txt,Pipeline_A_Stemming,"[""D01"", ""D02"", ""D03"", ""D04"", ""D05"", ""D06"", ""D07"", ""D08"", ""D09"", ""D10"", ""D11"", ""D12"", ""D13"", ""D14"", ""D15"", ""D16"", ""D17"", ""D18"", ""D19"", ""D20""]",20,0.0,0.0,0.0
How can public-health measures be combined rather than used separately?,01_covid_transmission_and_prevention.txt,Pipeline_B_Lemmatization,"[""D01"", ""D02"", ""D03"", ""D04"", ""D05"", ""D06"", ""D07"", ""D08"", ""D09"", ""D10"", ""D11"", ""D12"", ""D13"", ""D14"", ""D15"", ""D16"", ""D17"", ""D18"", ""D19"", ""D20""]",20,0.0,0.0,0.0
What is the relationship between infectious illness and staying home?,01_covid_transmission_and_prevention.txt,Pipeline_A_Stemming,"[""D01"", ""D02"", ""D03"", ""D04"", ""D05"", ""D06"", ""D07"", ""D08"", ""D09"", ""D10"", ""D11"", ""D12"", ""D13"", ""D14"", ""D17"", ""D18"", ""D19"", ""D20""]",18,0.0,0.0,0.0
What is the relationship between infectious illness and staying home?,01_covid_transmission_and_prevention.txt,Pipeline_B_Lemmatization,"[""D01"", ""D02"", ""D03"", ""D04"", ""D05"", ""D06"", ""D07"", ""D08"", ""D09"", ""D10"", ""D11"", ""D12"", ""D13"", ""D14"", ""D17"", ""D18"", ""D19"", ""D20""]",18,0.0,0.0,0.0
How does layered prevention reduce COVID-19 risk?,01_covid_transmission_and_prevention.txt,Pipeline_A_Stemming,"[""D01"", ""D02"", ""D03"", ""D04"", ""D06"", ""D07"", ""D08"", ""D10"", ""D11"", ""D12"", ""D13"", ""D14"", ""D15"", ""D16"", ""D17"", ""D18"", ""D19"", ""D20""]",18,0.0,0.0,0.0
How does layered prevention reduce COVID-19 risk?,01_covid_transmission_and_prevention.txt,Pipeline_B_Lemmatization,"[""D01"", ""D02"", ""D03"", ""D04"", ""D06"", ""D07"", ""D08"", ""D10"", ""D11"", ""D12"", ""D13"", ""D14"", ""D15"", ""D16"", ""D17"", ""D18"", ""D19"", ""D20""]",18,0.0,0.0,0.0
What is the purpose of a COVID-19 vaccine?,02_covid_vaccination_basics.txt,Pipeline_A_Stemming,"[""D01"", ""D02"", ""D03"", ""D04"", ""D05"", ""D08"", ""D09"", ""D11"", ""D12"", ""D13"", ""D14"", ""D15"", ""D16"", ""D18"", ""D19"", ""D20""]",16,0.0,0.0,0.0
What is the purpose of a COVID-19 vaccine?,02_covid_vaccination_basics.txt,Pipeline_B_Lemmatization,"[""D01"", ""D02"", ""D03"", ""D04"", ""D08"", ""D12"", ""D13"", ""D16"", ""D20""]",9,0.0,0.0,0.0
How do vaccines stimulate an immune response?,02_covid_vaccination_basics.txt,Pipeline_A_Stemming,"[""D01"", ""D02"", ""D03"", ""D04"", ""D05"", ""D06"", ""D08"", ""D09"", ""D10"", ""D11"", ""D12"", ""D14"", ""D15"", ""D18"", ""D19"", ""D20""]",16,0.0,0.0,0.0
How do vaccines stimulate an immune response?,02_covid_vaccination_basics.txt,Pipeline_B_Lemmatization,"[""D01"", ""D02"", ""D03"", ""D04"", ""D06"", ""D08"", ""D10"", ""D12"", ""D14"", ""D15"", ""D18"", ""D19"", ""D20""]",13,0.0,0.0,0.0
Does COVID-19 vaccination guarantee no infection?,02_covid_vaccination_basics.txt,Pipeline_A_Stemming,"[""D01"", ""D02"", ""D03"", ""D04"", ""D05"", ""D06"", ""D07"", ""D08"", ""D09"", ""D11"", ""D12"", ""D13"", ""D14"", ""D15"", ""D16"", ""D18"", ""D19"", ""D20""]",18,0.0,0.0,0.0
Does COVID-19 vaccination guarantee no infection?,02_covid_vaccination_basics.txt,Pipeline_B_Lemmatization,"[""D01"", ""D02"", ""D03"", ""D04"", ""D05"", ""D06"", ""D07"", ""D08"", ""D09"", ""D11"", ""D12"", ""D13"", ""D14"", ""D15"", ""D16"", ""D18"", ""D19"", ""D20""]",18,0.0,0.0,0.0
What factors affect vaccine effectiveness?,02_covid_vaccination_basics.txt,Pipeline_A_Stemming,"[""D01"", ""D02"", ""D03"", ""D04"", ""D05"", ""D06"", ""D08"", ""D09"", ""D11"", ""D12"", ""D13"", ""D14"", ""D15"", ""D16"", ""D18"", ""D19"", ""D20""]",17,0.0,0.0,0.0
What factors affect vaccine effectiveness?,02_covid_vaccination_basics.txt,Pipeline_B_Lemmatization,"[""D01"", ""D02"", ""D03"", ""D04"", ""D05"", ""D06"", ""D08"", ""D12"", ""D13"", ""D15"", ""D20""]",11,0.0,0.0,0.0
How is protection against infection different from protection against hospitalization?,02_covid_vaccination_basics.txt,Pipeline_A_Stemming,"[""D01"", ""D02"", ""D03"", ""D04"", ""D05"", ""D06"", ""D07"", ""D08"", ""D09"", ""D10"", ""D11"", ""D14"", ""D15"", ""D16"", ""D17"", ""D18"", ""D19"", ""D20""]",18,0.0,0.0,0.0
How is protection against infection different from protection against hospitalization?,02_covid_vaccination_basics.txt,Pipeline_B_Lemmatization,"[""D01"", ""D02"", ""D03"", ""D04"", ""D05"", ""D06"", ""D07"", ""D08"", ""D10"", ""D11"", ""D14"", ""D15"", ""D16"", ""D17"", ""D19"", ""D20""]",16,0.0,0.0,0.0
What is hybrid immunity?,02_covid_vaccination_basics.txt,Pipeline_A_Stemming,"[""D01"", ""D02"", ""D05"", ""D08"", ""D12"", ""D13"", ""D15"", ""D19"", ""D20""]",9,0.0,0.0,0.0
What is hybrid immunity?,02_covid_vaccination_basics.txt,Pipeline_B_Lemmatization,"[""D02"", ""D05"", ""D08"", ""D13"", ""D15"", ""D19"", ""D20""]",7,0.0,0.0,0.0
Why can vaccine recommendations change over time?,02_covid_vaccination_basics.txt,Pipeline_A_Stemming,"[""D01"", ""D02"", ""D03"", ""D04"", ""D05"", ""D06"", ""D07"", ""D08"", ""D09"", ""D10"", ""D11"", ""D12"", ""D13"", ""D14"", ""D15"", ""D16"", ""D17"", ""D18"", ""D19"", ""D20""]",20,0.0,0.0,0.0
Why can vaccine recommendations change over time?,02_covid_vaccination_basics.txt,Pipeline_B_Lemmatization,"[""D01"", ""D02"", ""D03"", ""D04"", ""D05"", ""D06"", ""D07"", ""D08"", ""D09"", ""D10"", ""D11"", ""D12"", ""D13"", ""D14"", ""D15"", ""D16"", ""D17"", ""D18"", ""D19"", ""D20""]",20,0.0,0.0,0.0
What is the difference between relative and absolute risk?,02_covid_vaccination_basics.txt,Pipeline_A_Stemming,"[""D01"", ""D02"", ""D03"", ""D04"", ""D05"", ""D06"", ""D07"", ""D08"", ""D09"", ""D10"", ""D12"", ""D13"", ""D15"", ""D16"", ""D18"", ""D19"", ""D20""]",17,0.0,0.0,0.0
What is the difference between relative and absolute risk?,02_covid_vaccination_basics.txt,Pipeline_B_Lemmatization,"[""D01"", ""D02"", ""D03"", ""D05"", ""D06"", ""D07"", ""D08"", ""D09"", ""D12"", ""D13"", ""D15"", ""D16"", ""D18"", ""D20""]",14,0.0,0.0,0.0
Why is the comparison group important in vaccine studies?,02_covid_vaccination_basics.txt,Pipeline_A_Stemming,"[""D01"", ""D02"", ""D03"", ""D05"", ""D06"", ""D08"", ""D09"", ""D11"", ""D12"", ""D13"", ""D14"", ""D15"", ""D17"", ""D18"", ""D19"", ""D20""]",16,0.0,0.0,0.0
Why is the comparison group important in vaccine studies?,02_covid_vaccination_basics.txt,Pipeline_B_Lemmatization,"[""D01"", ""D02"", ""D03"", ""D06"", ""D08"", ""D09"", ""D12"", ""D13"", ""D14"", ""D15"", ""D17"", ""D19""]",12,0.0,0.0,0.0
How should vaccine effectiveness percentages be interpreted?,02_covid_vaccination_basics.txt,Pipeline_A_Stemming,"[""D01"", ""D02"", ""D03"", ""D04"", ""D05"", ""D06"", ""D07"", ""D08"", ""D09"", ""D10"", ""D11"", ""D12"", ""D13"", ""D14"", ""D15"", ""D16"", ""D17"", ""D18"", ""D19"", ""D20""]",20,0.0,0.0,0.0
How should vaccine effectiveness percentages be interpreted?,02_covid_vaccination_basics.txt,Pipeline_B_Lemmatization,"[""D01"", ""D02"", ""D03"", ""D04"", ""D05"", ""D06"", ""D08"", ""D09"", ""D10"", ""D11"", ""D12"", ""D13"", ""D14"", ""D15"", ""D16"", ""D17"", ""D18"", ""D19"", ""D20""]",19,0.0,0.0,0.0
How can previous infection affect immune protection?,02_covid_vaccination_basics.txt,Pipeline_A_Stemming,"[""D01"", ""D02"", ""D03"", ""D04"", ""D05"", ""D06"", ""D07"", ""D08"", ""D09"", ""D10"", ""D11"", ""D12"", ""D13"", ""D14"", ""D15"", ""D16"", ""D17"", ""D18"", ""D19"", ""D20""]",20,0.0,0.0,0.0
How can previous infection affect immune protection?,02_covid_vaccination_basics.txt,Pipeline_B_Lemmatization,"[""D01"", ""D02"", ""D03"", ""D04"", ""D05"", ""D06"", ""D07"", ""D08"", ""D09"", ""D10"", ""D11"", ""D12"", ""D13"", ""D14"", ""D15"", ""D16"", ""D17"", ""D18"", ""D19"", ""D20""]",20,0.0,0.0,0.0
Why should vaccine outcomes be defined clearly?,02_covid_vaccination_basics.txt,Pipeline_A_Stemming,"[""D01"", ""D02"", ""D03"", ""D04"", ""D05"", ""D08"", ""D09"", ""D10"", ""D11"", ""D12"", ""D13"", ""D14"", ""D15"", ""D16"", ""D17"", ""D18"", ""D19"", ""D20""]",18,0.0,0.0,0.0
Why should vaccine outcomes be defined clearly?,02_covid_vaccination_basics.txt,Pipeline_B_Lemmatization,"[""D01"", ""D02"", ""D03"", ""D04"", ""D05"", ""D08"", ""D09"", ""D10"", ""D11"", ""D12"", ""D13"", ""D14"", ""D15"", ""D16"", ""D17"", ""D18"", ""D19"", ""D20""]",18,0.0,0.0,0.0
What does vaccine protection against severe disease mean?,02_covid_vaccination_basics.txt,Pipeline_A_Stemming,"[""D01"", ""D02"", ""D03"", ""D04"", ""D05"", ""D06"", ""D07"", ""D08"", ""D09"", ""D10"", ""D11"", ""D12"", ""D13"", ""D14"", ""D15"", ""D16"", ""D17"", ""D18"", ""D19"", ""D20""]",20,0.0,0.0,0.0
What does vaccine protection against severe disease mean?,02_covid_vaccination_basics.txt,Pipeline_B_Lemmatization,"[""D01"", ""D02"", ""D03"", ""D04"", ""D05"", ""D06"", ""D07"", ""D08"", ""D09"", ""D10"", ""D12"", ""D13"", ""D14"", ""D15"", ""D16"", ""D17"", ""D18"", ""D19"", ""D20""]",19,0.0,0.0,0.0
Why does time since vaccination matter?,02_covid_vaccination_basics.txt,Pipeline_A_Stemming,"[""D01"", ""D02"", ""D03"", ""D04"", ""D05"", ""D06"", ""D07"", ""D08"", ""D09"", ""D11"", ""D12"", ""D13"", ""D14"", ""D15"", ""D16"", ""D18"", ""D19"", ""D20""]",18,0.0,0.0,0.0
Why does time since vaccination matter?,02_covid_vaccination_basics.txt,Pipeline_B_Lemmatization,"[""D01"", ""D02"", ""D03"", ""D04"", ""D05"", ""D07"", ""D08"", ""D09"", ""D11"", ""D12"", ""D13"", ""D14"", ""D15"", ""D16"", ""D18"", ""D19"", ""D20""]",17,0.0,0.0,0.0
How can circulating variants affect vaccine effectiveness?,02_covid_vaccination_basics.txt,Pipeline_A_Stemming,"[""D01"", ""D02"", ""D03"", ""D04"", ""D05"", ""D06"", ""D07"", ""D08"", ""D09"", ""D10"", ""D11"", ""D12"", ""D13"", ""D14"", ""D15"", ""D16"", ""D17"", ""D18"", ""D19"", ""D20""]",20,0.0,0.0,0.0
How can circulating variants affect vaccine effectiveness?,02_covid_vaccination_basics.txt,Pipeline_B_Lemmatization,"[""D01"", ""D02"", ""D03"", ""D04"", ""D05"", ""D06"", ""D07"", ""D08"", ""D09"", ""D10"", ""D11"", ""D12"", ""D13"", ""D14"", ""D15"", ""D16"", ""D17"", ""D18"", ""D19"", ""D20""]",20,0.0,0.0,0.0
What information should accompany a vaccine safety or effectiveness statistic?,02_covid_vaccination_basics.txt,Pipeline_A_Stemming,"[""D01"", ""D02"", ""D03"", ""D05"", ""D06"", ""D07"", ""D08"", ""D09"", ""D10"", ""D11"", ""D12"", ""D13"", ""D14"", ""D15"", ""D16"", ""D17"", ""D18"", ""D19"", ""D20""]",19,0.0,0.0,0.0
What information should accompany a vaccine safety or effectiveness statistic?,02_covid_vaccination_basics.txt,Pipeline_B_Lemmatization,"[""D01"", ""D02"", ""D03"", ""D05"", ""D06"", ""D07"", ""D08"", ""D09"", ""D10"", ""D11"", ""D12"", ""D13"", ""D14"", ""D15"", ""D16"", ""D17"", ""D18"", ""D19"", ""D20""]",19,0.0,0.0,0.0
Why should infection and hospitalization outcomes not be treated as identical?,02_covid_vaccination_basics.txt,Pipeline_A_Stemming,"[""D01"", ""D02"", ""D03"", ""D04"", ""D05"", ""D06"", ""D07"", ""D08"", ""D09"", ""D10"", ""D11"", ""D12"", ""D13"", ""D14"", ""D15"", ""D16"", ""D17"", ""D18"", ""D19"", ""D20""]",20,0.0,0.0,0.0
Why should infection and hospitalization outcomes not be treated as identical?,02_covid_vaccination_basics.txt,Pipeline_B_Lemmatization,"[""D01"", ""D02"", ""D03"", ""D04"", ""D05"", ""D06"", ""D07"", ""D08"", ""D09"", ""D10"", ""D11"", ""D12"", ""D13"", ""D14"", ""D15"", ""D16"", ""D17"", ""D18"", ""D19"", ""D20""]",20,0.0,0.0,0.0
How can public-health programs evaluate changing vaccine evidence?,02_covid_vaccination_basics.txt,Pipeline_A_Stemming,"[""D01"", ""D02"", ""D03"", ""D04"", ""D05"", ""D06"", ""D07"", ""D08"", ""D09"", ""D10"", ""D11"", ""D12"", ""D13"", ""D14"", ""D15"", ""D16"", ""D17"", ""D18"", ""D19"", ""D20""]",20,0.0,0.0,0.0
How can public-health programs evaluate changing vaccine evidence?,02_covid_vaccination_basics.txt,Pipeline_B_Lemmatization,"[""D01"", ""D02"", ""D03"", ""D04"", ""D05"", ""D06"", ""D07"", ""D08"", ""D09"", ""D10"", ""D11"", ""D12"", ""D13"", ""D14"", ""D15"", ""D16"", ""D17"", ""D18"", ""D19"", ""D20""]",20,0.0,0.0,0.0
What does immune response mean in the context of vaccination?,02_covid_vaccination_basics.txt,Pipeline_A_Stemming,"[""D01"", ""D02"", ""D03"", ""D05"", ""D07"", ""D08"", ""D09"", ""D11"", ""D12"", ""D13"", ""D14"", ""D15"", ""D16"", ""D18"", ""D19"", ""D20""]",16,0.0,0.0,0.0
What does immune response mean in the context of vaccination?,02_covid_vaccination_basics.txt,Pipeline_B_Lemmatization,"[""D01"", ""D02"", ""D03"", ""D05"", ""D07"", ""D08"", ""D09"", ""D11"", ""D12"", ""D13"", ""D14"", ""D15"", ""D16"", ""D18"", ""D19"", ""D20""]",16,0.0,0.0,0.0
Why is context important when communicating vaccine effectiveness?,02_covid_vaccination_basics.txt,Pipeline_A_Stemming,"[""D01"", ""D02"", ""D03"", ""D05"", ""D06"", ""D07"", ""D08"", ""D09"", ""D10"", ""D11"", ""D12"", ""D13"", ""D14"", ""D15"", ""D16"", ""D17"", ""D18"", ""D19"", ""D20""]",19,0.0,0.0,0.0
Why is context important when communicating vaccine effectiveness?,02_covid_vaccination_basics.txt,Pipeline_B_Lemmatization,"[""D01"", ""D02"", ""D03"", ""D05"", ""D06"", ""D07"", ""D08"", ""D10"", ""D11"", ""D12"", ""D13"", ""D14"", ""D15"", ""D16"", ""D17"", ""D19""]",16,0.0,0.0,0.0
What is vaccine effectiveness?,03_vaccine_effectiveness_and_studies.txt,Pipeline_A_Stemming,"[""D01"", ""D02"", ""D03"", ""D05"", ""D06"", ""D08"", ""D09"", ""D11"", ""D12"", ""D13"", ""D14"", ""D15"", ""D16"", ""D18"", ""D19"", ""D20""]",16,0.0,0.0,0.0
What is vaccine effectiveness?,03_vaccine_effectiveness_and_studies.txt,Pipeline_B_Lemmatization,"[""D01"", ""D02"", ""D03"", ""D06"", ""D08"", ""D12"", ""D13"", ""D20""]",8,0.0,0.0,0.0
How is vaccine effectiveness estimated in real-world studies?,03_vaccine_effectiveness_and_studies.txt,Pipeline_A_Stemming,"[""D01"", ""D02"", ""D03"", ""D04"", ""D05"", ""D06"", ""D07"", ""D08"", ""D09"", ""D10"", ""D11"", ""D12"", ""D13"", ""D14"", ""D15"", ""D16"", ""D17"", ""D18"", ""D19"", ""D20""]",20,0.0,0.0,0.0
How is vaccine effectiveness estimated in real-world studies?,03_vaccine_effectiveness_and_studies.txt,Pipeline_B_Lemmatization,"[""D01"", ""D02"", ""D03"", ""D04"", ""D06"", ""D08"", ""D10"", ""D12"", ""D13"", ""D17"", ""D19"", ""D20""]",12,0.0,0.0,0.0
What is a cohort study in vaccine research?,03_vaccine_effectiveness_and_studies.txt,Pipeline_A_Stemming,"[""D01"", ""D02"", ""D03"", ""D05"", ""D08"", ""D09"", ""D11"", ""D12"", ""D13"", ""D14"", ""D15"", ""D17"", ""D18"", ""D19"", ""D20""]",15,0.0,0.0,0.0
What is a cohort study in vaccine research?,03_vaccine_effectiveness_and_studies.txt,Pipeline_B_Lemmatization,"[""D01"", ""D02"", ""D03"", ""D08"", ""D12"", ""D13"", ""D17"", ""D20""]",8,0.0,0.0,0.0
What is a case-control study?,03_vaccine_effectiveness_and_studies.txt,Pipeline_A_Stemming,"[""D02"", ""D03"", ""D08"", ""D12"", ""D13"", ""D17"", ""D20""]",7,0.0,0.0,0.0
What is a case-control study?,03_vaccine_effectiveness_and_studies.txt,Pipeline_B_Lemmatization,"[""D02"", ""D03"", ""D08"", ""D12"", ""D13"", ""D17"", ""D20""]",7,0.0,0.0,0.0
What is a test-negative study design?,03_vaccine_effectiveness_and_studies.txt,Pipeline_A_Stemming,"[""D02"", ""D03"", ""D08"", ""D11"", ""D12"", ""D13"", ""D17"", ""D20""]",8,0.0,0.0,0.0
What is a test-negative study design?,03_vaccine_effectiveness_and_studies.txt,Pipeline_B_Lemmatization,"[""D02"", ""D03"", ""D08"", ""D11"", ""D12"", ""D13"", ""D17"", ""D20""]",8,0.0,0.0,0.0
Why is confounding important in vaccine effectiveness studies?,03_vaccine_effectiveness_and_studies.txt,Pipeline_A_Stemming,"[""D01"", ""D02"", ""D03"", ""D05"", ""D06"", ""D08"", ""D09"", ""D11"", ""D12"", ""D13"", ""D14"", ""D15"", ""D16"", ""D17"", ""D18"", ""D19"", ""D20""]",17,0.0,0.0,0.0
Why is confounding important in vaccine effectiveness studies?,03_vaccine_effectiveness_and_studies.txt,Pipeline_B_Lemmatization,"[""D01"", ""D02"", ""D03"", ""D06"", ""D08"", ""D09"", ""D12"", ""D13"", ""D14"", ""D15"", ""D17""]",11,0.0,0.0,0.0
How can age affect vaccine effectiveness estimates?,03_vaccine_effectiveness_and_studies.txt,Pipeline_A_Stemming,"[""D01"", ""D02"", ""D03"", ""D04"", ""D05"", ""D06"", ""D07"", ""D08"", ""D09"", ""D10"", ""D11"", ""D12"", ""D13"", ""D14"", ""D15"", ""D16"", ""D17"", ""D18"", ""D19"", ""D20""]",20,0.0,0.0,0.0
How can age affect vaccine effectiveness estimates?,03_vaccine_effectiveness_and_studies.txt,Pipeline_B_Lemmatization,"[""D01"", ""D02"", ""D03"", ""D04"", ""D05"", ""D06"", ""D07"", ""D08"", ""D09"", ""D10"", ""D11"", ""D12"", ""D13"", ""D14"", ""D15"", ""D16"", ""D17"", ""D18"", ""D19"", ""D20""]",20,0.0,0.0,0.0
Why do trial efficacy and real-world effectiveness differ?,03_vaccine_effectiveness_and_studies.txt,Pipeline_A_Stemming,"[""D02"", ""D03"", ""D04"", ""D05"", ""D06"", ""D08"", ""D09"", ""D13"", ""D16"", ""D19""]",10,0.0,0.0,0.0
Why do trial efficacy and real-world effectiveness differ?,03_vaccine_effectiveness_and_studies.txt,Pipeline_B_Lemmatization,"[""D02"", ""D03"", ""D06"", ""D13""]",4,0.0,0.0,0.0
Why should hospitalization and infection be analyzed separately?,03_vaccine_effectiveness_and_studies.txt,Pipeline_A_Stemming,"[""D01"", ""D02"", ""D03"", ""D04"", ""D05"", ""D06"", ""D07"", ""D08"", ""D09"", ""D10"", ""D11"", ""D12"", ""D13"", ""D14"", ""D15"", ""D16"", ""D17"", ""D18"", ""D19"", ""D20""]",20,0.0,0.0,0.0
Why should hospitalization and infection be analyzed separately?,03_vaccine_effectiveness_and_studies.txt,Pipeline_B_Lemmatization,"[""D01"", ""D02"", ""D03"", ""D04"", ""D05"", ""D06"", ""D07"", ""D08"", ""D09"", ""D10"", ""D11"", ""D12"", ""D13"", ""D14"", ""D15"", ""D16"", ""D17"", ""D18"", ""D19"", ""D20""]",20,0.0,0.0,0.0
What is waning vaccine protection?,03_vaccine_effectiveness_and_studies.txt,Pipeline_A_Stemming,"[""D01"", ""D02"", ""D03"", ""D05"", ""D08"", ""D09"", ""D11"", ""D12"", ""D13"", ""D14"", ""D15"", ""D18"", ""D19"", ""D20""]",14,0.0,0.0,0.0
What is waning vaccine protection?,03_vaccine_effectiveness_and_studies.txt,Pipeline_B_Lemmatization,"[""D01"", ""D02"", ""D03"", ""D08"", ""D12"", ""D13"", ""D15"", ""D20""]",8,0.0,0.0,0.0
How can circulating variants affect effectiveness estimates?,03_vaccine_effectiveness_and_studies.txt,Pipeline_A_Stemming,"[""D01"", ""D02"", ""D03"", ""D04"", ""D05"", ""D06"", ""D07"", ""D08"", ""D09"", ""D10"", ""D11"", ""D12"", ""D13"", ""D14"", ""D15"", ""D16"", ""D17"", ""D18"", ""D19"", ""D20""]",20,0.0,0.0,0.0
How can circulating variants affect effectiveness estimates?,03_vaccine_effectiveness_and_studies.txt,Pipeline_B_Lemmatization,"[""D01"", ""D02"", ""D03"", ""D04"", ""D05"", ""D06"", ""D07"", ""D08"", ""D09"", ""D10"", ""D11"", ""D12"", ""D13"", ""D14"", ""D15"", ""D16"", ""D17"", ""D18"", ""D19"", ""D20""]",20,0.0,0.0,0.0
Why are observational vaccine studies vulnerable to selection bias?,03_vaccine_effectiveness_and_studies.txt,Pipeline_A_Stemming,"[""D01"", ""D02"", ""D03"", ""D04"", ""D05"", ""D08"", ""D09"", ""D10"", ""D11"", ""D12"", ""D13"", ""D14"", ""D15"", ""D16"", ""D17"", ""D18"", ""D19"", ""D20""]",18,0.0,0.0,0.0
Why are observational vaccine studies vulnerable to selection bias?,03_vaccine_effectiveness_and_studies.txt,Pipeline_B_Lemmatization,"[""D01"", ""D02"", ""D03"", ""D08"", ""D09"", ""D12"", ""D13"", ""D16"", ""D17""]",9,0.0,0.0,0.0
How can statistical adjustment reduce confounding?,03_vaccine_effectiveness_and_studies.txt,Pipeline_A_Stemming,"[""D01"", ""D02"", ""D03"", ""D04"", ""D05"", ""D06"", ""D07"", ""D08"", ""D09"", ""D10"", ""D11"", ""D12"", ""D13"", ""D14"", ""D15"", ""D16"", ""D17"", ""D18"", ""D19"", ""D20""]",20,0.0,0.0,0.0
How can statistical adjustment reduce confounding?,03_vaccine_effectiveness_and_studies.txt,Pipeline_B_Lemmatization,"[""D01"", ""D02"", ""D03"", ""D04"", ""D05"", ""D06"", ""D07"", ""D08"", ""D09"", ""D10"", ""D11"", ""D12"", ""D13"", ""D14"", ""D15"", ""D16"", ""D17"", ""D18"", ""D19"", ""D20""]",20,0.0,0.0,0.0
Can statistical adjustment remove every source of bias?,03_vaccine_effectiveness_and_studies.txt,Pipeline_A_Stemming,"[""D01"", ""D02"", ""D03"", ""D04"", ""D05"", ""D06"", ""D07"", ""D08"", ""D09"", ""D10"", ""D11"", ""D12"", ""D13"", ""D14"", ""D15"", ""D16"", ""D17"", ""D18"", ""D19"", ""D20""]",20,0.0,0.0,0.0
Can statistical adjustment remove every source of bias?,03_vaccine_effectiveness_and_studies.txt,Pipeline_B_Lemmatization,"[""D01"", ""D02"", ""D03"", ""D04"", ""D05"", ""D06"", ""D07"", ""D08"", ""D09"", ""D10"", ""D11"", ""D12"", ""D13"", ""D14"", ""D15"", ""D16"", ""D17"", ""D18"", ""D19"", ""D20""]",20,0.0,0.0,0.0
What information is needed to interpret a vaccine study?,03_vaccine_effectiveness_and_studies.txt,Pipeline_A_Stemming,"[""D01"", ""D02"", ""D03"", ""D04"", ""D05"", ""D06"", ""D07"", ""D08"", ""D09"", ""D10"", ""D11"", ""D12"", ""D13"", ""D14"", ""D15"", ""D16"", ""D17"", ""D18"", ""D19"", ""D20""]",20,0.0,0.0,0.0
What information is needed to interpret a vaccine study?,03_vaccine_effectiveness_and_studies.txt,Pipeline_B_Lemmatization,"[""D01"", ""D02"", ""D03"", ""D04"", ""D06"", ""D07"", ""D08"", ""D10"", ""D12"", ""D13"", ""D14"", ""D15"", ""D16"", ""D17"", ""D18"", ""D19"", ""D20""]",17,0.0,0.0,0.0
Why are uncertainty intervals important?,03_vaccine_effectiveness_and_studies.txt,Pipeline_A_Stemming,"[""D01"", ""D03"", ""D04"", ""D06"", ""D13"", ""D14"", ""D15"", ""D19""]",8,0.0,0.0,0.0
Why are uncertainty intervals important?,03_vaccine_effectiveness_and_studies.txt,Pipeline_B_Lemmatization,"[""D01"", ""D03"", ""D04"", ""D06"", ""D13"", ""D14"", ""D15"", ""D19""]",8,0.0,0.0,0.0
How can vaccination timing affect study results?,03_vaccine_effectiveness_and_studies.txt,Pipeline_A_Stemming,"[""D01"", ""D02"", ""D03"", ""D04"", ""D05"", ""D06"", ""D07"", ""D08"", ""D09"", ""D10"", ""D11"", ""D12"", ""D13"", ""D14"", ""D15"", ""D16"", ""D17"", ""D18"", ""D19"", ""D20""]",20,0.0,0.0,0.0
How can vaccination timing affect study results?,03_vaccine_effectiveness_and_studies.txt,Pipeline_B_Lemmatization,"[""D01"", ""D02"", ""D03"", ""D04"", ""D05"", ""D06"", ""D07"", ""D08"", ""D09"", ""D10"", ""D11"", ""D12"", ""D13"", ""D14"", ""D15"", ""D16"", ""D17"", ""D18"", ""D19"", ""D20""]",20,0.0,0.0,0.0
Why should vaccine effectiveness be stratified by population when appropriate?,03_vaccine_effectiveness_and_studies.txt,Pipeline_A_Stemming,"[""D01"", ""D02"", ""D03"", ""D04"", ""D05"", ""D06"", ""D07"", ""D08"", ""D09"", ""D10"", ""D11"", ""D12"", ""D13"", ""D14"", ""D15"", ""D16"", ""D17"", ""D18"", ""D19"", ""D20""]",20,0.0,0.0,0.0
Why should vaccine effectiveness be stratified by population when appropriate?,03_vaccine_effectiveness_and_studies.txt,Pipeline_B_Lemmatization,"[""D01"", ""D02"", ""D03"", ""D04"", ""D05"", ""D06"", ""D07"", ""D08"", ""D09"", ""D10"", ""D11"", ""D12"", ""D13"", ""D14"", ""D15"", ""D16"", ""D17"", ""D18"", ""D19"", ""D20""]",20,0.0,0.0,0.0
What is the difference between vaccine efficacy and effectiveness?,03_vaccine_effectiveness_and_studies.txt,Pipeline_A_Stemming,"[""D01"", ""D02"", ""D03"", ""D04"", ""D05"", ""D06"", ""D07"", ""D08"", ""D09"", ""D11"", ""D12"", ""D13"", ""D14"", ""D15"", ""D16"", ""D18"", ""D19"", ""D20""]",18,0.0,0.0,0.0
What is the difference between vaccine efficacy and effectiveness?,03_vaccine_effectiveness_and_studies.txt,Pipeline_B_Lemmatization,"[""D01"", ""D02"", ""D03"", ""D05"", ""D06"", ""D07"", ""D08"", ""D09"", ""D12"", ""D13"", ""D20""]",11,0.0,0.0,0.0
How should limitations of observational vaccine studies be communicated?,03_vaccine_effectiveness_and_studies.txt,Pipeline_A_Stemming,"[""D01"", ""D02"", ""D03"", ""D04"", ""D05"", ""D06"", ""D07"", ""D08"", ""D09"", ""D10"", ""D11"", ""D12"", ""D13"", ""D14"", ""D15"", ""D16"", ""D17"", ""D18"", ""D19"", ""D20""]",20,0.0,0.0,0.0
How should limitations of observational vaccine studies be communicated?,03_vaccine_effectiveness_and_studies.txt,Pipeline_B_Lemmatization,"[""D01"", ""D02"", ""D03"", ""D04"", ""D05"", ""D08"", ""D09"", ""D10"", ""D11"", ""D12"", ""D13"", ""D14"", ""D15"", ""D16"", ""D17"", ""D18"", ""D19"", ""D20""]",18,0.0,0.0,0.0
What is incidence in epidemiology?,04_epidemiology_incidence_prevalence.txt,Pipeline_A_Stemming,"[""D01"", ""D02"", ""D04"", ""D05"", ""D07"", ""D08"", ""D09"", ""D10"", ""D12"", ""D13"", ""D19"", ""D20""]",12,0.0,0.0,0.0
What is incidence in epidemiology?,04_epidemiology_incidence_prevalence.txt,Pipeline_B_Lemmatization,"[""D02"", ""D04"", ""D08"", ""D09"", ""D12"", ""D13"", ""D20""]",7,0.0,0.0,0.0
What is prevalence?,04_epidemiology_incidence_prevalence.txt,Pipeline_A_Stemming,"[""D02"", ""D04"", ""D08"", ""D13"", ""D20""]",5,0.0,0.0,0.0
What is prevalence?,04_epidemiology_incidence_prevalence.txt,Pipeline_B_Lemmatization,"[""D02"", ""D04"", ""D08"", ""D13"", ""D20""]",5,0.0,0.0,0.0
What is the difference between incidence and prevalence?,04_epidemiology_incidence_prevalence.txt,Pipeline_A_Stemming,"[""D02"", ""D03"", ""D04"", ""D05"", ""D07"", ""D08"", ""D09"", ""D12"", ""D13"", ""D16"", ""D19"", ""D20""]",12,0.0,0.0,0.0
What is the difference between incidence and prevalence?,04_epidemiology_incidence_prevalence.txt,Pipeline_B_Lemmatization,"[""D02"", ""D03"", ""D04"", ""D05"", ""D07"", ""D08"", ""D09"", ""D12"", ""D13"", ""D20""]",10,0.0,0.0,0.0
Why can a disease have high incidence but low prevalence?,04_epidemiology_incidence_prevalence.txt,Pipeline_A_Stemming,"[""D01"", ""D02"", ""D03"", ""D04"", ""D05"", ""D06"", ""D07"", ""D08"", ""D09"", ""D10"", ""D11"", ""D12"", ""D13"", ""D14"", ""D15"", ""D16"", ""D17"", ""D18"", ""D19"", ""D20""]",20,0.0,0.0,0.0
Why can a disease have high incidence but low prevalence?,04_epidemiology_incidence_prevalence.txt,Pipeline_B_Lemmatization,"[""D01"", ""D02"", ""D03"", ""D04"", ""D05"", ""D06"", ""D07"", ""D08"", ""D09"", ""D10"", ""D11"", ""D12"", ""D13"", ""D14"", ""D15"", ""D16"", ""D17"", ""D18"", ""D19"", ""D20""]",20,0.0,0.0,0.0
How does disease duration affect prevalence?,04_epidemiology_incidence_prevalence.txt,Pipeline_A_Stemming,"[""D01"", ""D02"", ""D03"", ""D04"", ""D05"", ""D06"", ""D07"", ""D08"", ""D09"", ""D10"", ""D12"", ""D13"", ""D14"", ""D15"", ""D16"", ""D17"", ""D18"", ""D19"", ""D20""]",19,0.0,0.0,0.0
How does disease duration affect prevalence?,04_epidemiology_incidence_prevalence.txt,Pipeline_B_Lemmatization,"[""D01"", ""D02"", ""D03"", ""D04"", ""D05"", ""D06"", ""D07"", ""D08"", ""D09"", ""D10"", ""D13"", ""D14"", ""D15"", ""D16"", ""D17"", ""D18"", ""D19"", ""D20""]",18,0.0,0.0,0.0
Why is a case definition important?,04_epidemiology_incidence_prevalence.txt,Pipeline_A_Stemming,"[""D01"", ""D03"", ""D04"", ""D05"", ""D06"", ""D09"", ""D10"", ""D13"", ""D14"", ""D15"", ""D20""]",11,0.0,0.0,0.0
Why is a case definition important?,04_epidemiology_incidence_prevalence.txt,Pipeline_B_Lemmatization,"[""D01"", ""D03"", ""D04"", ""D05"", ""D06"", ""D09"", ""D10"", ""D13"", ""D14"", ""D15"", ""D20""]",11,0.0,0.0,0.0
How can testing availability affect reported incidence?,04_epidemiology_incidence_prevalence.txt,Pipeline_A_Stemming,"[""D01"", ""D02"", ""D03"", ""D04"", ""D05"", ""D06"", ""D07"", ""D08"", ""D09"", ""D10"", ""D11"", ""D12"", ""D13"", ""D14"", ""D15"", ""D16"", ""D17"", ""D18"", ""D19"", ""D20""]",20,0.0,0.0,0.0
How can testing availability affect reported incidence?,04_epidemiology_incidence_prevalence.txt,Pipeline_B_Lemmatization,"[""D01"", ""D02"", ""D03"", ""D04"", ""D05"", ""D06"", ""D07"", ""D08"", ""D09"", ""D10"", ""D11"", ""D12"", ""D13"", ""D14"", ""D15"", ""D16"", ""D17"", ""D18"", ""D19"", ""D20""]",20,0.0,0.0,0.0
Why can reported COVID-19 cases be misleading when testing changes?,04_epidemiology_incidence_prevalence.txt,Pipeline_A_Stemming,"[""D01"", ""D02"", ""D03"", ""D04"", ""D05"", ""D06"", ""D07"", ""D08"", ""D09"", ""D10"", ""D11"", ""D12"", ""D13"", ""D14"", ""D15"", ""D16"", ""D17"", ""D18"", ""D19"", ""D20""]",20,0.0,0.0,0.0
Why can reported COVID-19 cases be misleading when testing changes?,04_epidemiology_incidence_prevalence.txt,Pipeline_B_Lemmatization,"[""D01"", ""D02"", ""D03"", ""D04"", ""D05"", ""D06"", ""D07"", ""D08"", ""D09"", ""D10"", ""D11"", ""D12"", ""D13"", ""D14"", ""D15"", ""D16"", ""D17"", ""D18"", ""D19"", ""D20""]",20,0.0,0.0,0.0
What other indicators can complement case counts?,04_epidemiology_incidence_prevalence.txt,Pipeline_A_Stemming,"[""D01"", ""D02"", ""D03"", ""D04"", ""D05"", ""D06"", ""D07"", ""D08"", ""D09"", ""D10"", ""D11"", ""D12"", ""D13"", ""D14"", ""D15"", ""D16"", ""D17"", ""D18"", ""D19"", ""D20""]",20,0.0,0.0,0.0
What other indicators can complement case counts?,04_epidemiology_incidence_prevalence.txt,Pipeline_B_Lemmatization,"[""D01"", ""D02"", ""D03"", ""D04"", ""D05"", ""D06"", ""D07"", ""D08"", ""D09"", ""D10"", ""D11"", ""D12"", ""D13"", ""D14"", ""D15"", ""D16"", ""D17"", ""D18"", ""D19"", ""D20""]",20,0.0,0.0,0.0
What is point prevalence?,04_epidemiology_incidence_prevalence.txt,Pipeline_A_Stemming,"[""D02"", ""D04"", ""D08"", ""D13"", ""D20""]",5,0.0,0.0,0.0
What is point prevalence?,04_epidemiology_incidence_prevalence.txt,Pipeline_B_Lemmatization,"[""D02"", ""D04"", ""D08"", ""D13"", ""D20""]",5,0.0,0.0,0.0
What is period prevalence?,04_epidemiology_incidence_prevalence.txt,Pipeline_A_Stemming,"[""D01"", ""D02"", ""D03"", ""D04"", ""D06"", ""D08"", ""D13"", ""D15"", ""D20""]",9,0.0,0.0,0.0
What is period prevalence?,04_epidemiology_incidence_prevalence.txt,Pipeline_B_Lemmatization,"[""D01"", ""D02"", ""D03"", ""D04"", ""D06"", ""D08"", ""D13"", ""D15"", ""D20""]",9,0.0,0.0,0.0
Why must epidemiologists define the population being studied?,04_epidemiology_incidence_prevalence.txt,Pipeline_A_Stemming,"[""D02"", ""D03"", ""D04"", ""D05"", ""D07"", ""D08"", ""D09"", ""D10"", ""D11"", ""D12"", ""D13"", ""D15"", ""D17"", ""D19""]",14,0.0,0.0,0.0
Why must epidemiologists define the population being studied?,04_epidemiology_incidence_prevalence.txt,Pipeline_B_Lemmatization,"[""D02"", ""D03"", ""D04"", ""D05"", ""D07"", ""D09"", ""D11"", ""D13"", ""D15"", ""D17"", ""D19""]",11,0.0,0.0,0.0
How does the time interval affect an incidence measurement?,04_epidemiology_incidence_prevalence.txt,Pipeline_A_Stemming,"[""D01"", ""D02"", ""D03"", ""D04"", ""D05"", ""D06"", ""D07"", ""D08"", ""D09"", ""D10"", ""D11"", ""D12"", ""D13"", ""D14"", ""D15"", ""D16"", ""D18"", ""D19"", ""D20""]",19,0.0,0.0,0.0
How does the time interval affect an incidence measurement?,04_epidemiology_incidence_prevalence.txt,Pipeline_B_Lemmatization,"[""D01"", ""D02"", ""D03"", ""D04"", ""D05"", ""D07"", ""D08"", ""D09"", ""D10"", ""D12"", ""D13"", ""D15"", ""D16"", ""D18"", ""D19"", ""D20""]",16,0.0,0.0,0.0
Why are hospitalization data useful in respiratory disease surveillance?,04_epidemiology_incidence_prevalence.txt,Pipeline_A_Stemming,"[""D01"", ""D02"", ""D03"", ""D04"", ""D05"", ""D06"", ""D07"", ""D08"", ""D09"", ""D10"", ""D11"", ""D12"", ""D13"", ""D14"", ""D15"", ""D16"", ""D17"", ""D18"", ""D19"", ""D20""]",20,0.0,0.0,0.0
Why are hospitalization data useful in respiratory disease surveillance?,04_epidemiology_incidence_prevalence.txt,Pipeline_B_Lemmatization,"[""D01"", ""D02"", ""D03"", ""D04"", ""D05"", ""D06"", ""D07"", ""D08"", ""D09"", ""D10"", ""D11"", ""D12"", ""D13"", ""D14"", ""D15"", ""D16"", ""D17"", ""D18"", ""D19"", ""D20""]",20,0.0,0.0,0.0
How can mortality data complement incidence data?,04_epidemiology_incidence_prevalence.txt,Pipeline_A_Stemming,"[""D01"", ""D02"", ""D03"", ""D04"", ""D05"", ""D06"", ""D07"", ""D08"", ""D09"", ""D10"", ""D11"", ""D12"", ""D13"", ""D14"", ""D15"", ""D16"", ""D17"", ""D18"", ""D19"", ""D20""]",20,0.0,0.0,0.0
How can mortality data complement incidence data?,04_epidemiology_incidence_prevalence.txt,Pipeline_B_Lemmatization,"[""D01"", ""D02"", ""D03"", ""D04"", ""D05"", ""D06"", ""D07"", ""D08"", ""D09"", ""D10"", ""D11"", ""D12"", ""D13"", ""D14"", ""D15"", ""D16"", ""D17"", ""D18"", ""D19"", ""D20""]",20,0.0,0.0,0.0
What is test positivity used for?,04_epidemiology_incidence_prevalence.txt,Pipeline_A_Stemming,"[""D01"", ""D02"", ""D03"", ""D04"", ""D05"", ""D06"", ""D07"", ""D08"", ""D09"", ""D10"", ""D11"", ""D12"", ""D13"", ""D15"", ""D16"", ""D17"", ""D18"", ""D19"", ""D20""]",19,0.0,0.0,0.0
What is test positivity used for?,04_epidemiology_incidence_prevalence.txt,Pipeline_B_Lemmatization,"[""D02"", ""D04"", ""D06"", ""D07"", ""D08"", ""D13"", ""D16"", ""D20""]",8,0.0,0.0,0.0
Why can wastewater data complement reported cases?,04_epidemiology_incidence_prevalence.txt,Pipeline_A_Stemming,"[""D01"", ""D02"", ""D03"", ""D04"", ""D05"", ""D06"", ""D07"", ""D08"", ""D09"", ""D10"", ""D11"", ""D12"", ""D13"", ""D14"", ""D15"", ""D16"", ""D17"", ""D18"", ""D19"", ""D20""]",20,0.0,0.0,0.0
Why can wastewater data complement reported cases?,04_epidemiology_incidence_prevalence.txt,Pipeline_B_Lemmatization,"[""D01"", ""D02"", ""D03"", ""D04"", ""D05"", ""D06"", ""D07"", ""D08"", ""D09"", ""D10"", ""D11"", ""D12"", ""D13"", ""D14"", ""D15"", ""D16"", ""D17"", ""D18"", ""D19"", ""D20""]",20,0.0,0.0,0.0
How can changes in healthcare access affect observed disease rates?,04_epidemiology_incidence_prevalence.txt,Pipeline_A_Stemming,"[""D01"", ""D02"", ""D03"", ""D04"", ""D05"", ""D06"", ""D07"", ""D08"", ""D09"", ""D10"", ""D11"", ""D12"", ""D13"", ""D14"", ""D15"", ""D16"", ""D17"", ""D18"", ""D19"", ""D20""]",20,0.0,0.0,0.0
How can changes in healthcare access affect observed disease rates?,04_epidemiology_incidence_prevalence.txt,Pipeline_B_Lemmatization,"[""D01"", ""D02"", ""D03"", ""D04"", ""D05"", ""D06"", ""D07"", ""D08"", ""D09"", ""D10"", ""D11"", ""D12"", ""D13"", ""D14"", ""D15"", ""D16"", ""D17"", ""D18"", ""D19"", ""D20""]",20,0.0,0.0,0.0
Why should incidence and prevalence not be used interchangeably?,04_epidemiology_incidence_prevalence.txt,Pipeline_A_Stemming,"[""D01"", ""D02"", ""D03"", ""D04"", ""D05"", ""D06"", ""D07"", ""D08"", ""D09"", ""D10"", ""D11"", ""D12"", ""D13"", ""D14"", ""D15"", ""D16"", ""D17"", ""D18"", ""D19"", ""D20""]",20,0.0,0.0,0.0
Why should incidence and prevalence not be used interchangeably?,04_epidemiology_incidence_prevalence.txt,Pipeline_B_Lemmatization,"[""D02"", ""D03"", ""D04"", ""D05"", ""D06"", ""D07"", ""D08"", ""D09"", ""D10"", ""D11"", ""D12"", ""D13"", ""D14"", ""D15"", ""D16"", ""D17"", ""D18"", ""D19"", ""D20""]",19,0.0,0.0,0.0
How can multiple surveillance indicators improve interpretation?,04_epidemiology_incidence_prevalence.txt,Pipeline_A_Stemming,"[""D01"", ""D02"", ""D03"", ""D04"", ""D05"", ""D06"", ""D07"", ""D08"", ""D09"", ""D10"", ""D11"", ""D12"", ""D13"", ""D14"", ""D15"", ""D16"", ""D17"", ""D18"", ""D19"", ""D20""]",20,0.0,0.0,0.0
How can multiple surveillance indicators improve interpretation?,04_epidemiology_incidence_prevalence.txt,Pipeline_B_Lemmatization,"[""D01"", ""D02"", ""D03"", ""D04"", ""D05"", ""D06"", ""D07"", ""D08"", ""D09"", ""D10"", ""D11"", ""D12"", ""D13"", ""D14"", ""D15"", ""D16"", ""D17"", ""D18"", ""D19"", ""D20""]",20,0.0,0.0,0.0
What is the basic reproduction number R0?,05_basic_reproduction_number.txt,Pipeline_A_Stemming,"[""D02"", ""D05"", ""D07"", ""D08"", ""D13"", ""D20""]",6,0.0,0.0,0.0
What is the basic reproduction number R0?,05_basic_reproduction_number.txt,Pipeline_B_Lemmatization,"[""D02"", ""D05"", ""D07"", ""D08"", ""D13"", ""D20""]",6,0.0,0.0,0.0
What does the effective reproduction number mean?,05_basic_reproduction_number.txt,Pipeline_A_Stemming,"[""D02"", ""D03"", ""D05"", ""D06"", ""D07"", ""D08"", ""D13"", ""D16"", ""D18"", ""D19"", ""D20""]",11,0.0,0.0,0.0
What does the effective reproduction number mean?,05_basic_reproduction_number.txt,Pipeline_B_Lemmatization,"[""D02"", ""D05"", ""D06"", ""D07"", ""D08"", ""D13"", ""D16"", ""D18"", ""D20""]",9,0.0,0.0,0.0
How is Rt different from R0?,05_basic_reproduction_number.txt,Pipeline_A_Stemming,"[""D02"", ""D03"", ""D04"", ""D05"", ""D08"", ""D09"", ""D10"", ""D16"", ""D19"", ""D20""]",10,0.0,0.0,0.0
How is Rt different from R0?,05_basic_reproduction_number.txt,Pipeline_B_Lemmatization,"[""D02"", ""D03"", ""D04"", ""D05"", ""D10"", ""D16"", ""D19"", ""D20""]",8,0.0,0.0,0.0
What happens when the effective reproduction number remains above one?,05_basic_reproduction_number.txt,Pipeline_A_Stemming,"[""D01"", ""D02"", ""D03"", ""D04"", ""D05"", ""D06"", ""D07"", ""D08"", ""D10"", ""D11"", ""D12"", ""D13"", ""D14"", ""D15"", ""D16"", ""D17"", ""D19"", ""D20""]",18,0.0,0.0,0.0
What happens when the effective reproduction number remains above one?,05_basic_reproduction_number.txt,Pipeline_B_Lemmatization,"[""D01"", ""D02"", ""D05"", ""D06"", ""D07"", ""D08"", ""D10"", ""D11"", ""D12"", ""D13"", ""D14"", ""D15"", ""D16"", ""D17"", ""D19"", ""D20""]",16,0.0,0.0,0.0
What happens when Rt remains below one?,05_basic_reproduction_number.txt,Pipeline_A_Stemming,"[""D01"", ""D02"", ""D04"", ""D05"", ""D06"", ""D07"", ""D08"", ""D10"", ""D11"", ""D12"", ""D13"", ""D14"", ""D15"", ""D16"", ""D17"", ""D19"", ""D20""]",17,0.0,0.0,0.0
What happens when Rt remains below one?,05_basic_reproduction_number.txt,Pipeline_B_Lemmatization,"[""D01"", ""D02"", ""D05"", ""D06"", ""D07"", ""D08"", ""D10"", ""D11"", ""D12"", ""D13"", ""D14"", ""D15"", ""D16"", ""D17"", ""D19"", ""D20""]",16,0.0,0.0,0.0
How can vaccination affect effective transmission?,05_basic_reproduction_number.txt,Pipeline_A_Stemming,"[""D01"", ""D02"", ""D03"", ""D04"", ""D05"", ""D06"", ""D07"", ""D08"", ""D09"", ""D10"", ""D11"", ""D12"", ""D13"", ""D14"", ""D15"", ""D16"", ""D17"", ""D18"", ""D19"", ""D20""]",20,0.0,0.0,0.0
How can vaccination affect effective transmission?,05_basic_reproduction_number.txt,Pipeline_B_Lemmatization,"[""D01"", ""D02"", ""D03"", ""D04"", ""D05"", ""D06"", ""D07"", ""D08"", ""D09"", ""D10"", ""D11"", ""D12"", ""D13"", ""D14"", ""D15"", ""D16"", ""D17"", ""D18"", ""D19"", ""D20""]",20,0.0,0.0,0.0
How can prior immunity influence reproduction numbers?,05_basic_reproduction_number.txt,Pipeline_A_Stemming,"[""D01"", ""D02"", ""D03"", ""D04"", ""D05"", ""D06"", ""D07"", ""D08"", ""D09"", ""D10"", ""D11"", ""D12"", ""D13"", ""D14"", ""D15"", ""D16"", ""D17"", ""D18"", ""D19"", ""D20""]",20,0.0,0.0,0.0
How can prior immunity influence reproduction numbers?,05_basic_reproduction_number.txt,Pipeline_B_Lemmatization,"[""D01"", ""D02"", ""D03"", ""D04"", ""D05"", ""D06"", ""D07"", ""D08"", ""D09"", ""D10"", ""D11"", ""D12"", ""D13"", ""D14"", ""D15"", ""D16"", ""D17"", ""D18"", ""D19"", ""D20""]",20,0.0,0.0,0.0
Why is R0 not a fixed property in every setting?,05_basic_reproduction_number.txt,Pipeline_A_Stemming,"[""D01"", ""D02"", ""D03"", ""D05"", ""D06"", ""D07"", ""D08"", ""D09"", ""D10"", ""D11"", ""D12"", ""D13"", ""D15"", ""D16"", ""D17"", ""D18"", ""D19"", ""D20""]",18,0.0,0.0,0.0
Why is R0 not a fixed property in every setting?,05_basic_reproduction_number.txt,Pipeline_B_Lemmatization,"[""D01"", ""D02"", ""D03"", ""D05"", ""D06"", ""D07"", ""D08"", ""D09"", ""D10"", ""D11"", ""D12"", ""D13"", ""D15"", ""D16"", ""D17"", ""D18"", ""D19"", ""D20""]",18,0.0,0.0,0.0
What assumptions are used when estimating reproduction numbers?,05_basic_reproduction_number.txt,Pipeline_A_Stemming,"[""D01"", ""D02"", ""D03"", ""D04"", ""D05"", ""D06"", ""D07"", ""D08"", ""D10"", ""D11"", ""D12"", ""D13"", ""D14"", ""D15"", ""D16"", ""D17"", ""D18"", ""D19"", ""D20""]",19,0.0,0.0,0.0
What assumptions are used when estimating reproduction numbers?,05_basic_reproduction_number.txt,Pipeline_B_Lemmatization,"[""D01"", ""D02"", ""D05"", ""D06"", ""D07"", ""D08"", ""D10"", ""D11"", ""D12"", ""D13"", ""D14"", ""D15"", ""D16"", ""D17"", ""D19"", ""D20""]",16,0.0,0.0,0.0
How can reporting delays affect Rt estimates?,05_basic_reproduction_number.txt,Pipeline_A_Stemming,"[""D01"", ""D02"", ""D03"", ""D04"", ""D05"", ""D06"", ""D07"", ""D08"", ""D09"", ""D10"", ""D11"", ""D12"", ""D13"", ""D14"", ""D15"", ""D16"", ""D17"", ""D18"", ""D19"", ""D20""]",20,0.0,0.0,0.0
How can reporting delays affect Rt estimates?,05_basic_reproduction_number.txt,Pipeline_B_Lemmatization,"[""D01"", ""D02"", ""D03"", ""D04"", ""D05"", ""D06"", ""D07"", ""D08"", ""D09"", ""D10"", ""D11"", ""D12"", ""D13"", ""D14"", ""D15"", ""D16"", ""D17"", ""D18"", ""D19"", ""D20""]",20,0.0,0.0,0.0
Why are reproduction number estimates uncertain?,05_basic_reproduction_number.txt,Pipeline_A_Stemming,"[""D03"", ""D05"", ""D07"", ""D12"", ""D13"", ""D19""]",6,0.0,0.0,0.0
Why are reproduction number estimates uncertain?,05_basic_reproduction_number.txt,Pipeline_B_Lemmatization,"[""D05"", ""D07"", ""D12"", ""D13"", ""D19""]",5,0.0,0.0,0.0
How can behavior change transmission?,05_basic_reproduction_number.txt,Pipeline_A_Stemming,"[""D01"", ""D02"", ""D03"", ""D04"", ""D05"", ""D06"", ""D07"", ""D08"", ""D09"", ""D10"", ""D11"", ""D12"", ""D13"", ""D14"", ""D15"", ""D16"", ""D17"", ""D18"", ""D19"", ""D20""]",20,0.0,0.0,0.0
How can behavior change transmission?,05_basic_reproduction_number.txt,Pipeline_B_Lemmatization,"[""D01"", ""D02"", ""D03"", ""D04"", ""D05"", ""D06"", ""D07"", ""D08"", ""D09"", ""D10"", ""D11"", ""D12"", ""D13"", ""D14"", ""D15"", ""D16"", ""D17"", ""D18"", ""D19"", ""D20""]",20,0.0,0.0,0.0
How do public-health interventions affect effective reproduction?,05_basic_reproduction_number.txt,Pipeline_A_Stemming,"[""D01"", ""D02"", ""D03"", ""D04"", ""D05"", ""D06"", ""D08"", ""D09"", ""D10"", ""D12"", ""D13"", ""D14"", ""D15"", ""D16"", ""D17"", ""D18"", ""D19"", ""D20""]",18,0.0,0.0,0.0
How do public-health interventions affect effective reproduction?,05_basic_reproduction_number.txt,Pipeline_B_Lemmatization,"[""D01"", ""D02"", ""D04"", ""D05"", ""D06"", ""D08"", ""D10"", ""D13"", ""D14"", ""D15"", ""D16"", ""D17"", ""D18"", ""D19"", ""D20""]",15,0.0,0.0,0.0
Why should reproduction numbers be interpreted with other indicators?,05_basic_reproduction_number.txt,Pipeline_A_Stemming,"[""D01"", ""D02"", ""D03"", ""D04"", ""D05"", ""D07"", ""D08"", ""D09"", ""D10"", ""D11"", ""D12"", ""D13"", ""D14"", ""D15"", ""D16"", ""D17"", ""D18"", ""D19"", ""D20""]",19,0.0,0.0,0.0
Why should reproduction numbers be interpreted with other indicators?,05_basic_reproduction_number.txt,Pipeline_B_Lemmatization,"[""D01"", ""D02"", ""D03"", ""D04"", ""D05"", ""D07"", ""D08"", ""D09"", ""D10"", ""D11"", ""D12"", ""D13"", ""D14"", ""D15"", ""D16"", ""D17"", ""D18"", ""D19"", ""D20""]",19,0.0,0.0,0.0
Can the same reproduction number represent different outbreak sizes?,05_basic_reproduction_number.txt,Pipeline_A_Stemming,"[""D01"", ""D02"", ""D03"", ""D04"", ""D05"", ""D06"", ""D07"", ""D08"", ""D09"", ""D10"", ""D11"", ""D12"", ""D13"", ""D14"", ""D15"", ""D16"", ""D17"", ""D18"", ""D19"", ""D20""]",20,0.0,0.0,0.0
Can the same reproduction number represent different outbreak sizes?,05_basic_reproduction_number.txt,Pipeline_B_Lemmatization,"[""D01"", ""D02"", ""D03"", ""D04"", ""D05"", ""D06"", ""D07"", ""D08"", ""D09"", ""D10"", ""D11"", ""D12"", ""D13"", ""D14"", ""D15"", ""D16"", ""D17"", ""D18"", ""D19"", ""D20""]",20,0.0,0.0,0.0
Why are small case counts challenging for reproduction-number estimation?,05_basic_reproduction_number.txt,Pipeline_A_Stemming,"[""D01"", ""D03"", ""D04"", ""D05"", ""D06"", ""D07"", ""D09"", ""D10"", ""D12"", ""D13"", ""D17"", ""D19"", ""D20""]",13,0.0,0.0,0.0
Why are small case counts challenging for reproduction-number estimation?,05_basic_reproduction_number.txt,Pipeline_B_Lemmatization,"[""D01"", ""D04"", ""D05"", ""D06"", ""D09"", ""D10"", ""D13"", ""D17"", ""D20""]",9,0.0,0.0,0.0
What role do statistical models play in estimating Rt?,05_basic_reproduction_number.txt,Pipeline_A_Stemming,"[""D02"", ""D03"", ""D05"", ""D06"", ""D07"", ""D08"", ""D12"", ""D13"", ""D18"", ""D19"", ""D20""]",11,0.0,0.0,0.0
What role do statistical models play in estimating Rt?,05_basic_reproduction_number.txt,Pipeline_B_Lemmatization,"[""D02"", ""D03"", ""D05"", ""D06"", ""D08"", ""D13"", ""D18"", ""D19"", ""D20""]",9,0.0,0.0,0.0
How do population conditions affect effective reproduction?,05_basic_reproduction_number.txt,Pipeline_A_Stemming,"[""D02"", ""D03"", ""D04"", ""D05"", ""D06"", ""D07"", ""D08"", ""D09"", ""D10"", ""D11"", ""D12"", ""D13"", ""D15"", ""D16"", ""D17"", ""D19"", ""D20""]",17,0.0,0.0,0.0
How do population conditions affect effective reproduction?,05_basic_reproduction_number.txt,Pipeline_B_Lemmatization,"[""D02"", ""D03"", ""D04"", ""D05"", ""D06"", ""D07"", ""D08"", ""D10"", ""D11"", ""D12"", ""D13"", ""D15"", ""D16"", ""D17"", ""D19"", ""D20""]",16,0.0,0.0,0.0
What is the relationship between transmission and epidemic growth?,05_basic_reproduction_number.txt,Pipeline_A_Stemming,"[""D01"", ""D02"", ""D03"", ""D04"", ""D05"", ""D06"", ""D07"", ""D08"", ""D09"", ""D11"", ""D12"", ""D13"", ""D14"", ""D15"", ""D20""]",15,0.0,0.0,0.0
What is the relationship between transmission and epidemic growth?,05_basic_reproduction_number.txt,Pipeline_B_Lemmatization,"[""D01"", ""D02"", ""D03"", ""D04"", ""D05"", ""D06"", ""D07"", ""D08"", ""D09"", ""D11"", ""D12"", ""D13"", ""D14"", ""D15"", ""D20""]",15,0.0,0.0,0.0
Why should reproduction numbers not be interpreted in isolation?,05_basic_reproduction_number.txt,Pipeline_A_Stemming,"[""D02"", ""D03"", ""D04"", ""D05"", ""D06"", ""D07"", ""D08"", ""D09"", ""D10"", ""D11"", ""D12"", ""D13"", ""D14"", ""D15"", ""D16"", ""D17"", ""D18"", ""D19"", ""D20""]",19,0.0,0.0,0.0
Why should reproduction numbers not be interpreted in isolation?,05_basic_reproduction_number.txt,Pipeline_B_Lemmatization,"[""D02"", ""D03"", ""D04"", ""D05"", ""D06"", ""D07"", ""D08"", ""D09"", ""D10"", ""D11"", ""D12"", ""D13"", ""D14"", ""D15"", ""D16"", ""D17"", ""D18"", ""D19"", ""D20""]",19,0.0,0.0,0.0
What is contact tracing?,06_contact_tracing.txt,Pipeline_A_Stemming,"[""D02"", ""D06"", ""D08"", ""D13"", ""D14"", ""D18"", ""D20""]",7,0.0,0.0,0.0
What is contact tracing?,06_contact_tracing.txt,Pipeline_B_Lemmatization,"[""D02"", ""D06"", ""D08"", ""D13"", ""D14"", ""D18"", ""D20""]",7,0.0,0.0,0.0
What is the purpose of contact tracing?,06_contact_tracing.txt,Pipeline_A_Stemming,"[""D02"", ""D06"", ""D08"", ""D13"", ""D14"", ""D18"", ""D20""]",7,0.0,0.0,0.0
What is the purpose of contact tracing?,06_contact_tracing.txt,Pipeline_B_Lemmatization,"[""D02"", ""D06"", ""D08"", ""D13"", ""D14"", ""D18"", ""D20""]",7,0.0,0.0,0.0
How are contacts identified after an infectious disease case?,06_contact_tracing.txt,Pipeline_A_Stemming,"[""D01"", ""D02"", ""D03"", ""D04"", ""D05"", ""D06"", ""D07"", ""D08"", ""D09"", ""D10"", ""D11"", ""D12"", ""D13"", ""D14"", ""D16"", ""D17"", ""D18"", ""D19"", ""D20""]",19,0.0,0.0,0.0
How are contacts identified after an infectious disease case?,06_contact_tracing.txt,Pipeline_B_Lemmatization,"[""D01"", ""D02"", ""D03"", ""D04"", ""D05"", ""D06"", ""D07"", ""D09"", ""D10"", ""D11"", ""D12"", ""D13"", ""D14"", ""D16"", ""D17"", ""D18"", ""D19"", ""D20""]",18,0.0,0.0,0.0
What factors determine whether someone is considered a contact?,06_contact_tracing.txt,Pipeline_A_Stemming,"[""D01"", ""D02"", ""D03"", ""D06"", ""D08"", ""D09"", ""D10"", ""D12"", ""D13"", ""D14"", ""D15"", ""D16"", ""D17"", ""D18"", ""D19"", ""D20""]",16,0.0,0.0,0.0
What factors determine whether someone is considered a contact?,06_contact_tracing.txt,Pipeline_B_Lemmatization,"[""D02"", ""D03"", ""D06"", ""D08"", ""D09"", ""D13"", ""D14"", ""D15"", ""D17"", ""D18"", ""D19"", ""D20""]",12,0.0,0.0,0.0
Why is timing important in contact tracing?,06_contact_tracing.txt,Pipeline_A_Stemming,"[""D01"", ""D02"", ""D03"", ""D04"", ""D06"", ""D08"", ""D09"", ""D12"", ""D13"", ""D14"", ""D15"", ""D16"", ""D18"", ""D20""]",14,0.0,0.0,0.0
Why is timing important in contact tracing?,06_contact_tracing.txt,Pipeline_B_Lemmatization,"[""D01"", ""D03"", ""D06"", ""D09"", ""D12"", ""D13"", ""D14"", ""D15"", ""D16"", ""D18""]",10,0.0,0.0,0.0
What role can digital tools play in contact tracing?,06_contact_tracing.txt,Pipeline_A_Stemming,"[""D01"", ""D02"", ""D03"", ""D04"", ""D05"", ""D06"", ""D07"", ""D08"", ""D09"", ""D10"", ""D11"", ""D12"", ""D13"", ""D14"", ""D15"", ""D16"", ""D17"", ""D18"", ""D19"", ""D20""]",20,0.0,0.0,0.0
What role can digital tools play in contact tracing?,06_contact_tracing.txt,Pipeline_B_Lemmatization,"[""D01"", ""D02"", ""D03"", ""D04"", ""D05"", ""D06"", ""D07"", ""D08"", ""D09"", ""D10"", ""D11"", ""D12"", ""D13"", ""D14"", ""D15"", ""D16"", ""D17"", ""D18"", ""D19"", ""D20""]",20,0.0,0.0,0.0
Why are privacy and confidentiality important?,06_contact_tracing.txt,Pipeline_A_Stemming,"[""D01"", ""D03"", ""D06"", ""D13"", ""D14"", ""D15""]",6,0.0,0.0,0.0
Why are privacy and confidentiality important?,06_contact_tracing.txt,Pipeline_B_Lemmatization,"[""D01"", ""D03"", ""D06"", ""D13"", ""D14"", ""D15""]",6,0.0,0.0,0.0
When is contact tracing most effective?,06_contact_tracing.txt,Pipeline_A_Stemming,"[""D01"", ""D02"", ""D03"", ""D05"", ""D06"", ""D07"", ""D08"", ""D10"", ""D11"", ""D12"", ""D13"", ""D14"", ""D15"", ""D16"", ""D17"", ""D18"", ""D19""]",17,0.0,0.0,0.0
When is contact tracing most effective?,06_contact_tracing.txt,Pipeline_B_Lemmatization,"[""D01"", ""D02"", ""D05"", ""D06"", ""D07"", ""D08"", ""D10"", ""D11"", ""D12"", ""D13"", ""D14"", ""D15"", ""D16"", ""D17"", ""D18"", ""D19""]",16,0.0,0.0,0.0
How can delayed case identification reduce contact-tracing effectiveness?,06_contact_tracing.txt,Pipeline_A_Stemming,"[""D01"", ""D02"", ""D03"", ""D04"", ""D05"", ""D06"", ""D07"", ""D08"", ""D09"", ""D10"", ""D11"", ""D12"", ""D13"", ""D14"", ""D15"", ""D16"", ""D17"", ""D18"", ""D19"", ""D20""]",20,0.0,0.0,0.0
How can delayed case identification reduce contact-tracing effectiveness?,06_contact_tracing.txt,Pipeline_B_Lemmatization,"[""D01"", ""D02"", ""D03"", ""D04"", ""D05"", ""D06"", ""D07"", ""D08"", ""D09"", ""D10"", ""D11"", ""D12"", ""D13"", ""D14"", ""D15"", ""D16"", ""D17"", ""D18"", ""D19"", ""D20""]",20,0.0,0.0,0.0
Why might contact tracing become difficult during high community transmission?,06_contact_tracing.txt,Pipeline_A_Stemming,"[""D01"", ""D02"", ""D04"", ""D05"", ""D06"", ""D07"", ""D08"", ""D09"", ""D11"", ""D12"", ""D13"", ""D14"", ""D15"", ""D17"", ""D18"", ""D20""]",16,0.0,0.0,0.0
Why might contact tracing become difficult during high community transmission?,06_contact_tracing.txt,Pipeline_B_Lemmatization,"[""D01"", ""D02"", ""D04"", ""D05"", ""D06"", ""D07"", ""D08"", ""D09"", ""D11"", ""D12"", ""D13"", ""D14"", ""D15"", ""D17"", ""D18"", ""D20""]",16,0.0,0.0,0.0
What support do contacts need after notification?,06_contact_tracing.txt,Pipeline_A_Stemming,"[""D02"", ""D03"", ""D06"", ""D08"", ""D12"", ""D13"", ""D14"", ""D18"", ""D20""]",9,0.0,0.0,0.0
What support do contacts need after notification?,06_contact_tracing.txt,Pipeline_B_Lemmatization,"[""D02"", ""D03"", ""D06"", ""D08"", ""D12"", ""D13"", ""D14"", ""D18"", ""D20""]",9,0.0,0.0,0.0
How can testing support contact tracing?,06_contact_tracing.txt,Pipeline_A_Stemming,"[""D01"", ""D02"", ""D03"", ""D04"", ""D05"", ""D06"", ""D07"", ""D08"", ""D09"", ""D10"", ""D11"", ""D12"", ""D13"", ""D14"", ""D15"", ""D16"", ""D17"", ""D18"", ""D19"", ""D20""]",20,0.0,0.0,0.0
How can testing support contact tracing?,06_contact_tracing.txt,Pipeline_B_Lemmatization,"[""D01"", ""D02"", ""D03"", ""D04"", ""D05"", ""D06"", ""D07"", ""D08"", ""D09"", ""D10"", ""D11"", ""D12"", ""D13"", ""D14"", ""D15"", ""D16"", ""D17"", ""D18"", ""D19"", ""D20""]",20,0.0,0.0,0.0
What is the typical workflow of a contact-tracing investigation?,06_contact_tracing.txt,Pipeline_A_Stemming,"[""D02"", ""D05"", ""D06"", ""D08"", ""D09"", ""D12"", ""D13"", ""D18"", ""D20""]",9,0.0,0.0,0.0
What is the typical workflow of a contact-tracing investigation?,06_contact_tracing.txt,Pipeline_B_Lemmatization,"[""D02"", ""D05"", ""D06"", ""D08"", ""D09"", ""D13"", ""D18"", ""D20""]",8,0.0,0.0,0.0
Why is public-health judgment still needed when digital tools are used?,06_contact_tracing.txt,Pipeline_A_Stemming,"[""D01"", ""D02"", ""D03"", ""D04"", ""D05"", ""D06"", ""D07"", ""D08"", ""D10"", ""D11"", ""D12"", ""D13"", ""D14"", ""D15"", ""D16"", ""D17"", ""D18"", ""D19"", ""D20""]",19,0.0,0.0,0.0
Why is public-health judgment still needed when digital tools are used?,06_contact_tracing.txt,Pipeline_B_Lemmatization,"[""D01"", ""D02"", ""D05"", ""D06"", ""D07"", ""D08"", ""D10"", ""D11"", ""D12"", ""D13"", ""D14"", ""D15"", ""D16"", ""D17"", ""D18"", ""D19"", ""D20""]",17,0.0,0.0,0.0
How can isolation resources affect contact tracing?,06_contact_tracing.txt,Pipeline_A_Stemming,"[""D01"", ""D02"", ""D03"", ""D04"", ""D05"", ""D06"", ""D07"", ""D08"", ""D09"", ""D10"", ""D11"", ""D12"", ""D13"", ""D14"", ""D15"", ""D16"", ""D17"", ""D18"", ""D19"", ""D20""]",20,0.0,0.0,0.0
How can isolation resources affect contact tracing?,06_contact_tracing.txt,Pipeline_B_Lemmatization,"[""D01"", ""D02"", ""D03"", ""D04"", ""D05"", ""D06"", ""D07"", ""D08"", ""D09"", ""D10"", ""D11"", ""D12"", ""D13"", ""D14"", ""D15"", ""D16"", ""D17"", ""D18"", ""D19"", ""D20""]",20,0.0,0.0,0.0
Why might asymptomatic infections make tracing harder?,06_contact_tracing.txt,Pipeline_A_Stemming,"[""D01"", ""D02"", ""D03"", ""D04"", ""D05"", ""D06"", ""D07"", ""D08"", ""D11"", ""D13"", ""D14"", ""D15"", ""D16"", ""D18"", ""D19""]",15,0.0,0.0,0.0
Why might asymptomatic infections make tracing harder?,06_contact_tracing.txt,Pipeline_B_Lemmatization,"[""D01"", ""D02"", ""D03"", ""D04"", ""D05"", ""D06"", ""D07"", ""D08"", ""D11"", ""D13"", ""D14"", ""D15"", ""D16"", ""D18""]",14,0.0,0.0,0.0
What information is collected during contact tracing?,06_contact_tracing.txt,Pipeline_A_Stemming,"[""D02"", ""D04"", ""D06"", ""D07"", ""D08"", ""D10"", ""D12"", ""D13"", ""D14"", ""D15"", ""D16"", ""D17"", ""D18"", ""D20""]",14,0.0,0.0,0.0
What information is collected during contact tracing?,06_contact_tracing.txt,Pipeline_B_Lemmatization,"[""D02"", ""D04"", ""D06"", ""D07"", ""D08"", ""D10"", ""D12"", ""D13"", ""D14"", ""D15"", ""D16"", ""D17"", ""D18"", ""D20""]",14,0.0,0.0,0.0
How can contact tracing complement community prevention?,06_contact_tracing.txt,Pipeline_A_Stemming,"[""D01"", ""D02"", ""D03"", ""D04"", ""D05"", ""D06"", ""D07"", ""D08"", ""D09"", ""D10"", ""D11"", ""D12"", ""D13"", ""D14"", ""D15"", ""D16"", ""D17"", ""D18"", ""D19"", ""D20""]",20,0.0,0.0,0.0
How can contact tracing complement community prevention?,06_contact_tracing.txt,Pipeline_B_Lemmatization,"[""D01"", ""D02"", ""D03"", ""D04"", ""D05"", ""D06"", ""D07"", ""D08"", ""D09"", ""D10"", ""D11"", ""D12"", ""D13"", ""D14"", ""D15"", ""D16"", ""D17"", ""D18"", ""D19"", ""D20""]",20,0.0,0.0,0.0
When might broad prevention measures be needed alongside tracing?,06_contact_tracing.txt,Pipeline_A_Stemming,"[""D01"", ""D02"", ""D03"", ""D04"", ""D05"", ""D06"", ""D07"", ""D08"", ""D09"", ""D10"", ""D11"", ""D12"", ""D13"", ""D14"", ""D15"", ""D16"", ""D17"", ""D18"", ""D19"", ""D20""]",20,0.0,0.0,0.0
When might broad prevention measures be needed alongside tracing?,06_contact_tracing.txt,Pipeline_B_Lemmatization,"[""D01"", ""D02"", ""D05"", ""D06"", ""D07"", ""D08"", ""D09"", ""D10"", ""D11"", ""D12"", ""D13"", ""D14"", ""D15"", ""D16"", ""D17"", ""D18"", ""D19"", ""D20""]",18,0.0,0.0,0.0
Why does rapid notification matter?,06_contact_tracing.txt,Pipeline_A_Stemming,"[""D02"", ""D06"", ""D07"", ""D08"", ""D13"", ""D16"", ""D18"", ""D20""]",8,0.0,0.0,0.0
Why does rapid notification matter?,06_contact_tracing.txt,Pipeline_B_Lemmatization,"[""D02"", ""D06"", ""D07"", ""D08"", ""D13"", ""D16"", ""D18"", ""D20""]",8,0.0,0.0,0.0
What is wastewater surveillance?,07_wastewater_surveillance.txt,Pipeline_A_Stemming,"[""D01"", ""D02"", ""D04"", ""D05"", ""D06"", ""D07"", ""D08"", ""D10"", ""D12"", ""D13"", ""D16"", ""D18"", ""D19"", ""D20""]",14,0.0,0.0,0.0
What is wastewater surveillance?,07_wastewater_surveillance.txt,Pipeline_B_Lemmatization,"[""D01"", ""D02"", ""D04"", ""D05"", ""D06"", ""D07"", ""D08"", ""D10"", ""D12"", ""D13"", ""D16"", ""D18"", ""D19"", ""D20""]",14,0.0,0.0,0.0
How can wastewater be used to monitor COVID-19?,07_wastewater_surveillance.txt,Pipeline_A_Stemming,"[""D01"", ""D02"", ""D03"", ""D04"", ""D05"", ""D06"", ""D07"", ""D08"", ""D09"", ""D10"", ""D11"", ""D12"", ""D13"", ""D14"", ""D15"", ""D16"", ""D17"", ""D18"", ""D19"", ""D20""]",20,0.0,0.0,0.0
How can wastewater be used to monitor COVID-19?,07_wastewater_surveillance.txt,Pipeline_B_Lemmatization,"[""D01"", ""D02"", ""D03"", ""D04"", ""D05"", ""D06"", ""D07"", ""D08"", ""D09"", ""D10"", ""D11"", ""D12"", ""D13"", ""D14"", ""D15"", ""D16"", ""D17"", ""D18"", ""D19"", ""D20""]",20,0.0,0.0,0.0
Why can wastewater surveillance help when clinical testing declines?,07_wastewater_surveillance.txt,Pipeline_A_Stemming,"[""D01"", ""D02"", ""D03"", ""D04"", ""D05"", ""D06"", ""D07"", ""D08"", ""D09"", ""D10"", ""D11"", ""D12"", ""D13"", ""D14"", ""D15"", ""D16"", ""D17"", ""D18"", ""D19"", ""D20""]",20,0.0,0.0,0.0
Why can wastewater surveillance help when clinical testing declines?,07_wastewater_surveillance.txt,Pipeline_B_Lemmatization,"[""D01"", ""D02"", ""D03"", ""D04"", ""D05"", ""D06"", ""D07"", ""D08"", ""D09"", ""D10"", ""D11"", ""D12"", ""D13"", ""D14"", ""D15"", ""D16"", ""D17"", ""D18"", ""D19"", ""D20""]",20,0.0,0.0,0.0
Does wastewater surveillance diagnose individual people?,07_wastewater_surveillance.txt,Pipeline_A_Stemming,"[""D01"", ""D02"", ""D04"", ""D05"", ""D06"", ""D07"", ""D08"", ""D09"", ""D10"", ""D11"", ""D12"", ""D13"", ""D14"", ""D15"", ""D16"", ""D17"", ""D18"", ""D19"", ""D20""]",19,0.0,0.0,0.0
Does wastewater surveillance diagnose individual people?,07_wastewater_surveillance.txt,Pipeline_B_Lemmatization,"[""D01"", ""D02"", ""D04"", ""D05"", ""D06"", ""D07"", ""D08"", ""D09"", ""D10"", ""D11"", ""D12"", ""D13"", ""D14"", ""D15"", ""D16"", ""D17"", ""D18"", ""D19"", ""D20""]",19,0.0,0.0,0.0
What factors affect wastewater measurements?,07_wastewater_surveillance.txt,Pipeline_A_Stemming,"[""D01"", ""D02"", ""D03"", ""D04"", ""D05"", ""D06"", ""D07"", ""D08"", ""D09"", ""D10"", ""D11"", ""D12"", ""D13"", ""D14"", ""D15"", ""D20""]",16,0.0,0.0,0.0
What factors affect wastewater measurements?,07_wastewater_surveillance.txt,Pipeline_B_Lemmatization,"[""D01"", ""D02"", ""D03"", ""D04"", ""D05"", ""D07"", ""D08"", ""D10"", ""D13"", ""D15"", ""D20""]",11,0.0,0.0,0.0
How can rainfall influence wastewater surveillance?,07_wastewater_surveillance.txt,Pipeline_A_Stemming,"[""D01"", ""D02"", ""D03"", ""D04"", ""D05"", ""D06"", ""D07"", ""D08"", ""D09"", ""D10"", ""D11"", ""D12"", ""D13"", ""D14"", ""D15"", ""D16"", ""D17"", ""D18"", ""D19"", ""D20""]",20,0.0,0.0,0.0
How can rainfall influence wastewater surveillance?,07_wastewater_surveillance.txt,Pipeline_B_Lemmatization,"[""D01"", ""D02"", ""D03"", ""D04"", ""D05"", ""D06"", ""D07"", ""D08"", ""D09"", ""D10"", ""D11"", ""D12"", ""D13"", ""D14"", ""D15"", ""D16"", ""D17"", ""D18"", ""D19"", ""D20""]",20,0.0,0.0,0.0
Why is wastewater concentration not a direct count of infections?,07_wastewater_surveillance.txt,Pipeline_A_Stemming,"[""D01"", ""D02"", ""D03"", ""D04"", ""D05"", ""D06"", ""D07"", ""D08"", ""D09"", ""D10"", ""D11"", ""D12"", ""D13"", ""D14"", ""D15"", ""D16"", ""D17"", ""D18"", ""D19"", ""D20""]",20,0.0,0.0,0.0
Why is wastewater concentration not a direct count of infections?,07_wastewater_surveillance.txt,Pipeline_B_Lemmatization,"[""D01"", ""D02"", ""D03"", ""D04"", ""D05"", ""D06"", ""D07"", ""D08"", ""D09"", ""D10"", ""D11"", ""D12"", ""D13"", ""D14"", ""D15"", ""D16"", ""D17"", ""D18"", ""D19"", ""D20""]",20,0.0,0.0,0.0
How does wastewater surveillance provide population-level information?,07_wastewater_surveillance.txt,Pipeline_A_Stemming,"[""D01"", ""D02"", ""D03"", ""D04"", ""D05"", ""D06"", ""D07"", ""D08"", ""D09"", ""D10"", ""D12"", ""D13"", ""D14"", ""D15"", ""D16"", ""D17"", ""D18"", ""D19"", ""D20""]",19,0.0,0.0,0.0
How does wastewater surveillance provide population-level information?,07_wastewater_surveillance.txt,Pipeline_B_Lemmatization,"[""D01"", ""D02"", ""D03"", ""D04"", ""D05"", ""D06"", ""D07"", ""D08"", ""D09"", ""D10"", ""D12"", ""D13"", ""D14"", ""D15"", ""D16"", ""D17"", ""D18"", ""D19"", ""D20""]",19,0.0,0.0,0.0
What are the limitations of wastewater surveillance?,07_wastewater_surveillance.txt,Pipeline_A_Stemming,"[""D01"", ""D02"", ""D03"", ""D04"", ""D05"", ""D06"", ""D07"", ""D08"", ""D10"", ""D12"", ""D13"", ""D16"", ""D18"", ""D19"", ""D20""]",15,0.0,0.0,0.0
What are the limitations of wastewater surveillance?,07_wastewater_surveillance.txt,Pipeline_B_Lemmatization,"[""D01"", ""D02"", ""D03"", ""D04"", ""D05"", ""D06"", ""D07"", ""D08"", ""D10"", ""D12"", ""D13"", ""D16"", ""D18"", ""D19"", ""D20""]",15,0.0,0.0,0.0
How can wastewater data be combined with clinical surveillance?,07_wastewater_surveillance.txt,Pipeline_A_Stemming,"[""D01"", ""D02"", ""D03"", ""D04"", ""D05"", ""D06"", ""D07"", ""D08"", ""D09"", ""D10"", ""D11"", ""D12"", ""D13"", ""D14"", ""D15"", ""D16"", ""D17"", ""D18"", ""D19"", ""D20""]",20,0.0,0.0,0.0
How can wastewater data be combined with clinical surveillance?,07_wastewater_surveillance.txt,Pipeline_B_Lemmatization,"[""D01"", ""D02"", ""D03"", ""D04"", ""D05"", ""D06"", ""D07"", ""D08"", ""D09"", ""D10"", ""D11"", ""D12"", ""D13"", ""D14"", ""D15"", ""D16"", ""D17"", ""D18"", ""D19"", ""D20""]",20,0.0,0.0,0.0
Why is sampling location important?,07_wastewater_surveillance.txt,Pipeline_A_Stemming,"[""D01"", ""D03"", ""D06"", ""D07"", ""D08"", ""D13"", ""D14"", ""D15""]",8,0.0,0.0,0.0
Why is sampling location important?,07_wastewater_surveillance.txt,Pipeline_B_Lemmatization,"[""D01"", ""D03"", ""D06"", ""D07"", ""D08"", ""D13"", ""D14"", ""D15""]",8,0.0,0.0,0.0
How does population size served by a wastewater plant affect interpretation?,07_wastewater_surveillance.txt,Pipeline_A_Stemming,"[""D01"", ""D02"", ""D03"", ""D04"", ""D05"", ""D07"", ""D08"", ""D09"", ""D10"", ""D11"", ""D12"", ""D13"", ""D15"", ""D16"", ""D17"", ""D18"", ""D19"", ""D20""]",18,0.0,0.0,0.0
How does population size served by a wastewater plant affect interpretation?,07_wastewater_surveillance.txt,Pipeline_B_Lemmatization,"[""D01"", ""D02"", ""D03"", ""D04"", ""D05"", ""D07"", ""D08"", ""D10"", ""D11"", ""D13"", ""D15"", ""D16"", ""D17"", ""D18"", ""D19"", ""D20""]",16,0.0,0.0,0.0
What role does sampling frequency play?,07_wastewater_surveillance.txt,Pipeline_A_Stemming,"[""D02"", ""D03"", ""D07"", ""D08"", ""D13"", ""D16"", ""D18"", ""D20""]",8,0.0,0.0,0.0
What role does sampling frequency play?,07_wastewater_surveillance.txt,Pipeline_B_Lemmatization,"[""D02"", ""D07"", ""D08"", ""D13"", ""D16"", ""D18"", ""D20""]",7,0.0,0.0,0.0
Why can shedding patterns affect wastewater signals?,07_wastewater_surveillance.txt,Pipeline_A_Stemming,"[""D01"", ""D02"", ""D03"", ""D04"", ""D05"", ""D06"", ""D07"", ""D08"", ""D09"", ""D10"", ""D11"", ""D12"", ""D13"", ""D14"", ""D15"", ""D16"", ""D17"", ""D18"", ""D19"", ""D20""]",20,0.0,0.0,0.0
Why can shedding patterns affect wastewater signals?,07_wastewater_surveillance.txt,Pipeline_B_Lemmatization,"[""D01"", ""D02"", ""D03"", ""D04"", ""D05"", ""D06"", ""D07"", ""D08"", ""D09"", ""D10"", ""D11"", ""D12"", ""D13"", ""D14"", ""D15"", ""D16"", ""D17"", ""D18"", ""D19"", ""D20""]",20,0.0,0.0,0.0
Can wastewater surveillance identify individual patients?,07_wastewater_surveillance.txt,Pipeline_A_Stemming,"[""D01"", ""D02"", ""D03"", ""D04"", ""D05"", ""D06"", ""D07"", ""D08"", ""D09"", ""D10"", ""D11"", ""D12"", ""D13"", ""D14"", ""D15"", ""D16"", ""D17"", ""D18"", ""D19"", ""D20""]",20,0.0,0.0,0.0
Can wastewater surveillance identify individual patients?,07_wastewater_surveillance.txt,Pipeline_B_Lemmatization,"[""D01"", ""D02"", ""D03"", ""D04"", ""D05"", ""D06"", ""D07"", ""D08"", ""D09"", ""D10"", ""D11"", ""D12"", ""D13"", ""D14"", ""D15"", ""D16"", ""D17"", ""D18"", ""D19"", ""D20""]",20,0.0,0.0,0.0
How can wastewater surveillance complement testing?,07_wastewater_surveillance.txt,Pipeline_A_Stemming,"[""D01"", ""D02"", ""D03"", ""D04"", ""D05"", ""D06"", ""D07"", ""D08"", ""D09"", ""D10"", ""D11"", ""D12"", ""D13"", ""D14"", ""D15"", ""D16"", ""D17"", ""D18"", ""D19"", ""D20""]",20,0.0,0.0,0.0
How can wastewater surveillance complement testing?,07_wastewater_surveillance.txt,Pipeline_B_Lemmatization,"[""D01"", ""D02"", ""D03"", ""D04"", ""D05"", ""D06"", ""D07"", ""D08"", ""D09"", ""D10"", ""D11"", ""D12"", ""D13"", ""D14"", ""D15"", ""D16"", ""D17"", ""D18"", ""D19"", ""D20""]",20,0.0,0.0,0.0
Why should wastewater trends be interpreted cautiously?,07_wastewater_surveillance.txt,Pipeline_A_Stemming,"[""D01"", ""D02"", ""D03"", ""D04"", ""D05"", ""D07"", ""D09"", ""D10"", ""D11"", ""D12"", ""D13"", ""D14"", ""D15"", ""D16"", ""D17"", ""D18"", ""D19"", ""D20""]",18,0.0,0.0,0.0
Why should wastewater trends be interpreted cautiously?,07_wastewater_surveillance.txt,Pipeline_B_Lemmatization,"[""D01"", ""D02"", ""D03"", ""D04"", ""D05"", ""D07"", ""D09"", ""D10"", ""D11"", ""D12"", ""D13"", ""D14"", ""D15"", ""D16"", ""D17"", ""D18"", ""D19"", ""D20""]",18,0.0,0.0,0.0
What is the public-health value of wastewater monitoring?,07_wastewater_surveillance.txt,Pipeline_A_Stemming,"[""D01"", ""D02"", ""D04"", ""D05"", ""D06"", ""D07"", ""D08"", ""D10"", ""D11"", ""D12"", ""D13"", ""D14"", ""D15"", ""D16"", ""D17"", ""D18"", ""D19"", ""D20""]",18,0.0,0.0,0.0
What is the public-health value of wastewater monitoring?,07_wastewater_surveillance.txt,Pipeline_B_Lemmatization,"[""D01"", ""D02"", ""D04"", ""D05"", ""D06"", ""D07"", ""D08"", ""D10"", ""D11"", ""D12"", ""D13"", ""D14"", ""D15"", ""D16"", ""D17"", ""D18"", ""D19"", ""D20""]",18,0.0,0.0,0.0
How can wastewater surveillance support early warning?,07_wastewater_surveillance.txt,Pipeline_A_Stemming,"[""D01"", ""D02"", ""D03"", ""D04"", ""D05"", ""D06"", ""D07"", ""D08"", ""D09"", ""D10"", ""D11"", ""D12"", ""D13"", ""D14"", ""D15"", ""D16"", ""D17"", ""D18"", ""D19"", ""D20""]",20,0.0,0.0,0.0
How can wastewater surveillance support early warning?,07_wastewater_surveillance.txt,Pipeline_B_Lemmatization,"[""D01"", ""D02"", ""D03"", ""D04"", ""D05"", ""D06"", ""D07"", ""D08"", ""D09"", ""D10"", ""D11"", ""D12"", ""D13"", ""D14"", ""D15"", ""D16"", ""D17"", ""D18"", ""D19"", ""D20""]",20,0.0,0.0,0.0
Why is wastewater surveillance a monitoring tool rather than a diagnostic test?,07_wastewater_surveillance.txt,Pipeline_A_Stemming,"[""D01"", ""D04"", ""D05"", ""D06"", ""D07"", ""D08"", ""D09"", ""D10"", ""D11"", ""D12"", ""D13"", ""D14"", ""D15"", ""D16"", ""D18"", ""D19"", ""D20""]",17,0.0,0.0,0.0
Why is wastewater surveillance a monitoring tool rather than a diagnostic test?,07_wastewater_surveillance.txt,Pipeline_B_Lemmatization,"[""D01"", ""D04"", ""D05"", ""D06"", ""D07"", ""D08"", ""D09"", ""D10"", ""D11"", ""D12"", ""D13"", ""D14"", ""D16"", ""D18"", ""D19""]",15,0.0,0.0,0.0
What is SARS-CoV-2 variant surveillance?,08_variant_surveillance.txt,Pipeline_A_Stemming,"[""D01"", ""D02"", ""D03"", ""D04"", ""D05"", ""D06"", ""D07"", ""D08"", ""D10"", ""D12"", ""D13"", ""D16"", ""D18"", ""D19"", ""D20""]",15,0.0,0.0,0.0
What is SARS-CoV-2 variant surveillance?,08_variant_surveillance.txt,Pipeline_B_Lemmatization,"[""D01"", ""D02"", ""D03"", ""D04"", ""D05"", ""D06"", ""D07"", ""D08"", ""D10"", ""D12"", ""D13"", ""D16"", ""D18"", ""D19"", ""D20""]",15,0.0,0.0,0.0
Why is genomic sequencing used for SARS-CoV-2?,08_variant_surveillance.txt,Pipeline_A_Stemming,"[""D01"", ""D02"", ""D03"", ""D04"", ""D05"", ""D06"", ""D07"", ""D08"", ""D09"", ""D10"", ""D11"", ""D12"", ""D13"", ""D15"", ""D16"", ""D17"", ""D18"", ""D19"", ""D20""]",19,0.0,0.0,0.0
Why is genomic sequencing used for SARS-CoV-2?,08_variant_surveillance.txt,Pipeline_B_Lemmatization,"[""D01"", ""D02"", ""D06"", ""D08"", ""D09"", ""D13"", ""D16"", ""D18""]",8,0.0,0.0,0.0
What does a viral lineage represent?,08_variant_surveillance.txt,Pipeline_A_Stemming,"[""D02"", ""D04"", ""D07"", ""D08"", ""D10"", ""D13"", ""D15"", ""D16"", ""D18"", ""D19"", ""D20""]",11,0.0,0.0,0.0
What does a viral lineage represent?,08_variant_surveillance.txt,Pipeline_B_Lemmatization,"[""D02"", ""D07"", ""D08"", ""D13"", ""D15"", ""D16"", ""D18"", ""D19"", ""D20""]",9,0.0,0.0,0.0
Does a new mutation automatically make a variant more transmissible?,08_variant_surveillance.txt,Pipeline_A_Stemming,"[""D01"", ""D02"", ""D03"", ""D04"", ""D05"", ""D06"", ""D07"", ""D08"", ""D09"", ""D10"", ""D11"", ""D12"", ""D13"", ""D14"", ""D15"", ""D16"", ""D18"", ""D19"", ""D20""]",19,0.0,0.0,0.0
Does a new mutation automatically make a variant more transmissible?,08_variant_surveillance.txt,Pipeline_B_Lemmatization,"[""D01"", ""D02"", ""D03"", ""D04"", ""D06"", ""D07"", ""D08"", ""D09"", ""D10"", ""D12"", ""D13"", ""D14"", ""D16"", ""D18"", ""D19"", ""D20""]",16,0.0,0.0,0.0
How are variants evaluated for public-health significance?,08_variant_surveillance.txt,Pipeline_A_Stemming,"[""D01"", ""D02"", ""D03"", ""D04"", ""D05"", ""D06"", ""D08"", ""D09"", ""D10"", ""D13"", ""D14"", ""D15"", ""D16"", ""D17"", ""D18"", ""D19"", ""D20""]",17,0.0,0.0,0.0
How are variants evaluated for public-health significance?,08_variant_surveillance.txt,Pipeline_B_Lemmatization,"[""D01"", ""D02"", ""D03"", ""D04"", ""D05"", ""D06"", ""D08"", ""D10"", ""D13"", ""D14"", ""D15"", ""D16"", ""D17"", ""D18"", ""D19"", ""D20""]",16,0.0,0.0,0.0
What role does epidemiological evidence play in variant assessment?,08_variant_surveillance.txt,Pipeline_A_Stemming,"[""D01"", ""D02"", ""D03"", ""D04"", ""D05"", ""D07"", ""D08"", ""D09"", ""D10"", ""D11"", ""D12"", ""D13"", ""D14"", ""D16"", ""D17"", ""D18"", ""D19"", ""D20""]",18,0.0,0.0,0.0
What role does epidemiological evidence play in variant assessment?,08_variant_surveillance.txt,Pipeline_B_Lemmatization,"[""D01"", ""D02"", ""D03"", ""D05"", ""D07"", ""D08"", ""D09"", ""D10"", ""D11"", ""D12"", ""D13"", ""D14"", ""D16"", ""D17"", ""D18"", ""D19"", ""D20""]",17,0.0,0.0,0.0
How can variants affect diagnostics?,08_variant_surveillance.txt,Pipeline_A_Stemming,"[""D01"", ""D02"", ""D03"", ""D04"", ""D05"", ""D06"", ""D07"", ""D08"", ""D09"", ""D10"", ""D11"", ""D12"", ""D13"", ""D14"", ""D15"", ""D16"", ""D17"", ""D18"", ""D19"", ""D20""]",20,0.0,0.0,0.0
How can variants affect diagnostics?,08_variant_surveillance.txt,Pipeline_B_Lemmatization,"[""D01"", ""D02"", ""D03"", ""D04"", ""D05"", ""D06"", ""D07"", ""D08"", ""D09"", ""D10"", ""D11"", ""D12"", ""D13"", ""D14"", ""D15"", ""D16"", ""D17"", ""D18"", ""D19"", ""D20""]",20,0.0,0.0,0.0
How can variants affect vaccines?,08_variant_surveillance.txt,Pipeline_A_Stemming,"[""D01"", ""D02"", ""D03"", ""D04"", ""D05"", ""D06"", ""D07"", ""D08"", ""D09"", ""D10"", ""D11"", ""D12"", ""D13"", ""D14"", ""D15"", ""D16"", ""D17"", ""D18"", ""D19"", ""D20""]",20,0.0,0.0,0.0
How can variants affect vaccines?,08_variant_surveillance.txt,Pipeline_B_Lemmatization,"[""D01"", ""D02"", ""D03"", ""D04"", ""D05"", ""D06"", ""D07"", ""D08"", ""D09"", ""D10"", ""D11"", ""D12"", ""D13"", ""D14"", ""D15"", ""D16"", ""D17"", ""D18"", ""D19"", ""D20""]",20,0.0,0.0,0.0
Why are sequencing samples not always representative?,08_variant_surveillance.txt,Pipeline_A_Stemming,"[""D02"", ""D03"", ""D04"", ""D05"", ""D06"", ""D07"", ""D08"", ""D09"", ""D10"", ""D12"", ""D13"", ""D15"", ""D16"", ""D17"", ""D18"", ""D19"", ""D20""]",17,0.0,0.0,0.0
Why are sequencing samples not always representative?,08_variant_surveillance.txt,Pipeline_B_Lemmatization,"[""D02"", ""D03"", ""D05"", ""D06"", ""D07"", ""D08"", ""D09"", ""D10"", ""D12"", ""D13"", ""D15"", ""D16"", ""D17"", ""D18"", ""D19"", ""D20""]",16,0.0,0.0,0.0
How can sampling bias affect variant surveillance?,08_variant_surveillance.txt,Pipeline_A_Stemming,"[""D01"", ""D02"", ""D03"", ""D04"", ""D05"", ""D06"", ""D07"", ""D08"", ""D09"", ""D10"", ""D11"", ""D12"", ""D13"", ""D14"", ""D15"", ""D16"", ""D17"", ""D18"", ""D19"", ""D20""]",20,0.0,0.0,0.0
How can sampling bias affect variant surveillance?,08_variant_surveillance.txt,Pipeline_B_Lemmatization,"[""D01"", ""D02"", ""D03"", ""D04"", ""D05"", ""D06"", ""D07"", ""D08"", ""D09"", ""D10"", ""D11"", ""D12"", ""D13"", ""D14"", ""D15"", ""D16"", ""D17"", ""D18"", ""D19"", ""D20""]",20,0.0,0.0,0.0
What is genomic surveillance?,08_variant_surveillance.txt,Pipeline_A_Stemming,"[""D01"", ""D02"", ""D04"", ""D05"", ""D06"", ""D07"", ""D08"", ""D09"", ""D10"", ""D12"", ""D13"", ""D16"", ""D18"", ""D19"", ""D20""]",15,0.0,0.0,0.0
What is genomic surveillance?,08_variant_surveillance.txt,Pipeline_B_Lemmatization,"[""D01"", ""D02"", ""D04"", ""D05"", ""D06"", ""D07"", ""D08"", ""D09"", ""D10"", ""D12"", ""D13"", ""D16"", ""D18"", ""D19"", ""D20""]",15,0.0,0.0,0.0
Why should genomic data be linked with clinical information?,08_variant_surveillance.txt,Pipeline_A_Stemming,"[""D01"", ""D02"", ""D03"", ""D05"", ""D06"", ""D07"", ""D08"", ""D09"", ""D10"", ""D11"", ""D12"", ""D13"", ""D14"", ""D15"", ""D16"", ""D17"", ""D18"", ""D19"", ""D20""]",19,0.0,0.0,0.0
Why should genomic data be linked with clinical information?,08_variant_surveillance.txt,Pipeline_B_Lemmatization,"[""D01"", ""D02"", ""D03"", ""D05"", ""D06"", ""D07"", ""D08"", ""D09"", ""D10"", ""D11"", ""D12"", ""D13"", ""D14"", ""D15"", ""D16"", ""D17"", ""D18"", ""D19"", ""D20""]",19,0.0,0.0,0.0
How can laboratory studies complement epidemiological studies?,08_variant_surveillance.txt,Pipeline_A_Stemming,"[""D01"", ""D02"", ""D03"", ""D04"", ""D05"", ""D06"", ""D07"", ""D08"", ""D09"", ""D10"", ""D11"", ""D12"", ""D13"", ""D14"", ""D15"", ""D16"", ""D17"", ""D18"", ""D19"", ""D20""]",20,0.0,0.0,0.0
How can laboratory studies complement epidemiological studies?,08_variant_surveillance.txt,Pipeline_B_Lemmatization,"[""D01"", ""D02"", ""D03"", ""D04"", ""D05"", ""D06"", ""D07"", ""D08"", ""D09"", ""D10"", ""D11"", ""D12"", ""D13"", ""D14"", ""D15"", ""D16"", ""D17"", ""D18"", ""D19"", ""D20""]",20,0.0,0.0,0.0
Why can multiple mutations occur together?,08_variant_surveillance.txt,Pipeline_A_Stemming,"[""D01"", ""D02"", ""D03"", ""D04"", ""D05"", ""D06"", ""D07"", ""D08"", ""D09"", ""D10"", ""D11"", ""D12"", ""D13"", ""D14"", ""D15"", ""D16"", ""D17"", ""D18"", ""D19"", ""D20""]",20,0.0,0.0,0.0
Why can multiple mutations occur together?,08_variant_surveillance.txt,Pipeline_B_Lemmatization,"[""D01"", ""D02"", ""D03"", ""D04"", ""D05"", ""D06"", ""D07"", ""D08"", ""D09"", ""D10"", ""D11"", ""D12"", ""D13"", ""D14"", ""D15"", ""D16"", ""D17"", ""D18"", ""D19"", ""D20""]",20,0.0,0.0,0.0
How is a mutation's effect determined?,08_variant_surveillance.txt,Pipeline_A_Stemming,"[""D02"", ""D03"", ""D04"", ""D05"", ""D06"", ""D08"", ""D09"", ""D10"", ""D13"", ""D15"", ""D16"", ""D18"", ""D19"", ""D20""]",14,0.0,0.0,0.0
How is a mutation's effect determined?,08_variant_surveillance.txt,Pipeline_B_Lemmatization,"[""D04"", ""D08"", ""D10"", ""D15"", ""D19"", ""D20""]",6,0.0,0.0,0.0
What limitations exist in genomic surveillance?,08_variant_surveillance.txt,Pipeline_A_Stemming,"[""D01"", ""D02"", ""D03"", ""D04"", ""D05"", ""D06"", ""D07"", ""D08"", ""D09"", ""D10"", ""D12"", ""D13"", ""D16"", ""D18"", ""D19"", ""D20""]",16,0.0,0.0,0.0
What limitations exist in genomic surveillance?,08_variant_surveillance.txt,Pipeline_B_Lemmatization,"[""D01"", ""D02"", ""D03"", ""D04"", ""D05"", ""D06"", ""D07"", ""D08"", ""D09"", ""D10"", ""D12"", ""D13"", ""D16"", ""D18"", ""D19"", ""D20""]",16,0.0,0.0,0.0
How can sequencing help detect emerging lineages?,08_variant_surveillance.txt,Pipeline_A_Stemming,"[""D01"", ""D02"", ""D03"", ""D04"", ""D05"", ""D06"", ""D07"", ""D08"", ""D09"", ""D10"", ""D11"", ""D12"", ""D13"", ""D14"", ""D15"", ""D16"", ""D17"", ""D18"", ""D19"", ""D20""]",20,0.0,0.0,0.0
How can sequencing help detect emerging lineages?,08_variant_surveillance.txt,Pipeline_B_Lemmatization,"[""D01"", ""D02"", ""D03"", ""D04"", ""D05"", ""D06"", ""D07"", ""D08"", ""D09"", ""D10"", ""D11"", ""D12"", ""D13"", ""D14"", ""D15"", ""D16"", ""D17"", ""D18"", ""D19"", ""D20""]",20,0.0,0.0,0.0
Why should variant data be interpreted with other surveillance data?,08_variant_surveillance.txt,Pipeline_A_Stemming,"[""D01"", ""D02"", ""D03"", ""D04"", ""D05"", ""D06"", ""D07"", ""D08"", ""D09"", ""D10"", ""D11"", ""D12"", ""D13"", ""D14"", ""D15"", ""D16"", ""D17"", ""D18"", ""D19"", ""D20""]",20,0.0,0.0,0.0
Why should variant data be interpreted with other surveillance data?,08_variant_surveillance.txt,Pipeline_B_Lemmatization,"[""D01"", ""D02"", ""D03"", ""D04"", ""D05"", ""D06"", ""D07"", ""D08"", ""D09"", ""D10"", ""D11"", ""D12"", ""D13"", ""D14"", ""D15"", ""D16"", ""D17"", ""D18"", ""D19"", ""D20""]",20,0.0,0.0,0.0
What is the purpose of international genomic databases?,08_variant_surveillance.txt,Pipeline_A_Stemming,"[""D02"", ""D08"", ""D09"", ""D13"", ""D18"", ""D20""]",6,0.0,0.0,0.0
What is the purpose of international genomic databases?,08_variant_surveillance.txt,Pipeline_B_Lemmatization,"[""D02"", ""D08"", ""D09"", ""D13"", ""D18"", ""D20""]",6,0.0,0.0,0.0
How can variant surveillance support public-health response?,08_variant_surveillance.txt,Pipeline_A_Stemming,"[""D01"", ""D02"", ""D03"", ""D04"", ""D05"", ""D06"", ""D07"", ""D08"", ""D09"", ""D10"", ""D11"", ""D12"", ""D13"", ""D14"", ""D15"", ""D16"", ""D17"", ""D18"", ""D19"", ""D20""]",20,0.0,0.0,0.0
How can variant surveillance support public-health response?,08_variant_surveillance.txt,Pipeline_B_Lemmatization,"[""D01"", ""D02"", ""D03"", ""D04"", ""D05"", ""D06"", ""D07"", ""D08"", ""D09"", ""D10"", ""D11"", ""D12"", ""D13"", ""D14"", ""D15"", ""D16"", ""D17"", ""D18"", ""D19"", ""D20""]",20,0.0,0.0,0.0
What is an infectious disease outbreak investigation?,09_outbreak_investigation.txt,Pipeline_A_Stemming,"[""D01"", ""D02"", ""D03"", ""D04"", ""D05"", ""D06"", ""D07"", ""D08"", ""D09"", ""D10"", ""D11"", ""D12"", ""D13"", ""D14"", ""D16"", ""D17"", ""D18"", ""D19"", ""D20""]",19,0.0,0.0,0.0
What is an infectious disease outbreak investigation?,09_outbreak_investigation.txt,Pipeline_B_Lemmatization,"[""D01"", ""D02"", ""D03"", ""D04"", ""D05"", ""D06"", ""D07"", ""D08"", ""D09"", ""D10"", ""D11"", ""D13"", ""D14"", ""D16"", ""D17"", ""D18"", ""D19"", ""D20""]",18,0.0,0.0,0.0
What is a case definition?,09_outbreak_investigation.txt,Pipeline_A_Stemming,"[""D01"", ""D02"", ""D04"", ""D05"", ""D06"", ""D08"", ""D09"", ""D10"", ""D13"", ""D20""]",10,0.0,0.0,0.0
What is a case definition?,09_outbreak_investigation.txt,Pipeline_B_Lemmatization,"[""D01"", ""D02"", ""D04"", ""D05"", ""D06"", ""D08"", ""D09"", ""D10"", ""D13"", ""D20""]",10,0.0,0.0,0.0
How do investigators determine whether an outbreak has occurred?,09_outbreak_investigation.txt,Pipeline_A_Stemming,"[""D01"", ""D02"", ""D04"", ""D05"", ""D06"", ""D08"", ""D09"", ""D10"", ""D11"", ""D12"", ""D13"", ""D14"", ""D15"", ""D16"", ""D17"", ""D18"", ""D19"", ""D20""]",18,0.0,0.0,0.0
How do investigators determine whether an outbreak has occurred?,09_outbreak_investigation.txt,Pipeline_B_Lemmatization,"[""D01"", ""D02"", ""D04"", ""D05"", ""D06"", ""D08"", ""D09"", ""D10"", ""D11"", ""D13"", ""D14"", ""D15"", ""D17"", ""D18"", ""D19"", ""D20""]",16,0.0,0.0,0.0
What does an epidemic curve show?,09_outbreak_investigation.txt,Pipeline_A_Stemming,"[""D02"", ""D07"", ""D08"", ""D09"", ""D13"", ""D16"", ""D18"", ""D19"", ""D20""]",9,0.0,0.0,0.0
What does an epidemic curve show?,09_outbreak_investigation.txt,Pipeline_B_Lemmatization,"[""D02"", ""D07"", ""D08"", ""D09"", ""D13"", ""D16"", ""D18"", ""D19"", ""D20""]",9,0.0,0.0,0.0
"How are cases analyzed by time, place, and person?",09_outbreak_investigation.txt,Pipeline_A_Stemming,"[""D01"", ""D02"", ""D03"", ""D04"", ""D05"", ""D06"", ""D07"", ""D08"", ""D09"", ""D10"", ""D11"", ""D12"", ""D13"", ""D15"", ""D16"", ""D17"", ""D18"", ""D19"", ""D20""]",19,0.0,0.0,0.0
"How are cases analyzed by time, place, and person?",09_outbreak_investigation.txt,Pipeline_B_Lemmatization,"[""D01"", ""D02"", ""D03"", ""D04"", ""D05"", ""D06"", ""D07"", ""D08"", ""D09"", ""D10"", ""D13"", ""D17"", ""D19"", ""D20""]",14,0.0,0.0,0.0
Why is geographic mapping useful during an outbreak?,09_outbreak_investigation.txt,Pipeline_A_Stemming,"[""D01"", ""D02"", ""D03"", ""D04"", ""D05"", ""D06"", ""D07"", ""D08"", ""D09"", ""D10"", ""D11"", ""D12"", ""D13"", ""D14"", ""D15"", ""D16"", ""D17"", ""D18"", ""D19"", ""D20""]",20,0.0,0.0,0.0
Why is geographic mapping useful during an outbreak?,09_outbreak_investigation.txt,Pipeline_B_Lemmatization,"[""D01"", ""D02"", ""D03"", ""D04"", ""D05"", ""D06"", ""D07"", ""D09"", ""D10"", ""D11"", ""D13"", ""D14"", ""D15"", ""D17"", ""D18"", ""D19"", ""D20""]",17,0.0,0.0,0.0
How can demographic information help an outbreak investigation?,09_outbreak_investigation.txt,Pipeline_A_Stemming,"[""D01"", ""D02"", ""D03"", ""D04"", ""D05"", ""D06"", ""D07"", ""D08"", ""D09"", ""D10"", ""D11"", ""D12"", ""D13"", ""D14"", ""D15"", ""D16"", ""D17"", ""D18"", ""D19"", ""D20""]",20,0.0,0.0,0.0
How can demographic information help an outbreak investigation?,09_outbreak_investigation.txt,Pipeline_B_Lemmatization,"[""D01"", ""D02"", ""D03"", ""D04"", ""D05"", ""D06"", ""D07"", ""D08"", ""D09"", ""D10"", ""D11"", ""D12"", ""D13"", ""D14"", ""D15"", ""D16"", ""D17"", ""D18"", ""D19"", ""D20""]",20,0.0,0.0,0.0
What is analytical epidemiology?,09_outbreak_investigation.txt,Pipeline_A_Stemming,"[""D01"", ""D02"", ""D04"", ""D05"", ""D07"", ""D08"", ""D09"", ""D10"", ""D12"", ""D13"", ""D19"", ""D20""]",12,0.0,0.0,0.0
What is analytical epidemiology?,09_outbreak_investigation.txt,Pipeline_B_Lemmatization,"[""D02"", ""D04"", ""D08"", ""D09"", ""D13"", ""D20""]",6,0.0,0.0,0.0
What is the purpose of comparing cases and controls?,09_outbreak_investigation.txt,Pipeline_A_Stemming,"[""D01"", ""D02"", ""D03"", ""D04"", ""D05"", ""D06"", ""D08"", ""D09"", ""D10"", ""D11"", ""D13"", ""D14"", ""D20""]",13,0.0,0.0,0.0
What is the purpose of comparing cases and controls?,09_outbreak_investigation.txt,Pipeline_B_Lemmatization,"[""D01"", ""D02"", ""D03"", ""D04"", ""D05"", ""D06"", ""D08"", ""D09"", ""D10"", ""D11"", ""D13"", ""D14"", ""D20""]",13,0.0,0.0,0.0
What biases can affect outbreak investigations?,09_outbreak_investigation.txt,Pipeline_A_Stemming,"[""D01"", ""D02"", ""D03"", ""D04"", ""D05"", ""D06"", ""D07"", ""D08"", ""D09"", ""D10"", ""D11"", ""D12"", ""D13"", ""D14"", ""D15"", ""D16"", ""D17"", ""D18"", ""D19"", ""D20""]",20,0.0,0.0,0.0
What biases can affect outbreak investigations?,09_outbreak_investigation.txt,Pipeline_B_Lemmatization,"[""D01"", ""D02"", ""D03"", ""D04"", ""D05"", ""D06"", ""D07"", ""D08"", ""D09"", ""D10"", ""D11"", ""D12"", ""D13"", ""D14"", ""D15"", ""D16"", ""D17"", ""D18"", ""D19"", ""D20""]",20,0.0,0.0,0.0
How can laboratory testing support an outbreak investigation?,09_outbreak_investigation.txt,Pipeline_A_Stemming,"[""D01"", ""D02"", ""D03"", ""D04"", ""D05"", ""D06"", ""D07"", ""D08"", ""D09"", ""D10"", ""D11"", ""D12"", ""D13"", ""D14"", ""D15"", ""D16"", ""D17"", ""D18"", ""D19"", ""D20""]",20,0.0,0.0,0.0
How can laboratory testing support an outbreak investigation?,09_outbreak_investigation.txt,Pipeline_B_Lemmatization,"[""D01"", ""D02"", ""D03"", ""D04"", ""D05"", ""D06"", ""D07"", ""D08"", ""D09"", ""D10"", ""D11"", ""D12"", ""D13"", ""D14"", ""D15"", ""D16"", ""D17"", ""D18"", ""D19"", ""D20""]",20,0.0,0.0,0.0
What role can genomic sequencing play?,09_outbreak_investigation.txt,Pipeline_A_Stemming,"[""D01"", ""D02"", ""D03"", ""D04"", ""D05"", ""D06"", ""D07"", ""D08"", ""D09"", ""D10"", ""D11"", ""D12"", ""D13"", ""D14"", ""D15"", ""D16"", ""D17"", ""D18"", ""D19"", ""D20""]",20,0.0,0.0,0.0
What role can genomic sequencing play?,09_outbreak_investigation.txt,Pipeline_B_Lemmatization,"[""D01"", ""D02"", ""D03"", ""D04"", ""D05"", ""D06"", ""D07"", ""D08"", ""D09"", ""D10"", ""D11"", ""D12"", ""D13"", ""D14"", ""D15"", ""D16"", ""D17"", ""D18"", ""D19"", ""D20""]",20,0.0,0.0,0.0
Why might control measures begin before an investigation is complete?,09_outbreak_investigation.txt,Pipeline_A_Stemming,"[""D01"", ""D03"", ""D04"", ""D06"", ""D07"", ""D09"", ""D10"", ""D11"", ""D12"", ""D13"", ""D14"", ""D15"", ""D18"", ""D20""]",14,0.0,0.0,0.0
Why might control measures begin before an investigation is complete?,09_outbreak_investigation.txt,Pipeline_B_Lemmatization,"[""D01"", ""D06"", ""D09"", ""D10"", ""D11"", ""D13"", ""D14"", ""D15"", ""D18"", ""D20""]",10,0.0,0.0,0.0
What interventions can be used during an outbreak?,09_outbreak_investigation.txt,Pipeline_A_Stemming,"[""D01"", ""D02"", ""D03"", ""D04"", ""D05"", ""D06"", ""D07"", ""D08"", ""D09"", ""D10"", ""D11"", ""D12"", ""D13"", ""D14"", ""D15"", ""D16"", ""D17"", ""D18"", ""D19"", ""D20""]",20,0.0,0.0,0.0
What interventions can be used during an outbreak?,09_outbreak_investigation.txt,Pipeline_B_Lemmatization,"[""D01"", ""D02"", ""D03"", ""D04"", ""D05"", ""D06"", ""D07"", ""D08"", ""D09"", ""D10"", ""D11"", ""D12"", ""D13"", ""D14"", ""D15"", ""D16"", ""D17"", ""D18"", ""D19"", ""D20""]",20,0.0,0.0,0.0
Why is ongoing evaluation necessary during an outbreak?,09_outbreak_investigation.txt,Pipeline_A_Stemming,"[""D01"", ""D02"", ""D03"", ""D04"", ""D05"", ""D06"", ""D08"", ""D09"", ""D11"", ""D13"", ""D14"", ""D15"", ""D16"", ""D17"", ""D18"", ""D19"", ""D20""]",17,0.0,0.0,0.0
Why is ongoing evaluation necessary during an outbreak?,09_outbreak_investigation.txt,Pipeline_B_Lemmatization,"[""D01"", ""D02"", ""D04"", ""D05"", ""D06"", ""D09"", ""D11"", ""D13"", ""D14"", ""D15"", ""D17"", ""D18"", ""D20""]",13,0.0,0.0,0.0
How does a case definition affect outbreak counts?,09_outbreak_investigation.txt,Pipeline_A_Stemming,"[""D01"", ""D02"", ""D04"", ""D05"", ""D06"", ""D07"", ""D08"", ""D09"", ""D10"", ""D11"", ""D12"", ""D13"", ""D14"", ""D15"", ""D16"", ""D17"", ""D18"", ""D19"", ""D20""]",19,0.0,0.0,0.0
How does a case definition affect outbreak counts?,09_outbreak_investigation.txt,Pipeline_B_Lemmatization,"[""D01"", ""D02"", ""D04"", ""D05"", ""D06"", ""D07"", ""D08"", ""D09"", ""D10"", ""D11"", ""D13"", ""D14"", ""D15"", ""D16"", ""D17"", ""D18"", ""D19"", ""D20""]",18,0.0,0.0,0.0
What is recall bias?,09_outbreak_investigation.txt,Pipeline_A_Stemming,"[""D02"", ""D03"", ""D08"", ""D09"", ""D13"", ""D20""]",6,0.0,0.0,0.0
What is recall bias?,09_outbreak_investigation.txt,Pipeline_B_Lemmatization,"[""D02"", ""D03"", ""D08"", ""D09"", ""D13"", ""D20""]",6,0.0,0.0,0.0
What is selection bias?,09_outbreak_investigation.txt,Pipeline_A_Stemming,"[""D02"", ""D03"", ""D08"", ""D09"", ""D10"", ""D11"", ""D13"", ""D16"", ""D20""]",9,0.0,0.0,0.0
What is selection bias?,09_outbreak_investigation.txt,Pipeline_B_Lemmatization,"[""D02"", ""D03"", ""D08"", ""D09"", ""D13"", ""D16"", ""D20""]",7,0.0,0.0,0.0
How can confounding affect outbreak studies?,09_outbreak_investigation.txt,Pipeline_A_Stemming,"[""D01"", ""D02"", ""D03"", ""D04"", ""D05"", ""D06"", ""D07"", ""D08"", ""D09"", ""D10"", ""D11"", ""D12"", ""D13"", ""D14"", ""D15"", ""D16"", ""D17"", ""D18"", ""D19"", ""D20""]",20,0.0,0.0,0.0
How can confounding affect outbreak studies?,09_outbreak_investigation.txt,Pipeline_B_Lemmatization,"[""D01"", ""D02"", ""D03"", ""D04"", ""D05"", ""D06"", ""D07"", ""D08"", ""D09"", ""D10"", ""D11"", ""D12"", ""D13"", ""D14"", ""D15"", ""D16"", ""D17"", ""D18"", ""D19"", ""D20""]",20,0.0,0.0,0.0
Why is outbreak investigation both descriptive and analytical?,09_outbreak_investigation.txt,Pipeline_A_Stemming,"[""D01"", ""D02"", ""D04"", ""D05"", ""D09"", ""D11"", ""D12"", ""D13"", ""D14"", ""D17"", ""D18"", ""D20""]",12,0.0,0.0,0.0
Why is outbreak investigation both descriptive and analytical?,09_outbreak_investigation.txt,Pipeline_B_Lemmatization,"[""D01"", ""D02"", ""D04"", ""D05"", ""D09"", ""D11"", ""D13"", ""D14"", ""D17"", ""D18"", ""D20""]",11,0.0,0.0,0.0
What is public health surveillance?,10_public_health_surveillance.txt,Pipeline_A_Stemming,"[""D01"", ""D02"", ""D04"", ""D05"", ""D06"", ""D07"", ""D08"", ""D10"", ""D12"", ""D13"", ""D16"", ""D17"", ""D18"", ""D19"", ""D20""]",15,0.0,0.0,0.0
What is public health surveillance?,10_public_health_surveillance.txt,Pipeline_B_Lemmatization,"[""D01"", ""D02"", ""D04"", ""D05"", ""D06"", ""D07"", ""D08"", ""D10"", ""D12"", ""D13"", ""D16"", ""D17"", ""D18"", ""D19"", ""D20""]",15,0.0,0.0,0.0
What are the main components of surveillance?,10_public_health_surveillance.txt,Pipeline_A_Stemming,"[""D01"", ""D02"", ""D04"", ""D05"", ""D06"", ""D07"", ""D08"", ""D10"", ""D12"", ""D13"", ""D16"", ""D18"", ""D19"", ""D20""]",14,0.0,0.0,0.0
What are the main components of surveillance?,10_public_health_surveillance.txt,Pipeline_B_Lemmatization,"[""D01"", ""D02"", ""D04"", ""D05"", ""D06"", ""D07"", ""D08"", ""D10"", ""D12"", ""D13"", ""D16"", ""D18"", ""D19"", ""D20""]",14,0.0,0.0,0.0
What is passive surveillance?,10_public_health_surveillance.txt,Pipeline_A_Stemming,"[""D01"", ""D02"", ""D04"", ""D05"", ""D06"", ""D07"", ""D08"", ""D10"", ""D12"", ""D13"", ""D16"", ""D18"", ""D19"", ""D20""]",14,0.0,0.0,0.0
What is passive surveillance?,10_public_health_surveillance.txt,Pipeline_B_Lemmatization,"[""D01"", ""D02"", ""D04"", ""D05"", ""D06"", ""D07"", ""D08"", ""D10"", ""D12"", ""D13"", ""D16"", ""D18"", ""D19"", ""D20""]",14,0.0,0.0,0.0
What is active surveillance?,10_public_health_surveillance.txt,Pipeline_A_Stemming,"[""D01"", ""D02"", ""D04"", ""D05"", ""D06"", ""D07"", ""D08"", ""D10"", ""D12"", ""D13"", ""D14"", ""D15"", ""D16"", ""D18"", ""D19"", ""D20""]",16,0.0,0.0,0.0
What is active surveillance?,10_public_health_surveillance.txt,Pipeline_B_Lemmatization,"[""D01"", ""D02"", ""D04"", ""D05"", ""D06"", ""D07"", ""D08"", ""D10"", ""D12"", ""D13"", ""D16"", ""D18"", ""D19"", ""D20""]",14,0.0,0.0,0.0
What is sentinel surveillance?,10_public_health_surveillance.txt,Pipeline_A_Stemming,"[""D01"", ""D02"", ""D04"", ""D05"", ""D06"", ""D07"", ""D08"", ""D10"", ""D12"", ""D13"", ""D16"", ""D18"", ""D19"", ""D20""]",14,0.0,0.0,0.0
What is sentinel surveillance?,10_public_health_surveillance.txt,Pipeline_B_Lemmatization,"[""D01"", ""D02"", ""D04"", ""D05"", ""D06"", ""D07"", ""D08"", ""D10"", ""D12"", ""D13"", ""D16"", ""D18"", ""D19"", ""D20""]",14,0.0,0.0,0.0
Why is a case definition important in surveillance?,10_public_health_surveillance.txt,Pipeline_A_Stemming,"[""D01"", ""D03"", ""D04"", ""D05"", ""D06"", ""D07"", ""D08"", ""D09"", ""D10"", ""D12"", ""D13"", ""D14"", ""D15"", ""D16"", ""D18"", ""D19"", ""D20""]",17,0.0,0.0,0.0
Why is a case definition important in surveillance?,10_public_health_surveillance.txt,Pipeline_B_Lemmatization,"[""D01"", ""D03"", ""D04"", ""D05"", ""D06"", ""D07"", ""D08"", ""D09"", ""D10"", ""D12"", ""D13"", ""D14"", ""D15"", ""D16"", ""D18"", ""D19"", ""D20""]",17,0.0,0.0,0.0
What makes surveillance data timely?,10_public_health_surveillance.txt,Pipeline_A_Stemming,"[""D01"", ""D02"", ""D03"", ""D04"", ""D05"", ""D06"", ""D07"", ""D08"", ""D09"", ""D10"", ""D12"", ""D13"", ""D15"", ""D16"", ""D17"", ""D18"", ""D19"", ""D20""]",18,0.0,0.0,0.0
What makes surveillance data timely?,10_public_health_surveillance.txt,Pipeline_B_Lemmatization,"[""D01"", ""D02"", ""D04"", ""D05"", ""D06"", ""D07"", ""D08"", ""D10"", ""D12"", ""D13"", ""D15"", ""D16"", ""D17"", ""D18"", ""D19"", ""D20""]",16,0.0,0.0,0.0
What makes surveillance data representative?,10_public_health_surveillance.txt,Pipeline_A_Stemming,"[""D01"", ""D02"", ""D04"", ""D05"", ""D06"", ""D07"", ""D08"", ""D10"", ""D12"", ""D13"", ""D16"", ""D17"", ""D18"", ""D19"", ""D20""]",15,0.0,0.0,0.0
What makes surveillance data representative?,10_public_health_surveillance.txt,Pipeline_B_Lemmatization,"[""D01"", ""D02"", ""D04"", ""D05"", ""D06"", ""D07"", ""D08"", ""D10"", ""D12"", ""D13"", ""D16"", ""D17"", ""D18"", ""D19"", ""D20""]",15,0.0,0.0,0.0
How can testing changes affect surveillance trends?,10_public_health_surveillance.txt,Pipeline_A_Stemming,"[""D01"", ""D02"", ""D03"", ""D04"", ""D05"", ""D06"", ""D07"", ""D08"", ""D09"", ""D10"", ""D11"", ""D12"", ""D13"", ""D14"", ""D15"", ""D16"", ""D17"", ""D18"", ""D19"", ""D20""]",20,0.0,0.0,0.0
How can testing changes affect surveillance trends?,10_public_health_surveillance.txt,Pipeline_B_Lemmatization,"[""D01"", ""D02"", ""D03"", ""D04"", ""D05"", ""D06"", ""D07"", ""D08"", ""D09"", ""D10"", ""D11"", ""D12"", ""D13"", ""D14"", ""D15"", ""D16"", ""D17"", ""D18"", ""D19"", ""D20""]",20,0.0,0.0,0.0
Why should surveillance systems have a defined objective?,10_public_health_surveillance.txt,Pipeline_A_Stemming,"[""D01"", ""D02"", ""D03"", ""D04"", ""D05"", ""D06"", ""D07"", ""D08"", ""D09"", ""D10"", ""D11"", ""D12"", ""D13"", ""D14"", ""D15"", ""D16"", ""D17"", ""D18"", ""D19"", ""D20""]",20,0.0,0.0,0.0
Why should surveillance systems have a defined objective?,10_public_health_surveillance.txt,Pipeline_B_Lemmatization,"[""D01"", ""D02"", ""D03"", ""D04"", ""D05"", ""D06"", ""D07"", ""D08"", ""D09"", ""D10"", ""D11"", ""D12"", ""D13"", ""D14"", ""D15"", ""D16"", ""D17"", ""D18"", ""D19"", ""D20""]",20,0.0,0.0,0.0
What role do laboratory results play in surveillance?,10_public_health_surveillance.txt,Pipeline_A_Stemming,"[""D01"", ""D02"", ""D03"", ""D04"", ""D05"", ""D06"", ""D07"", ""D08"", ""D09"", ""D10"", ""D12"", ""D13"", ""D16"", ""D17"", ""D18"", ""D19"", ""D20""]",17,0.0,0.0,0.0
What role do laboratory results play in surveillance?,10_public_health_surveillance.txt,Pipeline_B_Lemmatization,"[""D01"", ""D02"", ""D03"", ""D04"", ""D05"", ""D06"", ""D07"", ""D08"", ""D09"", ""D10"", ""D12"", ""D13"", ""D16"", ""D17"", ""D18"", ""D19"", ""D20""]",17,0.0,0.0,0.0
How can hospital data complement case reports?,10_public_health_surveillance.txt,Pipeline_A_Stemming,"[""D01"", ""D02"", ""D03"", ""D04"", ""D05"", ""D06"", ""D07"", ""D08"", ""D09"", ""D10"", ""D11"", ""D12"", ""D13"", ""D14"", ""D15"", ""D16"", ""D17"", ""D18"", ""D19"", ""D20""]",20,0.0,0.0,0.0
How can hospital data complement case reports?,10_public_health_surveillance.txt,Pipeline_B_Lemmatization,"[""D01"", ""D02"", ""D03"", ""D04"", ""D05"", ""D06"", ""D07"", ""D08"", ""D09"", ""D10"", ""D11"", ""D12"", ""D13"", ""D14"", ""D15"", ""D16"", ""D17"", ""D18"", ""D19"", ""D20""]",20,0.0,0.0,0.0
What is syndromic surveillance?,10_public_health_surveillance.txt,Pipeline_A_Stemming,"[""D01"", ""D02"", ""D04"", ""D05"", ""D06"", ""D07"", ""D08"", ""D10"", ""D12"", ""D13"", ""D16"", ""D18"", ""D19"", ""D20""]",14,0.0,0.0,0.0
What is syndromic surveillance?,10_public_health_surveillance.txt,Pipeline_B_Lemmatization,"[""D01"", ""D02"", ""D04"", ""D05"", ""D06"", ""D07"", ""D08"", ""D10"", ""D12"", ""D13"", ""D16"", ""D18"", ""D19"", ""D20""]",14,0.0,0.0,0.0
How can mortality data support infectious disease surveillance?,10_public_health_surveillance.txt,Pipeline_A_Stemming,"[""D01"", ""D02"", ""D03"", ""D04"", ""D05"", ""D06"", ""D07"", ""D08"", ""D09"", ""D10"", ""D11"", ""D12"", ""D13"", ""D14"", ""D15"", ""D16"", ""D17"", ""D18"", ""D19"", ""D20""]",20,0.0,0.0,0.0
How can mortality data support infectious disease surveillance?,10_public_health_surveillance.txt,Pipeline_B_Lemmatization,"[""D01"", ""D02"", ""D03"", ""D04"", ""D05"", ""D06"", ""D07"", ""D08"", ""D09"", ""D10"", ""D11"", ""D12"", ""D13"", ""D14"", ""D15"", ""D16"", ""D17"", ""D18"", ""D19"", ""D20""]",20,0.0,0.0,0.0
What are the limitations of passive surveillance?,10_public_health_surveillance.txt,Pipeline_A_Stemming,"[""D01"", ""D02"", ""D03"", ""D04"", ""D05"", ""D06"", ""D07"", ""D08"", ""D10"", ""D12"", ""D13"", ""D16"", ""D18"", ""D19"", ""D20""]",15,0.0,0.0,0.0
What are the limitations of passive surveillance?,10_public_health_surveillance.txt,Pipeline_B_Lemmatization,"[""D01"", ""D02"", ""D03"", ""D04"", ""D05"", ""D06"", ""D07"", ""D08"", ""D10"", ""D12"", ""D13"", ""D16"", ""D18"", ""D19"", ""D20""]",15,0.0,0.0,0.0
Why can active surveillance be more resource intensive?,10_public_health_surveillance.txt,Pipeline_A_Stemming,"[""D01"", ""D02"", ""D03"", ""D04"", ""D05"", ""D06"", ""D07"", ""D08"", ""D09"", ""D10"", ""D11"", ""D12"", ""D13"", ""D14"", ""D15"", ""D16"", ""D17"", ""D18"", ""D19"", ""D20""]",20,0.0,0.0,0.0
Why can active surveillance be more resource intensive?,10_public_health_surveillance.txt,Pipeline_B_Lemmatization,"[""D01"", ""D02"", ""D03"", ""D04"", ""D05"", ""D06"", ""D07"", ""D08"", ""D09"", ""D10"", ""D11"", ""D12"", ""D13"", ""D14"", ""D15"", ""D16"", ""D17"", ""D18"", ""D19"", ""D20""]",20,0.0,0.0,0.0
How does sentinel surveillance work?,10_public_health_surveillance.txt,Pipeline_A_Stemming,"[""D01"", ""D02"", ""D04"", ""D05"", ""D06"", ""D07"", ""D08"", ""D10"", ""D12"", ""D13"", ""D16"", ""D18"", ""D19"", ""D20""]",14,0.0,0.0,0.0
How does sentinel surveillance work?,10_public_health_surveillance.txt,Pipeline_B_Lemmatization,"[""D01"", ""D02"", ""D04"", ""D05"", ""D06"", ""D07"", ""D08"", ""D10"", ""D12"", ""D13"", ""D16"", ""D18"", ""D19"", ""D20""]",14,0.0,0.0,0.0
Why should multiple data sources be triangulated?,10_public_health_surveillance.txt,Pipeline_A_Stemming,"[""D02"", ""D03"", ""D04"", ""D05"", ""D06"", ""D07"", ""D08"", ""D09"", ""D10"", ""D11"", ""D12"", ""D13"", ""D14"", ""D15"", ""D16"", ""D17"", ""D18"", ""D19"", ""D20""]",19,0.0,0.0,0.0
Why should multiple data sources be triangulated?,10_public_health_surveillance.txt,Pipeline_B_Lemmatization,"[""D02"", ""D03"", ""D04"", ""D05"", ""D06"", ""D07"", ""D08"", ""D09"", ""D10"", ""D11"", ""D12"", ""D13"", ""D14"", ""D15"", ""D16"", ""D17"", ""D18"", ""D19"", ""D20""]",19,0.0,0.0,0.0
How can reporting-system changes create misleading trends?,10_public_health_surveillance.txt,Pipeline_A_Stemming,"[""D01"", ""D02"", ""D03"", ""D04"", ""D05"", ""D06"", ""D07"", ""D08"", ""D09"", ""D10"", ""D11"", ""D12"", ""D13"", ""D14"", ""D15"", ""D16"", ""D17"", ""D18"", ""D19"", ""D20""]",20,0.0,0.0,0.0
How can reporting-system changes create misleading trends?,10_public_health_surveillance.txt,Pipeline_B_Lemmatization,"[""D01"", ""D02"", ""D03"", ""D04"", ""D05"", ""D06"", ""D07"", ""D08"", ""D09"", ""D10"", ""D11"", ""D12"", ""D13"", ""D14"", ""D15"", ""D16"", ""D17"", ""D18"", ""D19"", ""D20""]",20,0.0,0.0,0.0
Why are data quality and completeness important?,10_public_health_surveillance.txt,Pipeline_A_Stemming,"[""D01"", ""D03"", ""D05"", ""D06"", ""D07"", ""D08"", ""D10"", ""D13"", ""D14"", ""D15"", ""D16"", ""D17"", ""D18"", ""D19"", ""D20""]",15,0.0,0.0,0.0
Why are data quality and completeness important?,10_public_health_surveillance.txt,Pipeline_B_Lemmatization,"[""D01"", ""D03"", ""D05"", ""D06"", ""D07"", ""D08"", ""D10"", ""D13"", ""D14"", ""D15"", ""D16"", ""D17"", ""D18"", ""D19"", ""D20""]",15,0.0,0.0,0.0
What are core infection-prevention practices in healthcare?,11_infection_prevention_healthcare.txt,Pipeline_A_Stemming,"[""D02"", ""D04"", ""D06"", ""D08"", ""D10"", ""D11"", ""D13"", ""D14"", ""D15"", ""D16"", ""D17"", ""D19"", ""D20""]",13,0.0,0.0,0.0
What are core infection-prevention practices in healthcare?,11_infection_prevention_healthcare.txt,Pipeline_B_Lemmatization,"[""D02"", ""D04"", ""D06"", ""D08"", ""D10"", ""D11"", ""D13"", ""D14"", ""D15"", ""D16"", ""D19"", ""D20""]",12,0.0,0.0,0.0
Why is hand hygiene important in healthcare settings?,11_infection_prevention_healthcare.txt,Pipeline_A_Stemming,"[""D01"", ""D03"", ""D05"", ""D06"", ""D09"", ""D10"", ""D11"", ""D13"", ""D14"", ""D15"", ""D16"", ""D19"", ""D20""]",13,0.0,0.0,0.0
Why is hand hygiene important in healthcare settings?,11_infection_prevention_healthcare.txt,Pipeline_B_Lemmatization,"[""D01"", ""D03"", ""D05"", ""D06"", ""D09"", ""D10"", ""D11"", ""D13"", ""D14"", ""D15"", ""D16"", ""D19"", ""D20""]",13,0.0,0.0,0.0
How is personal protective equipment selected?,11_infection_prevention_healthcare.txt,Pipeline_A_Stemming,"[""D01"", ""D02"", ""D03"", ""D04"", ""D07"", ""D08"", ""D09"", ""D10"", ""D11"", ""D15"", ""D16"", ""D17"", ""D19"", ""D20""]",14,0.0,0.0,0.0
How is personal protective equipment selected?,11_infection_prevention_healthcare.txt,Pipeline_B_Lemmatization,"[""D01"", ""D04"", ""D08"", ""D10"", ""D11"", ""D19"", ""D20""]",7,0.0,0.0,0.0
What role does ventilation play in healthcare infection prevention?,11_infection_prevention_healthcare.txt,Pipeline_A_Stemming,"[""D01"", ""D02"", ""D03"", ""D04"", ""D05"", ""D06"", ""D07"", ""D08"", ""D10"", ""D11"", ""D13"", ""D14"", ""D15"", ""D16"", ""D18"", ""D19"", ""D20""]",17,0.0,0.0,0.0
What role does ventilation play in healthcare infection prevention?,11_infection_prevention_healthcare.txt,Pipeline_B_Lemmatization,"[""D01"", ""D02"", ""D03"", ""D04"", ""D05"", ""D06"", ""D07"", ""D08"", ""D10"", ""D11"", ""D13"", ""D14"", ""D15"", ""D16"", ""D18"", ""D19"", ""D20""]",17,0.0,0.0,0.0
Why is patient placement important?,11_infection_prevention_healthcare.txt,Pipeline_A_Stemming,"[""D01"", ""D03"", ""D06"", ""D11"", ""D13"", ""D14"", ""D15"", ""D16""]",8,0.0,0.0,0.0
Why is patient placement important?,11_infection_prevention_healthcare.txt,Pipeline_B_Lemmatization,"[""D01"", ""D03"", ""D06"", ""D11"", ""D13"", ""D14"", ""D15"", ""D16""]",8,0.0,0.0,0.0
What are administrative infection-control measures?,11_infection_prevention_healthcare.txt,Pipeline_A_Stemming,"[""D01"", ""D02"", ""D03"", ""D04"", ""D06"", ""D07"", ""D08"", ""D09"", ""D10"", ""D11"", ""D13"", ""D14"", ""D15"", ""D20""]",14,0.0,0.0,0.0
What are administrative infection-control measures?,11_infection_prevention_healthcare.txt,Pipeline_B_Lemmatization,"[""D01"", ""D02"", ""D06"", ""D08"", ""D09"", ""D11"", ""D13"", ""D14"", ""D15"", ""D20""]",10,0.0,0.0,0.0
What are engineering controls?,11_infection_prevention_healthcare.txt,Pipeline_A_Stemming,"[""D02"", ""D03"", ""D08"", ""D09"", ""D11"", ""D13"", ""D14"", ""D20""]",8,0.0,0.0,0.0
What are engineering controls?,11_infection_prevention_healthcare.txt,Pipeline_B_Lemmatization,"[""D02"", ""D08"", ""D09"", ""D11"", ""D13"", ""D14"", ""D20""]",7,0.0,0.0,0.0
How can healthcare worker vaccination support infection prevention?,11_infection_prevention_healthcare.txt,Pipeline_A_Stemming,"[""D01"", ""D02"", ""D03"", ""D04"", ""D05"", ""D06"", ""D07"", ""D08"", ""D09"", ""D10"", ""D11"", ""D12"", ""D13"", ""D14"", ""D15"", ""D16"", ""D17"", ""D18"", ""D19"", ""D20""]",20,0.0,0.0,0.0
How can healthcare worker vaccination support infection prevention?,11_infection_prevention_healthcare.txt,Pipeline_B_Lemmatization,"[""D01"", ""D02"", ""D03"", ""D04"", ""D05"", ""D06"", ""D07"", ""D08"", ""D09"", ""D10"", ""D11"", ""D12"", ""D13"", ""D14"", ""D15"", ""D16"", ""D17"", ""D18"", ""D19"", ""D20""]",20,0.0,0.0,0.0
Why is staff training important?,11_infection_prevention_healthcare.txt,Pipeline_A_Stemming,"[""D01"", ""D03"", ""D06"", ""D11"", ""D13"", ""D14"", ""D15"", ""D18"", ""D20""]",9,0.0,0.0,0.0
Why is staff training important?,11_infection_prevention_healthcare.txt,Pipeline_B_Lemmatization,"[""D01"", ""D03"", ""D06"", ""D11"", ""D13"", ""D14"", ""D15"", ""D20""]",8,0.0,0.0,0.0
How can healthcare facilities monitor infection prevention?,11_infection_prevention_healthcare.txt,Pipeline_A_Stemming,"[""D01"", ""D02"", ""D03"", ""D04"", ""D05"", ""D06"", ""D07"", ""D08"", ""D09"", ""D10"", ""D11"", ""D12"", ""D13"", ""D14"", ""D15"", ""D16"", ""D17"", ""D18"", ""D19"", ""D20""]",20,0.0,0.0,0.0
How can healthcare facilities monitor infection prevention?,11_infection_prevention_healthcare.txt,Pipeline_B_Lemmatization,"[""D01"", ""D02"", ""D03"", ""D04"", ""D05"", ""D06"", ""D07"", ""D08"", ""D09"", ""D10"", ""D11"", ""D12"", ""D13"", ""D14"", ""D15"", ""D16"", ""D17"", ""D18"", ""D19"", ""D20""]",20,0.0,0.0,0.0
What is a layered infection-prevention strategy?,11_infection_prevention_healthcare.txt,Pipeline_A_Stemming,"[""D01"", ""D02"", ""D08"", ""D11"", ""D13"", ""D14"", ""D17"", ""D20""]",8,0.0,0.0,0.0
What is a layered infection-prevention strategy?,11_infection_prevention_healthcare.txt,Pipeline_B_Lemmatization,"[""D02"", ""D08"", ""D11"", ""D13"", ""D14"", ""D17"", ""D20""]",7,0.0,0.0,0.0
Why is environmental cleaning important?,11_infection_prevention_healthcare.txt,Pipeline_A_Stemming,"[""D01"", ""D03"", ""D06"", ""D09"", ""D11"", ""D13"", ""D14"", ""D15""]",8,0.0,0.0,0.0
Why is environmental cleaning important?,11_infection_prevention_healthcare.txt,Pipeline_B_Lemmatization,"[""D01"", ""D03"", ""D06"", ""D09"", ""D11"", ""D13"", ""D14"", ""D15""]",8,0.0,0.0,0.0
How can triage reduce healthcare transmission?,11_infection_prevention_healthcare.txt,Pipeline_A_Stemming,"[""D01"", ""D02"", ""D03"", ""D04"", ""D05"", ""D06"", ""D07"", ""D08"", ""D09"", ""D10"", ""D11"", ""D12"", ""D13"", ""D14"", ""D15"", ""D16"", ""D17"", ""D18"", ""D19"", ""D20""]",20,0.0,0.0,0.0
How can triage reduce healthcare transmission?,11_infection_prevention_healthcare.txt,Pipeline_B_Lemmatization,"[""D01"", ""D02"", ""D03"", ""D04"", ""D05"", ""D06"", ""D07"", ""D08"", ""D09"", ""D10"", ""D11"", ""D12"", ""D13"", ""D14"", ""D15"", ""D16"", ""D17"", ""D18"", ""D19"", ""D20""]",20,0.0,0.0,0.0
Why should infection prevention be adapted to the pathogen?,11_infection_prevention_healthcare.txt,Pipeline_A_Stemming,"[""D01"", ""D02"", ""D03"", ""D04"", ""D05"", ""D06"", ""D07"", ""D08"", ""D09"", ""D10"", ""D11"", ""D12"", ""D13"", ""D14"", ""D15"", ""D16"", ""D17"", ""D18"", ""D19"", ""D20""]",20,0.0,0.0,0.0
Why should infection prevention be adapted to the pathogen?,11_infection_prevention_healthcare.txt,Pipeline_B_Lemmatization,"[""D01"", ""D02"", ""D03"", ""D04"", ""D05"", ""D06"", ""D07"", ""D08"", ""D09"", ""D10"", ""D11"", ""D12"", ""D13"", ""D14"", ""D15"", ""D16"", ""D17"", ""D18"", ""D19"", ""D20""]",20,0.0,0.0,0.0
How can healthcare-associated infection data be used?,11_infection_prevention_healthcare.txt,Pipeline_A_Stemming,"[""D01"", ""D02"", ""D03"", ""D04"", ""D05"", ""D06"", ""D07"", ""D08"", ""D09"", ""D10"", ""D11"", ""D12"", ""D13"", ""D14"", ""D15"", ""D16"", ""D17"", ""D18"", ""D19"", ""D20""]",20,0.0,0.0,0.0
How can healthcare-associated infection data be used?,11_infection_prevention_healthcare.txt,Pipeline_B_Lemmatization,"[""D01"", ""D02"", ""D03"", ""D04"", ""D05"", ""D06"", ""D07"", ""D08"", ""D09"", ""D10"", ""D11"", ""D12"", ""D13"", ""D14"", ""D15"", ""D16"", ""D17"", ""D18"", ""D19"", ""D20""]",20,0.0,0.0,0.0
Why are respiratory hygiene practices important?,11_infection_prevention_healthcare.txt,Pipeline_A_Stemming,"[""D01"", ""D03"", ""D04"", ""D06"", ""D07"", ""D08"", ""D10"", ""D11"", ""D13"", ""D14"", ""D15"", ""D17""]",12,0.0,0.0,0.0
Why are respiratory hygiene practices important?,11_infection_prevention_healthcare.txt,Pipeline_B_Lemmatization,"[""D01"", ""D03"", ""D04"", ""D06"", ""D07"", ""D10"", ""D11"", ""D13"", ""D14"", ""D15""]",10,0.0,0.0,0.0
How can facility design affect infection transmission?,11_infection_prevention_healthcare.txt,Pipeline_A_Stemming,"[""D01"", ""D02"", ""D03"", ""D04"", ""D05"", ""D06"", ""D07"", ""D08"", ""D09"", ""D10"", ""D11"", ""D12"", ""D13"", ""D14"", ""D15"", ""D16"", ""D17"", ""D18"", ""D19"", ""D20""]",20,0.0,0.0,0.0
How can facility design affect infection transmission?,11_infection_prevention_healthcare.txt,Pipeline_B_Lemmatization,"[""D01"", ""D02"", ""D03"", ""D04"", ""D05"", ""D06"", ""D07"", ""D08"", ""D09"", ""D10"", ""D11"", ""D12"", ""D13"", ""D14"", ""D15"", ""D16"", ""D17"", ""D18"", ""D19"", ""D20""]",20,0.0,0.0,0.0
Why is no single infection-control measure sufficient?,11_infection_prevention_healthcare.txt,Pipeline_A_Stemming,"[""D01"", ""D02"", ""D03"", ""D04"", ""D05"", ""D06"", ""D07"", ""D09"", ""D10"", ""D11"", ""D12"", ""D13"", ""D14"", ""D15"", ""D17"", ""D18"", ""D20""]",17,0.0,0.0,0.0
Why is no single infection-control measure sufficient?,11_infection_prevention_healthcare.txt,Pipeline_B_Lemmatization,"[""D01"", ""D02"", ""D05"", ""D06"", ""D09"", ""D11"", ""D12"", ""D13"", ""D14"", ""D15"", ""D17"", ""D18"", ""D20""]",13,0.0,0.0,0.0
How can outbreaks among healthcare workers be monitored?,11_infection_prevention_healthcare.txt,Pipeline_A_Stemming,"[""D01"", ""D02"", ""D03"", ""D04"", ""D05"", ""D06"", ""D07"", ""D08"", ""D09"", ""D10"", ""D11"", ""D12"", ""D13"", ""D14"", ""D15"", ""D16"", ""D17"", ""D18"", ""D19"", ""D20""]",20,0.0,0.0,0.0
How can outbreaks among healthcare workers be monitored?,11_infection_prevention_healthcare.txt,Pipeline_B_Lemmatization,"[""D01"", ""D02"", ""D03"", ""D04"", ""D05"", ""D06"", ""D07"", ""D08"", ""D09"", ""D10"", ""D11"", ""D12"", ""D13"", ""D14"", ""D15"", ""D16"", ""D17"", ""D18"", ""D19"", ""D20""]",20,0.0,0.0,0.0
Why should infection-prevention programs be updated?,11_infection_prevention_healthcare.txt,Pipeline_A_Stemming,"[""D01"", ""D02"", ""D03"", ""D05"", ""D09"", ""D10"", ""D11"", ""D12"", ""D13"", ""D14"", ""D15"", ""D16"", ""D17"", ""D18"", ""D19"", ""D20""]",16,0.0,0.0,0.0
Why should infection-prevention programs be updated?,11_infection_prevention_healthcare.txt,Pipeline_B_Lemmatization,"[""D01"", ""D02"", ""D03"", ""D05"", ""D09"", ""D10"", ""D11"", ""D12"", ""D13"", ""D14"", ""D15"", ""D16"", ""D17"", ""D18"", ""D19"", ""D20""]",16,0.0,0.0,0.0
Why is vaccine safety monitored after authorization?,12_vaccine_safety_monitoring.txt,Pipeline_A_Stemming,"[""D01"", ""D02"", ""D03"", ""D05"", ""D07"", ""D08"", ""D09"", ""D10"", ""D11"", ""D12"", ""D13"", ""D14"", ""D15"", ""D16"", ""D18"", ""D19"", ""D20""]",17,0.0,0.0,0.0
Why is vaccine safety monitored after authorization?,12_vaccine_safety_monitoring.txt,Pipeline_B_Lemmatization,"[""D01"", ""D02"", ""D03"", ""D08"", ""D12"", ""D13"", ""D18"", ""D20""]",8,0.0,0.0,0.0
What is an adverse event following immunization?,12_vaccine_safety_monitoring.txt,Pipeline_A_Stemming,"[""D01"", ""D02"", ""D05"", ""D08"", ""D10"", ""D12"", ""D13"", ""D15"", ""D19"", ""D20""]",10,0.0,0.0,0.0
What is an adverse event following immunization?,12_vaccine_safety_monitoring.txt,Pipeline_B_Lemmatization,"[""D02"", ""D08"", ""D10"", ""D12"", ""D13"", ""D20""]",6,0.0,0.0,0.0
Does an adverse event after vaccination prove causation?,12_vaccine_safety_monitoring.txt,Pipeline_A_Stemming,"[""D01"", ""D02"", ""D03"", ""D05"", ""D07"", ""D08"", ""D09"", ""D10"", ""D11"", ""D12"", ""D13"", ""D14"", ""D15"", ""D16"", ""D17"", ""D18"", ""D19"", ""D20""]",18,0.0,0.0,0.0
Does an adverse event after vaccination prove causation?,12_vaccine_safety_monitoring.txt,Pipeline_B_Lemmatization,"[""D01"", ""D02"", ""D03"", ""D05"", ""D07"", ""D08"", ""D09"", ""D10"", ""D11"", ""D12"", ""D13"", ""D14"", ""D15"", ""D16"", ""D17"", ""D18"", ""D19"", ""D20""]",18,0.0,0.0,0.0
Why are rare adverse events difficult to detect before mass vaccination?,12_vaccine_safety_monitoring.txt,Pipeline_A_Stemming,"[""D01"", ""D02"", ""D03"", ""D04"", ""D05"", ""D08"", ""D09"", ""D10"", ""D11"", ""D12"", ""D13"", ""D14"", ""D15"", ""D16"", ""D18"", ""D19"", ""D20""]",17,0.0,0.0,0.0
Why are rare adverse events difficult to detect before mass vaccination?,12_vaccine_safety_monitoring.txt,Pipeline_B_Lemmatization,"[""D01"", ""D02"", ""D03"", ""D04"", ""D05"", ""D08"", ""D09"", ""D10"", ""D11"", ""D12"", ""D13"", ""D14"", ""D15"", ""D16"", ""D18"", ""D19"", ""D20""]",17,0.0,0.0,0.0
What is passive vaccine safety surveillance?,12_vaccine_safety_monitoring.txt,Pipeline_A_Stemming,"[""D01"", ""D02"", ""D03"", ""D04"", ""D05"", ""D06"", ""D07"", ""D08"", ""D09"", ""D10"", ""D11"", ""D12"", ""D13"", ""D14"", ""D15"", ""D16"", ""D18"", ""D19"", ""D20""]",19,0.0,0.0,0.0
What is passive vaccine safety surveillance?,12_vaccine_safety_monitoring.txt,Pipeline_B_Lemmatization,"[""D01"", ""D02"", ""D03"", ""D04"", ""D05"", ""D06"", ""D07"", ""D08"", ""D10"", ""D12"", ""D13"", ""D16"", ""D18"", ""D19"", ""D20""]",15,0.0,0.0,0.0
What are the limitations of passive reporting systems?,12_vaccine_safety_monitoring.txt,Pipeline_A_Stemming,"[""D01"", ""D02"", ""D03"", ""D04"", ""D05"", ""D06"", ""D07"", ""D08"", ""D09"", ""D10"", ""D12"", ""D13"", ""D16"", ""D17"", ""D18"", ""D19"", ""D20""]",17,0.0,0.0,0.0
What are the limitations of passive reporting systems?,12_vaccine_safety_monitoring.txt,Pipeline_B_Lemmatization,"[""D01"", ""D02"", ""D03"", ""D04"", ""D05"", ""D06"", ""D07"", ""D08"", ""D09"", ""D10"", ""D12"", ""D13"", ""D16"", ""D18"", ""D19"", ""D20""]",16,0.0,0.0,0.0
What is active safety surveillance?,12_vaccine_safety_monitoring.txt,Pipeline_A_Stemming,"[""D01"", ""D02"", ""D04"", ""D05"", ""D06"", ""D07"", ""D08"", ""D10"", ""D12"", ""D13"", ""D14"", ""D15"", ""D16"", ""D18"", ""D19"", ""D20""]",16,0.0,0.0,0.0
What is active safety surveillance?,12_vaccine_safety_monitoring.txt,Pipeline_B_Lemmatization,"[""D01"", ""D02"", ""D04"", ""D05"", ""D06"", ""D07"", ""D08"", ""D10"", ""D12"", ""D13"", ""D16"", ""D18"", ""D19"", ""D20""]",14,0.0,0.0,0.0
Why are background rates important in vaccine safety assessment?,12_vaccine_safety_monitoring.txt,Pipeline_A_Stemming,"[""D01"", ""D02"", ""D03"", ""D05"", ""D06"", ""D08"", ""D09"", ""D11"", ""D12"", ""D13"", ""D14"", ""D15"", ""D16"", ""D18"", ""D19"", ""D20""]",16,0.0,0.0,0.0
Why are background rates important in vaccine safety assessment?,12_vaccine_safety_monitoring.txt,Pipeline_B_Lemmatization,"[""D01"", ""D02"", ""D03"", ""D06"", ""D08"", ""D12"", ""D13"", ""D14"", ""D15"", ""D16"", ""D18"", ""D19""]",12,0.0,0.0,0.0
How does timing help assess vaccine safety signals?,12_vaccine_safety_monitoring.txt,Pipeline_A_Stemming,"[""D01"", ""D02"", ""D03"", ""D04"", ""D05"", ""D06"", ""D07"", ""D08"", ""D09"", ""D10"", ""D11"", ""D12"", ""D13"", ""D14"", ""D15"", ""D16"", ""D18"", ""D19"", ""D20""]",19,0.0,0.0,0.0
How does timing help assess vaccine safety signals?,12_vaccine_safety_monitoring.txt,Pipeline_B_Lemmatization,"[""D01"", ""D02"", ""D03"", ""D04"", ""D06"", ""D07"", ""D08"", ""D09"", ""D10"", ""D12"", ""D13"", ""D14"", ""D16"", ""D18"", ""D19"", ""D20""]",16,0.0,0.0,0.0
What is stimulated reporting?,12_vaccine_safety_monitoring.txt,Pipeline_A_Stemming,"[""D01"", ""D02"", ""D04"", ""D05"", ""D08"", ""D09"", ""D10"", ""D12"", ""D13"", ""D17"", ""D18"", ""D19"", ""D20""]",13,0.0,0.0,0.0
What is stimulated reporting?,12_vaccine_safety_monitoring.txt,Pipeline_B_Lemmatization,"[""D02"", ""D04"", ""D05"", ""D08"", ""D09"", ""D10"", ""D12"", ""D13"", ""D18"", ""D19"", ""D20""]",11,0.0,0.0,0.0
Why can reports be incomplete?,12_vaccine_safety_monitoring.txt,Pipeline_A_Stemming,"[""D01"", ""D02"", ""D03"", ""D04"", ""D05"", ""D06"", ""D07"", ""D08"", ""D09"", ""D10"", ""D11"", ""D12"", ""D13"", ""D14"", ""D15"", ""D16"", ""D17"", ""D18"", ""D19"", ""D20""]",20,0.0,0.0,0.0
Why can reports be incomplete?,12_vaccine_safety_monitoring.txt,Pipeline_B_Lemmatization,"[""D01"", ""D02"", ""D03"", ""D04"", ""D05"", ""D06"", ""D07"", ""D08"", ""D09"", ""D10"", ""D11"", ""D12"", ""D13"", ""D14"", ""D15"", ""D16"", ""D17"", ""D18"", ""D19"", ""D20""]",20,0.0,0.0,0.0
How are vaccine safety signals investigated?,12_vaccine_safety_monitoring.txt,Pipeline_A_Stemming,"[""D01"", ""D02"", ""D03"", ""D04"", ""D05"", ""D07"", ""D08"", ""D09"", ""D10"", ""D11"", ""D12"", ""D14"", ""D15"", ""D18"", ""D19"", ""D20""]",16,0.0,0.0,0.0
How are vaccine safety signals investigated?,12_vaccine_safety_monitoring.txt,Pipeline_B_Lemmatization,"[""D01"", ""D02"", ""D03"", ""D04"", ""D07"", ""D08"", ""D10"", ""D12"", ""D18"", ""D19"", ""D20""]",11,0.0,0.0,0.0
Why should a reported event be distinguished from a confirmed causal relationship?,12_vaccine_safety_monitoring.txt,Pipeline_A_Stemming,"[""D01"", ""D02"", ""D03"", ""D04"", ""D05"", ""D06"", ""D07"", ""D09"", ""D10"", ""D11"", ""D12"", ""D13"", ""D14"", ""D15"", ""D16"", ""D17"", ""D18"", ""D19"", ""D20""]",19,0.0,0.0,0.0
Why should a reported event be distinguished from a confirmed causal relationship?,12_vaccine_safety_monitoring.txt,Pipeline_B_Lemmatization,"[""D01"", ""D02"", ""D03"", ""D04"", ""D05"", ""D06"", ""D07"", ""D09"", ""D10"", ""D11"", ""D12"", ""D13"", ""D14"", ""D15"", ""D16"", ""D17"", ""D18"", ""D19"", ""D20""]",19,0.0,0.0,0.0
What evidence is used to evaluate vaccine causality?,12_vaccine_safety_monitoring.txt,Pipeline_A_Stemming,"[""D01"", ""D02"", ""D03"", ""D04"", ""D05"", ""D06"", ""D07"", ""D08"", ""D09"", ""D10"", ""D11"", ""D12"", ""D13"", ""D14"", ""D15"", ""D16"", ""D17"", ""D18"", ""D19"", ""D20""]",20,0.0,0.0,0.0
What evidence is used to evaluate vaccine causality?,12_vaccine_safety_monitoring.txt,Pipeline_B_Lemmatization,"[""D01"", ""D02"", ""D03"", ""D06"", ""D08"", ""D09"", ""D11"", ""D12"", ""D13"", ""D14"", ""D16"", ""D17"", ""D19"", ""D20""]",14,0.0,0.0,0.0
How can epidemiological studies assess vaccine safety?,12_vaccine_safety_monitoring.txt,Pipeline_A_Stemming,"[""D01"", ""D02"", ""D03"", ""D04"", ""D05"", ""D06"", ""D07"", ""D08"", ""D09"", ""D10"", ""D11"", ""D12"", ""D13"", ""D14"", ""D15"", ""D16"", ""D17"", ""D18"", ""D19"", ""D20""]",20,0.0,0.0,0.0
How can epidemiological studies assess vaccine safety?,12_vaccine_safety_monitoring.txt,Pipeline_B_Lemmatization,"[""D01"", ""D02"", ""D03"", ""D04"", ""D05"", ""D06"", ""D07"", ""D08"", ""D09"", ""D10"", ""D11"", ""D12"", ""D13"", ""D14"", ""D15"", ""D16"", ""D17"", ""D18"", ""D19"", ""D20""]",20,0.0,0.0,0.0
Why is sample size important in safety surveillance?,12_vaccine_safety_monitoring.txt,Pipeline_A_Stemming,"[""D01"", ""D03"", ""D04"", ""D05"", ""D06"", ""D07"", ""D08"", ""D10"", ""D12"", ""D13"", ""D14"", ""D15"", ""D16"", ""D18"", ""D19""]",15,0.0,0.0,0.0
Why is sample size important in safety surveillance?,12_vaccine_safety_monitoring.txt,Pipeline_B_Lemmatization,"[""D01"", ""D03"", ""D04"", ""D05"", ""D06"", ""D07"", ""D08"", ""D10"", ""D12"", ""D13"", ""D14"", ""D15"", ""D16"", ""D18"", ""D19""]",15,0.0,0.0,0.0
How can safety monitoring affect recommendations?,12_vaccine_safety_monitoring.txt,Pipeline_A_Stemming,"[""D01"", ""D02"", ""D03"", ""D04"", ""D05"", ""D06"", ""D07"", ""D08"", ""D09"", ""D10"", ""D11"", ""D12"", ""D13"", ""D14"", ""D15"", ""D16"", ""D17"", ""D18"", ""D19"", ""D20""]",20,0.0,0.0,0.0
How can safety monitoring affect recommendations?,12_vaccine_safety_monitoring.txt,Pipeline_B_Lemmatization,"[""D01"", ""D02"", ""D03"", ""D04"", ""D05"", ""D06"", ""D07"", ""D08"", ""D09"", ""D10"", ""D11"", ""D12"", ""D13"", ""D14"", ""D15"", ""D16"", ""D17"", ""D18"", ""D19"", ""D20""]",20,0.0,0.0,0.0
Why is ongoing surveillance necessary?,12_vaccine_safety_monitoring.txt,Pipeline_A_Stemming,"[""D01"", ""D04"", ""D05"", ""D06"", ""D07"", ""D08"", ""D10"", ""D12"", ""D13"", ""D16"", ""D18"", ""D19""]",12,0.0,0.0,0.0
Why is ongoing surveillance necessary?,12_vaccine_safety_monitoring.txt,Pipeline_B_Lemmatization,"[""D01"", ""D04"", ""D05"", ""D06"", ""D07"", ""D08"", ""D10"", ""D12"", ""D13"", ""D16"", ""D18"", ""D19""]",12,0.0,0.0,0.0
What is the benefit-risk concept in vaccine evaluation?,12_vaccine_safety_monitoring.txt,Pipeline_A_Stemming,"[""D01"", ""D02"", ""D03"", ""D05"", ""D08"", ""D09"", ""D11"", ""D12"", ""D13"", ""D14"", ""D15"", ""D16"", ""D17"", ""D18"", ""D19"", ""D20""]",16,0.0,0.0,0.0
What is the benefit-risk concept in vaccine evaluation?,12_vaccine_safety_monitoring.txt,Pipeline_B_Lemmatization,"[""D01"", ""D02"", ""D03"", ""D08"", ""D12"", ""D13"", ""D17"", ""D18"", ""D20""]",9,0.0,0.0,0.0
How should vaccine safety information be communicated?,12_vaccine_safety_monitoring.txt,Pipeline_A_Stemming,"[""D01"", ""D02"", ""D03"", ""D04"", ""D05"", ""D06"", ""D07"", ""D08"", ""D09"", ""D10"", ""D11"", ""D12"", ""D13"", ""D14"", ""D15"", ""D16"", ""D17"", ""D18"", ""D19"", ""D20""]",20,0.0,0.0,0.0
How should vaccine safety information be communicated?,12_vaccine_safety_monitoring.txt,Pipeline_B_Lemmatization,"[""D01"", ""D02"", ""D03"", ""D04"", ""D05"", ""D06"", ""D07"", ""D08"", ""D09"", ""D10"", ""D11"", ""D12"", ""D13"", ""D14"", ""D15"", ""D16"", ""D17"", ""D18"", ""D19"", ""D20""]",20,0.0,0.0,0.0
What is risk communication in public health?,13_risk_communication.txt,Pipeline_A_Stemming,"[""D01"", ""D02"", ""D06"", ""D07"", ""D08"", ""D09"", ""D10"", ""D12"", ""D13"", ""D14"", ""D15"", ""D16"", ""D17"", ""D18"", ""D20""]",15,0.0,0.0,0.0
What is risk communication in public health?,13_risk_communication.txt,Pipeline_B_Lemmatization,"[""D01"", ""D02"", ""D06"", ""D08"", ""D09"", ""D10"", ""D12"", ""D13"", ""D14"", ""D15"", ""D16"", ""D17"", ""D18"", ""D20""]",14,0.0,0.0,0.0
Why is uncertainty important to communicate?,13_risk_communication.txt,Pipeline_A_Stemming,"[""D01"", ""D02"", ""D03"", ""D06"", ""D07"", ""D09"", ""D12"", ""D13"", ""D14"", ""D15"", ""D17"", ""D18"", ""D19"", ""D20""]",14,0.0,0.0,0.0
Why is uncertainty important to communicate?,13_risk_communication.txt,Pipeline_B_Lemmatization,"[""D01"", ""D03"", ""D06"", ""D13"", ""D14"", ""D15"", ""D18"", ""D19""]",8,0.0,0.0,0.0
How can percentages be misleading without context?,13_risk_communication.txt,Pipeline_A_Stemming,"[""D01"", ""D02"", ""D03"", ""D04"", ""D05"", ""D06"", ""D07"", ""D08"", ""D09"", ""D10"", ""D11"", ""D12"", ""D13"", ""D14"", ""D15"", ""D16"", ""D17"", ""D18"", ""D19"", ""D20""]",20,0.0,0.0,0.0
How can percentages be misleading without context?,13_risk_communication.txt,Pipeline_B_Lemmatization,"[""D01"", ""D02"", ""D03"", ""D04"", ""D05"", ""D06"", ""D07"", ""D08"", ""D09"", ""D10"", ""D11"", ""D12"", ""D13"", ""D14"", ""D15"", ""D16"", ""D17"", ""D18"", ""D19"", ""D20""]",20,0.0,0.0,0.0
What is the difference between absolute and relative risk?,13_risk_communication.txt,Pipeline_A_Stemming,"[""D01"", ""D02"", ""D03"", ""D04"", ""D05"", ""D06"", ""D07"", ""D08"", ""D09"", ""D10"", ""D12"", ""D13"", ""D15"", ""D16"", ""D18"", ""D19"", ""D20""]",17,0.0,0.0,0.0
What is the difference between absolute and relative risk?,13_risk_communication.txt,Pipeline_B_Lemmatization,"[""D01"", ""D02"", ""D03"", ""D05"", ""D06"", ""D07"", ""D08"", ""D09"", ""D12"", ""D13"", ""D15"", ""D16"", ""D18"", ""D20""]",14,0.0,0.0,0.0
Why should public-health messages identify the population studied?,13_risk_communication.txt,Pipeline_A_Stemming,"[""D01"", ""D02"", ""D03"", ""D04"", ""D05"", ""D06"", ""D07"", ""D08"", ""D09"", ""D10"", ""D11"", ""D12"", ""D13"", ""D14"", ""D15"", ""D16"", ""D17"", ""D18"", ""D19"", ""D20""]",20,0.0,0.0,0.0
Why should public-health messages identify the population studied?,13_risk_communication.txt,Pipeline_B_Lemmatization,"[""D01"", ""D02"", ""D03"", ""D04"", ""D05"", ""D06"", ""D07"", ""D08"", ""D09"", ""D10"", ""D11"", ""D12"", ""D13"", ""D14"", ""D15"", ""D16"", ""D17"", ""D18"", ""D19"", ""D20""]",20,0.0,0.0,0.0
Why can recommendations change during an outbreak?,13_risk_communication.txt,Pipeline_A_Stemming,"[""D01"", ""D02"", ""D03"", ""D04"", ""D05"", ""D06"", ""D07"", ""D08"", ""D09"", ""D10"", ""D11"", ""D12"", ""D13"", ""D14"", ""D15"", ""D16"", ""D17"", ""D18"", ""D19"", ""D20""]",20,0.0,0.0,0.0
Why can recommendations change during an outbreak?,13_risk_communication.txt,Pipeline_B_Lemmatization,"[""D01"", ""D02"", ""D03"", ""D04"", ""D05"", ""D06"", ""D07"", ""D08"", ""D09"", ""D10"", ""D11"", ""D12"", ""D13"", ""D14"", ""D15"", ""D16"", ""D17"", ""D18"", ""D19"", ""D20""]",20,0.0,0.0,0.0
How can communicating uncertainty support trust?,13_risk_communication.txt,Pipeline_A_Stemming,"[""D01"", ""D02"", ""D03"", ""D04"", ""D05"", ""D06"", ""D07"", ""D08"", ""D09"", ""D10"", ""D11"", ""D12"", ""D13"", ""D14"", ""D15"", ""D16"", ""D17"", ""D18"", ""D19"", ""D20""]",20,0.0,0.0,0.0
How can communicating uncertainty support trust?,13_risk_communication.txt,Pipeline_B_Lemmatization,"[""D01"", ""D02"", ""D03"", ""D04"", ""D05"", ""D06"", ""D07"", ""D08"", ""D09"", ""D10"", ""D11"", ""D12"", ""D13"", ""D14"", ""D15"", ""D16"", ""D17"", ""D18"", ""D19"", ""D20""]",20,0.0,0.0,0.0
What information should be included in a risk message?,13_risk_communication.txt,Pipeline_A_Stemming,"[""D01"", ""D02"", ""D03"", ""D04"", ""D05"", ""D06"", ""D07"", ""D08"", ""D09"", ""D10"", ""D11"", ""D12"", ""D13"", ""D14"", ""D15"", ""D16"", ""D17"", ""D18"", ""D19"", ""D20""]",20,0.0,0.0,0.0
What information should be included in a risk message?,13_risk_communication.txt,Pipeline_B_Lemmatization,"[""D01"", ""D02"", ""D03"", ""D05"", ""D06"", ""D07"", ""D08"", ""D09"", ""D10"", ""D11"", ""D12"", ""D13"", ""D14"", ""D15"", ""D16"", ""D17"", ""D18"", ""D19"", ""D20""]",19,0.0,0.0,0.0
How can misinformation affect outbreak communication?,13_risk_communication.txt,Pipeline_A_Stemming,"[""D01"", ""D02"", ""D03"", ""D04"", ""D05"", ""D06"", ""D07"", ""D08"", ""D09"", ""D10"", ""D11"", ""D12"", ""D13"", ""D14"", ""D15"", ""D16"", ""D17"", ""D18"", ""D19"", ""D20""]",20,0.0,0.0,0.0
How can misinformation affect outbreak communication?,13_risk_communication.txt,Pipeline_B_Lemmatization,"[""D01"", ""D02"", ""D03"", ""D04"", ""D05"", ""D06"", ""D07"", ""D08"", ""D09"", ""D10"", ""D11"", ""D12"", ""D13"", ""D14"", ""D15"", ""D16"", ""D17"", ""D18"", ""D19"", ""D20""]",20,0.0,0.0,0.0
Why should sources and dates be checked?,13_risk_communication.txt,Pipeline_A_Stemming,"[""D02"", ""D03"", ""D05"", ""D09"", ""D10"", ""D11"", ""D12"", ""D13"", ""D14"", ""D15"", ""D16"", ""D17"", ""D18"", ""D19"", ""D20""]",15,0.0,0.0,0.0
Why should sources and dates be checked?,13_risk_communication.txt,Pipeline_B_Lemmatization,"[""D02"", ""D03"", ""D05"", ""D09"", ""D10"", ""D11"", ""D12"", ""D13"", ""D14"", ""D15"", ""D16"", ""D17"", ""D18"", ""D19"", ""D20""]",15,0.0,0.0,0.0
How can language affect health communication?,13_risk_communication.txt,Pipeline_A_Stemming,"[""D01"", ""D02"", ""D03"", ""D04"", ""D05"", ""D06"", ""D07"", ""D08"", ""D09"", ""D10"", ""D11"", ""D12"", ""D13"", ""D14"", ""D15"", ""D16"", ""D17"", ""D18"", ""D19"", ""D20""]",20,0.0,0.0,0.0
How can language affect health communication?,13_risk_communication.txt,Pipeline_B_Lemmatization,"[""D01"", ""D02"", ""D03"", ""D04"", ""D05"", ""D06"", ""D07"", ""D08"", ""D09"", ""D10"", ""D11"", ""D12"", ""D13"", ""D14"", ""D15"", ""D16"", ""D17"", ""D18"", ""D19"", ""D20""]",20,0.0,0.0,0.0
Why is accessibility important in public-health messaging?,13_risk_communication.txt,Pipeline_A_Stemming,"[""D01"", ""D02"", ""D03"", ""D05"", ""D06"", ""D08"", ""D10"", ""D13"", ""D14"", ""D15"", ""D16"", ""D17"", ""D18"", ""D19"", ""D20""]",15,0.0,0.0,0.0
Why is accessibility important in public-health messaging?,13_risk_communication.txt,Pipeline_B_Lemmatization,"[""D01"", ""D02"", ""D03"", ""D05"", ""D06"", ""D08"", ""D10"", ""D13"", ""D14"", ""D15"", ""D16"", ""D17"", ""D18"", ""D19"", ""D20""]",15,0.0,0.0,0.0
How should preliminary evidence be described?,13_risk_communication.txt,Pipeline_A_Stemming,"[""D02"", ""D03"", ""D04"", ""D05"", ""D09"", ""D10"", ""D11"", ""D12"", ""D13"", ""D14"", ""D15"", ""D16"", ""D17"", ""D18"", ""D19"", ""D20""]",16,0.0,0.0,0.0
How should preliminary evidence be described?,13_risk_communication.txt,Pipeline_B_Lemmatization,"[""D02"", ""D03"", ""D04"", ""D05"", ""D09"", ""D10"", ""D11"", ""D12"", ""D13"", ""D14"", ""D15"", ""D16"", ""D17"", ""D18"", ""D19"", ""D20""]",16,0.0,0.0,0.0
Why should practical actions be included in risk communication?,13_risk_communication.txt,Pipeline_A_Stemming,"[""D01"", ""D02"", ""D03"", ""D04"", ""D05"", ""D06"", ""D07"", ""D08"", ""D09"", ""D10"", ""D11"", ""D12"", ""D13"", ""D14"", ""D15"", ""D16"", ""D17"", ""D18"", ""D19"", ""D20""]",20,0.0,0.0,0.0
Why should practical actions be included in risk communication?,13_risk_communication.txt,Pipeline_B_Lemmatization,"[""D01"", ""D02"", ""D03"", ""D05"", ""D06"", ""D08"", ""D09"", ""D10"", ""D11"", ""D12"", ""D13"", ""D14"", ""D15"", ""D16"", ""D17"", ""D18"", ""D19"", ""D20""]",18,0.0,0.0,0.0
What makes a public-health message understandable?,13_risk_communication.txt,Pipeline_A_Stemming,"[""D01"", ""D02"", ""D05"", ""D06"", ""D08"", ""D10"", ""D13"", ""D14"", ""D15"", ""D16"", ""D17"", ""D18"", ""D19"", ""D20""]",14,0.0,0.0,0.0
What makes a public-health message understandable?,13_risk_communication.txt,Pipeline_B_Lemmatization,"[""D01"", ""D02"", ""D05"", ""D06"", ""D08"", ""D10"", ""D13"", ""D14"", ""D15"", ""D16"", ""D17"", ""D18"", ""D19"", ""D20""]",14,0.0,0.0,0.0
Why is the denominator important when presenting risk?,13_risk_communication.txt,Pipeline_A_Stemming,"[""D01"", ""D02"", ""D03"", ""D05"", ""D06"", ""D07"", ""D08"", ""D10"", ""D11"", ""D12"", ""D13"", ""D14"", ""D15"", ""D16"", ""D17"", ""D18"", ""D19""]",17,0.0,0.0,0.0
Why is the denominator important when presenting risk?,13_risk_communication.txt,Pipeline_B_Lemmatization,"[""D01"", ""D02"", ""D03"", ""D05"", ""D06"", ""D07"", ""D08"", ""D10"", ""D11"", ""D12"", ""D13"", ""D14"", ""D15"", ""D16"", ""D17"", ""D18"", ""D19""]",17,0.0,0.0,0.0
How can communicators explain changing guidance?,13_risk_communication.txt,Pipeline_A_Stemming,"[""D01"", ""D02"", ""D03"", ""D04"", ""D05"", ""D06"", ""D07"", ""D08"", ""D09"", ""D10"", ""D11"", ""D12"", ""D13"", ""D14"", ""D15"", ""D16"", ""D17"", ""D18"", ""D19"", ""D20""]",20,0.0,0.0,0.0
How can communicators explain changing guidance?,13_risk_communication.txt,Pipeline_B_Lemmatization,"[""D01"", ""D02"", ""D03"", ""D04"", ""D05"", ""D06"", ""D07"", ""D08"", ""D09"", ""D10"", ""D11"", ""D12"", ""D13"", ""D14"", ""D15"", ""D16"", ""D17"", ""D18"", ""D19"", ""D20""]",20,0.0,0.0,0.0
Why should risk communication distinguish facts from uncertainty?,13_risk_communication.txt,Pipeline_A_Stemming,"[""D01"", ""D02"", ""D03"", ""D05"", ""D06"", ""D07"", ""D09"", ""D10"", ""D11"", ""D12"", ""D13"", ""D14"", ""D15"", ""D16"", ""D17"", ""D18"", ""D19"", ""D20""]",18,0.0,0.0,0.0
Why should risk communication distinguish facts from uncertainty?,13_risk_communication.txt,Pipeline_B_Lemmatization,"[""D01"", ""D02"", ""D03"", ""D05"", ""D09"", ""D10"", ""D11"", ""D12"", ""D13"", ""D14"", ""D15"", ""D16"", ""D17"", ""D18"", ""D19"", ""D20""]",16,0.0,0.0,0.0
How can cultural context affect communication?,13_risk_communication.txt,Pipeline_A_Stemming,"[""D01"", ""D02"", ""D03"", ""D04"", ""D05"", ""D06"", ""D07"", ""D08"", ""D09"", ""D10"", ""D11"", ""D12"", ""D13"", ""D14"", ""D15"", ""D16"", ""D17"", ""D18"", ""D19"", ""D20""]",20,0.0,0.0,0.0
How can cultural context affect communication?,13_risk_communication.txt,Pipeline_B_Lemmatization,"[""D01"", ""D02"", ""D03"", ""D04"", ""D05"", ""D06"", ""D07"", ""D08"", ""D09"", ""D10"", ""D11"", ""D12"", ""D13"", ""D14"", ""D15"", ""D16"", ""D17"", ""D18"", ""D19"", ""D20""]",20,0.0,0.0,0.0
What role does health literacy play in outbreak response?,13_risk_communication.txt,Pipeline_A_Stemming,"[""D01"", ""D02"", ""D05"", ""D06"", ""D07"", ""D08"", ""D09"", ""D10"", ""D11"", ""D12"", ""D13"", ""D14"", ""D16"", ""D17"", ""D18"", ""D20""]",16,0.0,0.0,0.0
What role does health literacy play in outbreak response?,13_risk_communication.txt,Pipeline_B_Lemmatization,"[""D01"", ""D02"", ""D05"", ""D06"", ""D07"", ""D08"", ""D09"", ""D10"", ""D11"", ""D12"", ""D13"", ""D14"", ""D16"", ""D17"", ""D18"", ""D20""]",16,0.0,0.0,0.0
Why can respiratory infections spread in schools?,14_school_outbreak_prevention.txt,Pipeline_A_Stemming,"[""D01"", ""D02"", ""D03"", ""D04"", ""D05"", ""D06"", ""D07"", ""D08"", ""D09"", ""D10"", ""D11"", ""D12"", ""D13"", ""D14"", ""D15"", ""D16"", ""D17"", ""D18"", ""D19"", ""D20""]",20,0.0,0.0,0.0
Why can respiratory infections spread in schools?,14_school_outbreak_prevention.txt,Pipeline_B_Lemmatization,"[""D01"", ""D02"", ""D03"", ""D04"", ""D05"", ""D06"", ""D07"", ""D08"", ""D09"", ""D10"", ""D11"", ""D12"", ""D13"", ""D14"", ""D15"", ""D16"", ""D17"", ""D18"", ""D19"", ""D20""]",20,0.0,0.0,0.0
How can school ventilation reduce transmission?,14_school_outbreak_prevention.txt,Pipeline_A_Stemming,"[""D01"", ""D02"", ""D03"", ""D04"", ""D05"", ""D06"", ""D07"", ""D08"", ""D09"", ""D10"", ""D11"", ""D12"", ""D13"", ""D14"", ""D15"", ""D16"", ""D17"", ""D18"", ""D19"", ""D20""]",20,0.0,0.0,0.0
How can school ventilation reduce transmission?,14_school_outbreak_prevention.txt,Pipeline_B_Lemmatization,"[""D01"", ""D02"", ""D03"", ""D04"", ""D05"", ""D06"", ""D07"", ""D08"", ""D09"", ""D10"", ""D11"", ""D12"", ""D13"", ""D14"", ""D15"", ""D16"", ""D17"", ""D18"", ""D19"", ""D20""]",20,0.0,0.0,0.0
Why are outdoor activities sometimes useful?,14_school_outbreak_prevention.txt,Pipeline_A_Stemming,"[""D01"", ""D02"", ""D03"", ""D04"", ""D05"", ""D06"", ""D07"", ""D08"", ""D10"", ""D11"", ""D12"", ""D13"", ""D14"", ""D15"", ""D16"", ""D17"", ""D18"", ""D19"", ""D20""]",19,0.0,0.0,0.0
Why are outdoor activities sometimes useful?,14_school_outbreak_prevention.txt,Pipeline_B_Lemmatization,"[""D01"", ""D02"", ""D03"", ""D04"", ""D07"", ""D10"", ""D13"", ""D14"", ""D15"", ""D16"", ""D17"", ""D19"", ""D20""]",13,0.0,0.0,0.0
How can schools respond to clusters of illness?,14_school_outbreak_prevention.txt,Pipeline_A_Stemming,"[""D01"", ""D02"", ""D03"", ""D04"", ""D05"", ""D06"", ""D07"", ""D08"", ""D09"", ""D10"", ""D11"", ""D12"", ""D13"", ""D14"", ""D15"", ""D16"", ""D17"", ""D18"", ""D19"", ""D20""]",20,0.0,0.0,0.0
How can schools respond to clusters of illness?,14_school_outbreak_prevention.txt,Pipeline_B_Lemmatization,"[""D01"", ""D02"", ""D03"", ""D04"", ""D05"", ""D06"", ""D07"", ""D08"", ""D09"", ""D10"", ""D11"", ""D12"", ""D13"", ""D14"", ""D15"", ""D16"", ""D17"", ""D18"", ""D19"", ""D20""]",20,0.0,0.0,0.0
What role does vaccination play in school prevention?,14_school_outbreak_prevention.txt,Pipeline_A_Stemming,"[""D01"", ""D02"", ""D03"", ""D05"", ""D06"", ""D07"", ""D08"", ""D09"", ""D11"", ""D12"", ""D13"", ""D14"", ""D15"", ""D16"", ""D18"", ""D19"", ""D20""]",17,0.0,0.0,0.0
What role does vaccination play in school prevention?,14_school_outbreak_prevention.txt,Pipeline_B_Lemmatization,"[""D01"", ""D02"", ""D03"", ""D05"", ""D06"", ""D07"", ""D08"", ""D09"", ""D11"", ""D12"", ""D13"", ""D14"", ""D15"", ""D16"", ""D18"", ""D19"", ""D20""]",17,0.0,0.0,0.0
Why should students with acute respiratory illness stay home?,14_school_outbreak_prevention.txt,Pipeline_A_Stemming,"[""D01"", ""D02"", ""D03"", ""D04"", ""D05"", ""D06"", ""D07"", ""D09"", ""D10"", ""D11"", ""D12"", ""D13"", ""D14"", ""D15"", ""D16"", ""D17"", ""D18"", ""D19"", ""D20""]",19,0.0,0.0,0.0
Why should students with acute respiratory illness stay home?,14_school_outbreak_prevention.txt,Pipeline_B_Lemmatization,"[""D01"", ""D02"", ""D03"", ""D04"", ""D05"", ""D06"", ""D07"", ""D09"", ""D10"", ""D11"", ""D12"", ""D13"", ""D14"", ""D15"", ""D16"", ""D17"", ""D18"", ""D19"", ""D20""]",19,0.0,0.0,0.0
How can schools communicate prevention measures to families?,14_school_outbreak_prevention.txt,Pipeline_A_Stemming,"[""D01"", ""D02"", ""D03"", ""D04"", ""D05"", ""D06"", ""D07"", ""D08"", ""D09"", ""D10"", ""D11"", ""D12"", ""D13"", ""D14"", ""D15"", ""D16"", ""D17"", ""D18"", ""D19"", ""D20""]",20,0.0,0.0,0.0
How can schools communicate prevention measures to families?,14_school_outbreak_prevention.txt,Pipeline_B_Lemmatization,"[""D01"", ""D02"", ""D03"", ""D04"", ""D05"", ""D06"", ""D07"", ""D08"", ""D09"", ""D10"", ""D11"", ""D12"", ""D13"", ""D14"", ""D15"", ""D16"", ""D17"", ""D18"", ""D19"", ""D20""]",20,0.0,0.0,0.0
Why should outbreak measures be proportionate?,14_school_outbreak_prevention.txt,Pipeline_A_Stemming,"[""D01"", ""D02"", ""D03"", ""D04"", ""D05"", ""D06"", ""D07"", ""D09"", ""D10"", ""D11"", ""D12"", ""D13"", ""D14"", ""D15"", ""D16"", ""D17"", ""D18"", ""D19"", ""D20""]",19,0.0,0.0,0.0
Why should outbreak measures be proportionate?,14_school_outbreak_prevention.txt,Pipeline_B_Lemmatization,"[""D01"", ""D02"", ""D03"", ""D05"", ""D06"", ""D09"", ""D10"", ""D11"", ""D12"", ""D13"", ""D14"", ""D15"", ""D16"", ""D17"", ""D18"", ""D19"", ""D20""]",17,0.0,0.0,0.0
How can schools balance disease control with educational continuity?,14_school_outbreak_prevention.txt,Pipeline_A_Stemming,"[""D01"", ""D02"", ""D03"", ""D04"", ""D05"", ""D06"", ""D07"", ""D08"", ""D09"", ""D10"", ""D11"", ""D12"", ""D13"", ""D14"", ""D15"", ""D16"", ""D17"", ""D18"", ""D19"", ""D20""]",20,0.0,0.0,0.0
How can schools balance disease control with educational continuity?,14_school_outbreak_prevention.txt,Pipeline_B_Lemmatization,"[""D01"", ""D02"", ""D03"", ""D04"", ""D05"", ""D06"", ""D07"", ""D08"", ""D09"", ""D10"", ""D11"", ""D12"", ""D13"", ""D14"", ""D15"", ""D16"", ""D17"", ""D18"", ""D19"", ""D20""]",20,0.0,0.0,0.0
When should schools consult public-health authorities?,14_school_outbreak_prevention.txt,Pipeline_A_Stemming,"[""D01"", ""D02"", ""D03"", ""D05"", ""D06"", ""D07"", ""D08"", ""D09"", ""D10"", ""D11"", ""D12"", ""D13"", ""D14"", ""D15"", ""D16"", ""D17"", ""D18"", ""D19"", ""D20""]",19,0.0,0.0,0.0
When should schools consult public-health authorities?,14_school_outbreak_prevention.txt,Pipeline_B_Lemmatization,"[""D01"", ""D02"", ""D03"", ""D05"", ""D06"", ""D07"", ""D08"", ""D09"", ""D10"", ""D11"", ""D12"", ""D13"", ""D14"", ""D15"", ""D16"", ""D17"", ""D18"", ""D19"", ""D20""]",19,0.0,0.0,0.0
How can indoor air quality affect respiratory infection risk?,14_school_outbreak_prevention.txt,Pipeline_A_Stemming,"[""D01"", ""D02"", ""D03"", ""D04"", ""D05"", ""D06"", ""D07"", ""D08"", ""D09"", ""D10"", ""D11"", ""D12"", ""D13"", ""D14"", ""D15"", ""D16"", ""D17"", ""D18"", ""D19"", ""D20""]",20,0.0,0.0,0.0
How can indoor air quality affect respiratory infection risk?,14_school_outbreak_prevention.txt,Pipeline_B_Lemmatization,"[""D01"", ""D02"", ""D03"", ""D04"", ""D05"", ""D06"", ""D07"", ""D08"", ""D09"", ""D10"", ""D11"", ""D12"", ""D13"", ""D14"", ""D15"", ""D16"", ""D17"", ""D18"", ""D19"", ""D20""]",20,0.0,0.0,0.0
What role can symptom awareness play in schools?,14_school_outbreak_prevention.txt,Pipeline_A_Stemming,"[""D01"", ""D02"", ""D03"", ""D04"", ""D05"", ""D06"", ""D07"", ""D08"", ""D09"", ""D10"", ""D11"", ""D12"", ""D13"", ""D14"", ""D15"", ""D16"", ""D17"", ""D18"", ""D19"", ""D20""]",20,0.0,0.0,0.0
What role can symptom awareness play in schools?,14_school_outbreak_prevention.txt,Pipeline_B_Lemmatization,"[""D01"", ""D02"", ""D03"", ""D04"", ""D05"", ""D06"", ""D07"", ""D08"", ""D09"", ""D10"", ""D11"", ""D12"", ""D13"", ""D14"", ""D15"", ""D16"", ""D17"", ""D18"", ""D19"", ""D20""]",20,0.0,0.0,0.0
Why are broad school closures not automatically necessary?,14_school_outbreak_prevention.txt,Pipeline_A_Stemming,"[""D02"", ""D05"", ""D06"", ""D07"", ""D08"", ""D09"", ""D10"", ""D12"", ""D13"", ""D14"", ""D15"", ""D16"", ""D17"", ""D18"", ""D19"", ""D20""]",16,0.0,0.0,0.0
Why are broad school closures not automatically necessary?,14_school_outbreak_prevention.txt,Pipeline_B_Lemmatization,"[""D02"", ""D05"", ""D06"", ""D07"", ""D08"", ""D09"", ""D10"", ""D12"", ""D13"", ""D14"", ""D15"", ""D16"", ""D17"", ""D18"", ""D19"", ""D20""]",16,0.0,0.0,0.0
How can schools prepare for respiratory virus outbreaks?,14_school_outbreak_prevention.txt,Pipeline_A_Stemming,"[""D01"", ""D02"", ""D03"", ""D04"", ""D05"", ""D06"", ""D07"", ""D08"", ""D09"", ""D10"", ""D11"", ""D12"", ""D13"", ""D14"", ""D15"", ""D16"", ""D17"", ""D18"", ""D19"", ""D20""]",20,0.0,0.0,0.0
How can schools prepare for respiratory virus outbreaks?,14_school_outbreak_prevention.txt,Pipeline_B_Lemmatization,"[""D01"", ""D02"", ""D03"", ""D04"", ""D05"", ""D06"", ""D07"", ""D08"", ""D09"", ""D10"", ""D11"", ""D12"", ""D13"", ""D14"", ""D15"", ""D16"", ""D17"", ""D18"", ""D19"", ""D20""]",20,0.0,0.0,0.0
What information should families receive during a school outbreak?,14_school_outbreak_prevention.txt,Pipeline_A_Stemming,"[""D01"", ""D02"", ""D03"", ""D04"", ""D05"", ""D06"", ""D07"", ""D08"", ""D09"", ""D10"", ""D11"", ""D12"", ""D13"", ""D14"", ""D15"", ""D16"", ""D17"", ""D18"", ""D19"", ""D20""]",20,0.0,0.0,0.0
What information should families receive during a school outbreak?,14_school_outbreak_prevention.txt,Pipeline_B_Lemmatization,"[""D01"", ""D02"", ""D03"", ""D04"", ""D05"", ""D06"", ""D07"", ""D08"", ""D09"", ""D10"", ""D11"", ""D12"", ""D13"", ""D14"", ""D15"", ""D16"", ""D17"", ""D18"", ""D19"", ""D20""]",20,0.0,0.0,0.0
How can school administrators coordinate with health professionals?,14_school_outbreak_prevention.txt,Pipeline_A_Stemming,"[""D01"", ""D02"", ""D03"", ""D04"", ""D05"", ""D06"", ""D07"", ""D08"", ""D09"", ""D10"", ""D11"", ""D12"", ""D13"", ""D14"", ""D15"", ""D16"", ""D17"", ""D18"", ""D19"", ""D20""]",20,0.0,0.0,0.0
How can school administrators coordinate with health professionals?,14_school_outbreak_prevention.txt,Pipeline_B_Lemmatization,"[""D01"", ""D02"", ""D03"", ""D04"", ""D05"", ""D06"", ""D07"", ""D08"", ""D09"", ""D10"", ""D11"", ""D12"", ""D13"", ""D14"", ""D15"", ""D16"", ""D17"", ""D18"", ""D19"", ""D20""]",20,0.0,0.0,0.0
Why is targeted prevention useful in school settings?,14_school_outbreak_prevention.txt,Pipeline_A_Stemming,"[""D01"", ""D02"", ""D03"", ""D04"", ""D05"", ""D06"", ""D07"", ""D08"", ""D09"", ""D10"", ""D11"", ""D12"", ""D13"", ""D14"", ""D15"", ""D16"", ""D17"", ""D18"", ""D19"", ""D20""]",20,0.0,0.0,0.0
Why is targeted prevention useful in school settings?,14_school_outbreak_prevention.txt,Pipeline_B_Lemmatization,"[""D01"", ""D02"", ""D03"", ""D05"", ""D06"", ""D07"", ""D09"", ""D10"", ""D11"", ""D13"", ""D14"", ""D15"", ""D17"", ""D19"", ""D20""]",15,0.0,0.0,0.0
How can vaccination programs support school health?,14_school_outbreak_prevention.txt,Pipeline_A_Stemming,"[""D01"", ""D02"", ""D03"", ""D04"", ""D05"", ""D06"", ""D07"", ""D08"", ""D09"", ""D10"", ""D11"", ""D12"", ""D13"", ""D14"", ""D15"", ""D16"", ""D17"", ""D18"", ""D19"", ""D20""]",20,0.0,0.0,0.0
How can vaccination programs support school health?,14_school_outbreak_prevention.txt,Pipeline_B_Lemmatization,"[""D01"", ""D02"", ""D03"", ""D04"", ""D05"", ""D06"", ""D07"", ""D08"", ""D09"", ""D10"", ""D11"", ""D12"", ""D13"", ""D14"", ""D15"", ""D16"", ""D17"", ""D18"", ""D19"", ""D20""]",20,0.0,0.0,0.0
What factors determine appropriate school outbreak measures?,14_school_outbreak_prevention.txt,Pipeline_A_Stemming,"[""D01"", ""D02"", ""D03"", ""D04"", ""D05"", ""D06"", ""D07"", ""D08"", ""D09"", ""D10"", ""D11"", ""D13"", ""D14"", ""D15"", ""D17"", ""D18"", ""D20""]",17,0.0,0.0,0.0
What factors determine appropriate school outbreak measures?,14_school_outbreak_prevention.txt,Pipeline_B_Lemmatization,"[""D01"", ""D02"", ""D03"", ""D05"", ""D06"", ""D08"", ""D09"", ""D11"", ""D13"", ""D14"", ""D15"", ""D17"", ""D18"", ""D20""]",14,0.0,0.0,0.0
Why is communication important during school outbreaks?,14_school_outbreak_prevention.txt,Pipeline_A_Stemming,"[""D01"", ""D02"", ""D03"", ""D04"", ""D05"", ""D06"", ""D07"", ""D09"", ""D11"", ""D12"", ""D13"", ""D14"", ""D15"", ""D17"", ""D18"", ""D20""]",16,0.0,0.0,0.0
Why is communication important during school outbreaks?,14_school_outbreak_prevention.txt,Pipeline_B_Lemmatization,"[""D01"", ""D03"", ""D04"", ""D05"", ""D06"", ""D09"", ""D11"", ""D12"", ""D13"", ""D14"", ""D15"", ""D17"", ""D18"", ""D20""]",14,0.0,0.0,0.0
Who may be at higher risk of severe respiratory infection?,15_vulnerable_populations.txt,Pipeline_A_Stemming,"[""D01"", ""D02"", ""D03"", ""D04"", ""D05"", ""D06"", ""D07"", ""D08"", ""D09"", ""D10"", ""D11"", ""D12"", ""D13"", ""D14"", ""D15"", ""D16"", ""D17"", ""D18"", ""D19"", ""D20""]",20,0.0,0.0,0.0
Who may be at higher risk of severe respiratory infection?,15_vulnerable_populations.txt,Pipeline_B_Lemmatization,"[""D01"", ""D02"", ""D03"", ""D04"", ""D05"", ""D06"", ""D07"", ""D08"", ""D09"", ""D10"", ""D11"", ""D12"", ""D13"", ""D14"", ""D15"", ""D16"", ""D17"", ""D18"", ""D19"", ""D20""]",20,0.0,0.0,0.0
Why can age affect infectious disease severity?,15_vulnerable_populations.txt,Pipeline_A_Stemming,"[""D01"", ""D02"", ""D03"", ""D04"", ""D05"", ""D06"", ""D07"", ""D08"", ""D09"", ""D10"", ""D11"", ""D12"", ""D13"", ""D14"", ""D15"", ""D16"", ""D17"", ""D18"", ""D19"", ""D20""]",20,0.0,0.0,0.0
Why can age affect infectious disease severity?,15_vulnerable_populations.txt,Pipeline_B_Lemmatization,"[""D01"", ""D02"", ""D03"", ""D04"", ""D05"", ""D06"", ""D07"", ""D08"", ""D09"", ""D10"", ""D11"", ""D12"", ""D13"", ""D14"", ""D15"", ""D16"", ""D17"", ""D18"", ""D19"", ""D20""]",20,0.0,0.0,0.0
How can vaccination protect higher-risk populations?,15_vulnerable_populations.txt,Pipeline_A_Stemming,"[""D01"", ""D02"", ""D03"", ""D04"", ""D05"", ""D06"", ""D07"", ""D08"", ""D09"", ""D10"", ""D11"", ""D12"", ""D13"", ""D14"", ""D15"", ""D16"", ""D17"", ""D18"", ""D19"", ""D20""]",20,0.0,0.0,0.0
How can vaccination protect higher-risk populations?,15_vulnerable_populations.txt,Pipeline_B_Lemmatization,"[""D01"", ""D02"", ""D03"", ""D04"", ""D05"", ""D06"", ""D07"", ""D08"", ""D09"", ""D10"", ""D11"", ""D12"", ""D13"", ""D14"", ""D15"", ""D16"", ""D17"", ""D18"", ""D19"", ""D20""]",20,0.0,0.0,0.0
Why is timely clinical care important for higher-risk people?,15_vulnerable_populations.txt,Pipeline_A_Stemming,"[""D01"", ""D02"", ""D03"", ""D04"", ""D06"", ""D07"", ""D08"", ""D09"", ""D10"", ""D12"", ""D13"", ""D14"", ""D15"", ""D16"", ""D17"", ""D18"", ""D20""]",17,0.0,0.0,0.0
Why is timely clinical care important for higher-risk people?,15_vulnerable_populations.txt,Pipeline_B_Lemmatization,"[""D01"", ""D03"", ""D04"", ""D06"", ""D07"", ""D08"", ""D09"", ""D12"", ""D13"", ""D14"", ""D15"", ""D16"", ""D17"", ""D18""]",14,0.0,0.0,0.0
What community measures can protect vulnerable populations?,15_vulnerable_populations.txt,Pipeline_A_Stemming,"[""D01"", ""D02"", ""D03"", ""D04"", ""D05"", ""D06"", ""D07"", ""D08"", ""D09"", ""D10"", ""D11"", ""D12"", ""D13"", ""D14"", ""D15"", ""D16"", ""D17"", ""D18"", ""D19"", ""D20""]",20,0.0,0.0,0.0
What community measures can protect vulnerable populations?,15_vulnerable_populations.txt,Pipeline_B_Lemmatization,"[""D01"", ""D02"", ""D03"", ""D04"", ""D05"", ""D06"", ""D07"", ""D08"", ""D09"", ""D10"", ""D11"", ""D12"", ""D13"", ""D14"", ""D15"", ""D16"", ""D17"", ""D18"", ""D19"", ""D20""]",20,0.0,0.0,0.0
How can healthcare facilities protect high-risk patients?,15_vulnerable_populations.txt,Pipeline_A_Stemming,"[""D01"", ""D02"", ""D03"", ""D04"", ""D05"", ""D06"", ""D07"", ""D08"", ""D09"", ""D10"", ""D11"", ""D12"", ""D13"", ""D14"", ""D15"", ""D16"", ""D17"", ""D18"", ""D19"", ""D20""]",20,0.0,0.0,0.0
How can healthcare facilities protect high-risk patients?,15_vulnerable_populations.txt,Pipeline_B_Lemmatization,"[""D01"", ""D02"", ""D03"", ""D04"", ""D05"", ""D06"", ""D07"", ""D08"", ""D09"", ""D10"", ""D11"", ""D12"", ""D13"", ""D14"", ""D15"", ""D16"", ""D17"", ""D18"", ""D19"", ""D20""]",20,0.0,0.0,0.0
Why should risk not be determined by a single characteristic?,15_vulnerable_populations.txt,Pipeline_A_Stemming,"[""D01"", ""D02"", ""D03"", ""D05"", ""D06"", ""D07"", ""D08"", ""D09"", ""D10"", ""D11"", ""D12"", ""D13"", ""D14"", ""D15"", ""D16"", ""D17"", ""D18"", ""D19"", ""D20""]",19,0.0,0.0,0.0
Why should risk not be determined by a single characteristic?,15_vulnerable_populations.txt,Pipeline_B_Lemmatization,"[""D01"", ""D02"", ""D03"", ""D05"", ""D06"", ""D07"", ""D08"", ""D09"", ""D10"", ""D11"", ""D12"", ""D13"", ""D14"", ""D15"", ""D16"", ""D17"", ""D18"", ""D19"", ""D20""]",19,0.0,0.0,0.0
How can prior immunity affect risk?,15_vulnerable_populations.txt,Pipeline_A_Stemming,"[""D01"", ""D02"", ""D03"", ""D04"", ""D05"", ""D06"", ""D07"", ""D08"", ""D09"", ""D10"", ""D11"", ""D12"", ""D13"", ""D14"", ""D15"", ""D16"", ""D17"", ""D18"", ""D19"", ""D20""]",20,0.0,0.0,0.0
How can prior immunity affect risk?,15_vulnerable_populations.txt,Pipeline_B_Lemmatization,"[""D01"", ""D02"", ""D03"", ""D04"", ""D05"", ""D06"", ""D07"", ""D08"", ""D09"", ""D10"", ""D11"", ""D12"", ""D13"", ""D14"", ""D15"", ""D16"", ""D17"", ""D18"", ""D19"", ""D20""]",20,0.0,0.0,0.0
Why can treatment access affect outcomes?,15_vulnerable_populations.txt,Pipeline_A_Stemming,"[""D01"", ""D02"", ""D03"", ""D04"", ""D05"", ""D06"", ""D07"", ""D08"", ""D09"", ""D10"", ""D11"", ""D12"", ""D13"", ""D14"", ""D15"", ""D16"", ""D17"", ""D18"", ""D19"", ""D20""]",20,0.0,0.0,0.0
Why can treatment access affect outcomes?,15_vulnerable_populations.txt,Pipeline_B_Lemmatization,"[""D01"", ""D02"", ""D03"", ""D04"", ""D05"", ""D06"", ""D07"", ""D08"", ""D09"", ""D10"", ""D11"", ""D12"", ""D13"", ""D14"", ""D15"", ""D16"", ""D17"", ""D18"", ""D19"", ""D20""]",20,0.0,0.0,0.0
What barriers can reduce access to prevention?,15_vulnerable_populations.txt,Pipeline_A_Stemming,"[""D01"", ""D02"", ""D03"", ""D04"", ""D05"", ""D06"", ""D07"", ""D08"", ""D09"", ""D10"", ""D11"", ""D12"", ""D13"", ""D14"", ""D15"", ""D16"", ""D17"", ""D18"", ""D19"", ""D20""]",20,0.0,0.0,0.0
What barriers can reduce access to prevention?,15_vulnerable_populations.txt,Pipeline_B_Lemmatization,"[""D01"", ""D02"", ""D03"", ""D04"", ""D05"", ""D06"", ""D07"", ""D08"", ""D09"", ""D10"", ""D11"", ""D12"", ""D13"", ""D14"", ""D15"", ""D16"", ""D17"", ""D18"", ""D19"", ""D20""]",20,0.0,0.0,0.0
Why are transportation barriers relevant to public health?,15_vulnerable_populations.txt,Pipeline_A_Stemming,"[""D01"", ""D02"", ""D03"", ""D05"", ""D06"", ""D08"", ""D10"", ""D11"", ""D12"", ""D13"", ""D15"", ""D17"", ""D20""]",13,0.0,0.0,0.0
Why are transportation barriers relevant to public health?,15_vulnerable_populations.txt,Pipeline_B_Lemmatization,"[""D01"", ""D02"", ""D03"", ""D05"", ""D06"", ""D08"", ""D10"", ""D11"", ""D12"", ""D13"", ""D15"", ""D17"", ""D20""]",13,0.0,0.0,0.0
How can language barriers affect healthcare access?,15_vulnerable_populations.txt,Pipeline_A_Stemming,"[""D01"", ""D02"", ""D03"", ""D04"", ""D05"", ""D06"", ""D07"", ""D08"", ""D09"", ""D10"", ""D11"", ""D12"", ""D13"", ""D14"", ""D15"", ""D16"", ""D17"", ""D18"", ""D19"", ""D20""]",20,0.0,0.0,0.0
How can language barriers affect healthcare access?,15_vulnerable_populations.txt,Pipeline_B_Lemmatization,"[""D01"", ""D02"", ""D03"", ""D04"", ""D05"", ""D06"", ""D07"", ""D08"", ""D09"", ""D10"", ""D11"", ""D12"", ""D13"", ""D14"", ""D15"", ""D16"", ""D17"", ""D18"", ""D19"", ""D20""]",20,0.0,0.0,0.0
What role do caregivers play in protecting higher-risk people?,15_vulnerable_populations.txt,Pipeline_A_Stemming,"[""D01"", ""D02"", ""D03"", ""D04"", ""D06"", ""D07"", ""D08"", ""D09"", ""D11"", ""D13"", ""D14"", ""D15"", ""D16"", ""D17"", ""D18"", ""D20""]",16,0.0,0.0,0.0
What role do caregivers play in protecting higher-risk people?,15_vulnerable_populations.txt,Pipeline_B_Lemmatization,"[""D01"", ""D02"", ""D04"", ""D06"", ""D07"", ""D08"", ""D09"", ""D13"", ""D14"", ""D15"", ""D16"", ""D17"", ""D18"", ""D20""]",14,0.0,0.0,0.0
Why may residential settings need additional precautions?,15_vulnerable_populations.txt,Pipeline_A_Stemming,"[""D01"", ""D02"", ""D03"", ""D04"", ""D05"", ""D06"", ""D07"", ""D08"", ""D09"", ""D10"", ""D11"", ""D12"", ""D13"", ""D14"", ""D15"", ""D16"", ""D17"", ""D18"", ""D19"", ""D20""]",20,0.0,0.0,0.0
Why may residential settings need additional precautions?,15_vulnerable_populations.txt,Pipeline_B_Lemmatization,"[""D01"", ""D02"", ""D03"", ""D04"", ""D05"", ""D06"", ""D07"", ""D08"", ""D09"", ""D10"", ""D11"", ""D12"", ""D13"", ""D14"", ""D15"", ""D16"", ""D17"", ""D18"", ""D19"", ""D20""]",20,0.0,0.0,0.0
How can community transmission affect higher-risk populations?,15_vulnerable_populations.txt,Pipeline_A_Stemming,"[""D01"", ""D02"", ""D03"", ""D04"", ""D05"", ""D06"", ""D07"", ""D08"", ""D09"", ""D10"", ""D11"", ""D12"", ""D13"", ""D14"", ""D15"", ""D16"", ""D17"", ""D18"", ""D19"", ""D20""]",20,0.0,0.0,0.0
How can community transmission affect higher-risk populations?,15_vulnerable_populations.txt,Pipeline_B_Lemmatization,"[""D01"", ""D02"", ""D03"", ""D04"", ""D05"", ""D06"", ""D07"", ""D08"", ""D09"", ""D10"", ""D11"", ""D12"", ""D13"", ""D14"", ""D15"", ""D16"", ""D17"", ""D18"", ""D19"", ""D20""]",20,0.0,0.0,0.0
Why should public-health planning consider equity?,15_vulnerable_populations.txt,Pipeline_A_Stemming,"[""D01"", ""D02"", ""D03"", ""D05"", ""D06"", ""D08"", ""D09"", ""D10"", ""D11"", ""D12"", ""D13"", ""D14"", ""D15"", ""D16"", ""D17"", ""D18"", ""D19"", ""D20""]",18,0.0,0.0,0.0
Why should public-health planning consider equity?,15_vulnerable_populations.txt,Pipeline_B_Lemmatization,"[""D01"", ""D02"", ""D03"", ""D05"", ""D06"", ""D08"", ""D09"", ""D10"", ""D11"", ""D12"", ""D13"", ""D14"", ""D15"", ""D16"", ""D17"", ""D18"", ""D19"", ""D20""]",18,0.0,0.0,0.0
How can vaccination access be improved?,15_vulnerable_populations.txt,Pipeline_A_Stemming,"[""D01"", ""D02"", ""D03"", ""D04"", ""D05"", ""D06"", ""D07"", ""D08"", ""D09"", ""D10"", ""D11"", ""D12"", ""D13"", ""D14"", ""D15"", ""D16"", ""D17"", ""D18"", ""D19"", ""D20""]",20,0.0,0.0,0.0
How can vaccination access be improved?,15_vulnerable_populations.txt,Pipeline_B_Lemmatization,"[""D01"", ""D02"", ""D03"", ""D04"", ""D05"", ""D06"", ""D07"", ""D08"", ""D09"", ""D10"", ""D11"", ""D12"", ""D13"", ""D14"", ""D15"", ""D16"", ""D17"", ""D18"", ""D19"", ""D20""]",20,0.0,0.0,0.0
Why should risk communication avoid treating all high-risk groups identically?,15_vulnerable_populations.txt,Pipeline_A_Stemming,"[""D01"", ""D02"", ""D03"", ""D05"", ""D06"", ""D07"", ""D08"", ""D09"", ""D10"", ""D11"", ""D12"", ""D13"", ""D14"", ""D15"", ""D16"", ""D17"", ""D18"", ""D19"", ""D20""]",19,0.0,0.0,0.0
Why should risk communication avoid treating all high-risk groups identically?,15_vulnerable_populations.txt,Pipeline_B_Lemmatization,"[""D01"", ""D02"", ""D03"", ""D05"", ""D08"", ""D09"", ""D10"", ""D11"", ""D12"", ""D13"", ""D14"", ""D15"", ""D16"", ""D17"", ""D18"", ""D19"", ""D20""]",17,0.0,0.0,0.0
How do multiple risk factors interact?,15_vulnerable_populations.txt,Pipeline_A_Stemming,"[""D01"", ""D02"", ""D03"", ""D04"", ""D06"", ""D08"", ""D10"", ""D12"", ""D13"", ""D14"", ""D15"", ""D16"", ""D17"", ""D18"", ""D19"", ""D20""]",16,0.0,0.0,0.0
How do multiple risk factors interact?,15_vulnerable_populations.txt,Pipeline_B_Lemmatization,"[""D01"", ""D02"", ""D03"", ""D04"", ""D06"", ""D08"", ""D10"", ""D12"", ""D13"", ""D14"", ""D15"", ""D16"", ""D17"", ""D18"", ""D19"", ""D20""]",16,0.0,0.0,0.0
Why is access to healthcare part of infectious disease prevention?,15_vulnerable_populations.txt,Pipeline_A_Stemming,"[""D01"", ""D02"", ""D03"", ""D04"", ""D05"", ""D06"", ""D07"", ""D09"", ""D10"", ""D11"", ""D13"", ""D14"", ""D15"", ""D16"", ""D17"", ""D18"", ""D19"", ""D20""]",18,0.0,0.0,0.0
Why is access to healthcare part of infectious disease prevention?,15_vulnerable_populations.txt,Pipeline_B_Lemmatization,"[""D01"", ""D02"", ""D03"", ""D04"", ""D05"", ""D06"", ""D07"", ""D09"", ""D10"", ""D11"", ""D13"", ""D14"", ""D15"", ""D16"", ""D17"", ""D18"", ""D19"", ""D20""]",18,0.0,0.0,0.0
What is the difference between molecular and antigen tests?,16_antiviral_treatment_and_testing.txt,Pipeline_A_Stemming,"[""D02"", ""D03"", ""D04"", ""D05"", ""D06"", ""D07"", ""D08"", ""D09"", ""D10"", ""D13"", ""D15"", ""D16"", ""D19"", ""D20""]",14,0.0,0.0,0.0
What is the difference between molecular and antigen tests?,16_antiviral_treatment_and_testing.txt,Pipeline_B_Lemmatization,"[""D02"", ""D03"", ""D04"", ""D05"", ""D07"", ""D08"", ""D09"", ""D13"", ""D16"", ""D20""]",10,0.0,0.0,0.0
How does a molecular test detect SARS-CoV-2?,16_antiviral_treatment_and_testing.txt,Pipeline_A_Stemming,"[""D01"", ""D02"", ""D04"", ""D05"", ""D06"", ""D07"", ""D08"", ""D09"", ""D10"", ""D12"", ""D13"", ""D15"", ""D16"", ""D18"", ""D19"", ""D20""]",16,0.0,0.0,0.0
How does a molecular test detect SARS-CoV-2?,16_antiviral_treatment_and_testing.txt,Pipeline_B_Lemmatization,"[""D01"", ""D02"", ""D04"", ""D07"", ""D08"", ""D10"", ""D13"", ""D16"", ""D18"", ""D19"", ""D20""]",11,0.0,0.0,0.0
What does an antigen test detect?,16_antiviral_treatment_and_testing.txt,Pipeline_A_Stemming,"[""D02"", ""D04"", ""D05"", ""D06"", ""D07"", ""D08"", ""D09"", ""D10"", ""D12"", ""D13"", ""D15"", ""D16"", ""D18"", ""D20""]",14,0.0,0.0,0.0
What does an antigen test detect?,16_antiviral_treatment_and_testing.txt,Pipeline_B_Lemmatization,"[""D02"", ""D04"", ""D07"", ""D08"", ""D13"", ""D16"", ""D18"", ""D20""]",8,0.0,0.0,0.0
Why can a negative test fail to rule out infection?,16_antiviral_treatment_and_testing.txt,Pipeline_A_Stemming,"[""D01"", ""D02"", ""D03"", ""D04"", ""D05"", ""D06"", ""D07"", ""D08"", ""D09"", ""D10"", ""D11"", ""D12"", ""D13"", ""D14"", ""D15"", ""D16"", ""D17"", ""D18"", ""D19"", ""D20""]",20,0.0,0.0,0.0
Why can a negative test fail to rule out infection?,16_antiviral_treatment_and_testing.txt,Pipeline_B_Lemmatization,"[""D01"", ""D02"", ""D03"", ""D04"", ""D05"", ""D06"", ""D07"", ""D08"", ""D09"", ""D10"", ""D11"", ""D12"", ""D13"", ""D14"", ""D15"", ""D16"", ""D17"", ""D18"", ""D19"", ""D20""]",20,0.0,0.0,0.0
How does testing timing affect results?,16_antiviral_treatment_and_testing.txt,Pipeline_A_Stemming,"[""D01"", ""D02"", ""D03"", ""D04"", ""D05"", ""D06"", ""D07"", ""D08"", ""D09"", ""D10"", ""D12"", ""D13"", ""D15"", ""D16"", ""D18"", ""D19"", ""D20""]",17,0.0,0.0,0.0
How does testing timing affect results?,16_antiviral_treatment_and_testing.txt,Pipeline_B_Lemmatization,"[""D02"", ""D03"", ""D04"", ""D05"", ""D06"", ""D07"", ""D08"", ""D09"", ""D10"", ""D12"", ""D13"", ""D15"", ""D16"", ""D18"", ""D19"", ""D20""]",16,0.0,0.0,0.0
Why does specimen collection matter?,16_antiviral_treatment_and_testing.txt,Pipeline_A_Stemming,"[""D02"", ""D07"", ""D08"", ""D10"", ""D12"", ""D13"", ""D16"", ""D18"", ""D20""]",9,0.0,0.0,0.0
Why does specimen collection matter?,16_antiviral_treatment_and_testing.txt,Pipeline_B_Lemmatization,"[""D02"", ""D07"", ""D08"", ""D10"", ""D13"", ""D16"", ""D18"", ""D20""]",8,0.0,0.0,0.0
What factors should be considered when interpreting a negative test?,16_antiviral_treatment_and_testing.txt,Pipeline_A_Stemming,"[""D01"", ""D02"", ""D03"", ""D04"", ""D05"", ""D06"", ""D07"", ""D08"", ""D09"", ""D10"", ""D11"", ""D12"", ""D13"", ""D14"", ""D15"", ""D16"", ""D17"", ""D18"", ""D19"", ""D20""]",20,0.0,0.0,0.0
What factors should be considered when interpreting a negative test?,16_antiviral_treatment_and_testing.txt,Pipeline_B_Lemmatization,"[""D01"", ""D02"", ""D03"", ""D04"", ""D05"", ""D06"", ""D07"", ""D08"", ""D09"", ""D10"", ""D11"", ""D12"", ""D13"", ""D14"", ""D15"", ""D16"", ""D17"", ""D18"", ""D19"", ""D20""]",20,0.0,0.0,0.0
What are antivirals used for in COVID-19?,16_antiviral_treatment_and_testing.txt,Pipeline_A_Stemming,"[""D01"", ""D02"", ""D03"", ""D04"", ""D05"", ""D06"", ""D07"", ""D08"", ""D10"", ""D11"", ""D12"", ""D13"", ""D15"", ""D16"", ""D17"", ""D18"", ""D19"", ""D20""]",18,0.0,0.0,0.0
What are antivirals used for in COVID-19?,16_antiviral_treatment_and_testing.txt,Pipeline_B_Lemmatization,"[""D01"", ""D02"", ""D04"", ""D06"", ""D08"", ""D13"", ""D16"", ""D20""]",8,0.0,0.0,0.0
Why does timing matter for antiviral treatment?,16_antiviral_treatment_and_testing.txt,Pipeline_A_Stemming,"[""D01"", ""D02"", ""D03"", ""D04"", ""D06"", ""D07"", ""D08"", ""D09"", ""D12"", ""D13"", ""D15"", ""D16"", ""D18"", ""D20""]",14,0.0,0.0,0.0
Why does timing matter for antiviral treatment?,16_antiviral_treatment_and_testing.txt,Pipeline_B_Lemmatization,"[""D02"", ""D06"", ""D07"", ""D08"", ""D09"", ""D12"", ""D13"", ""D15"", ""D16"", ""D18"", ""D20""]",11,0.0,0.0,0.0
Who should determine antiviral eligibility?,16_antiviral_treatment_and_testing.txt,Pipeline_A_Stemming,"[""D02"", ""D03"", ""D05"", ""D06"", ""D08"", ""D09"", ""D10"", ""D11"", ""D12"", ""D13"", ""D14"", ""D15"", ""D16"", ""D17"", ""D18"", ""D19"", ""D20""]",17,0.0,0.0,0.0
Who should determine antiviral eligibility?,16_antiviral_treatment_and_testing.txt,Pipeline_B_Lemmatization,"[""D02"", ""D03"", ""D05"", ""D06"", ""D08"", ""D09"", ""D10"", ""D11"", ""D12"", ""D13"", ""D14"", ""D15"", ""D16"", ""D17"", ""D18"", ""D19"", ""D20""]",17,0.0,0.0,0.0
Why must drug interactions be considered?,16_antiviral_treatment_and_testing.txt,Pipeline_A_Stemming,"[""D01"", ""D03"", ""D06"", ""D09"", ""D12"", ""D13"", ""D14"", ""D15"", ""D16"", ""D20""]",10,0.0,0.0,0.0
Why must drug interactions be considered?,16_antiviral_treatment_and_testing.txt,Pipeline_B_Lemmatization,"[""D03"", ""D09"", ""D13"", ""D16""]",4,0.0,0.0,0.0
Why should public-health information not replace clinical assessment?,16_antiviral_treatment_and_testing.txt,Pipeline_A_Stemming,"[""D01"", ""D02"", ""D03"", ""D05"", ""D06"", ""D07"", ""D08"", ""D09"", ""D10"", ""D11"", ""D12"", ""D13"", ""D14"", ""D15"", ""D16"", ""D17"", ""D18"", ""D19"", ""D20""]",19,0.0,0.0,0.0
Why should public-health information not replace clinical assessment?,16_antiviral_treatment_and_testing.txt,Pipeline_B_Lemmatization,"[""D01"", ""D02"", ""D03"", ""D05"", ""D06"", ""D07"", ""D08"", ""D09"", ""D10"", ""D11"", ""D12"", ""D13"", ""D14"", ""D15"", ""D16"", ""D17"", ""D18"", ""D19"", ""D20""]",19,0.0,0.0,0.0
How can testing support outbreak control?,16_antiviral_treatment_and_testing.txt,Pipeline_A_Stemming,"[""D01"", ""D02"", ""D03"", ""D04"", ""D05"", ""D06"", ""D07"", ""D08"", ""D09"", ""D10"", ""D11"", ""D12"", ""D13"", ""D14"", ""D15"", ""D16"", ""D17"", ""D18"", ""D19"", ""D20""]",20,0.0,0.0,0.0
How can testing support outbreak control?,16_antiviral_treatment_and_testing.txt,Pipeline_B_Lemmatization,"[""D01"", ""D02"", ""D03"", ""D04"", ""D05"", ""D06"", ""D07"", ""D08"", ""D09"", ""D10"", ""D11"", ""D12"", ""D13"", ""D14"", ""D15"", ""D16"", ""D17"", ""D18"", ""D19"", ""D20""]",20,0.0,0.0,0.0
How can testing demand be monitored?,16_antiviral_treatment_and_testing.txt,Pipeline_A_Stemming,"[""D01"", ""D02"", ""D03"", ""D04"", ""D05"", ""D06"", ""D07"", ""D08"", ""D09"", ""D10"", ""D11"", ""D12"", ""D13"", ""D14"", ""D15"", ""D16"", ""D17"", ""D18"", ""D19"", ""D20""]",20,0.0,0.0,0.0
How can testing demand be monitored?,16_antiviral_treatment_and_testing.txt,Pipeline_B_Lemmatization,"[""D01"", ""D02"", ""D03"", ""D04"", ""D05"", ""D06"", ""D07"", ""D08"", ""D09"", ""D10"", ""D11"", ""D12"", ""D13"", ""D14"", ""D15"", ""D16"", ""D17"", ""D18"", ""D19"", ""D20""]",20,0.0,0.0,0.0
Why can antigen test sensitivity vary?,16_antiviral_treatment_and_testing.txt,Pipeline_A_Stemming,"[""D01"", ""D02"", ""D03"", ""D04"", ""D05"", ""D06"", ""D07"", ""D08"", ""D09"", ""D10"", ""D11"", ""D12"", ""D13"", ""D14"", ""D15"", ""D16"", ""D17"", ""D18"", ""D19"", ""D20""]",20,0.0,0.0,0.0
Why can antigen test sensitivity vary?,16_antiviral_treatment_and_testing.txt,Pipeline_B_Lemmatization,"[""D01"", ""D02"", ""D03"", ""D04"", ""D05"", ""D06"", ""D07"", ""D08"", ""D09"", ""D10"", ""D11"", ""D12"", ""D13"", ""D14"", ""D15"", ""D16"", ""D17"", ""D18"", ""D19"", ""D20""]",20,0.0,0.0,0.0
How can symptoms affect interpretation of testing?,16_antiviral_treatment_and_testing.txt,Pipeline_A_Stemming,"[""D01"", ""D02"", ""D03"", ""D04"", ""D05"", ""D06"", ""D07"", ""D08"", ""D09"", ""D10"", ""D11"", ""D12"", ""D13"", ""D14"", ""D15"", ""D16"", ""D17"", ""D18"", ""D19"", ""D20""]",20,0.0,0.0,0.0
How can symptoms affect interpretation of testing?,16_antiviral_treatment_and_testing.txt,Pipeline_B_Lemmatization,"[""D01"", ""D02"", ""D03"", ""D04"", ""D05"", ""D06"", ""D07"", ""D08"", ""D09"", ""D10"", ""D11"", ""D12"", ""D13"", ""D14"", ""D15"", ""D16"", ""D17"", ""D18"", ""D19"", ""D20""]",20,0.0,0.0,0.0
Why is prompt testing useful for eligible patients?,16_antiviral_treatment_and_testing.txt,Pipeline_A_Stemming,"[""D01"", ""D02"", ""D03"", ""D04"", ""D05"", ""D06"", ""D07"", ""D08"", ""D09"", ""D10"", ""D11"", ""D12"", ""D13"", ""D15"", ""D16"", ""D17"", ""D18"", ""D19"", ""D20""]",19,0.0,0.0,0.0
Why is prompt testing useful for eligible patients?,16_antiviral_treatment_and_testing.txt,Pipeline_B_Lemmatization,"[""D01"", ""D02"", ""D03"", ""D04"", ""D05"", ""D06"", ""D07"", ""D09"", ""D10"", ""D11"", ""D13"", ""D15"", ""D16"", ""D17"", ""D19"", ""D20""]",16,0.0,0.0,0.0
What role does healthcare access play in treatment?,16_antiviral_treatment_and_testing.txt,Pipeline_A_Stemming,"[""D02"", ""D06"", ""D07"", ""D08"", ""D10"", ""D11"", ""D13"", ""D14"", ""D15"", ""D16"", ""D18"", ""D19"", ""D20""]",13,0.0,0.0,0.0
What role does healthcare access play in treatment?,16_antiviral_treatment_and_testing.txt,Pipeline_B_Lemmatization,"[""D02"", ""D06"", ""D07"", ""D08"", ""D10"", ""D11"", ""D13"", ""D14"", ""D15"", ""D16"", ""D18"", ""D19"", ""D20""]",13,0.0,0.0,0.0
How can testing and treatment programs work together?,16_antiviral_treatment_and_testing.txt,Pipeline_A_Stemming,"[""D01"", ""D02"", ""D03"", ""D04"", ""D05"", ""D06"", ""D07"", ""D08"", ""D09"", ""D10"", ""D11"", ""D12"", ""D13"", ""D14"", ""D15"", ""D16"", ""D17"", ""D18"", ""D19"", ""D20""]",20,0.0,0.0,0.0
How can testing and treatment programs work together?,16_antiviral_treatment_and_testing.txt,Pipeline_B_Lemmatization,"[""D01"", ""D02"", ""D03"", ""D04"", ""D05"", ""D06"", ""D07"", ""D08"", ""D09"", ""D10"", ""D11"", ""D12"", ""D13"", ""D14"", ""D15"", ""D16"", ""D17"", ""D18"", ""D19"", ""D20""]",20,0.0,0.0,0.0
Why should different test types not be treated as identical?,16_antiviral_treatment_and_testing.txt,Pipeline_A_Stemming,"[""D02"", ""D03"", ""D04"", ""D05"", ""D06"", ""D07"", ""D08"", ""D09"", ""D10"", ""D11"", ""D12"", ""D13"", ""D14"", ""D15"", ""D16"", ""D17"", ""D18"", ""D19"", ""D20""]",19,0.0,0.0,0.0
Why should different test types not be treated as identical?,16_antiviral_treatment_and_testing.txt,Pipeline_B_Lemmatization,"[""D02"", ""D03"", ""D04"", ""D05"", ""D06"", ""D07"", ""D08"", ""D09"", ""D10"", ""D11"", ""D12"", ""D13"", ""D14"", ""D15"", ""D16"", ""D17"", ""D18"", ""D19"", ""D20""]",19,0.0,0.0,0.0
What is health literacy?,17_misinformation_and_health_literacy.txt,Pipeline_A_Stemming,"[""D01"", ""D02"", ""D06"", ""D08"", ""D10"", ""D12"", ""D13"", ""D17"", ""D20""]",9,0.0,0.0,0.0
What is health literacy?,17_misinformation_and_health_literacy.txt,Pipeline_B_Lemmatization,"[""D01"", ""D02"", ""D06"", ""D08"", ""D10"", ""D12"", ""D13"", ""D17"", ""D20""]",9,0.0,0.0,0.0
Why is health literacy important during outbreaks?,17_misinformation_and_health_literacy.txt,Pipeline_A_Stemming,"[""D01"", ""D02"", ""D03"", ""D04"", ""D05"", ""D06"", ""D08"", ""D09"", ""D10"", ""D11"", ""D12"", ""D13"", ""D14"", ""D15"", ""D17"", ""D18"", ""D20""]",17,0.0,0.0,0.0
Why is health literacy important during outbreaks?,17_misinformation_and_health_literacy.txt,Pipeline_B_Lemmatization,"[""D01"", ""D02"", ""D03"", ""D04"", ""D05"", ""D06"", ""D08"", ""D09"", ""D10"", ""D11"", ""D12"", ""D13"", ""D14"", ""D15"", ""D17"", ""D18"", ""D20""]",17,0.0,0.0,0.0
How can people evaluate health information?,17_misinformation_and_health_literacy.txt,Pipeline_A_Stemming,"[""D01"", ""D02"", ""D03"", ""D04"", ""D05"", ""D06"", ""D07"", ""D08"", ""D09"", ""D10"", ""D11"", ""D12"", ""D13"", ""D14"", ""D15"", ""D16"", ""D17"", ""D18"", ""D19"", ""D20""]",20,0.0,0.0,0.0
How can people evaluate health information?,17_misinformation_and_health_literacy.txt,Pipeline_B_Lemmatization,"[""D01"", ""D02"", ""D03"", ""D04"", ""D05"", ""D06"", ""D07"", ""D08"", ""D09"", ""D10"", ""D11"", ""D12"", ""D13"", ""D14"", ""D15"", ""D16"", ""D17"", ""D18"", ""D19"", ""D20""]",20,0.0,0.0,0.0
What are common sources of health misinformation?,17_misinformation_and_health_literacy.txt,Pipeline_A_Stemming,"[""D01"", ""D02"", ""D06"", ""D08"", ""D09"", ""D10"", ""D12"", ""D13"", ""D17"", ""D20""]",10,0.0,0.0,0.0
What are common sources of health misinformation?,17_misinformation_and_health_literacy.txt,Pipeline_B_Lemmatization,"[""D01"", ""D02"", ""D06"", ""D08"", ""D09"", ""D10"", ""D12"", ""D13"", ""D17"", ""D20""]",10,0.0,0.0,0.0
Why should the date of health information be checked?,17_misinformation_and_health_literacy.txt,Pipeline_A_Stemming,"[""D01"", ""D02"", ""D03"", ""D05"", ""D06"", ""D07"", ""D08"", ""D09"", ""D10"", ""D11"", ""D12"", ""D13"", ""D14"", ""D15"", ""D16"", ""D17"", ""D18"", ""D19"", ""D20""]",19,0.0,0.0,0.0
Why should the date of health information be checked?,17_misinformation_and_health_literacy.txt,Pipeline_B_Lemmatization,"[""D01"", ""D02"", ""D03"", ""D05"", ""D06"", ""D07"", ""D08"", ""D09"", ""D10"", ""D11"", ""D12"", ""D13"", ""D14"", ""D15"", ""D16"", ""D17"", ""D18"", ""D19"", ""D20""]",19,0.0,0.0,0.0
Why is the original study useful when evaluating a claim?,17_misinformation_and_health_literacy.txt,Pipeline_A_Stemming,"[""D01"", ""D02"", ""D03"", ""D04"", ""D05"", ""D06"", ""D07"", ""D08"", ""D09"", ""D10"", ""D11"", ""D12"", ""D13"", ""D14"", ""D15"", ""D16"", ""D17"", ""D18"", ""D19"", ""D20""]",20,0.0,0.0,0.0
Why is the original study useful when evaluating a claim?,17_misinformation_and_health_literacy.txt,Pipeline_B_Lemmatization,"[""D01"", ""D02"", ""D03"", ""D05"", ""D06"", ""D07"", ""D08"", ""D09"", ""D10"", ""D11"", ""D12"", ""D13"", ""D14"", ""D15"", ""D16"", ""D17"", ""D19"", ""D20""]",18,0.0,0.0,0.0
What is the difference between association and causation?,17_misinformation_and_health_literacy.txt,Pipeline_A_Stemming,"[""D02"", ""D03"", ""D04"", ""D05"", ""D07"", ""D08"", ""D09"", ""D12"", ""D13"", ""D16"", ""D17"", ""D19"", ""D20""]",13,0.0,0.0,0.0
What is the difference between association and causation?,17_misinformation_and_health_literacy.txt,Pipeline_B_Lemmatization,"[""D02"", ""D03"", ""D05"", ""D07"", ""D08"", ""D09"", ""D12"", ""D13"", ""D17"", ""D20""]",10,0.0,0.0,0.0
Why can a small study be insufficient for a population-level conclusion?,17_misinformation_and_health_literacy.txt,Pipeline_A_Stemming,"[""D01"", ""D02"", ""D03"", ""D04"", ""D05"", ""D06"", ""D07"", ""D08"", ""D09"", ""D10"", ""D11"", ""D12"", ""D13"", ""D14"", ""D15"", ""D16"", ""D17"", ""D18"", ""D19"", ""D20""]",20,0.0,0.0,0.0
Why can a small study be insufficient for a population-level conclusion?,17_misinformation_and_health_literacy.txt,Pipeline_B_Lemmatization,"[""D01"", ""D02"", ""D03"", ""D04"", ""D05"", ""D06"", ""D07"", ""D08"", ""D09"", ""D10"", ""D11"", ""D12"", ""D13"", ""D14"", ""D15"", ""D16"", ""D17"", ""D18"", ""D19"", ""D20""]",20,0.0,0.0,0.0
How can social media contribute to misinformation?,17_misinformation_and_health_literacy.txt,Pipeline_A_Stemming,"[""D01"", ""D02"", ""D03"", ""D04"", ""D05"", ""D06"", ""D07"", ""D08"", ""D09"", ""D10"", ""D11"", ""D12"", ""D13"", ""D14"", ""D15"", ""D16"", ""D17"", ""D18"", ""D19"", ""D20""]",20,0.0,0.0,0.0
How can social media contribute to misinformation?,17_misinformation_and_health_literacy.txt,Pipeline_B_Lemmatization,"[""D01"", ""D02"", ""D03"", ""D04"", ""D05"", ""D06"", ""D07"", ""D08"", ""D09"", ""D10"", ""D11"", ""D12"", ""D13"", ""D14"", ""D15"", ""D16"", ""D17"", ""D18"", ""D19"", ""D20""]",20,0.0,0.0,0.0
What evidence should support a health claim?,17_misinformation_and_health_literacy.txt,Pipeline_A_Stemming,"[""D01"", ""D02"", ""D03"", ""D05"", ""D06"", ""D08"", ""D09"", ""D10"", ""D11"", ""D12"", ""D13"", ""D14"", ""D15"", ""D16"", ""D17"", ""D18"", ""D19"", ""D20""]",18,0.0,0.0,0.0
What evidence should support a health claim?,17_misinformation_and_health_literacy.txt,Pipeline_B_Lemmatization,"[""D01"", ""D02"", ""D03"", ""D05"", ""D06"", ""D08"", ""D09"", ""D10"", ""D11"", ""D12"", ""D13"", ""D14"", ""D15"", ""D16"", ""D17"", ""D18"", ""D19"", ""D20""]",18,0.0,0.0,0.0
Why should preliminary findings be described carefully?,17_misinformation_and_health_literacy.txt,Pipeline_A_Stemming,"[""D01"", ""D02"", ""D03"", ""D04"", ""D05"", ""D09"", ""D10"", ""D11"", ""D12"", ""D13"", ""D14"", ""D15"", ""D16"", ""D17"", ""D18"", ""D19"", ""D20""]",17,0.0,0.0,0.0
Why should preliminary findings be described carefully?,17_misinformation_and_health_literacy.txt,Pipeline_B_Lemmatization,"[""D02"", ""D03"", ""D04"", ""D05"", ""D09"", ""D10"", ""D11"", ""D12"", ""D13"", ""D14"", ""D15"", ""D16"", ""D17"", ""D18"", ""D19"", ""D20""]",16,0.0,0.0,0.0
How can people compare information with recognized health sources?,17_misinformation_and_health_literacy.txt,Pipeline_A_Stemming,"[""D01"", ""D02"", ""D03"", ""D04"", ""D05"", ""D06"", ""D07"", ""D08"", ""D09"", ""D10"", ""D11"", ""D12"", ""D13"", ""D14"", ""D15"", ""D16"", ""D17"", ""D18"", ""D19"", ""D20""]",20,0.0,0.0,0.0
How can people compare information with recognized health sources?,17_misinformation_and_health_literacy.txt,Pipeline_B_Lemmatization,"[""D01"", ""D02"", ""D03"", ""D04"", ""D05"", ""D06"", ""D07"", ""D08"", ""D09"", ""D10"", ""D11"", ""D12"", ""D13"", ""D14"", ""D15"", ""D16"", ""D17"", ""D18"", ""D19"", ""D20""]",20,0.0,0.0,0.0
Why is context important when evaluating statistics?,17_misinformation_and_health_literacy.txt,Pipeline_A_Stemming,"[""D01"", ""D02"", ""D03"", ""D05"", ""D06"", ""D07"", ""D08"", ""D09"", ""D10"", ""D11"", ""D12"", ""D13"", ""D14"", ""D15"", ""D16"", ""D17"", ""D18"", ""D19"", ""D20""]",19,0.0,0.0,0.0
Why is context important when evaluating statistics?,17_misinformation_and_health_literacy.txt,Pipeline_B_Lemmatization,"[""D01"", ""D02"", ""D03"", ""D05"", ""D06"", ""D07"", ""D08"", ""D09"", ""D10"", ""D11"", ""D12"", ""D13"", ""D14"", ""D15"", ""D16"", ""D17"", ""D19"", ""D20""]",18,0.0,0.0,0.0
How can misinformation arise from outdated information?,17_misinformation_and_health_literacy.txt,Pipeline_A_Stemming,"[""D01"", ""D02"", ""D03"", ""D04"", ""D05"", ""D06"", ""D07"", ""D08"", ""D09"", ""D10"", ""D11"", ""D12"", ""D13"", ""D14"", ""D15"", ""D16"", ""D17"", ""D18"", ""D19"", ""D20""]",20,0.0,0.0,0.0
How can misinformation arise from outdated information?,17_misinformation_and_health_literacy.txt,Pipeline_B_Lemmatization,"[""D01"", ""D02"", ""D03"", ""D04"", ""D05"", ""D06"", ""D07"", ""D08"", ""D09"", ""D10"", ""D11"", ""D12"", ""D13"", ""D14"", ""D15"", ""D16"", ""D17"", ""D18"", ""D19"", ""D20""]",20,0.0,0.0,0.0
Why is source credibility important?,17_misinformation_and_health_literacy.txt,Pipeline_A_Stemming,"[""D01"", ""D03"", ""D06"", ""D09"", ""D10"", ""D13"", ""D14"", ""D15"", ""D17""]",9,0.0,0.0,0.0
Why is source credibility important?,17_misinformation_and_health_literacy.txt,Pipeline_B_Lemmatization,"[""D01"", ""D03"", ""D06"", ""D09"", ""D10"", ""D13"", ""D14"", ""D15"", ""D17""]",9,0.0,0.0,0.0
How can health literacy improve decision-making?,17_misinformation_and_health_literacy.txt,Pipeline_A_Stemming,"[""D01"", ""D02"", ""D03"", ""D04"", ""D05"", ""D06"", ""D07"", ""D08"", ""D09"", ""D10"", ""D11"", ""D12"", ""D13"", ""D14"", ""D15"", ""D16"", ""D17"", ""D18"", ""D19"", ""D20""]",20,0.0,0.0,0.0
How can health literacy improve decision-making?,17_misinformation_and_health_literacy.txt,Pipeline_B_Lemmatization,"[""D01"", ""D02"", ""D03"", ""D04"", ""D05"", ""D06"", ""D07"", ""D08"", ""D09"", ""D10"", ""D11"", ""D12"", ""D13"", ""D14"", ""D15"", ""D16"", ""D17"", ""D18"", ""D19"", ""D20""]",20,0.0,0.0,0.0
Why should laboratory findings not automatically be generalized to populations?,17_misinformation_and_health_literacy.txt,Pipeline_A_Stemming,"[""D01"", ""D02"", ""D03"", ""D04"", ""D05"", ""D06"", ""D07"", ""D08"", ""D09"", ""D10"", ""D11"", ""D12"", ""D13"", ""D14"", ""D15"", ""D16"", ""D17"", ""D18"", ""D19"", ""D20""]",20,0.0,0.0,0.0
Why should laboratory findings not automatically be generalized to populations?,17_misinformation_and_health_literacy.txt,Pipeline_B_Lemmatization,"[""D02"", ""D03"", ""D04"", ""D05"", ""D06"", ""D07"", ""D08"", ""D09"", ""D10"", ""D11"", ""D12"", ""D13"", ""D14"", ""D15"", ""D16"", ""D17"", ""D18"", ""D19"", ""D20""]",19,0.0,0.0,0.0
How can clear explanations reduce confusion?,17_misinformation_and_health_literacy.txt,Pipeline_A_Stemming,"[""D01"", ""D02"", ""D03"", ""D04"", ""D05"", ""D06"", ""D07"", ""D08"", ""D09"", ""D10"", ""D11"", ""D12"", ""D13"", ""D14"", ""D15"", ""D16"", ""D17"", ""D18"", ""D19"", ""D20""]",20,0.0,0.0,0.0
How can clear explanations reduce confusion?,17_misinformation_and_health_literacy.txt,Pipeline_B_Lemmatization,"[""D01"", ""D02"", ""D03"", ""D04"", ""D05"", ""D06"", ""D07"", ""D08"", ""D09"", ""D10"", ""D11"", ""D12"", ""D13"", ""D14"", ""D15"", ""D16"", ""D17"", ""D18"", ""D19"", ""D20""]",20,0.0,0.0,0.0
What is the role of evidence quality in health communication?,17_misinformation_and_health_literacy.txt,Pipeline_A_Stemming,"[""D01"", ""D02"", ""D03"", ""D06"", ""D07"", ""D08"", ""D09"", ""D10"", ""D11"", ""D12"", ""D13"", ""D14"", ""D15"", ""D17"", ""D18"", ""D19"", ""D20""]",17,0.0,0.0,0.0
What is the role of evidence quality in health communication?,17_misinformation_and_health_literacy.txt,Pipeline_B_Lemmatization,"[""D01"", ""D02"", ""D03"", ""D06"", ""D08"", ""D09"", ""D10"", ""D11"", ""D12"", ""D13"", ""D14"", ""D15"", ""D17"", ""D18"", ""D19"", ""D20""]",16,0.0,0.0,0.0
Why should people distinguish correlation from causation?,17_misinformation_and_health_literacy.txt,Pipeline_A_Stemming,"[""D01"", ""D02"", ""D03"", ""D04"", ""D05"", ""D06"", ""D07"", ""D09"", ""D10"", ""D11"", ""D12"", ""D13"", ""D14"", ""D15"", ""D16"", ""D17"", ""D18"", ""D19"", ""D20""]",19,0.0,0.0,0.0
Why should people distinguish correlation from causation?,17_misinformation_and_health_literacy.txt,Pipeline_B_Lemmatization,"[""D01"", ""D02"", ""D03"", ""D04"", ""D05"", ""D06"", ""D07"", ""D09"", ""D10"", ""D11"", ""D12"", ""D13"", ""D14"", ""D15"", ""D16"", ""D17"", ""D18"", ""D19"", ""D20""]",19,0.0,0.0,0.0
What is infectious disease outbreak preparedness?,18_global_outbreak_preparedness.txt,Pipeline_A_Stemming,"[""D01"", ""D02"", ""D03"", ""D04"", ""D05"", ""D06"", ""D07"", ""D08"", ""D09"", ""D10"", ""D11"", ""D13"", ""D14"", ""D16"", ""D17"", ""D18"", ""D19"", ""D20""]",18,0.0,0.0,0.0
What is infectious disease outbreak preparedness?,18_global_outbreak_preparedness.txt,Pipeline_B_Lemmatization,"[""D01"", ""D02"", ""D03"", ""D04"", ""D05"", ""D06"", ""D07"", ""D08"", ""D09"", ""D10"", ""D11"", ""D13"", ""D14"", ""D16"", ""D17"", ""D18"", ""D19"", ""D20""]",18,0.0,0.0,0.0
What capabilities are needed for outbreak preparedness?,18_global_outbreak_preparedness.txt,Pipeline_A_Stemming,"[""D01"", ""D02"", ""D05"", ""D08"", ""D09"", ""D11"", ""D13"", ""D14"", ""D17"", ""D18"", ""D20""]",11,0.0,0.0,0.0
What capabilities are needed for outbreak preparedness?,18_global_outbreak_preparedness.txt,Pipeline_B_Lemmatization,"[""D01"", ""D02"", ""D05"", ""D08"", ""D09"", ""D11"", ""D13"", ""D14"", ""D17"", ""D18"", ""D20""]",11,0.0,0.0,0.0
Why are laboratory networks important?,18_global_outbreak_preparedness.txt,Pipeline_A_Stemming,"[""D01"", ""D03"", ""D06"", ""D07"", ""D08"", ""D09"", ""D10"", ""D13"", ""D14"", ""D15"", ""D17"", ""D18"", ""D20""]",13,0.0,0.0,0.0
Why are laboratory networks important?,18_global_outbreak_preparedness.txt,Pipeline_B_Lemmatization,"[""D01"", ""D03"", ""D06"", ""D07"", ""D08"", ""D09"", ""D10"", ""D13"", ""D14"", ""D15"", ""D17"", ""D18"", ""D20""]",13,0.0,0.0,0.0
How does surveillance support outbreak preparedness?,18_global_outbreak_preparedness.txt,Pipeline_A_Stemming,"[""D01"", ""D02"", ""D04"", ""D05"", ""D06"", ""D07"", ""D08"", ""D09"", ""D10"", ""D11"", ""D12"", ""D13"", ""D14"", ""D16"", ""D17"", ""D18"", ""D19"", ""D20""]",18,0.0,0.0,0.0
How does surveillance support outbreak preparedness?,18_global_outbreak_preparedness.txt,Pipeline_B_Lemmatization,"[""D01"", ""D02"", ""D04"", ""D05"", ""D06"", ""D07"", ""D08"", ""D09"", ""D10"", ""D11"", ""D12"", ""D13"", ""D14"", ""D16"", ""D17"", ""D18"", ""D19"", ""D20""]",18,0.0,0.0,0.0
What is event-based reporting?,18_global_outbreak_preparedness.txt,Pipeline_A_Stemming,"[""D01"", ""D02"", ""D04"", ""D05"", ""D08"", ""D09"", ""D10"", ""D12"", ""D13"", ""D17"", ""D18"", ""D19"", ""D20""]",13,0.0,0.0,0.0
What is event-based reporting?,18_global_outbreak_preparedness.txt,Pipeline_B_Lemmatization,"[""D02"", ""D04"", ""D05"", ""D08"", ""D09"", ""D10"", ""D12"", ""D13"", ""D18"", ""D19"", ""D20""]",11,0.0,0.0,0.0
Why is genomic sequencing useful for preparedness?,18_global_outbreak_preparedness.txt,Pipeline_A_Stemming,"[""D01"", ""D02"", ""D03"", ""D04"", ""D05"", ""D06"", ""D07"", ""D08"", ""D09"", ""D10"", ""D11"", ""D12"", ""D13"", ""D15"", ""D16"", ""D17"", ""D18"", ""D19"", ""D20""]",19,0.0,0.0,0.0
Why is genomic sequencing useful for preparedness?,18_global_outbreak_preparedness.txt,Pipeline_B_Lemmatization,"[""D01"", ""D02"", ""D03"", ""D07"", ""D08"", ""D09"", ""D10"", ""D13"", ""D17"", ""D18"", ""D19"", ""D20""]",12,0.0,0.0,0.0
Why is cross-border information sharing important?,18_global_outbreak_preparedness.txt,Pipeline_A_Stemming,"[""D01"", ""D02"", ""D03"", ""D06"", ""D07"", ""D08"", ""D10"", ""D12"", ""D13"", ""D14"", ""D15"", ""D16"", ""D17"", ""D18""]",14,0.0,0.0,0.0
Why is cross-border information sharing important?,18_global_outbreak_preparedness.txt,Pipeline_B_Lemmatization,"[""D01"", ""D02"", ""D03"", ""D06"", ""D07"", ""D08"", ""D10"", ""D12"", ""D13"", ""D14"", ""D15"", ""D16"", ""D17"", ""D18""]",14,0.0,0.0,0.0
What role does emergency coordination play?,18_global_outbreak_preparedness.txt,Pipeline_A_Stemming,"[""D02"", ""D07"", ""D08"", ""D13"", ""D14"", ""D16"", ""D18"", ""D20""]",8,0.0,0.0,0.0
What role does emergency coordination play?,18_global_outbreak_preparedness.txt,Pipeline_B_Lemmatization,"[""D02"", ""D07"", ""D08"", ""D13"", ""D14"", ""D16"", ""D18"", ""D20""]",8,0.0,0.0,0.0
How can hospitals prepare for infectious disease surges?,18_global_outbreak_preparedness.txt,Pipeline_A_Stemming,"[""D01"", ""D02"", ""D03"", ""D04"", ""D05"", ""D06"", ""D07"", ""D08"", ""D09"", ""D10"", ""D11"", ""D12"", ""D13"", ""D14"", ""D15"", ""D16"", ""D17"", ""D18"", ""D19"", ""D20""]",20,0.0,0.0,0.0
How can hospitals prepare for infectious disease surges?,18_global_outbreak_preparedness.txt,Pipeline_B_Lemmatization,"[""D01"", ""D02"", ""D03"", ""D04"", ""D05"", ""D06"", ""D07"", ""D08"", ""D09"", ""D10"", ""D11"", ""D12"", ""D13"", ""D14"", ""D15"", ""D16"", ""D17"", ""D18"", ""D19"", ""D20""]",20,0.0,0.0,0.0
Why are trained personnel important?,18_global_outbreak_preparedness.txt,Pipeline_A_Stemming,"[""D01"", ""D03"", ""D06"", ""D11"", ""D13"", ""D14"", ""D15"", ""D18"", ""D20""]",9,0.0,0.0,0.0
Why are trained personnel important?,18_global_outbreak_preparedness.txt,Pipeline_B_Lemmatization,"[""D01"", ""D03"", ""D06"", ""D13"", ""D14"", ""D15"", ""D18""]",7,0.0,0.0,0.0
What is the purpose of outbreak exercises?,18_global_outbreak_preparedness.txt,Pipeline_A_Stemming,"[""D01"", ""D02"", ""D05"", ""D08"", ""D09"", ""D11"", ""D13"", ""D14"", ""D17"", ""D18"", ""D20""]",11,0.0,0.0,0.0
What is the purpose of outbreak exercises?,18_global_outbreak_preparedness.txt,Pipeline_B_Lemmatization,"[""D01"", ""D02"", ""D05"", ""D08"", ""D09"", ""D11"", ""D13"", ""D14"", ""D17"", ""D18"", ""D20""]",11,0.0,0.0,0.0
How can simulations identify weaknesses?,18_global_outbreak_preparedness.txt,Pipeline_A_Stemming,"[""D01"", ""D02"", ""D03"", ""D04"", ""D05"", ""D06"", ""D07"", ""D08"", ""D09"", ""D10"", ""D11"", ""D12"", ""D13"", ""D14"", ""D15"", ""D16"", ""D17"", ""D18"", ""D19"", ""D20""]",20,0.0,0.0,0.0
How can simulations identify weaknesses?,18_global_outbreak_preparedness.txt,Pipeline_B_Lemmatization,"[""D01"", ""D02"", ""D03"", ""D04"", ""D05"", ""D06"", ""D07"", ""D08"", ""D09"", ""D10"", ""D11"", ""D12"", ""D13"", ""D14"", ""D15"", ""D16"", ""D17"", ""D18"", ""D19"", ""D20""]",20,0.0,0.0,0.0
Why should response roles be clearly defined?,18_global_outbreak_preparedness.txt,Pipeline_A_Stemming,"[""D02"", ""D03"", ""D04"", ""D05"", ""D09"", ""D10"", ""D11"", ""D12"", ""D13"", ""D14"", ""D15"", ""D16"", ""D17"", ""D18"", ""D19"", ""D20""]",16,0.0,0.0,0.0
Why should response roles be clearly defined?,18_global_outbreak_preparedness.txt,Pipeline_B_Lemmatization,"[""D02"", ""D03"", ""D04"", ""D05"", ""D09"", ""D10"", ""D11"", ""D12"", ""D13"", ""D14"", ""D15"", ""D16"", ""D17"", ""D18"", ""D19"", ""D20""]",16,0.0,0.0,0.0
How can vaccination infrastructure support preparedness?,18_global_outbreak_preparedness.txt,Pipeline_A_Stemming,"[""D01"", ""D02"", ""D03"", ""D04"", ""D05"", ""D06"", ""D07"", ""D08"", ""D09"", ""D10"", ""D11"", ""D12"", ""D13"", ""D14"", ""D15"", ""D16"", ""D17"", ""D18"", ""D19"", ""D20""]",20,0.0,0.0,0.0
How can vaccination infrastructure support preparedness?,18_global_outbreak_preparedness.txt,Pipeline_B_Lemmatization,"[""D01"", ""D02"", ""D03"", ""D04"", ""D05"", ""D06"", ""D07"", ""D08"", ""D09"", ""D10"", ""D11"", ""D12"", ""D13"", ""D14"", ""D15"", ""D16"", ""D17"", ""D18"", ""D19"", ""D20""]",20,0.0,0.0,0.0
What is the value of after-action evaluation?,18_global_outbreak_preparedness.txt,Pipeline_A_Stemming,"[""D02"", ""D03"", ""D08"", ""D09"", ""D13"", ""D16"", ""D17"", ""D18"", ""D19"", ""D20""]",10,0.0,0.0,0.0
What is the value of after-action evaluation?,18_global_outbreak_preparedness.txt,Pipeline_B_Lemmatization,"[""D02"", ""D08"", ""D13"", ""D17"", ""D18"", ""D20""]",6,0.0,0.0,0.0
Why should preparedness be ongoing?,18_global_outbreak_preparedness.txt,Pipeline_A_Stemming,"[""D02"", ""D03"", ""D05"", ""D09"", ""D10"", ""D11"", ""D12"", ""D13"", ""D14"", ""D15"", ""D16"", ""D17"", ""D18"", ""D19"", ""D20""]",15,0.0,0.0,0.0
Why should preparedness be ongoing?,18_global_outbreak_preparedness.txt,Pipeline_B_Lemmatization,"[""D02"", ""D03"", ""D05"", ""D09"", ""D10"", ""D11"", ""D12"", ""D13"", ""D14"", ""D15"", ""D16"", ""D17"", ""D18"", ""D19"", ""D20""]",15,0.0,0.0,0.0
How can data systems support outbreak response?,18_global_outbreak_preparedness.txt,Pipeline_A_Stemming,"[""D01"", ""D02"", ""D03"", ""D04"", ""D05"", ""D06"", ""D07"", ""D08"", ""D09"", ""D10"", ""D11"", ""D12"", ""D13"", ""D14"", ""D15"", ""D16"", ""D17"", ""D18"", ""D19"", ""D20""]",20,0.0,0.0,0.0
How can data systems support outbreak response?,18_global_outbreak_preparedness.txt,Pipeline_B_Lemmatization,"[""D01"", ""D02"", ""D03"", ""D04"", ""D05"", ""D06"", ""D07"", ""D08"", ""D09"", ""D10"", ""D11"", ""D12"", ""D13"", ""D14"", ""D15"", ""D16"", ""D17"", ""D18"", ""D19"", ""D20""]",20,0.0,0.0,0.0
What resources may be needed during an outbreak?,18_global_outbreak_preparedness.txt,Pipeline_A_Stemming,"[""D01"", ""D02"", ""D03"", ""D04"", ""D05"", ""D06"", ""D07"", ""D08"", ""D09"", ""D10"", ""D11"", ""D12"", ""D13"", ""D14"", ""D15"", ""D16"", ""D17"", ""D18"", ""D19"", ""D20""]",20,0.0,0.0,0.0
What resources may be needed during an outbreak?,18_global_outbreak_preparedness.txt,Pipeline_B_Lemmatization,"[""D01"", ""D02"", ""D03"", ""D04"", ""D05"", ""D06"", ""D07"", ""D08"", ""D09"", ""D10"", ""D11"", ""D12"", ""D13"", ""D14"", ""D15"", ""D16"", ""D17"", ""D18"", ""D19"", ""D20""]",20,0.0,0.0,0.0
How can communication capacity affect preparedness?,18_global_outbreak_preparedness.txt,Pipeline_A_Stemming,"[""D01"", ""D02"", ""D03"", ""D04"", ""D05"", ""D06"", ""D07"", ""D08"", ""D09"", ""D10"", ""D11"", ""D12"", ""D13"", ""D14"", ""D15"", ""D16"", ""D17"", ""D18"", ""D19"", ""D20""]",20,0.0,0.0,0.0
How can communication capacity affect preparedness?,18_global_outbreak_preparedness.txt,Pipeline_B_Lemmatization,"[""D01"", ""D02"", ""D03"", ""D04"", ""D05"", ""D06"", ""D07"", ""D08"", ""D09"", ""D10"", ""D11"", ""D12"", ""D13"", ""D14"", ""D15"", ""D16"", ""D17"", ""D18"", ""D19"", ""D20""]",20,0.0,0.0,0.0
Why can routine public-health investment improve outbreak response?,18_global_outbreak_preparedness.txt,Pipeline_A_Stemming,"[""D01"", ""D02"", ""D03"", ""D04"", ""D05"", ""D06"", ""D07"", ""D08"", ""D09"", ""D10"", ""D11"", ""D12"", ""D13"", ""D14"", ""D15"", ""D16"", ""D17"", ""D18"", ""D19"", ""D20""]",20,0.0,0.0,0.0
Why can routine public-health investment improve outbreak response?,18_global_outbreak_preparedness.txt,Pipeline_B_Lemmatization,"[""D01"", ""D02"", ""D03"", ""D04"", ""D05"", ""D06"", ""D07"", ""D08"", ""D09"", ""D10"", ""D11"", ""D12"", ""D13"", ""D14"", ""D15"", ""D16"", ""D17"", ""D18"", ""D19"", ""D20""]",20,0.0,0.0,0.0
What is an epidemiological model?,19_epidemiological_models.txt,Pipeline_A_Stemming,"[""D01"", ""D02"", ""D04"", ""D05"", ""D07"", ""D08"", ""D09"", ""D10"", ""D12"", ""D13"", ""D19"", ""D20""]",12,0.0,0.0,0.0
What is an epidemiological model?,19_epidemiological_models.txt,Pipeline_B_Lemmatization,"[""D01"", ""D02"", ""D05"", ""D07"", ""D08"", ""D10"", ""D12"", ""D13"", ""D19"", ""D20""]",10,0.0,0.0,0.0
What is the SIR model?,19_epidemiological_models.txt,Pipeline_A_Stemming,"[""D02"", ""D05"", ""D08"", ""D13"", ""D19"", ""D20""]",6,0.0,0.0,0.0
What is the SIR model?,19_epidemiological_models.txt,Pipeline_B_Lemmatization,"[""D02"", ""D05"", ""D08"", ""D13"", ""D19"", ""D20""]",6,0.0,0.0,0.0
"What do susceptible, infected, and recovered compartments represent?",19_epidemiological_models.txt,Pipeline_A_Stemming,"[""D01"", ""D02"", ""D03"", ""D04"", ""D05"", ""D06"", ""D07"", ""D08"", ""D10"", ""D11"", ""D13"", ""D14"", ""D15"", ""D16"", ""D18"", ""D19"", ""D20""]",17,0.0,0.0,0.0
"What do susceptible, infected, and recovered compartments represent?",19_epidemiological_models.txt,Pipeline_B_Lemmatization,"[""D01"", ""D02"", ""D05"", ""D06"", ""D07"", ""D08"", ""D13"", ""D18"", ""D19"", ""D20""]",10,0.0,0.0,0.0
How can models include vaccination status?,19_epidemiological_models.txt,Pipeline_A_Stemming,"[""D01"", ""D02"", ""D03"", ""D04"", ""D05"", ""D06"", ""D07"", ""D08"", ""D09"", ""D10"", ""D11"", ""D12"", ""D13"", ""D14"", ""D15"", ""D16"", ""D17"", ""D18"", ""D19"", ""D20""]",20,0.0,0.0,0.0
How can models include vaccination status?,19_epidemiological_models.txt,Pipeline_B_Lemmatization,"[""D01"", ""D02"", ""D03"", ""D04"", ""D05"", ""D06"", ""D07"", ""D08"", ""D09"", ""D10"", ""D11"", ""D12"", ""D13"", ""D14"", ""D15"", ""D16"", ""D17"", ""D18"", ""D19"", ""D20""]",20,0.0,0.0,0.0
Why are epidemiological models dependent on assumptions?,19_epidemiological_models.txt,Pipeline_A_Stemming,"[""D01"", ""D04"", ""D05"", ""D07"", ""D08"", ""D09"", ""D10"", ""D11"", ""D12"", ""D13"", ""D16"", ""D18"", ""D19"", ""D20""]",14,0.0,0.0,0.0
Why are epidemiological models dependent on assumptions?,19_epidemiological_models.txt,Pipeline_B_Lemmatization,"[""D01"", ""D05"", ""D07"", ""D08"", ""D10"", ""D12"", ""D13"", ""D19"", ""D20""]",9,0.0,0.0,0.0
Are model outputs exact predictions?,19_epidemiological_models.txt,Pipeline_A_Stemming,"[""D05"", ""D07"", ""D19"", ""D20""]",4,0.0,0.0,0.0
Are model outputs exact predictions?,19_epidemiological_models.txt,Pipeline_B_Lemmatization,"[""D05"", ""D07"", ""D19"", ""D20""]",4,0.0,0.0,0.0
What is model calibration?,19_epidemiological_models.txt,Pipeline_A_Stemming,"[""D02"", ""D05"", ""D08"", ""D13"", ""D19"", ""D20""]",6,0.0,0.0,0.0
What is model calibration?,19_epidemiological_models.txt,Pipeline_B_Lemmatization,"[""D02"", ""D05"", ""D08"", ""D13"", ""D19"", ""D20""]",6,0.0,0.0,0.0
What is sensitivity analysis?,19_epidemiological_models.txt,Pipeline_A_Stemming,"[""D02"", ""D06"", ""D08"", ""D09"", ""D10"", ""D13"", ""D16"", ""D19"", ""D20""]",9,0.0,0.0,0.0
What is sensitivity analysis?,19_epidemiological_models.txt,Pipeline_B_Lemmatization,"[""D02"", ""D08"", ""D09"", ""D10"", ""D13"", ""D16"", ""D19"", ""D20""]",8,0.0,0.0,0.0
Why is uncertainty important in epidemic modeling?,19_epidemiological_models.txt,Pipeline_A_Stemming,"[""D01"", ""D03"", ""D05"", ""D06"", ""D09"", ""D13"", ""D14"", ""D15"", ""D19""]",9,0.0,0.0,0.0
Why is uncertainty important in epidemic modeling?,19_epidemiological_models.txt,Pipeline_B_Lemmatization,"[""D01"", ""D03"", ""D06"", ""D09"", ""D13"", ""D14"", ""D15"", ""D19""]",8,0.0,0.0,0.0
How can behavior changes affect model results?,19_epidemiological_models.txt,Pipeline_A_Stemming,"[""D01"", ""D02"", ""D03"", ""D04"", ""D05"", ""D06"", ""D07"", ""D08"", ""D09"", ""D10"", ""D11"", ""D12"", ""D13"", ""D14"", ""D15"", ""D16"", ""D17"", ""D18"", ""D19"", ""D20""]",20,0.0,0.0,0.0
How can behavior changes affect model results?,19_epidemiological_models.txt,Pipeline_B_Lemmatization,"[""D01"", ""D02"", ""D03"", ""D04"", ""D05"", ""D06"", ""D07"", ""D08"", ""D09"", ""D10"", ""D11"", ""D12"", ""D13"", ""D14"", ""D15"", ""D16"", ""D17"", ""D18"", ""D19"", ""D20""]",20,0.0,0.0,0.0
How can immunity affect model projections?,19_epidemiological_models.txt,Pipeline_A_Stemming,"[""D01"", ""D02"", ""D03"", ""D04"", ""D05"", ""D06"", ""D07"", ""D08"", ""D09"", ""D10"", ""D11"", ""D12"", ""D13"", ""D14"", ""D15"", ""D16"", ""D17"", ""D18"", ""D19"", ""D20""]",20,0.0,0.0,0.0
How can immunity affect model projections?,19_epidemiological_models.txt,Pipeline_B_Lemmatization,"[""D01"", ""D02"", ""D03"", ""D04"", ""D05"", ""D06"", ""D07"", ""D08"", ""D09"", ""D10"", ""D11"", ""D12"", ""D13"", ""D14"", ""D15"", ""D16"", ""D17"", ""D18"", ""D19"", ""D20""]",20,0.0,0.0,0.0
Why can viral characteristics change model scenarios?,19_epidemiological_models.txt,Pipeline_A_Stemming,"[""D01"", ""D02"", ""D03"", ""D04"", ""D05"", ""D06"", ""D07"", ""D08"", ""D09"", ""D10"", ""D11"", ""D12"", ""D13"", ""D14"", ""D15"", ""D16"", ""D17"", ""D18"", ""D19"", ""D20""]",20,0.0,0.0,0.0
Why can viral characteristics change model scenarios?,19_epidemiological_models.txt,Pipeline_B_Lemmatization,"[""D01"", ""D02"", ""D03"", ""D04"", ""D05"", ""D06"", ""D07"", ""D08"", ""D09"", ""D10"", ""D11"", ""D12"", ""D13"", ""D14"", ""D15"", ""D16"", ""D17"", ""D18"", ""D19"", ""D20""]",20,0.0,0.0,0.0
How can models help compare interventions?,19_epidemiological_models.txt,Pipeline_A_Stemming,"[""D01"", ""D02"", ""D03"", ""D04"", ""D05"", ""D06"", ""D07"", ""D08"", ""D09"", ""D10"", ""D11"", ""D12"", ""D13"", ""D14"", ""D15"", ""D16"", ""D17"", ""D18"", ""D19"", ""D20""]",20,0.0,0.0,0.0
How can models help compare interventions?,19_epidemiological_models.txt,Pipeline_B_Lemmatization,"[""D01"", ""D02"", ""D03"", ""D04"", ""D05"", ""D06"", ""D07"", ""D08"", ""D09"", ""D10"", ""D11"", ""D12"", ""D13"", ""D14"", ""D15"", ""D16"", ""D17"", ""D18"", ""D19"", ""D20""]",20,0.0,0.0,0.0
What is a scenario projection?,19_epidemiological_models.txt,Pipeline_A_Stemming,"[""D02"", ""D08"", ""D13"", ""D19"", ""D20""]",5,0.0,0.0,0.0
What is a scenario projection?,19_epidemiological_models.txt,Pipeline_B_Lemmatization,"[""D02"", ""D08"", ""D13"", ""D19"", ""D20""]",5,0.0,0.0,0.0
Why should models be interpreted alongside surveillance data?,19_epidemiological_models.txt,Pipeline_A_Stemming,"[""D01"", ""D02"", ""D03"", ""D04"", ""D05"", ""D06"", ""D07"", ""D08"", ""D09"", ""D10"", ""D11"", ""D12"", ""D13"", ""D14"", ""D15"", ""D16"", ""D17"", ""D18"", ""D19"", ""D20""]",20,0.0,0.0,0.0
Why should models be interpreted alongside surveillance data?,19_epidemiological_models.txt,Pipeline_B_Lemmatization,"[""D01"", ""D02"", ""D03"", ""D04"", ""D05"", ""D06"", ""D07"", ""D08"", ""D09"", ""D10"", ""D11"", ""D12"", ""D13"", ""D14"", ""D15"", ""D16"", ""D17"", ""D18"", ""D19"", ""D20""]",20,0.0,0.0,0.0
How can healthcare capacity be represented in models?,19_epidemiological_models.txt,Pipeline_A_Stemming,"[""D01"", ""D02"", ""D03"", ""D04"", ""D05"", ""D06"", ""D07"", ""D08"", ""D09"", ""D10"", ""D11"", ""D12"", ""D13"", ""D14"", ""D15"", ""D16"", ""D17"", ""D18"", ""D19"", ""D20""]",20,0.0,0.0,0.0
How can healthcare capacity be represented in models?,19_epidemiological_models.txt,Pipeline_B_Lemmatization,"[""D01"", ""D02"", ""D03"", ""D04"", ""D05"", ""D06"", ""D07"", ""D08"", ""D09"", ""D10"", ""D11"", ""D12"", ""D13"", ""D14"", ""D15"", ""D16"", ""D17"", ""D18"", ""D19"", ""D20""]",20,0.0,0.0,0.0
Why should model assumptions be reported transparently?,19_epidemiological_models.txt,Pipeline_A_Stemming,"[""D01"", ""D02"", ""D03"", ""D04"", ""D05"", ""D09"", ""D10"", ""D11"", ""D12"", ""D13"", ""D14"", ""D15"", ""D16"", ""D17"", ""D18"", ""D19"", ""D20""]",17,0.0,0.0,0.0
Why should model assumptions be reported transparently?,19_epidemiological_models.txt,Pipeline_B_Lemmatization,"[""D01"", ""D02"", ""D03"", ""D04"", ""D05"", ""D09"", ""D10"", ""D11"", ""D12"", ""D13"", ""D14"", ""D15"", ""D16"", ""D17"", ""D18"", ""D19"", ""D20""]",17,0.0,0.0,0.0
What is the value of age-structured models?,19_epidemiological_models.txt,Pipeline_A_Stemming,"[""D02"", ""D05"", ""D08"", ""D13"", ""D19"", ""D20""]",6,0.0,0.0,0.0
What is the value of age-structured models?,19_epidemiological_models.txt,Pipeline_B_Lemmatization,"[""D02"", ""D05"", ""D08"", ""D13"", ""D19"", ""D20""]",6,0.0,0.0,0.0
How can geographic structure be incorporated into models?,19_epidemiological_models.txt,Pipeline_A_Stemming,"[""D01"", ""D02"", ""D03"", ""D04"", ""D05"", ""D06"", ""D07"", ""D08"", ""D09"", ""D10"", ""D11"", ""D12"", ""D13"", ""D14"", ""D15"", ""D16"", ""D17"", ""D18"", ""D19"", ""D20""]",20,0.0,0.0,0.0
How can geographic structure be incorporated into models?,19_epidemiological_models.txt,Pipeline_B_Lemmatization,"[""D01"", ""D02"", ""D03"", ""D04"", ""D05"", ""D06"", ""D07"", ""D08"", ""D09"", ""D10"", ""D11"", ""D12"", ""D13"", ""D14"", ""D15"", ""D16"", ""D17"", ""D18"", ""D19"", ""D20""]",20,0.0,0.0,0.0
Why are models useful even when exact forecasts are uncertain?,19_epidemiological_models.txt,Pipeline_A_Stemming,"[""D01"", ""D02"", ""D03"", ""D04"", ""D05"", ""D06"", ""D07"", ""D08"", ""D10"", ""D11"", ""D12"", ""D13"", ""D14"", ""D15"", ""D16"", ""D17"", ""D18"", ""D19"", ""D20""]",19,0.0,0.0,0.0
Why are models useful even when exact forecasts are uncertain?,19_epidemiological_models.txt,Pipeline_B_Lemmatization,"[""D01"", ""D02"", ""D03"", ""D05"", ""D06"", ""D07"", ""D08"", ""D10"", ""D11"", ""D12"", ""D13"", ""D14"", ""D15"", ""D16"", ""D17"", ""D19"", ""D20""]",17,0.0,0.0,0.0
What is a post-outbreak evaluation?,20_post_outbreak_evaluation.txt,Pipeline_A_Stemming,"[""D02"", ""D03"", ""D08"", ""D09"", ""D13"", ""D16"", ""D17"", ""D18"", ""D19"", ""D20""]",10,0.0,0.0,0.0
What is a post-outbreak evaluation?,20_post_outbreak_evaluation.txt,Pipeline_B_Lemmatization,"[""D02"", ""D08"", ""D13"", ""D17"", ""D18"", ""D20""]",6,0.0,0.0,0.0
Why should public-health responses be evaluated after an outbreak?,20_post_outbreak_evaluation.txt,Pipeline_A_Stemming,"[""D01"", ""D02"", ""D03"", ""D05"", ""D06"", ""D08"", ""D09"", ""D10"", ""D11"", ""D12"", ""D13"", ""D14"", ""D15"", ""D16"", ""D17"", ""D18"", ""D19"", ""D20""]",18,0.0,0.0,0.0
Why should public-health responses be evaluated after an outbreak?,20_post_outbreak_evaluation.txt,Pipeline_B_Lemmatization,"[""D01"", ""D02"", ""D03"", ""D05"", ""D06"", ""D08"", ""D09"", ""D10"", ""D11"", ""D12"", ""D13"", ""D14"", ""D15"", ""D16"", ""D17"", ""D18"", ""D19"", ""D20""]",18,0.0,0.0,0.0
What indicators can be used to evaluate outbreak response?,20_post_outbreak_evaluation.txt,Pipeline_A_Stemming,"[""D01"", ""D02"", ""D03"", ""D04"", ""D05"", ""D06"", ""D07"", ""D08"", ""D09"", ""D10"", ""D11"", ""D12"", ""D13"", ""D14"", ""D15"", ""D16"", ""D17"", ""D18"", ""D19"", ""D20""]",20,0.0,0.0,0.0
What indicators can be used to evaluate outbreak response?,20_post_outbreak_evaluation.txt,Pipeline_B_Lemmatization,"[""D01"", ""D02"", ""D03"", ""D04"", ""D05"", ""D06"", ""D07"", ""D08"", ""D09"", ""D10"", ""D11"", ""D12"", ""D13"", ""D14"", ""D15"", ""D16"", ""D17"", ""D18"", ""D19"", ""D20""]",20,0.0,0.0,0.0
How can detection time be evaluated?,20_post_outbreak_evaluation.txt,Pipeline_A_Stemming,"[""D01"", ""D02"", ""D03"", ""D04"", ""D05"", ""D06"", ""D07"", ""D08"", ""D09"", ""D10"", ""D11"", ""D12"", ""D13"", ""D14"", ""D15"", ""D16"", ""D17"", ""D18"", ""D19"", ""D20""]",20,0.0,0.0,0.0
How can detection time be evaluated?,20_post_outbreak_evaluation.txt,Pipeline_B_Lemmatization,"[""D01"", ""D02"", ""D03"", ""D04"", ""D05"", ""D06"", ""D07"", ""D08"", ""D09"", ""D10"", ""D11"", ""D12"", ""D13"", ""D14"", ""D15"", ""D16"", ""D17"", ""D18"", ""D19"", ""D20""]",20,0.0,0.0,0.0
Why is testing turnaround time important?,20_post_outbreak_evaluation.txt,Pipeline_A_Stemming,"[""D01"", ""D02"", ""D03"", ""D04"", ""D05"", ""D06"", ""D07"", ""D08"", ""D09"", ""D10"", ""D12"", ""D13"", ""D14"", ""D15"", ""D16"", ""D18"", ""D20""]",17,0.0,0.0,0.0
Why is testing turnaround time important?,20_post_outbreak_evaluation.txt,Pipeline_B_Lemmatization,"[""D01"", ""D02"", ""D03"", ""D04"", ""D05"", ""D06"", ""D07"", ""D08"", ""D09"", ""D10"", ""D13"", ""D14"", ""D15"", ""D16"", ""D20""]",15,0.0,0.0,0.0
How can vaccination coverage be included in an evaluation?,20_post_outbreak_evaluation.txt,Pipeline_A_Stemming,"[""D01"", ""D02"", ""D03"", ""D04"", ""D05"", ""D06"", ""D07"", ""D08"", ""D09"", ""D10"", ""D11"", ""D12"", ""D13"", ""D14"", ""D15"", ""D16"", ""D17"", ""D18"", ""D19"", ""D20""]",20,0.0,0.0,0.0
How can vaccination coverage be included in an evaluation?,20_post_outbreak_evaluation.txt,Pipeline_B_Lemmatization,"[""D01"", ""D02"", ""D03"", ""D04"", ""D05"", ""D06"", ""D07"", ""D08"", ""D09"", ""D10"", ""D11"", ""D12"", ""D13"", ""D14"", ""D15"", ""D16"", ""D17"", ""D18"", ""D19"", ""D20""]",20,0.0,0.0,0.0
Why should healthcare capacity be assessed?,20_post_outbreak_evaluation.txt,Pipeline_A_Stemming,"[""D02"", ""D03"", ""D05"", ""D06"", ""D08"", ""D09"", ""D10"", ""D11"", ""D12"", ""D13"", ""D14"", ""D15"", ""D16"", ""D17"", ""D18"", ""D19"", ""D20""]",17,0.0,0.0,0.0
Why should healthcare capacity be assessed?,20_post_outbreak_evaluation.txt,Pipeline_B_Lemmatization,"[""D02"", ""D03"", ""D05"", ""D06"", ""D08"", ""D09"", ""D10"", ""D11"", ""D12"", ""D13"", ""D14"", ""D15"", ""D16"", ""D17"", ""D18"", ""D19"", ""D20""]",17,0.0,0.0,0.0
How can communication reach be evaluated?,20_post_outbreak_evaluation.txt,Pipeline_A_Stemming,"[""D01"", ""D02"", ""D03"", ""D04"", ""D05"", ""D06"", ""D07"", ""D08"", ""D09"", ""D10"", ""D11"", ""D12"", ""D13"", ""D14"", ""D15"", ""D16"", ""D17"", ""D18"", ""D19"", ""D20""]",20,0.0,0.0,0.0
How can communication reach be evaluated?,20_post_outbreak_evaluation.txt,Pipeline_B_Lemmatization,"[""D01"", ""D02"", ""D03"", ""D04"", ""D05"", ""D06"", ""D07"", ""D08"", ""D09"", ""D10"", ""D11"", ""D12"", ""D13"", ""D14"", ""D15"", ""D16"", ""D17"", ""D18"", ""D19"", ""D20""]",20,0.0,0.0,0.0
Why must correlation be distinguished from causation?,20_post_outbreak_evaluation.txt,Pipeline_A_Stemming,"[""D02"", ""D03"", ""D09"", ""D12"", ""D13"", ""D17"", ""D20""]",7,0.0,0.0,0.0
Why must correlation be distinguished from causation?,20_post_outbreak_evaluation.txt,Pipeline_B_Lemmatization,"[""D03"", ""D09"", ""D13"", ""D17"", ""D20""]",5,0.0,0.0,0.0
Why can case declines have multiple explanations?,20_post_outbreak_evaluation.txt,Pipeline_A_Stemming,"[""D01"", ""D02"", ""D03"", ""D04"", ""D05"", ""D06"", ""D07"", ""D08"", ""D09"", ""D10"", ""D11"", ""D12"", ""D13"", ""D14"", ""D15"", ""D16"", ""D17"", ""D18"", ""D19"", ""D20""]",20,0.0,0.0,0.0
Why can case declines have multiple explanations?,20_post_outbreak_evaluation.txt,Pipeline_B_Lemmatization,"[""D01"", ""D02"", ""D03"", ""D04"", ""D05"", ""D06"", ""D07"", ""D08"", ""D09"", ""D10"", ""D11"", ""D12"", ""D13"", ""D14"", ""D15"", ""D16"", ""D17"", ""D18"", ""D19"", ""D20""]",20,0.0,0.0,0.0
What is an after-action review?,20_post_outbreak_evaluation.txt,Pipeline_A_Stemming,"[""D02"", ""D08"", ""D13"", ""D20""]",4,0.0,0.0,0.0
What is an after-action review?,20_post_outbreak_evaluation.txt,Pipeline_B_Lemmatization,"[""D02"", ""D08"", ""D13"", ""D20""]",4,0.0,0.0,0.0
How can response plans be improved after an outbreak?,20_post_outbreak_evaluation.txt,Pipeline_A_Stemming,"[""D01"", ""D02"", ""D03"", ""D04"", ""D05"", ""D06"", ""D07"", ""D08"", ""D09"", ""D10"", ""D11"", ""D12"", ""D13"", ""D14"", ""D15"", ""D16"", ""D17"", ""D18"", ""D19"", ""D20""]",20,0.0,0.0,0.0
How can response plans be improved after an outbreak?,20_post_outbreak_evaluation.txt,Pipeline_B_Lemmatization,"[""D01"", ""D02"", ""D03"", ""D04"", ""D05"", ""D06"", ""D07"", ""D08"", ""D09"", ""D10"", ""D11"", ""D12"", ""D13"", ""D14"", ""D15"", ""D16"", ""D17"", ""D18"", ""D19"", ""D20""]",20,0.0,0.0,0.0
Why is laboratory capacity important for future preparedness?,20_post_outbreak_evaluation.txt,Pipeline_A_Stemming,"[""D01"", ""D03"", ""D06"", ""D07"", ""D08"", ""D09"", ""D10"", ""D13"", ""D14"", ""D15"", ""D17"", ""D18"", ""D19"", ""D20""]",14,0.0,0.0,0.0
Why is laboratory capacity important for future preparedness?,20_post_outbreak_evaluation.txt,Pipeline_B_Lemmatization,"[""D01"", ""D03"", ""D06"", ""D07"", ""D08"", ""D09"", ""D10"", ""D13"", ""D14"", ""D15"", ""D17"", ""D18"", ""D19"", ""D20""]",14,0.0,0.0,0.0
How can data interoperability be improved?,20_post_outbreak_evaluation.txt,Pipeline_A_Stemming,"[""D01"", ""D02"", ""D03"", ""D04"", ""D05"", ""D06"", ""D07"", ""D08"", ""D09"", ""D10"", ""D11"", ""D12"", ""D13"", ""D14"", ""D15"", ""D16"", ""D17"", ""D18"", ""D19"", ""D20""]",20,0.0,0.0,0.0
How can data interoperability be improved?,20_post_outbreak_evaluation.txt,Pipeline_B_Lemmatization,"[""D01"", ""D02"", ""D03"", ""D04"", ""D05"", ""D06"", ""D07"", ""D08"", ""D09"", ""D10"", ""D11"", ""D12"", ""D13"", ""D14"", ""D15"", ""D16"", ""D17"", ""D18"", ""D19"", ""D20""]",20,0.0,0.0,0.0
Why is workforce training part of preparedness?,20_post_outbreak_evaluation.txt,Pipeline_A_Stemming,"[""D11"", ""D13"", ""D15"", ""D18"", ""D20""]",5,0.0,0.0,0.0
Why is workforce training part of preparedness?,20_post_outbreak_evaluation.txt,Pipeline_B_Lemmatization,"[""D11"", ""D13"", ""D15"", ""D18"", ""D20""]",5,0.0,0.0,0.0
How can public-health communication procedures be revised?,20_post_outbreak_evaluation.txt,Pipeline_A_Stemming,"[""D01"", ""D02"", ""D03"", ""D04"", ""D05"", ""D06"", ""D07"", ""D08"", ""D09"", ""D10"", ""D11"", ""D12"", ""D13"", ""D14"", ""D15"", ""D16"", ""D17"", ""D18"", ""D19"", ""D20""]",20,0.0,0.0,0.0
How can public-health communication procedures be revised?,20_post_outbreak_evaluation.txt,Pipeline_B_Lemmatization,"[""D01"", ""D02"", ""D03"", ""D04"", ""D05"", ""D06"", ""D07"", ""D08"", ""D09"", ""D10"", ""D11"", ""D12"", ""D13"", ""D14"", ""D15"", ""D16"", ""D17"", ""D18"", ""D19"", ""D20""]",20,0.0,0.0,0.0
What operational lessons can be learned from an outbreak?,20_post_outbreak_evaluation.txt,Pipeline_A_Stemming,"[""D01"", ""D02"", ""D03"", ""D04"", ""D05"", ""D06"", ""D07"", ""D08"", ""D09"", ""D10"", ""D11"", ""D12"", ""D13"", ""D14"", ""D15"", ""D16"", ""D17"", ""D18"", ""D19"", ""D20""]",20,0.0,0.0,0.0
What operational lessons can be learned from an outbreak?,20_post_outbreak_evaluation.txt,Pipeline_B_Lemmatization,"[""D01"", ""D02"", ""D03"", ""D04"", ""D05"", ""D06"", ""D07"", ""D08"", ""D09"", ""D10"", ""D11"", ""D12"", ""D13"", ""D14"", ""D15"", ""D16"", ""D17"", ""D18"", ""D19"", ""D20""]",20,0.0,0.0,0.0
Why should social and economic consequences also be considered?,20_post_outbreak_evaluation.txt,Pipeline_A_Stemming,"[""D01"", ""D02"", ""D03"", ""D05"", ""D06"", ""D09"", ""D10"", ""D11"", ""D12"", ""D13"", ""D14"", ""D15"", ""D16"", ""D17"", ""D18"", ""D19"", ""D20""]",17,0.0,0.0,0.0
Why should social and economic consequences also be considered?,20_post_outbreak_evaluation.txt,Pipeline_B_Lemmatization,"[""D02"", ""D03"", ""D05"", ""D09"", ""D10"", ""D11"", ""D12"", ""D13"", ""D14"", ""D15"", ""D16"", ""D17"", ""D18"", ""D19"", ""D20""]",15,0.0,0.0,0.0
How can evaluation findings become concrete improvements?,20_post_outbreak_evaluation.txt,Pipeline_A_Stemming,"[""D01"", ""D02"", ""D03"", ""D04"", ""D05"", ""D06"", ""D07"", ""D08"", ""D09"", ""D10"", ""D11"", ""D12"", ""D13"", ""D14"", ""D15"", ""D16"", ""D17"", ""D18"", ""D19"", ""D20""]",20,0.0,0.0,0.0
How can evaluation findings become concrete improvements?,20_post_outbreak_evaluation.txt,Pipeline_B_Lemmatization,"[""D01"", ""D02"", ""D03"", ""D04"", ""D05"", ""D06"", ""D07"", ""D08"", ""D09"", ""D10"", ""D11"", ""D12"", ""D13"", ""D14"", ""D15"", ""D16"", ""D17"", ""D18"", ""D19"", ""D20""]",20,0.0,0.0,0.0
Why is post-outbreak evaluation important for future infectious disease events?,20_post_outbreak_evaluation.txt,Pipeline_A_Stemming,"[""D01"", ""D02"", ""D03"", ""D04"", ""D05"", ""D06"", ""D07"", ""D08"", ""D09"", ""D10"", ""D11"", ""D12"", ""D13"", ""D14"", ""D15"", ""D16"", ""D17"", ""D18"", ""D19"", ""D20""]",20,0.0,0.0,0.0
Why is post-outbreak evaluation important for future infectious disease events?,20_post_outbreak_evaluation.txt,Pipeline_B_Lemmatization,"[""D01"", ""D02"", ""D03"", ""D04"", ""D05"", ""D06"", ""D07"", ""D09"", ""D10"", ""D11"", ""D12"", ""D13"", ""D14"", ""D15"", ""D16"", ""D17"", ""D18"", ""D19"", ""D20""]",19,0.0,0.0,0.0
